fight_id,a_open,a_close,b_open,b_close
f7865e5a6d009a87,1.41667,1.42373,2.98,2.92
99fd8396cbe1df03,1.4,1.31546,3.1,3.49
93026443e5140415,1.5,1.35842,2.7,3.23
958799d957945a3a,1.54054,2.45,2.6,1.57471
04e2d50c24a88dbd,1.66667,1.62112,2.3,2.34
25da52bc590ef664,2.05,1.54054,1.8,2.54
e36a5d4d53b97d4e,3.0,2.56,1.42553,1.53191
2d8db91f91f68069,1.45455,1.47619,2.85,2.73
ea63f56779100678,1.33333,1.38462,3.5,3.08
528c208293bdef13,1.5,1.25575,2.7,4.02
8cd583f6d10692bc,1.37037,1.27473,3.3,3.82
8aa16cc1ba99aac1,1.63291,1.14793,2.34,5.65
70b8d357e89383bd,1.44444,1.36364,2.9,3.21
23eec2d9cb2d78cd,1.57143,2.24,2.5,1.66667
463fac0e48505b62,1.66667,1.625,2.3,2.31
226884e46a10865d,1.58824,1.46948,2.45,2.74
3b06c512abfa0494,1.4878,1.51282,2.75,2.64
26fbee4ed13ff35d,2.4,2.04,1.625,1.7874
b70313eae7c24b27,1.57143,1.5848,2.5,2.42
5cad3ab6553e9ec9,1.68966,1.82645,2.25,2.0
b55de7d791b9f62d,1.66667,1.2809,2.3,3.75
9cb78122a23e6a7d,1.90909,2.15,1.90909,1.71942
b400c29fbeee0206,1.8,2.32,2.05,1.62893
f10c2c84652ef573,2.25,1.50761,1.68966,2.63
e786542667fdecf0,1.52632,2.22,2.65,1.68966
cddd3d4febe097f8,2.55,2.56,1.54054,1.53476
5ba543efdce072f5,1.4,1.34014,3.1,3.36
80f65ee9b6f8d63b,1.40816,1.53191,3.1,2.58
453283e947919ff7,1.64516,1.93458,2.35,1.87719
44a55ba1de2b30e2,3.85,4.76,1.28571,1.19608
9687021e5c4d092a,1.58824,1.38168,2.45,3.1
5da7168ac2ff0e1d,2.1,1.4717,1.76923,2.74
4047c2e259529179,2.0,1.64935,1.76923,2.28
0a0beb5aa9810de4,1.95238,2.61,1.86957,1.51282
ca8f73d038c4d6e7,1.38462,1.33003,3.2,3.41
bb42336d6417914c,2.24,2.49,1.68493,1.55866
18a1617ee7356352,1.73529,1.60976,2.16,2.37
238832b58a66ae07,1.55556,1.625,2.55,2.34
388adad23aaa9d39,1.90909,1.64516,1.90909,2.3
81c22cfa22002ea4,1.33333,1.64516,3.5,2.28
b1e048825b5bbe1c,1.4,1.2584,3.1,3.97
a0ba726da4a50458,1.33333,1.22573,3.5,4.32
3bebd99d5f94bec7,1.68966,1.38168,2.25,3.12
19e742ccaa09cf08,1.37037,1.31348,3.3,3.49
c16bda7548181613,2.7,1.9434,1.5,1.86957
821bef3a3394dd96,2.7,2.78,1.5,1.45662
6708f3a32861038a,1.5,1.57803,2.7,2.45
dc0ab34f1952cb48,1.30303,1.15129,3.65,5.61
9a8964b148cb5923,3.85,4.23,1.28571,1.23529
394b0347b0438622,1.90909,1.19048,1.90909,4.91
15311d4b33d93004,1.66667,2.01,2.3,1.82645
313b85fe82b2ba80,1.54348,1.24631,2.54,4.11
7c6ed5b3d830d0cb,1.66667,1.51546,2.3,2.59
88c6e7f71b79fd65,1.68966,1.60606,2.25,2.39
7458a37feabf8788,1.5988,1.55556,2.34,2.4
278b965694e563b2,1.74074,2.17,2.15,1.70922
9e52a67410f2c879,1.90909,1.78125,1.90909,2.05
313c36ce9bde6cf6,1.625,1.50761,2.4,2.62
7d4e49d8a6678157,1.4878,1.69444,2.75,2.19
9d61012a6020516e,2.85,2.87,1.45455,1.43478
a2ebb5f86eb64f22,1.64516,1.27701,2.35,3.8
c020ccbd7cdefb6e,1.625,1.3861,2.4,3.07
8390441d93736719,1.8,1.9434,2.05,1.87719
6a902b97ac98c283,1.71429,2.03,2.2,1.81967
fc4939b3c9071e66,2.8,2.85,1.47619,1.44053
80ac36a9dbc4b1a1,1.5,1.3861,2.7,3.09
397dd9a8694ef413,1.5,1.2008,2.7,4.7
60d9d50b763adc62,1.44444,1.76336,2.9,2.09
8289033e03b4d9a3,2.85,3.9,1.45455,1.26954
88455c967a7ef6fc,1.66667,1.54645,2.3,2.53
430309e0f8a315d5,2.3,2.09,1.66667,1.76923
f466cd99d02644e9,1.66667,2.0,2.3,1.82645
5f4a107d930e4852,1.55556,1.5814,2.55,2.44
fd49f89b9d97566b,1.76923,1.45249,2.08,2.8
4305cb30533dac77,1.66667,1.58824,2.3,2.43
049ad6d87b42eba8,1.16667,1.15949,5.0,5.49
d7a7ba46c4f075d7,2.3,1.89286,1.66667,1.93458
f115a91066a77ee7,2.3,1.54645,1.66667,2.53
c94b153951be7590,3.1,2.85,1.4,1.44248
4a116a55ffaa0d64,3.5,2.63,1.33333,1.51282
50eed57ea1390e16,1.52632,1.34014,2.65,3.36
a7eaf7b101166d3e,1.33333,1.18349,3.5,5.05
4047e98132306cd5,1.68493,1.52083,2.24,2.59
0308bcdd00cc72e2,2.5,2.06,1.57143,1.7874
12a33d16e1d4e2d9,1.66667,1.86957,2.3,1.95238
39dccca8e8083072,3.1,3.54,1.4,1.31153
98411542ca0e847d,1.57143,1.65359,2.5,2.28
459bc7c0b47719c3,1.64516,1.54054,2.35,2.55
4d8d1701c43c5fea,1.57143,1.50761,2.5,2.63
57775c8af89007c7,2.1,1.56818,1.76923,2.46
99ac96bb67e5c5e4,1.44444,1.29326,2.9,3.68
1c85003f6ec59c9d,1.64516,1.30395,2.35,3.61
0e2c7ec02a095813,1.4878,2.29,2.75,1.64103
72c3e5eacde4f0e5,1.4,1.38023,3.1,3.14
5a1ce88ec1f75160,1.625,1.47619,2.4,2.73
52f87252af59e23b,1.95238,1.66225,1.86957,2.28
96b62bd56b252bab,1.36364,1.51282,3.35,2.62
058c2724dec1add1,1.25,1.16722,4.0,5.34
579b5770129b328a,1.90909,2.49,1.90909,1.5618
81a18de517a3336a,1.33333,1.56818,3.5,2.48
5a2b86570110191b,2.0,1.51546,1.83333,2.66
189b9af881b96de6,1.54054,1.47847,2.6,2.72
e492dc60d8e44866,1.2,1.15244,4.85,5.63
0366e183296fea07,2.3,1.76336,1.66667,2.08
1ed550f094ca7745,2.7,1.81301,1.5,2.06
66f7bb31d24b3b36,1.66667,1.5102,2.3,2.68
f70c817388602681,3.5,3.77,1.33333,1.28571
2de6652160cc7b9f,1.38462,1.27933,3.2,3.81
2ac3ce1f62b3c4b9,2.45,1.68027,1.58824,2.23
5abcf9f282983acc,1.13333,1.12195,6.5,6.6
e0b98f3cf4a7cc3b,3.05,3.8,1.41667,1.28249
0cf7a4593fd44e59,1.44444,1.36232,2.9,3.21
2ac9b3ccb43422d8,1.33333,1.26385,3.5,3.97
4dac5258f22be059,2.65,2.37,1.52632,1.60241
6b9f82291930bfec,1.33333,1.19646,3.5,4.83
7e8fd03e070d0c25,1.64516,2.23,2.35,1.68027
0111e6a64b5184c6,1.1,1.17921,7.75,5.08
989b8d362742f40b,1.64103,1.54945,2.36,2.51
d869eaea38426f06,2.55,2.64,1.55556,1.50761
0e6d624086f7952e,2.65,2.81,1.52632,1.45662
301f230c90c4bd7d,1.06667,1.14306,8.5,5.94
77acb96700e89c92,2.55,2.1,1.55556,1.75188
bf334cb4e63f3430,3.5,4.71,1.33333,1.20284
db3e26d02d790c97,1.28571,1.24938,3.85,4.09
a5cf273faa3982b7,3.12,2.43,1.39683,1.5848
86d57e8ef2191316,1.66667,2.0,2.3,1.81967
04f32bb0c0d3a8cc,2.7,3.14,1.5,1.41322
09afa6ce4747a1a2,1.76923,1.40816,2.1,3.0
77c78d0a71b10692,1.5,1.62893,2.7,2.31
1f922cfe6178e830,1.90909,1.76923,1.90909,2.07
6f22afbc5f8e0bd3,2.7,2.8,1.51282,1.45249
93da91272d4a7ce3,1.2,1.24213,4.75,4.16
65ce9335b93d9c57,1.52632,1.53476,2.65,2.57
40707ddc9fdea500,2.05,2.42,1.8,1.5848
ff2e4b411f695017,1.58824,1.95238,2.45,1.86957
7f93b2f38497caec,2.55,2.57,1.55556,1.5291
bee95769a221af9a,1.66667,1.49751,2.3,2.67
db026ff6eee4d174,1.5,1.75758,2.7,2.1
523815acf1bb2420,1.33333,1.53191,3.5,2.56
5c3c4bcc6c746ca0,3.1,3.35,1.4,1.34602
69f39e5d959311b1,2.35,2.96,1.64516,1.41494
d325a1483d78ae75,1.44444,2.15,2.9,1.71429
2d36e2c10ee349fe,1.5,1.45249,2.7,2.79
f4d8266a42a41dff,1.53191,1.53763,2.4,2.54
cea6760d7bfbe19b,1.55556,1.65789,2.55,2.26
1b204fc28bb023e6,1.47619,1.4717,2.8,2.73
1e8c33b1917fe1b7,1.14286,1.07675,6.0,8.83
4011cdf1f182804c,1.36364,1.26316,3.35,3.96
1f0d4572e0facbea,1.45455,1.57143,2.85,2.47
144cd3f62591a5fb,2.25,1.38168,1.68966,3.12
11f65de5348e4bc4,1.38462,1.62893,3.2,2.34
ecab8b8b36727b8d,1.74074,1.5102,2.15,2.63
fd7421f421e802bd,1.5,1.37453,2.7,3.17
1779cc4ae925df01,1.625,1.56818,2.4,2.47
4e9d76ed54f1f352,1.22222,1.3096,4.5,3.59
a346180c8b109469,2.05,2.44,1.8,1.57803
a1a5d06b0e7ada62,1.47619,1.57803,2.8,2.44
2d9d966e0e8df232,2.9,1.89286,1.44444,1.93458
5bc31abb5842942a,1.66667,1.31646,2.3,3.53
dde7d29cc443e263,1.66667,1.71429,2.3,2.17
1c51f405e5c46572,1.35088,1.19493,3.45,4.89
0221982930283140,1.2,1.18519,4.85,5.09
2d1ac675e6c1e6ea,1.66667,1.53763,2.3,2.55
a3ef3d05ddd80a94,1.41667,1.47847,3.05,2.72
5ad8aa57c8d69680,4.0,3.54,1.25,1.31348
8cdcdfb76d1670dd,1.33333,1.2457,3.5,4.14
7ed9e8f3258446c7,1.71429,1.5618,2.2,2.49
fffdc57255274be1,1.11111,1.08969,7.0,8.04
354dc211166a3982,1.57471,1.27322,2.49,3.87
911b73db91738da6,2.11,1.96154,1.76336,1.8547
f09c3d8a26806761,1.90909,2.05,1.90909,1.81301
fcf385ae75191b57,1.30769,1.17301,3.75,5.27
1d35e4c0941d1397,1.64103,2.16,2.36,1.71429
5c962ea13cb9b937,2.1,2.26,1.76923,1.66225
256894b49303537b,1.20408,1.27473,4.8,3.84
2208b9f471a201d9,1.625,1.54054,2.4,2.55
4f672dd40867d8c6,1.28571,1.29851,3.85,3.63
da22d5a717ae9e35,1.86957,1.81301,1.95238,2.01
ec03739c836fadc8,1.43478,1.57471,2.95,2.45
ca2672e68fedf4b7,8.0,2.86,1.1,1.43668
8b7bc2af1e15b668,2.1,1.90909,1.76923,1.90909
16dbe70eb7007f17,1.54645,1.2809,2.58,3.79
a37a6b6f9551a6e8,1.4,1.35461,3.1,3.28
28af78600d6580f1,1.33333,1.22124,3.4,4.46
51a12878b151d67b,1.37736,1.27778,3.25,3.83
636fd144716a3084,2.4,1.59524,1.60241,2.44
22fc6b3f4e48cfa3,1.22989,1.2008,4.5,4.79
d6d034e98ce85246,1.41667,1.4902,3.05,2.68
2b9daf452ab40b9b,1.05556,1.05236,10.0,11.17
ec490d4224d3bc78,1.66667,1.56497,2.3,2.48
a69afe4a88c0ca12,5.0,6.81,1.18182,1.11561
c2fc4c1e0c769655,1.66667,1.43103,2.3,2.9
009feda296ae589c,1.90909,1.8547,1.90909,1.97087
c29e2c49e1e417c8,2.28,1.64516,1.67568,2.3
0eb16f1307f66a11,1.55556,1.37037,2.55,3.19
c3b9b97467f828d1,1.41667,1.31546,3.05,3.56
cd20dac4daa4f93a,1.22222,1.22272,4.5,4.42
ee2354d638c078fd,1.4,1.45455,3.1,2.8
c483ac06b1e33c3b,3.85,3.12,1.28571,1.38314
90a83875e1d11238,3.35,2.97,1.36364,1.4065
019b4d006800504b,1.33333,1.25126,3.5,4.06
dd9cbf6d6284de26,2.35,2.46,1.64516,1.57143
5e9c027fb24efc2b,1.36364,1.369,3.35,3.34
13f5be7a2ea5577e,1.28571,1.18018,3.85,5.13
cdaf65287d9a0ecb,2.05,1.90909,1.8,1.91743
f40ac11da3bd7f8e,1.125,1.11099,6.5,6.96
533984c3ff4b4858,1.36364,1.53763,3.35,2.54
6068385c48de6801,1.4,1.22989,3.1,4.31
8a3e7085e8e5a6e9,1.68966,1.54645,2.25,2.52
938c2c71b84e56ff,2.1,2.69,1.76923,1.49505
71ea7d7985dad804,1.2,1.22676,5.0,4.4
678d27af287476f8,2.6,2.51,1.54054,1.54945
3165b03ddc6d3b6e,1.5,1.39526,2.7,3.03
bbc76ff9e1b1b142,2.45,1.74074,1.58824,2.1
28e3d939eb043664,1.33333,1.49751,3.5,2.66
780147f2ed2637d1,1.30769,1.3663,3.75,3.16
d7022b6058dbb26b,1.35714,1.24814,3.4,4.09
0810cdbeb9dd4d02,3.5,2.53,1.33333,1.54945
355a2f4090c0ca31,4.3,3.18,1.25,1.36765
69bc7ca8ce831731,1.15385,1.28653,5.75,3.74
e9d5ffcacf7d8757,1.29674,1.45872,3.77,2.77
46c67efd68a0b15d,1.39216,1.369,3.15,3.16
5311298f79414125,1.67568,1.64103,2.28,2.3
96eaf07b34538b8b,2.09,1.58824,1.77519,2.41
47a5d4bb68352055,2.9,3.04,1.44444,1.4
7ee8b91d7f80f8a7,2.8,3.13,1.47619,1.37879
947ea1122c04ba18,3.8,3.34,1.25641,1.33784
69f67a4a690eb15d,1.36364,1.37879,3.0,3.11
dbf8a4b0870a47d1,1.22222,1.16779,4.5,5.31
420f7e6530dbc727,1.36364,1.67568,3.0,2.23
5b71958ee063a6e8,1.5,1.59172,2.5,2.37
74fef059e229d217,1.26667,1.34247,3.6,3.32
90e46589a18064bc,1.3003,1.19305,3.5,4.86
743a04674ab72ee0,4.0,2.76,1.25,1.46729
9541cf21e031354c,1.5,1.45872,2.5,2.78
8104fe27bdc46914,2.4,2.85,1.53191,1.43668
c4caa8a4f32a0eed,1.95238,1.57803,1.8,2.44
3c4305abc2e302d0,1.6135,1.66225,2.25,2.26
b4e2037f180c1e0e,1.75188,1.67114,2.0,2.24
d54ebd2a3435a357,1.86957,2.2,1.95238,1.68966
319b96f615a0a154,1.66667,1.48544,2.15,2.69
89b96bc5f3e824c5,2.88,2.24,1.4,1.66667
8b341eb556c97c23,1.36364,1.27778,3.0,3.8
a0bc695b35f155f1,1.5,1.63694,2.5,2.3
a8a4c9f98ff73839,2.0,1.68493,1.75188,2.21
c81d1facf185467d,1.8,1.68493,1.95238,2.21
d918da575ee1bc35,1.78125,1.9009,2.0,1.91743
9f7c28381b6913c8,1.35088,1.42194,3.3,2.92
8c7b5b21b3532027,1.28986,1.29412,3.75,3.63
f329bd89e375d6df,1.64516,1.74627,2.3,2.1
4b12a4b48755cd6b,1.2,1.25381,4.75,4.03
0f24f3bc1b39ea45,2.44,2.63,1.53763,1.51282
4ec5d9bd1442e6c1,3.75,3.76,1.25974,1.28329
b6ea8880cc7af439,2.54,3.39,1.5,1.32895
1ffe6e8df6dbefd2,1.04,1.05784,13.0,10.29
20d8f6b4b7c8bae7,2.63,2.79,1.44444,1.45249
d3a9aceeb7e23580,1.10989,1.09814,7.0,7.64
ef270d8cf29d071b,4.0,3.97,1.22222,1.25907
6ef12db5b099ec81,1.8,2.22,1.95238,1.68027
c27e33ee8ef53866,1.8,2.25,2.05,1.66667
f1eca70738ca073e,1.28571,1.27473,3.4,3.83
cbf1e76186a0c8b3,1.53763,1.67568,2.44,2.23
4327fe98e1b6f222,1.36364,1.28011,3.25,3.79
e5ac7343b6d45188,1.57143,1.5814,2.5,2.42
5116f9398bfca446,1.5,1.43668,2.7,2.85
7a8f218c07347c88,1.3003,1.36364,3.5,3.21
7f16e7725245bb2d,4.0,5.59,1.23256,1.15873
e4ed294e16e16d81,1.53191,1.4329,2.4,2.84
222bb2c67a87d312,1.26667,1.23256,3.9,4.23
f9d2137f380e66bf,1.44444,1.49261,2.63,2.65
3e1c27f17433f9e4,1.8,2.02,1.95238,1.81967
a3d75cc363a6544b,1.36364,1.32051,3.0,3.46
09a7f0979a58e6ea,2.7,2.69,1.4878,1.47847
0aae15358d8606b9,1.53191,1.34483,2.4,3.31
bfff5a3777841344,1.28571,1.2004,3.4,4.68
56809feb4fe7ea61,1.38462,1.31056,2.96,3.53
5d481ff494bf40da,2.28,1.83333,1.64516,1.98039
65c89e0c92e51bb8,1.74074,1.54054,2.1,2.53
f23e9729b2b73c27,2.7,1.3125,1.5,3.68
0ea435ddf02deb60,1.34483,1.38911,3.15,3.09
821960adf5bfa15c,1.22222,1.26455,4.0,3.88
7024385b5107bd4b,1.25,1.15337,4.25,5.63
ed3334d108b257a6,1.50505,1.2994,2.64,3.54
e9256316716499b8,1.15408,1.21692,5.0,4.34
3c6fb6bf9b7afd40,2.2,1.51546,1.6135,2.58
0d1af8c6a5793185,1.20833,1.17153,4.6,5.15
43de9ff6064361e1,1.57143,1.4065,2.3,2.98
75c5f923f966b53b,3.75,3.18,1.25,1.36496
18e5af00a8478a0e,1.36364,1.18416,3.0,4.98
b84c447bb74febe2,3.0,3.62,1.36364,1.28902
539732694ab2c8d6,1.5,1.271,2.5,3.83
8a0fc4624578a7e4,1.4,1.41322,2.75,2.94
1cf69de0eea46877,1.28571,1.39683,3.4,3.0
14e53999507c76a7,2.3,1.89286,1.6135,1.93458
faf15b752fb8924c,2.05,2.4,1.8,1.59172
97817609ed46baa0,2.85,3.97,1.44444,1.26525
ba5005d1116fa45f,1.83333,1.53763,2.0,2.51
1a7cd191f0cf160c,1.67568,1.49751,2.24,2.64
670e4754d8d3d172,2.1,2.78,1.76923,1.46296
331ddc1141e934d1,1.8,2.7,2.05,1.48077
43d90683078fcee5,2.6,2.58,1.52083,1.51282
dff2685afd98ed9e,1.74074,1.32573,2.14,3.39
a10e2d5416972b9c,1.83333,2.2,2.0,1.68493
7736eb6bd5c1ff4a,1.52083,1.24213,2.6,4.14
6532b71560ae39e0,1.36364,1.37736,3.0,3.1
7df5998eca143c04,2.1,2.15,1.66667,1.71429
9e2bb8d5961b44d4,1.25,1.14535,3.75,5.83
3c69bed42893da75,1.57143,1.50505,2.3,2.61
554163b1c8c05522,1.3003,1.25974,3.5,3.98
ec2358459ffbe7de,1.22222,1.25974,4.5,3.97
2c54be25b09fce50,2.0,2.36,1.8,1.60606
79bfba62da6242a6,1.8,1.56818,2.0,2.46
2c0496a5f39ab8a4,1.57143,1.6993,2.5,2.19
531ce3d8011fa1f6,2.5,2.9,1.57143,1.42373
e5cb9dfc1189d77d,1.58824,1.4878,2.4,2.67
bda7992779a005fa,2.5,2.0,1.53191,1.82645
bec3154a11df3299,2.3,2.17,1.57143,1.71942
01432891260084a4,1.40816,1.45872,3.0,2.76
8fb0092430448368,1.44444,1.3876,2.63,3.05
9785420602b452f7,2.14,1.33223,1.74074,3.36
f87a3fa07f0009c9,1.55556,1.46083,2.5,2.76
2aeb3ec2d8c05dc8,1.46512,1.65359,2.64,2.27
1456a3f96ac7e35b,1.58824,1.47619,2.42,2.73
e92fb5c609e20b49,1.14286,1.07331,6.0,8.87
aeb3e4d9710207a4,1.95238,1.82645,1.86957,2.0
ef13ed466e0b42d8,1.4878,1.5,2.63,2.63
9ddaa62cc806958d,1.57143,1.29155,2.45,3.71
ac37849f627a79c4,1.2,1.20619,4.5,4.65
3a81276a9641c6a1,3.4,5.34,1.28571,1.16556
119bc264e2bb9877,1.44444,1.4878,2.63,2.67
7d474fbf31894108,1.27778,1.32573,3.85,3.4
ff8f92cf8fb1b76c,1.5,1.42373,2.63,2.89
b5ea6535748edbce,1.36364,1.27248,3.0,3.78
894c44c3d04aaf6f,1.50505,1.37175,2.64,3.16
270edfb687c0d20c,2.05,2.13,1.72464,1.73529
68f7f992603192c6,2.05,1.62112,1.72464,2.32
9861b6d04e6ed43c,1.6135,1.5988,2.2,2.36
0133019a4f1055ee,1.90909,2.15,1.83333,1.72464
33658a3ca932d15d,1.50505,1.53763,2.64,2.51
8baff440b82afd2b,1.52083,1.20833,2.6,4.63
ebb758b49e82d0ed,1.61728,1.44248,2.36,2.83
7bc7af11050e861b,2.1,2.17,1.76923,1.70922
f0a9dfbb6f6ac852,1.61728,1.64516,2.36,2.28
cbdf29f36b343f6f,1.43478,1.25773,2.9,3.99
ee796ecb4ee8680b,2.9,3.08,1.44444,1.39063
845e38dfbfea6e53,1.29412,1.2994,3.7,3.59
78d2c01dc963f204,1.33557,1.2,3.4,4.73
fd4d30036a3f3efb,1.40816,1.46083,2.86,2.77
621e6f0929a3dbfc,1.54054,1.53763,2.54,2.54
1a95cc401f68f4c8,1.37037,1.42017,3.2,2.92
f995ed679ef8bdf4,1.28169,1.26525,3.8,3.89
62d53ad8f8769666,2.5,2.43,1.57143,1.57471
e9754f597ec50f6f,1.54054,1.55249,2.54,2.51
e4931f3ab3bf4141,1.6135,1.72464,2.3,2.15
66eddbe35056c06d,1.30769,1.18797,3.6,4.95
cf5e8f98159c3971,3.25,2.51,1.35971,1.54945
01f7c28804746979,2.0,1.4878,1.83333,2.7
0c2e3988793b418c,1.09091,1.06485,8.0,9.53
eda1e8c285a0a788,2.42,1.98039,1.58824,1.8547
d95f21817a56eb05,1.70423,1.53191,2.2,2.55
b1ac165326d8f29e,1.32258,1.22026,3.5,4.47
538ca98010ed00ec,1.55556,1.65789,2.4,2.27
b1f2ec122beda7a5,2.05,1.84034,1.72464,1.9901
db49619221b282af,1.61728,1.86957,2.26,1.96154
6fd67582d8adb1c7,2.5,2.94,1.55556,1.41841
128ab9aa4802c73f,2.1,1.9901,1.66667,1.84034
5704e73f91b9e7f7,1.60606,1.46729,2.36,2.74
a0362d60d2e1db0d,1.66667,1.49261,2.1,2.65
480c4dbd2e792d86,1.14286,1.12706,5.4,6.21
83a0fff04494bfc4,1.57143,1.61728,2.3,2.33
4c025d1fff9e9fce,1.53191,1.44643,2.4,2.8
57333b7bff20ece0,1.63694,1.81967,2.25,2.02
b395c89e19a3fec4,3.1,2.5,1.4,1.55556
697efaf0d162e877,2.36,1.86207,1.61728,1.95238
c0ca4c201d086ea8,1.50505,1.13089,2.64,6.18
2e1435c160bfe8b2,1.41667,1.34483,2.75,3.32
a5d76e93a5052e3f,2.85,3.07,1.4,1.38314
79f03eca3fe5cdb3,1.22989,1.24331,4.0,4.11
7a0813ec0fadc84e,1.41667,1.27933,2.75,3.79
5d3e046b6bcd49f5,1.56497,1.43668,2.32,2.84
bcec26b425194e40,1.7874,1.81301,1.96154,2.02
bca5d01f8775f852,1.74074,1.67114,2.14,2.22
fc8ad0c7fc70dde7,1.4,1.34364,2.75,3.3
bf878c083a6b30ad,1.58824,1.68966,2.42,2.19
a571c622ab89b3d9,2.95,1.87719,1.42017,1.93458
fbf77262d8da342b,1.95238,1.50505,1.86957,2.58
daa6b47be304ec86,1.61728,1.30303,2.36,3.56
08489fdfb56ee19c,1.64516,1.42194,2.3,2.88
2b7883b304b3df1c,2.64,2.13,1.50505,1.74074
5f8a92f10e5451ce,1.33557,1.06207,3.4,9.8
1aa4c2fa5ffaff00,3.8,4.84,1.28169,1.19011
eb76a5b76a68e4c4,1.57143,1.55866,2.3,2.48
4896b36f1333d25c,1.4,1.46512,3.05,2.76
1efc813ccd7a5aba,1.40816,1.15221,3.0,5.59
ac8628d945a78b03,1.26316,1.3012,4.0,3.6
3b21a9f48bac4a44,2.05,3.1,1.72464,1.38023
521a0e016878d174,1.90909,3.17,1.90909,1.36765
609d994bfe440ec3,1.76923,1.54348,2.1,2.51
f8a8871d167fc929,1.67568,1.52632,2.24,2.56
4ec249e549309b16,1.8,1.57143,2.05,2.44
abb6e2169ba580d2,1.54054,1.57143,2.5,2.43
3fa8ee3fdc04fe36,2.65,1.66225,1.52632,2.26
fce6522f42b48f18,2.2,2.02,1.70423,1.81301
9feb9500b0fedfcd,2.0,1.35211,1.83333,3.26
03eecf1926d9c77c,1.45872,1.56818,2.8,2.42
246d06693b5ca1e8,2.2,2.06,1.70423,1.77519
39c4ae4624052f9f,1.90909,1.84746,1.90909,1.98039
20bfa549cb2cabe7,1.44444,1.2994,2.63,3.61
02713b2d25f74d43,3.0,3.71,1.36364,1.2907
3cdc6fea724be133,1.21978,1.1,4.5,7.4
58dec0a39cdefa3f,1.30303,1.45455,3.6,2.79
58e5fc1914c4e641,2.1,1.55249,1.66667,2.49
84b3577229880760,2.9,2.68,1.43478,1.4902
7990b6716a53b2cd,1.36364,1.22371,3.0,4.33
73ebbfb998edc1f1,1.4,1.29412,2.75,3.56
5be63144ac46f97e,1.4,1.4878,2.75,2.65
2ae243f518948794,1.18215,1.12837,4.5,6.36
bd4d2522cb0d1a23,1.28571,1.41322,3.4,2.92
b210b99d9c1c9196,1.67568,1.86957,2.2,1.9434
62b64802ea49e2fd,2.2,2.11,1.6135,1.72993
c1aef0f60a5b62e3,1.53191,1.48309,2.4,2.7
16109688429c09de,1.25974,1.16367,3.95,5.33
36f10b949b935b8c,1.28986,1.26247,3.75,3.9
f0fe73e650b746f2,3.4,4.99,1.33557,1.18282
6997693d552600dd,1.8,1.5291,1.95238,2.55
6e5a3d6b6ed84ac3,2.1,2.11,1.66667,1.74627
9abf0b60a44a82d1,2.1,1.67114,1.76923,2.21
95ba27bea09cd84e,1.33557,1.31056,3.4,3.49
e294a1e5723011db,1.43478,1.27473,2.9,3.84
ab105e5a56b5ee90,1.86957,2.67,1.95238,1.4878
f2b407019b2a5c15,1.26316,1.18083,4.0,4.98
640f2ae3995b3b4f,1.83333,1.64103,2.0,2.28
a8239866e1222eae,1.90909,2.54,1.90909,1.5291
d0d99889c6abd8e1,2.8,1.71942,1.45872,2.14
5f622d812b8f407f,2.08,1.9009,1.74627,1.90909
03de7404decde12f,1.83333,1.40816,2.0,2.97
477c3b9de012e4b3,1.50505,1.33003,2.64,3.36
0494ebcee93e717b,1.125,1.1006,6.5,7.36
5344e76e26503716,2.2,3.85,1.70423,1.26596
fd29123ff92789e4,1.35971,1.35211,3.15,3.23
96c2f85b46e98e91,2.45,2.61,1.57143,1.51546
f9ec8bedc15ece93,1.29412,1.26954,3.7,3.89
acc57a9c114b694a,1.54054,1.50505,2.54,2.62
1afc4f372a125c74,3.05,2.58,1.4,1.51813
5ac1725f775c6f00,3.25,3.46,1.36364,1.34965
5a6e894e4b6cc703,1.54054,1.64103,2.54,2.29
84f6de7c99779e5f,1.30769,1.16502,3.6,5.23
acde7c89bd724af8,2.0,2.33,1.83333,1.61728
6ecfa439ef900bcc,1.66667,1.5988,2.1,2.37
0e0a4282cd6c86d7,1.6993,2.13,2.16,1.73529
c20bd12ae7f04eff,1.53191,1.66667,2.4,2.24
b7d238437d6644ce,1.76923,1.49261,2.1,2.65
3677ce6c1ee06a83,2.36,2.88,1.61728,1.43103
18824fa5c15c212f,2.1,3.12,1.76923,1.38023
603afedc31d95999,1.57143,1.63694,2.45,2.3
efdad54c8550e6e0,1.45872,1.5102,2.8,2.61
3ab0d8b344d2ebea,1.67568,1.27778,2.24,3.79
d078e9046aa86307,1.27778,1.17606,3.8,5.12
9f4a0de31375ba04,1.28986,1.17606,3.75,5.12
2e4064e0e6d4d92e,1.32787,1.22989,3.3,4.26
0e8599eca8ccfa32,1.4,1.62112,2.75,2.31
2517029ff9c1a1a2,1.35971,1.51546,3.25,2.59
3bbc222130d9dac7,1.35971,1.369,3.25,3.16
7856621db043423d,1.25,1.23202,3.85,4.26
bbe3d8a37a276511,2.45,3.02,1.57143,1.39216
74f5cbecac011abb,3.05,3.51,1.4,1.31447
3b05a4ced6dd74f5,2.23,2.37,1.61728,1.60976
ecbece0cbd60029e,1.50505,1.32787,2.64,3.44
6e4acb2aaa2cee56,1.28986,1.15314,3.75,5.74
673a156925dfb31d,1.52083,1.54945,2.6,2.48
063e7ce759c52f81,1.83333,1.58824,2.0,2.39
d1d3b6ab8a56e973,1.86957,2.09,1.95238,1.76923
1c03c1bb62f3aed6,1.25316,1.20964,4.1,4.61
a376f6d5806d0c90,1.76923,1.4717,2.1,2.73
5e8c710f9f27aff8,2.64,1.81301,1.50505,2.02
93ddc6b233d1956a,1.67568,1.32362,2.24,3.44
50dae6b76c9c6490,1.4,1.17825,3.05,5.1
edf46d6962be7e8d,1.50505,1.54945,2.64,2.49
c3986c1a56a6e94d,1.67568,1.32895,2.24,3.38
dbfd7616dec2b6d5,2.1,2.82,1.76923,1.44248
08f7a60bd84a6b3c,2.05,2.34,1.8,1.62112
ad26bf55ff201f4f,2.1,2.12,1.76923,1.74074
478a637045ad49fb,1.57143,1.44248,2.38,2.84
052f53e006b28132,1.8,1.79365,2.0,2.05
2d12ae4683bbf433,2.75,2.91,1.44444,1.41667
b34abcfe4c2e8a57,1.4,1.34247,2.75,3.28
dcc0c53100fa1dd2,1.44444,1.35714,2.63,3.23
3b12094dd48c2dc5,1.83333,2.19,1.90909,1.68966
393f9bc7b51791a6,2.1,2.68,1.66667,1.4878
e6d4fdad2b3422d1,2.2,2.43,1.70423,2.42
de12349f334c964e,2.36,2.08,1.61728,1.75758
77992b8727382373,3.0,2.56,1.40816,1.51813
e30250daa73005a8,1.33557,1.37879,3.4,3.2
91aa08e910fb4412,2.5,3.17,1.55556,1.36364
eb9f9f61507497a5,1.4878,1.64935,2.7,2.64
636b01ee49925e49,2.54,2.79,1.54054,1.50251
99dc6d45cbdfa322,2.42,2.85,1.58824,1.4329
976abc27a4e5e26a,1.17857,1.25253,5.1,3.99
f59cefe16905d62c,1.76923,1.77519,2.1,2.16
697e38075fd41819,1.8,1.74074,2.05,2.11
faf19712bd7ea41e,1.54945,1.45662,2.48,2.79
cd6452a463ec8a28,1.34483,1.51546,3.15,2.6
d564e3a6c77d0c85,1.74074,1.50761,2.14,2.61
127be512f86618b2,1.8,1.60606,2.05,2.37
a1294453a28beda3,1.4,1.55866,3.05,2.46
de7cb625bdec0f91,1.95238,1.75188,1.86957,2.11
8c8337ce8437fe2e,2.45,2.45,1.57143,1.56818
48ff3f1bcefbf965,1.95238,1.70423,1.86957,2.18
0e6782b758451063,1.8,2.37,2.05,1.60241
12cedec11b37ddc0,1.44444,1.40161,2.85,3.04
9fa6a029f7f8241c,2.05,2.28,1.8,1.64103
42585ce706c086de,1.34483,1.5,3.35,2.61
9939d7073462e07e,1.5,1.46512,2.5,2.74
82338ba457fbe87f,3.25,3.54,1.3003,1.30581
5efd13a12be06706,1.11765,1.09911,6.75,7.39
5b880d10b0ed7acc,1.44444,1.46083,2.63,2.75
a2eafd9e1d5031b1,1.36364,1.71429,3.0,2.15
1d8dc0fb5d47357f,3.1,3.86,1.35971,1.26954
bc63f1b2e52f603e,2.1,1.95238,1.66667,1.86207
88020d22cf905792,1.6135,1.46948,2.2,2.72
68c423c7119004f3,3.5,4.68,1.29412,1.2
2f414494f2b6f426,1.72464,1.4,2.05,3.0
569e0ba18701c305,1.76923,1.3937,2.1,3.05
4f20f3ada1489823,1.4,1.20243,3.05,4.71
711ec0545552455b,1.70423,2.3,2.2,1.625
451df53c13185584,1.83333,1.57143,2.0,2.45
c26f27667c230391,2.5,2.68,1.55556,1.4902
66873dde4077bd5d,1.86957,2.33,1.95238,1.625
537b3cef39d2d573,1.27778,1.29586,3.8,3.65
f1cbd73e7be64d28,2.2,2.44,1.70423,1.57471
838fd9d2b14e0790,2.54,2.59,1.54054,1.51282
df3cc5ec78d05a71,1.4,1.23697,3.05,4.21
5a82757b553c40fc,1.32258,1.25381,3.5,4.09
dcf5014e56649c2f,1.13986,1.07331,6.0,8.86
024beecfd3f0ed7a,1.35971,1.21097,3.25,4.61
32bd7ed48f5aea7e,1.8,1.18727,2.05,4.94
a7d397cd0f2ac93a,2.64,7.14,1.4,1.10267
3ea7d69a1238f26a,2.85,1.25,1.44444,4.04
4e566db7d26df001,1.11976,1.09302,6.75,7.89
ba8f219260e212f8,1.58824,2.17,2.42,1.70922
406f2aacd1d1faf9,2.6,3.05,1.52083,1.38462
25259e230be9cdc9,1.52083,1.5291,2.6,2.55
17050a7b673dc49d,2.55,2.58,1.51282,1.53191
e7938bac3ec8b442,1.4878,1.40816,2.7,2.98
5304956aada097e8,2.42,1.68493,1.58824,2.22
9d8473ae274ed625,1.70423,1.93458,2.2,1.89286
246fef4b19c3a7ed,2.1,1.38168,1.76923,3.08
a951090fb402fd20,1.45455,1.26738,2.85,3.92
8353b491afa7bc32,2.63,2.69,1.44444,1.48077
e53fd165a3bc1f8e,1.3003,1.18083,3.25,5.05
b98bc1ecb94ef4a5,3.0,3.68,1.37736,1.31546
98883348ddb3be33,1.18215,1.12392,4.5,6.59
0de1ef0b9f3a79c0,2.5,2.98,1.55556,1.41322
a8511df8285f5c91,1.25974,1.2381,3.85,4.19
2560ea97b2cce4ef,1.46512,1.51546,2.65,2.59
84ebd144d5e79c88,1.28571,1.21692,3.4,4.47
9418ebb3db2a4bae,1.09091,1.05855,7.0,10.19
7b34aa1eb09b8301,2.02,1.71942,1.76923,2.15
b09ecdc8ef0f0d20,2.63,3.66,1.44444,1.29499
1c7cc3a22ab7d907,1.4,1.31746,2.75,3.49
f4ea27d942a390a5,1.66667,1.63694,2.25,2.3
3223b7e196a07224,1.58824,1.71429,2.42,2.17
8bc0c220f7dcefa7,2.02,1.97087,1.76923,1.8547
a7fd9da657bbce8e,1.58824,1.49505,2.42,2.66
35f9beb94b4ef9e2,3.4,5.89,1.28571,1.14663
acc7392d48cc09a0,1.70423,2.64,2.2,1.5
6390c8e74630473e,1.2381,1.28329,3.95,3.89
7d3da3c4153717de,2.64,1.69444,1.46512,2.18
e69f9b4b9cae12a4,1.23256,1.15898,4.0,5.57
b42a3386a7dccb3d,3.1,2.56,1.4,1.52632
ef12d2aaaadaf6d0,1.74074,2.0,2.15,1.83333
cb902d73389ed34b,1.66667,1.80645,2.3,2.03
0230a9dd2739add4,1.28571,1.46083,3.85,2.73
e9c034cec33b3479,2.3,1.68493,1.66667,2.22
f2c2a49fed32bd75,1.28571,1.2551,3.75,4.04
bd7394f07247d9ca,1.86957,2.28,1.95238,1.64103
3fdb4c4b39218cf4,1.43478,1.21786,2.95,4.48
22dd728012944f0a,3.1,4.72,1.4,1.19608
856f6ee049373843,1.25974,1.32154,3.75,3.46
7606f6b6c19f2d73,2.48,1.68966,1.51282,2.2
477af74ea3cbba8b,1.95238,2.2,1.86957,1.68966
3c60884853766487,1.53191,1.60606,2.5,2.36
292b83afa418635f,1.625,1.4,2.4,3.01
ebb012c5f3fd0cbb,1.77519,1.51546,2.09,2.6
909cd8633507a0c8,1.44444,1.29326,2.9,3.69
e313286b307334a7,6.75,4.3,1.125,1.22573
9bbdc2a2ab334541,1.38462,1.1996,3.2,4.74
6c2c6a6e3f4d04db,1.14286,1.18553,6.0,4.94
c037cf1f7b429d5e,1.16667,1.08711,5.5,8.16
1a5378e32e8519ef,2.1,1.59172,1.76923,2.39
ce33085fc5205bab,1.52083,1.41494,2.6,2.95
17e8ab0065e9085f,1.37037,1.19157,3.2,4.85
964ea1777695851b,1.125,1.06831,6.5,9.19
40fa4f8b4b93884e,1.66667,1.41494,2.3,2.98
3ce96bb0c69b39be,1.35971,1.44444,3.25,2.81
9c22ddb8d8fc1838,2.4,2.58,1.53191,1.52356
32375b4435fea5e6,1.83333,2.17,1.90909,1.71942
6ff21ea2c75c48ed,1.36364,1.3096,3.0,3.54
47f8812a335b6ce9,1.52083,1.60606,2.6,2.36
0b9cd718d7e329e8,1.28571,1.2924,3.4,3.71
ff5a8078ea85bbc7,3.75,2.94,1.25,1.41667
188e6416157e5a1f,1.57143,1.8547,2.3,1.96154
5c3b8819dbe98114,1.66667,1.67568,2.18,2.24
1f7566c90343a680,1.44444,1.60241,2.63,2.38
3cf5e0ebb5f8322c,1.6993,2.28,2.16,1.64516
1685eecc7ef37fb5,3.05,3.92,1.4,1.26738
b9de363e6b406853,2.5,1.3876,1.55556,3.04
4661e9ca9354021e,1.52083,1.41667,2.6,2.92
89db7aca37b87711,1.2,1.17513,4.8,5.14
fe0f1b418e6d3ecb,1.76923,1.74074,2.1,2.12
8aa07b6cc40f0cb2,1.55556,1.3937,2.5,3.03
420a5e3b4010ebef,2.64,1.9901,1.50505,1.81967
8d9bcbb48888a5a3,1.50505,1.64516,2.64,2.29
13d8d5cd83e5b57e,1.64103,1.66225,2.22,2.27
ec5d705232983b87,1.53191,1.63694,2.4,2.29
4b45f190122a1ce1,2.3,1.9009,1.64516,1.90909
ccf3b6eda4c2a564,1.67568,1.83333,2.24,2.0
abfb3ed6dcb0e1f0,1.47619,1.38462,2.8,3.09
210fc45074fba464,1.33333,1.20534,3.5,4.68
7ca5604d99220e88,2.4,2.31,1.58824,1.63291
6ea77cb62aa2f276,1.43478,1.35336,2.9,3.22
55231cc4112334b4,1.16667,1.23419,5.4,4.23
681cd3cc6299d652,2.1,2.47,1.74074,1.55866
417049c7a3d65ccc,1.54054,2.13,2.54,1.73529
4915c8a588513c22,1.30769,1.27701,3.6,3.8
0a85b3ad328205ff,3.5,4.33,1.3003,1.22676
0976778a6e6cf8a8,1.40816,1.40323,3.0,2.98
a22fd3735819d858,1.46512,1.56497,2.85,2.47
cc03e698c4b7da52,3.5,2.46,1.33333,1.55866
a5abdc461cb1538e,2.05,2.87,1.8,1.4329
a0cae57eae875820,2.45,2.48,1.57143,1.54645
f41e83de703acf85,2.36,2.53,1.61728,1.53476
dae70ccdf9e7475e,1.40816,1.2907,3.0,3.66
1a0031e2072f21b6,1.25,1.23148,3.8,4.27
9e7538a788e6d789,1.54054,1.42918,2.54,2.9
605c16fa5a803b15,1.5,1.3268,2.65,3.42
b5d5b8e06ccb70a3,3.25,3.27,1.35971,1.35088
fd2d814a8a23798f,1.6135,1.53763,2.2,2.54
ee24be90a01f552e,1.6135,1.97087,2.2,1.86207
c0af8cf5befb2dcf,1.35088,1.2551,3.3,4.03
cf306c4714530f31,1.4,1.18553,3.05,4.95
b7575b0ec9f81741,1.61728,1.5814,2.36,2.41
aade9d76ac6c6aef,2.9,2.88,1.43478,1.62112
a031f062b7ffefee,1.58824,1.78125,2.45,4.62
903552edaba48f4a,2.4,1.7874,1.625,2.89
c4d060cff018979a,1.66667,1.60976,2.3,2.42
60949f33201415ca,2.35,1.70922,1.64516,2.42
b4e16fb13153efdc,2.09,1.70922,1.77519,5.68
62b5ce408c150fa8,1.52632,1.37879,2.65,4.37
f506977877074aa6,1.44444,1.54945,2.9,2.92
81d20c833e9a76eb,1.66667,1.53763,2.3,7.9
20868a67bea63129,2.7,3.01,1.5,1.42918
5b49c3d36907c6df,1.4,1.54054,3.1,4.41
7d9bb6fda0ea1ee0,1.36364,1.24331,3.0,4.19
2554b31a07f34e1a,1.4,1.46512,2.75,2.76
f1d3eec12662d8d7,1.36364,1.32154,3.25,3.49
3f419fce8ba8aa0e,1.4,1.53763,3.05,2.53
b3d88eaea611a4a8,1.93458,2.33,1.8547,1.625
a8718a3419a11e15,3.6,4.63,1.30769,1.20921
3e74caa9fff4a5eb,1.2381,1.17301,4.1,5.18
2db0998b24c11ea0,1.54054,1.17391,2.54,5.27
c456b1950208e0b2,2.0,1.47619,1.83333,2.72
c84a29f426f1aab7,1.54054,1.25773,2.54,3.97
8a121f9c48f3773c,1.58824,1.37453,2.42,3.14
2faf5b8d708f8e94,1.70423,1.46729,2.2,2.73
eba46dbf9cdd83c0,1.86957,1.83333,1.95238,1.98039
cd3bb8a2824fbf22,2.85,2.9,1.44444,1.42017
8ddd53a7ed3754d5,1.45872,1.4878,2.8,2.67
fbbf5391ea25521b,1.14286,1.15528,6.0,5.6
9d5f562e0572058c,2.1,2.13,1.66667,1.73529
774fb0c0c1c2bc6a,1.44444,1.40486,2.63,2.98
8bd5f20f49434c65,1.8547,2.13,1.93458,1.74074
de1acb6803ab3f14,1.4,1.26667,2.75,3.93
8db5cf5df713a7e9,1.86957,1.59524,1.95238,2.37
0ac2da3dbaf2fce2,1.21978,1.27473,4.5,3.79
6f0f84075fa1a4b0,1.61728,1.59172,2.36,2.39
b78a222fb448aed4,1.67568,1.74627,2.24,2.13
a049c12f43914449,1.44444,1.37453,2.85,3.18
6c67aa7063717a0c,3.0,4.42,1.40816,1.22624
70f1621080b3435c,4.0,4.26,1.25,1.2584
c85b530861145935,2.3,2.2,1.66667,1.90909
845b8653f9cf839c,1.33333,2.21,3.5,9.11
1158a27a1a04b971,1.5,1.21739,2.7,5.21
770c5302e32916ea,1.1,1.07358,7.75,8.95
f88dc6e0c29cff1d,2.7,1.4902,1.5,2.94
ffcb47e17eebe6a6,1.90909,1.60606,1.90909,4.87
e50857173607d631,3.1,3.29,1.4,1.35842
9d35723a53749931,1.44444,2.33,2.9,3.31
303018d7459323b4,1.37037,1.4902,3.3,3.91
1f5d0b106385b2ac,1.2,1.11455,4.75,7.26
e92d89cb2d69235e,1.54054,1.4878,2.6,4.16
989760fa75321d69,1.37037,1.35461,3.3,3.45
c572daedf2012a49,2.7,2.12,1.5,2.53
a3ab1979192b647c,2.7,2.75,1.5,2.54
a26ea74f2e908842,2.75,2.73,1.4878,1.83333
7765e5e779dd7dc9,1.96154,1.71429,1.86207,2.87
118c25bda9392140,1.05556,1.09191,10.0,8.44
e9f389ba3a1e33c4,1.4,1.28571,3.1,3.95
930317fde9dbc55e,1.25,1.3937,4.3,3.1
e84c3f1f9a33fa90,1.75188,1.81967,2.13,2.02
b223b10ef19f912c,1.37736,1.42373,3.25,3.03
9e00ee7644774e18,1.19048,1.13755,5.1,6.5
1162a74e3604c488,1.625,1.70922,2.4,2.23
1b6a3b0d27654d3e,1.33333,1.39063,3.5,3.49
5dcade01fc840da6,1.4,1.21142,3.05,4.58
2a43df4cc047a28b,1.70423,1.72464,2.2,2.16
b5df5a0a0bda9256,1.23529,1.18975,4.3,4.84
68ee31dd0853cdc9,1.2,1.17986,4.6,5.04
3aea9c60d25fc93b,1.25316,1.26525,4.1,3.96
fc2bdd67c1a056a4,1.54054,1.33113,2.54,3.39
28c6de749d0d0e9d,2.0,2.87,1.83333,1.4386
069df63733dcf697,3.4,4.03,1.33557,1.25773
ec5163539a133f17,3.4,3.06,1.33557,1.37736
ec434314c5438fc7,1.50505,1.24096,2.64,4.07
3e2bde19e752f64b,2.6,1.72464,1.52083,2.16
f02fed4e98048471,1.95238,2.05,1.8,1.79365
8a2e28da18ba6a25,1.45872,1.369,2.8,3.17
45e6a9b56ee3a9d1,1.28571,1.21692,3.4,4.41
678eda89a096dde8,2.75,3.69,1.4,1.28409
9d8c32c60df0e287,2.5,2.9,1.53763,1.41841
d6e240c47ba6034d,2.2,1.47847,1.70423,2.7
7f14be4e45bca6bd,1.58824,1.40486,2.42,2.95
6bdb93f9b4581bf6,1.90909,1.59172,1.90909,2.39
78a7bf038e56881d,2.45,2.62,1.57143,1.5102
fea3a0643218e16b,2.6,3.08,1.52083,1.38462
ab7bc93bdf4132c4,1.95238,2.17,1.86957,1.6993
6f31285305881fe3,1.25,1.14903,3.75,5.61
19ef5890b20f903a,1.42017,1.60976,2.95,2.35
e47523ac32bfa24c,3.4,3.77,1.28571,1.27778
94f5b35b2b6c72b1,1.54054,1.45872,2.54,2.77
06713afc60301c0c,1.43478,1.4717,2.9,2.71
33655fd07cfbe034,1.35971,1.27624,3.25,3.79
b38450d9aa0f52b8,1.36364,1.33557,3.2,3.31
bb85e207eba236bc,1.86957,1.68027,1.95238,2.22
2d39c26876246223,1.21978,1.19157,4.5,4.78
d0d74672150ddea3,2.24,1.71942,1.67568,2.14
de767dd5216bcad9,1.83333,1.62893,1.90909,2.29
fbbb703581440496,1.5,1.35971,2.65,3.26
1cd63899011c4bf6,1.28571,1.26525,3.6,3.88
637f792270a0c746,1.36364,1.29499,3.2,4.19
77df662671ce11c5,1.41667,1.47619,2.88,2.7
f80143e1f3c3d319,2.6,2.64,1.52632,1.49505
d038ff5ac21094f3,1.68966,1.83333,2.2,1.98039
e6851877e33d343f,1.36364,1.40984,3.2,2.97
d8e8d41282fc90dc,1.70423,1.86957,2.2,1.93458
25747d81ae5c6564,1.23529,1.18215,4.3,5.06
6c44af21414e4143,2.44,1.90909,1.53763,1.91743
bf8c5effd23f69c4,2.72,3.2,1.4878,1.36232
059f5cf0e9e37627,3.2,4.14,1.33898,1.23981
dd3d8f7066c145b7,1.58824,1.42735,2.32,2.87
3c319d4659e6c8fd,1.37736,1.2584,3.0,4.0
ea4ff1d77928b029,1.86957,1.84034,1.95238,1.9901
43ebfc8914a39061,2.4,2.04,1.60241,1.7874
b9d5c77ae7a8109b,2.4,2.15,1.60241,1.70922
bfff6cf22c1c569c,1.18692,1.1462,5.0,5.84
ee9ade72b44dfa06,1.90909,1.51546,1.90909,2.61
bcfaf1dd78f12f97,1.67568,1.34483,2.24,3.29
453e6f2665c85fd7,1.66667,1.4717,2.1,2.74
3146e5a47a922976,1.50505,1.97087,2.64,1.86957
6f83cfae0c800ef8,1.93458,2.09,1.8547,1.76923
2335e75ce63805b6,1.66667,1.48077,2.2,2.7
27d98a8ee6608e27,2.3,2.65,1.57143,1.5
78b506e5092a27fd,1.6135,1.48544,2.2,2.68
2397e2a92710705a,1.83333,1.80645,1.90909,2.04
3733d100f7bd5590,1.57143,2.13,2.3,1.73529
c60a317c7767abb7,3.75,4.87,1.25,1.19157
dae8ad2e03aa4a9a,1.43478,1.34965,2.8,3.28
16b0a16ab2e20fdb,1.90909,2.39,1.83333,1.5848
026bb9fd1b3f239d,1.66667,1.64935,2.1,2.26
3183dfe66fcdd25f,1.36364,1.20619,3.0,4.6
a5558e8fec59a687,1.5,1.18083,2.5,5.0
dff2ef8fdde8c502,1.43478,1.50505,2.8,2.58
e0b14afd93af5638,1.95238,1.65359,1.86957,2.25
1332c1037c955d82,2.8,3.01,1.45872,1.39526
a7ac1dfcdc083694,1.64516,1.37736,2.3,3.11
6bcaa0de4003cc41,3.0,2.46,1.40816,1.55249
cd9851b8eadb53a9,1.3876,1.18587,3.1,4.87
1b5d5af1bc0a34c7,1.64516,1.625,2.3,2.31
e72a2130e7387637,1.40816,1.53476,2.9,2.53
7b4284bd3033a319,1.35088,1.23364,3.3,4.21
6aa89b7b5350b8e2,1.27778,1.15083,3.7,5.62
ce75f5ecbc0d3dfd,1.09091,1.07536,8.0,8.68
075a102456080ab2,2.36,2.56,1.61728,1.53476
ebf7cea27b83c432,1.53191,1.35714,2.46,3.22
b8bf186f884678ea,1.51282,1.42735,2.55,2.91
cc11a0762f246fa4,1.58824,1.30675,2.42,3.57
108434acbbd75d26,1.4,1.55866,3.05,2.48
781a2ea50f5ae68f,1.55556,1.95238,2.5,1.86957
1d65c141776949d6,1.58824,1.37313,2.42,3.13
919e3c5cc6999cb3,2.0,3.29,1.83333,1.34843
af6eeea1cfe33240,2.0,1.62893,1.83333,2.31
df7928de73fc2fe8,1.13298,1.13021,5.75,6.26
5c783cd188425783,1.35971,1.1387,3.25,6.03
bde635a4f345bc3e,2.24,1.58824,1.67568,2.41
d4127baf74b0e791,1.14925,1.09149,5.3,7.55
fe59646ebad8b6e4,1.32787,1.34364,3.4,3.29
75fa9c0bb31caaa3,1.90909,1.87719,1.90909,1.95238
abfd5ac6cf186d8a,1.11111,1.03711,7.0,12.75
69bde5bae0d6ec4f,2.0,1.5848,1.83333,2.42
6e9876d2be2bbd02,1.33557,1.37037,3.4,3.15
f1613b372748c8bb,1.2,1.35714,4.8,3.24
f734b497add754af,1.4,1.32787,3.05,3.4
0c418b9cdfd525c9,1.72464,1.72464,2.1,2.14
62ff1e5deb124ff5,1.53191,1.4717,2.4,2.72
19706d8ba0edf9cd,3.0,3.48,1.36364,1.3125
45f00a42a17f8e2a,1.66667,1.54945,2.1,2.5
f114929ed709606e,1.18215,1.16502,4.5,5.38
d806aacf5b6ba7f6,2.05,1.79365,1.72464,2.05
89b772f864acb637,1.90909,1.97087,1.90909,1.8547
3599e9de4ae0e171,1.2381,1.16949,4.1,5.25
e01019fbfe0e9528,1.15408,1.0994,5.0,7.48
d063d46208c560b1,1.28986,1.27027,3.65,3.88
47d978a984a163aa,1.72464,2.03,2.05,1.80645
a187670c5ee1ec5f,1.44444,1.46512,2.63,2.74
eedc7fccf7037949,2.7,2.43,1.4878,1.5814
8c5e06c71f392f33,1.18692,1.21692,5.0,4.47
1d68bb733de24b06,2.3,2.32,1.57143,1.625
3d7d82fff71e395a,1.57143,1.78125,2.3,2.06
5931cd9cf5da5f75,2.2,2.25,1.6135,1.66225
9ea124a13d071186,1.15408,1.09225,5.0,7.79
69bca5091b2a31f6,1.66667,1.44248,2.1,2.83
eb73b63bbd7b88a7,1.83333,1.53763,1.90909,2.53
e8aad69aace1d31f,1.46512,1.91743,2.7,1.9009
ed5b6681ab4e83e5,1.3003,1.21692,3.5,4.5
15805ae1eea3343e,1.68966,1.33784,2.22,3.33
70afe9e0d2422252,1.67568,1.57803,2.24,2.43
5c5523a6bf83e44f,2.28,2.2,1.62893,1.69444
bad06a5380d762b8,1.50505,1.44053,2.64,2.86
ae50a1a655b1a8f6,1.45872,1.11013,2.8,6.98
2cbd53e43d3f606b,2.24,3.58,1.67568,1.3003
560f1e26c2a6690a,1.68493,1.50251,2.14,2.64
d2caa1ddb9de7481,1.28169,1.13089,3.8,6.37
ba8eda6993922ba0,1.50505,1.41841,2.64,2.92
903d588b30a471e8,2.45,1.35088,1.57143,3.23
b35e47f2f58ef026,1.33557,1.17606,3.4,5.15
4f4189009a190e35,1.50505,1.38911,2.64,3.06
cfd3e62c638fbd1f,1.10989,1.08203,7.0,8.21
8545a2495db16538,2.9,3.42,1.43478,1.32362
55eebc2ee92bf00a,1.14286,1.10256,6.0,7.32
2a930e2d7e1f87a9,1.67568,1.84034,2.24,1.9901
35c8223cc967fe0a,1.71429,2.86,2.18,1.43478
c565e2baa27cc7e5,1.1,1.07924,7.0,8.6
6c1faa6284428e5d,1.76923,1.93458,2.1,1.86957
00414fc5519233b4,1.70423,2.48,2.2,1.55556
9676a4e9362e4bfd,1.70423,1.33113,2.2,3.38
98c29ba02cee5ba3,1.28571,1.271,3.4,3.82
f690949d90ff1dee,1.5,1.42194,2.5,2.9
f1cc9169813c4a3e,1.36364,1.31056,3.0,3.51
69a5895fde58432c,2.3,2.47,1.57143,1.55866
57415110bd494c79,1.36364,1.31546,3.0,3.48
85854504ce1aa97a,1.3876,1.41494,3.1,2.91
48dd2c9cb39bd2d4,1.67568,1.88496,2.24,1.90909
b23554da35a84fbc,1.54054,1.61728,2.54,2.32
de484433eef22e1d,1.66667,1.41322,2.1,2.91
a2f2c64f9fb3fb1c,1.58824,1.65789,2.42,2.25
f01b97e864cb4b8b,2.85,5.41,1.44444,1.15848
503d7342cc08109f,1.50505,1.33898,2.64,3.34
a2f46e94aa6b0c64,4.5,5.3,1.19231,1.16667
0599f35e6679de02,2.24,1.62893,1.67568,2.33
c61923255389e67c,1.45872,1.43103,2.8,2.89
308f6cb830019ea9,1.44444,1.45249,2.85,2.8
fc73ecbd83b7f159,1.4878,1.3937,2.7,3.04
53f7f1b4834387a8,1.64516,1.4717,2.3,2.75
4277b02a4dadac40,1.64516,1.66225,2.3,2.25
32b8c6c4b735d712,4.0,4.03,1.26316,1.25445
e761c5009c09b295,1.42553,1.45872,2.85,2.8
1569186ee820ea87,1.34483,1.23923,3.15,4.15
f706508c52f337a6,1.41667,1.2809,2.88,3.78
0292b9c31c0089ac,1.2,1.11223,4.8,6.9
089388c9f00ce9c6,2.2,2.13,1.6135,1.72993
97caf8fca9d9603b,1.36364,1.2331,3.0,4.22
4914f7bd073c6359,2.75,2.36,1.4,1.60606
df30514e0674d598,1.43478,1.42194,2.8,2.92
7c0d0a28a8fba102,1.4,1.52083,2.75,2.58
0f16d83859d608c7,1.83333,1.92593,2.0,1.89286
d38029cf47e54cf7,1.53191,1.55249,2.4,2.5
a5c57b0f49e9f61c,2.2,1.70423,1.6135,2.18
72b12a837290b327,1.14286,1.08525,6.0,8.21
eb94412f15c62650,1.2,1.16393,4.8,5.4
73f451d894a1d4ca,1.16667,1.12531,5.3,6.41
154138c8fc89c315,1.4,1.30395,3.05,3.54
e6685759ed2af90d,2.2,3.0,1.6135,1.4
c31d9cac7534d879,1.41667,1.21834,3.0,4.5
ea6427379a83bd01,1.27778,1.2008,3.8,4.69
40e2a7b65794ac05,2.14,1.75758,1.74074,2.1
f53573316a4f349f,1.38462,1.34247,2.96,3.32
64d6d51219e0664c,4.5,7.2,1.18215,1.10267
02ec66f311dce539,1.37736,1.34483,3.05,3.3
56d2c00dfd391fcf,1.3003,1.40323,3.25,3.03
828de4f5585c908c,1.66667,1.81967,2.2,2.01
baee9b2491c986e2,3.4,4.9,1.28571,1.19305
5dab54e34c2cfe01,2.02,1.76923,1.7874,2.09
38f1c83c19e99fa2,1.26667,1.29499,3.75,3.66
f5f28a8b472b8012,1.90909,1.68027,1.83333,2.21
daef1691c7d6b1e4,1.16667,1.09058,5.4,7.86
f39941b3743bf18c,2.42,3.15,1.58824,1.37453
54d48b33e7240452,1.43478,1.21459,2.9,4.5
69d63c057aebffaf,2.24,1.70423,1.67568,2.18
d14f98b24691d082,5.4,8.29,1.16667,1.08271
938081fae11dcbbf,1.52083,1.54054,2.6,2.52
a6db8eb1fb3eebf2,1.33333,1.23364,3.25,4.27
aa3fca085d476636,1.33557,1.37037,3.4,3.16
340fcdcabc49f142,2.42,3.07,1.58824,1.39216
e5e3d396a9b1c5ae,3.75,6.03,1.28986,1.14045
959fea398ffa5778,1.68966,2.02,2.25,1.82645
371ed8497799998e,1.75758,1.75758,2.07,2.09
6d9ea9f436ed354d,1.50505,1.3125,2.64,3.57
96c6be6b22385967,2.2,2.11,1.6135,1.75188
b5b4b69bccb9ff4a,1.53191,1.45249,2.5,2.81
8e6640c007ad603d,3.0,3.63,1.36364,1.3012
9779eb1aae1d4654,2.4,1.93458,1.53191,1.87719
2a1071689c3af9df,2.05,2.05,1.72464,1.8
e5a88f5c686173c4,1.27778,1.38023,3.8,3.12
dd229687cb62c871,1.68966,2.41,2.22,1.5848
8af2b589d5e9c1ae,1.18215,1.22321,4.5,4.42
a693622ad8c0d672,1.6135,1.49751,2.2,2.66
1b02588149d126bf,2.43,2.26,1.58824,1.65789
265dbd9be8caa7de,4.25,4.04,1.22222,1.25773
85e79748b75eb30e,2.64,2.36,1.46512,1.60606
426e7a3de68117b0,1.83333,2.69,2.0,1.48544
3c00f34f20c8a189,1.52083,1.34247,2.6,3.35
70b8dca3addcf4de,3.25,2.72,1.35971,1.4878
775788423f5eeb99,3.0,2.2,1.36364,1.68966
940f586104bf8bc8,1.50505,1.25907,2.64,4.0
43bbaf06603b0f0c,1.26667,1.28818,3.95,3.71
e97e71a593e4c28d,1.21978,1.16639,4.5,5.34
91bf33ada75d6061,2.0,1.3861,1.83333,3.07
750257171ad29a2c,1.95238,2.02,1.86957,1.81301
984ce1062186f3ce,2.05,1.72464,1.72464,2.15
6bdf0756fb57aced,2.16,1.83333,1.6993,1.9901
061990783b9bdb36,2.95,3.06,1.4,1.38911
0dfdc94c1da32e20,2.5,2.79,1.53763,1.45045
d6c3b730dc9f21a5,3.6,2.8,1.28986,1.45045
b959e2c1d16ff832,1.46512,1.38314,2.65,3.08
0cdca4c22b8d3ab5,1.50505,1.29326,2.64,3.65
19c8092496e94b85,2.3,2.49,1.57143,1.55866
8ef7723b6a8b45e1,1.26316,1.1992,4.0,4.74
c0d8a231d2f1d1af,1.57143,1.44248,2.4,2.85
08763e87e10b9709,2.3,2.69,1.64516,1.4902
3ded9bfdfb75f39b,1.90909,1.74074,1.90909,2.12
e011819e721c4a2a,1.18215,1.08177,5.0,8.62
bc6d70ab959dce70,2.8,3.07,1.45872,1.39063
615f7f894bafad82,2.4,1.9434,1.57143,1.88496
e9dfc2f009a77a8d,1.33333,1.32362,3.25,3.44
b6475543ab6d20c9,1.33557,1.35587,3.4,3.24
e733f148060bef2a,1.76923,1.64516,2.1,2.29
d05cb4c4135ce402,2.14,1.625,1.74074,2.34
8c540eb4afe8c43e,1.25,1.49751,3.85,2.66
b2d731415bd367df,2.4,2.34,1.53191,1.61728
fc43d60cbd6b0e6a,1.6135,2.61,2.2,1.50761
0eccebee160137b1,1.53191,1.74627,2.4,2.11
11eb27a1ac74d225,1.22222,1.12453,4.0,6.42
08e7a39eb7482ebf,1.36364,1.35587,3.0,3.24
a2f31cf3a28a7730,2.12,2.31,1.71942,1.62893
9e05fe95a4fc63bc,2.42,2.04,1.58824,1.8
a3cd6a65aaa9f104,2.0,1.70922,1.83333,2.16
79f1c9f97d83ec83,1.8,2.14,2.05,1.72993
231968c02cdfe65e,1.16667,1.18519,5.3,4.98
af3e43049bc86fe9,1.60606,1.65789,2.32,2.26
e61cb905f6152183,2.05,2.12,1.8,1.74627
19fe7177254802d1,1.27027,1.40816,3.9,2.97
4218d1d1ce6d322c,1.2439,1.21186,4.2,4.56
d13849f49f99bf01,1.76923,1.45662,2.1,2.79
03c2a836d033be8f,1.44444,2.17,2.72,1.73529
8435f90fbd50c7a5,1.63694,1.63291,2.25,2.31
4ce53d8a26693f06,1.44444,1.41841,2.72,2.96
de85ef2fd4769070,2.18,2.19,1.67568,1.69444
c35a53be30bfd066,1.53763,1.44843,2.5,2.81
64641156360b1b81,2.18,2.01,1.67568,1.82645
c7fadbdfdc14c282,1.22222,1.2849,4.0,3.72
1f70a4516a70abf2,2.95,3.63,1.42017,1.29499
8bc8bb0021337de7,2.43,2.72,1.55556,1.47847
2a493f15e079a7ff,1.58824,1.17668,2.42,5.17
f4817d5cbe9be532,1.67568,1.88496,2.24,1.93458
2ae33fce63a75df9,1.32258,1.16694,3.5,5.33
7b9f169016746f81,1.50505,1.42918,2.64,2.88
07b357090cc91c2c,1.43478,1.87719,2.9,1.9434
3b2a24db4eeaeede,1.55556,1.30211,2.5,3.61
58668a0736602842,1.26316,1.13514,4.0,6.21
365e2d891b98b86d,1.76923,2.96,2.1,1.41322
68913a422f548ccc,1.42017,1.21231,2.95,4.54
f5386c98fea7f5d4,1.32258,1.16949,3.5,5.41
ce1436a9b58902a7,2.4,2.88,1.60241,1.42918
875b249ebe45a66b,2.4,3.24,1.60241,1.35336
a857acedb53ee959,1.28986,1.18727,3.65,4.96
dd1df7f5a54fd9fc,1.2381,1.32573,4.1,3.43
1de799f17556b501,1.52632,1.37879,2.5,3.09
1ada4b9ee5810e0f,1.52632,1.57471,2.5,2.44
206b8c14546d71f1,2.0,2.03,1.80645,1.80645
b873c116e39c9920,2.76,2.63,1.43478,1.50761
9e9d1764a015f313,1.93458,2.13,1.8547,1.74627
891b2faf1bff38ee,2.4,2.51,1.53191,1.54348
0f53eb509d0ffeb9,1.53763,1.41667,2.5,2.95
2521234a4bf7c615,1.5,1.4717,2.5,2.73
4db2d86ebe8c8abd,1.36364,1.33784,3.0,3.33
c812457a810dde39,1.90909,1.91743,1.83333,1.9009
99aa1f28e22bb6dd,1.4,1.29851,2.75,3.61
4bbda6c1f6cf9d4e,1.57143,1.52632,2.3,2.56
fd98843926965cbd,1.5,1.68966,2.5,2.2
b87d6f71d901355b,1.3003,1.18315,3.25,4.99
0e71e69359db4d1e,1.57143,1.41667,2.3,2.94
36db86c39ed09997,1.30769,1.18832,3.6,4.93
e56403718205b494,2.5,4.33,1.55556,1.22989
29d9c5a3f2b78903,1.14286,1.19268,6.0,4.84
cb3eb07b7152366e,4.8,6.47,1.2,1.12469
5fa6543868367f4b,3.15,2.49,1.37736,1.55866
5d8af316413ea2f7,1.32258,1.20284,3.5,4.73
1c62a7444808d97f,2.85,2.39,1.44444,1.59524
a8f8245096eaf0cd,1.18692,1.33557,5.0,3.36
633f4b5ec767769d,1.72464,1.60241,2.1,2.37
a526a72ade275f46,1.18215,1.25641,4.5,4.02
4072abf0b0c179f2,1.57143,1.48544,2.3,2.69
9bbd45774fb4a6eb,2.3,2.15,1.57143,1.71942
fbf83609dc96f32e,1.5,1.31546,2.5,3.49
62fbdd4f0bcd3c2a,1.15408,1.22523,5.0,4.4
d8d22dcc1f6912e7,1.36364,1.60976,3.0,2.34
97770b38df67b276,1.4,1.44248,3.05,2.84
6f3cb7ce84185dd3,1.90909,1.67114,1.90909,2.24
9b3bade95e1dd484,1.25,1.2,4.0,4.74
380242601a2c5991,2.7,4.0,1.4878,1.25974
191ee545160a4e09,1.8,2.2,1.95238,1.68493
5ce29056e0cd2df9,1.4878,1.40486,2.7,3.0
6ccd10adc968e1f0,2.05,1.71429,1.72464,2.17
9039959b41901412,1.22727,1.15898,4.4,5.57
2707dc2245335cc1,1.90909,2.27,1.83333,1.64935
77ed474dfc5359ea,1.41667,1.28249,2.88,3.78
6e26a6293ea6ba62,1.36364,1.3876,3.0,3.07
97b32ff27fd457a8,2.8,2.08,1.45872,1.76923
fd088ce1481315a5,1.18215,1.10929,4.5,7.05
4b1aec2395ebca14,1.66667,1.47847,2.1,2.7
96cc199d78732d11,1.64935,1.57803,2.26,2.42
cca4d763b1c6de0a,2.1,1.90909,1.66667,1.91743
e61d83e4e1f9c4d7,1.33898,1.40486,3.25,3.01
81b84b34f0357fa5,1.16949,1.15361,5.4,5.56
e28e829800466aca,1.25974,1.24631,3.95,4.11
df5dac45fc585fb0,2.63,2.53,1.4878,1.53763
2129acab2280bd29,1.5,1.51282,2.5,2.58
b6a87389bdc36a00,1.28571,1.14184,3.4,5.94
01100a90b584215d,1.23529,1.14599,4.3,5.83
f0488a4486a64af0,2.5,2.57,1.53191,1.52083
d7507e2741fd4d05,1.76923,1.86957,2.1,1.93458
37bc72d5d211b189,1.22222,1.19268,4.0,4.53
8e1feda9141602f1,1.36364,1.37313,3.0,3.0
b3044bf646306e7f,1.35971,1.39063,3.25,3.06
fe2acfdaaaec3dba,1.4878,1.60976,2.7,2.37
a9a6cca4bbf7a5db,2.43,2.66,1.55556,1.49261
8ba31cf0b3164b72,2.02,1.80645,1.81967,2.03
f75fe8b384b0db11,1.95238,1.54945,1.86957,2.49
66887532be2de5ee,1.21978,1.1692,4.5,5.26
18a7dc86279066f8,1.52083,1.52083,2.6,2.57
afdd95ae7b7cdb0c,1.25316,1.31546,4.1,3.5
a81ad236a2f221f2,1.23256,1.2008,4.0,4.77
dcb27eef6441268c,1.74074,1.64103,2.14,2.29
6b8be0ee3e569ad2,2.52,2.25,1.5102,1.64935
d4d4ee045b0ca695,1.25,1.26525,3.85,3.9
582d66ce97309e29,1.34965,1.14993,3.2,5.74
77f960d82cda0b76,2.6,2.62,1.4878,1.50251
e72c691b7c68b03a,1.6993,1.69444,2.12,2.18
017a825c7820d12e,3.75,3.79,1.26667,1.27624
3e6067763978d862,2.48,2.5,1.53763,1.54348
f9dac7702609669f,3.1,3.25,1.35971,1.34843
23ddf51ce630028d,1.2381,1.28169,3.95,3.72
0a598768f5c8d540,3.3,3.12,1.31746,1.37594
7a64d63e12618ba7,1.33898,1.24631,3.2,4.11
8308464729ea7c40,1.46512,1.38911,2.64,3.08
f6a3c78f15ff26c7,2.25,2.36,1.61728,1.59524
1ea9ad3b6e1cba79,2.33,2.0,1.5988,1.84034
f722b96ae6862843,1.8,1.77519,2.05,2.13
2f523b757f7f33a2,1.75758,1.75758,2.05,2.09
958522de54ccc536,1.50505,1.46948,2.64,2.73
d7be78c400e7e0f9,1.4878,1.58824,2.6,2.39
815ff62ca8e217be,1.54054,1.45662,2.54,2.76
9bff9fe298e63357,1.05999,1.04023,10.5,11.88
043172689e415438,1.4,1.21692,2.9,4.5
2521fed000747f47,1.60606,1.40161,2.32,3.01
73240bea13ed5e71,3.4,2.77,1.32787,1.45872
212527d462690304,1.67568,1.625,2.18,2.32
305d8c85b35a7d4e,3.7,4.2,1.29412,1.24038
7aaa810540132a4b,1.72993,1.52356,2.12,2.58
106918bfbe24335d,1.80645,2.22,2.0,1.68493
ad68450307a21ab1,1.33898,1.45455,3.25,2.77
baa2ee0bf7f97079,1.83333,1.82645,1.90909,2.0
eeeffa7f514e0c0e,1.2381,1.25907,3.95,3.95
45781930d64da456,1.46512,1.4065,2.65,2.96
2eecf0c36192e40c,3.8,3.88,1.25641,1.26738
ce6bd165bef82bd7,1.60241,1.57803,2.3,2.41
1452c20d964c0a63,1.30303,1.18622,3.4,4.87
0b1460c666e66d39,1.8,1.66667,1.98039,2.23
1ab1ed99a4bc5494,2.86,3.06,1.40816,1.38314
f55749e32ce5c6f3,1.28571,1.3413,3.55,3.28
130e622d4d2aee3e,3.2,3.05,1.33898,1.3876
f0b7caa90faf47e5,1.07143,1.09814,7.8,7.61
2f6065fe0804d1d8,1.58824,1.72464,2.32,2.17
7fc5f1dc2df84ac7,1.4878,1.9434,2.7,1.86207
79865287be90e4be,1.8,1.89286,1.98039,1.92593
f295eb2a7b0ba4b7,2.9,3.63,1.44444,1.29674
6188b7fb3f8daacc,1.25,1.16892,4.3,5.26
4a0db214d9721d6e,3.4,3.85,1.30303,1.42017
dfa692db6d39330c,3.3,2.83,1.37037,1.45249
fbbb9e72900b71f5,2.05,1.83333,1.8,1.9901
1dc29f4c6fcdd356,1.4,1.38462,3.1,3.08
6d6ab10cbaa45e8c,1.66667,2.01,2.3,1.81301
c797b58d85c840a4,2.7,3.08,1.5,1.38911
b3d2ac2244e4f791,1.66667,1.8547,2.3,1.98039
2417cc7bc1eea75b,1.74074,1.45872,2.15,2.76
10a57b983e59f727,1.76923,1.49751,2.1,2.65
3c683da1924b6c44,1.90909,2.09,1.90909,1.75188
7af407397532f7cf,1.4,1.20367,3.1,4.7
ea660db65bfa998f,1.66667,1.47393,2.3,2.73
fa4b3f5ce8055921,2.76,2.98,1.43478,1.41152
007e8e0d4a39d82c,1.33333,1.45045,3.5,2.81
d63c9aa4f4873001,1.66667,1.32154,2.3,3.45
836a188a90e479a5,1.66667,1.45455,2.3,2.78
6c9f4799990c3c33,1.125,1.06545,6.5,9.53
33be2456161c14c3,1.11111,1.10152,7.0,7.41
780cab0cd07589e4,2.7,2.12,1.5,1.74074
b06b43670238c2d8,1.60241,1.64935,2.3,2.29
a7ae8f6eb5fc3a79,1.37736,1.24814,3.0,4.11
57d7a683b85bb87b,1.90909,2.04,1.90909,1.79365
67765535bd0b6bdf,1.33333,1.31348,3.5,3.52
32e9bc4d0a19a923,1.14286,1.0994,6.25,7.57
d94f1b32a81e3fa1,1.57143,1.369,2.5,3.16
47362cae6ba0e077,1.33333,1.26596,3.5,3.91
0047f8aadca1936f,1.4,1.70423,3.1,2.18
78912b78aa946375,1.90909,1.78125,1.90909,2.06
4c1e7e1765a5438a,2.6,2.99,1.54054,1.4065
780bae82bdfc7112,2.7,2.06,1.5,1.7874
5c73e0013b859664,1.52632,3.22,2.65,1.35971
dd12bf51c5ed7f1e,2.55,2.71,1.55556,1.47393
8d740c844353ae0e,2.86,3.15,1.40816,1.3663
dc6f6c8228390ebb,1.8,1.40486,2.05,3.0
04b7bcc0e8488604,2.6,2.02,1.54054,1.80645
54437b8dba3a6110,1.2,1.31746,4.85,3.48
372d1dee0db8dbee,1.66667,1.5814,2.3,2.42
7ffdaa44fc8d111b,2.7,2.15,1.5,1.71942
ac39c1f00ae31e58,1.47619,1.24213,2.8,4.15
f030febede41c661,2.3,2.64,1.66667,1.4902
d564db29997e1371,1.42553,1.44053,2.8,2.83
bed89a91da9d04c1,1.2,1.30864,4.75,3.53
f02c0adc4ae629c6,2.6,1.49261,1.54054,2.66
6a4738656c493ee9,1.66667,1.6135,2.3,2.35
9c8d5dbd8905a715,1.125,1.11751,6.5,6.73
6feb49a6b7e8433c,1.44444,1.53191,2.9,2.55
f661ef429055f8c1,1.625,1.49505,2.4,2.66
9009ec7b91f2be14,1.33333,1.16529,3.5,8.29
c36cd04f8f560f0a,2.3,1.86207,1.66667,2.01
4ace64aa144389c5,1.36364,1.33445,3.35,8.58
5ffb251c6ea48b65,1.4,1.271,3.1,5.52
61280e5644189c61,1.4878,1.40323,2.75,3.87
d7070ab1b2144f8d,1.4,1.51813,3.1,2.61
f6e6b004f07363e9,1.22222,1.16779,4.5,6.09
a122306d0ce5fbfb,1.58824,1.44843,2.45,3.65
3ac870d6e7d323b7,1.18182,1.09597,5.2,10.22
3859314324918eeb,1.5814,1.39216,2.47,4.46
532340708f0500bd,1.28571,1.13966,3.85,8.02
3bcbb0e039f4f5d8,1.95238,1.72464,1.86957,2.14
8d89f3b8798f444d,1.90909,1.5988,1.90909,2.38
b5b5156c713c5d47,2.25,1.48309,1.68966,2.7
8693027377658e61,1.90909,2.28,1.90909,1.65359
e8517ed0b49abc37,2.5,2.29,1.57143,1.65359
3738135e4c9d8273,1.83333,2.01,2.0,1.81967
7c2a02b5ea169b54,1.30769,1.27027,3.75,3.88
3a8c0158d910546d,1.45455,1.44843,2.85,2.8
7a2c841693b54dd7,2.8,2.91,1.47619,1.42373
5d4fb748ad246269,2.3,1.68493,1.66667,2.22
5eaff5c832430378,1.5,1.75758,2.7,2.09
4a789cdd5aaf4439,1.90909,1.49505,1.90909,2.65
cbdfb3c648d7bada,1.45455,1.48309,2.85,2.7
1b4d0c9e3c59b33b,1.33333,1.18484,3.5,5.0
534c07488396e124,2.3,2.15,1.66667,1.71429
3542f9f30926f364,1.66667,1.38168,2.3,3.12
5136dc566f46daf6,1.90909,2.51,1.90909,1.55556
bc7228d30ff5be46,2.3,2.23,1.66667,1.67568
c816a969cb001168,2.9,2.55,1.44444,1.54348
84ebbad426d25713,1.5,1.57143,2.7,2.47
f9ab966e63968c15,2.2,1.91743,1.71429,1.89286
673ed36fa5c12d5f,1.5,1.38462,2.7,3.11
e82f15afac3dac93,1.47619,1.24096,2.8,4.17
342779192b116314,1.64516,1.70423,2.35,2.18
1765fc442ea03873,2.9,3.34,1.4,1.34014
2f4d42e0b9696f71,1.22222,1.10893,4.5,6.7
01468f766dd7385c,2.65,2.29,1.52632,1.64103
c4eb14c3de579842,2.7,2.5,1.5,1.56497
8515f07911765f89,1.57143,1.35461,2.5,3.29
84d633d4a9fbf331,2.7,2.28,1.5,1.65359
f087a10a6f2bcc99,1.57143,1.369,2.5,3.18
cb1f27818d46af0e,1.90909,1.96154,1.90909,1.86207
901e62b7af57f559,1.47619,1.33557,2.8,3.37
c5d5fcf290cc029e,1.25,1.25773,4.3,4.01
181ceedcacc01d48,2.3,1.6135,1.66667,2.4
d03d0abf331df751,1.52632,1.30488,2.6,3.58
838bb84a5a976a9c,1.5,1.54054,2.7,2.54
abd45edc07a8d9e3,1.74074,1.5814,2.15,2.42
43b43c5d439b2f98,1.5,1.22422,2.7,4.37
cda06ff86cfe4f5f,1.5618,1.54054,2.5,2.53
fce6ab43b7d09aa4,1.66667,1.64103,2.3,2.3
9321b3c90ea5ca6c,1.54054,1.34722,2.6,3.28
ee278a5a25744cac,2.05,2.12,1.8,1.73529
c6fc43c351b08bda,2.7,2.48,1.5,1.5618
59d44b6888885500,1.37037,1.09625,3.3,7.43
c420c376cc1d149c,3.35,2.9,1.36364,1.42553
36d9337a27b71ba9,2.0,2.24,1.76923,1.66225
d5323490163dde0e,1.625,1.49505,2.4,2.65
06641a8c62e45661,2.24,1.72993,1.68493,2.14
ce3d94186567a684,1.63291,1.88496,2.34,1.93458
001441f70c293931,1.44444,1.14993,2.88,5.66
bcd1e1d71a172d53,1.33333,1.17391,3.5,5.15
5a878a6bebc973d7,1.66667,1.67114,2.3,2.24
a200b5dcbdd2506e,1.2,1.16313,4.75,5.35
6e705b2365bc03fa,1.90909,2.99,1.90909,1.40816
ae989e21c3839b49,1.36364,1.28409,3.35,3.75
766b4f5e77ab0860,1.63291,2.66,2.34,1.49751
53d0df57a917c6a0,1.90909,1.8,1.90909,2.04
5e378c52f26935d6,2.55,3.45,1.55556,1.32258
4c7e55061dc3bf89,1.55556,1.18904,2.55,4.86
c4e866d9dd606faa,1.33333,1.19685,3.5,4.78
1b650c76387c0f4b,1.54054,1.35971,2.6,3.24
f3c37e23ca30c87d,2.3,1.87719,1.66667,1.93458
410e65e4d1782bfc,2.7,4.25,1.5,1.23419
3f92025b29e06bfd,1.66667,1.36364,2.3,3.2
f6afaf2a39fa441c,2.35,2.23,1.64516,1.67568
bb31c77bddd1317e,2.7,2.95,1.5,1.41152
6ed495c177d69a3a,1.33333,1.09862,3.4,7.21
3ecccdab76baa59c,1.44444,1.21008,2.9,4.58
82b2b97b85c7225c,1.90909,2.08,1.90909,1.76336
97e522591ac7eb29,1.90909,2.19,1.90909,1.70423
5c281439d20184f1,2.3,2.69,1.66667,1.4902
43543a2c1c7a7135,1.36364,1.34483,3.35,3.32
e240d6f77747ec46,1.44444,1.74627,2.9,2.1
b3248692dfb954b2,3.5,2.74,1.33333,1.46948
7e047b195135ef06,2.25,2.05,1.68966,1.7874
8a1aa64eb1f17913,1.71942,1.65359,2.1,2.28
f549164690d723bb,1.71429,1.47847,2.2,2.72
22f1133d02700bb2,1.4,1.31153,3.1,3.54
afed0bac5ce5a2f3,3.1,3.95,1.4,1.25575
aacb47949a572f25,1.5,1.23866,2.7,4.21
7a635063e5f1699b,1.625,1.59524,2.4,2.41
344d60564cd136ff,2.55,2.9,1.55556,1.42373
3aa49ed298e4c34f,1.52632,1.75758,2.65,2.09
a679800d2e7c3be2,1.35714,1.46083,3.4,2.77
93969a7368dc2e14,1.76923,1.3861,2.1,3.09
4f2501e804c84abe,1.83333,1.93458,2.0,1.87719
e5e75d831670b401,1.41667,1.55866,3.05,2.49
04e6198326be4857,1.5,1.14306,2.7,5.86
7e20b0536fbbd560,1.5,1.53763,2.7,2.55
a09447d185a62251,1.33333,1.369,3.5,3.17
59b2bbb251968ca9,1.36364,1.20202,3.35,4.65
bd06f1c2d7e6c4a0,2.25,2.08,1.68966,1.76336
adb78db5ba8ccc0f,2.4,1.76923,1.625,2.08
160c17b8fcb0e2a1,1.33333,1.18382,3.5,4.97
3cbd3565dd631cc4,2.85,2.45,1.45455,1.57143
ce5ebaf8caf8c4a7,1.66667,1.46512,2.3,2.75
f521ecde1e96a1bd,2.9,2.67,1.44444,1.5
46b9acec12a35d37,1.5,1.45455,2.7,2.8
ec0740be19b2ef90,1.36364,1.46512,3.35,2.77
35d06627d91b840d,3.0,4.08,1.41667,1.25381
d9f5d05b07bae09e,2.1,1.66667,1.76923,2.25
be73f75b52b06f14,1.90909,1.58824,1.90909,2.4
8a044e5400b4318f,1.43478,1.64103,2.95,2.3
904cf687d22bb486,1.58824,1.44248,2.45,2.83
1af23e7aa71a1d17,1.4878,1.46296,2.75,2.77
96d4fe315722d1c1,2.95,4.22,1.43478,1.23923
59695aae245cca73,1.625,1.48309,2.4,2.7
8252a314c778b8e6,1.90909,1.63291,1.90909,2.32
860050f211b44d10,2.2,2.13,1.71429,1.72993
b4bbc1b7efa770f5,1.37037,1.24752,3.3,4.14
60bd4d2878c85f70,1.43478,1.57471,2.9,2.45
fac560495e61d34c,1.37037,1.36496,3.3,3.19
84b04e8d6b251c54,1.25,1.13947,4.0,6.04
a554a72bb0377213,2.5,1.81301,1.57143,2.02
bf59d9f8bd9536f3,1.66667,1.52083,2.3,2.59
6a7db3750822d7be,2.85,2.36,1.45455,1.61728
98b7dd0ddc52cffb,2.6,2.5,1.54054,1.55249
f32d918ee06cb83b,1.74074,2.49,2.15,1.55556
d6d141afdd31c3f1,1.43478,1.45045,2.95,2.8
86dff1593d8b9a1f,2.59,3.61,1.54348,1.30211
44abbf6b947be6de,1.68966,2.37,2.25,1.60606
fdb9d29cf0edc16a,1.625,1.23981,2.4,4.21
a419e6df765aa755,1.90909,2.54,1.90909,1.53763
f17813d03fcd8e7a,1.30769,1.21739,3.75,4.51
5a8f7afc5ea69537,1.44444,1.25253,2.9,4.04
972e17c1b98fca06,1.86957,1.52083,1.95238,2.6
a71764d5da04e3bc,2.3,2.77,1.66667,1.46296
ca0f0a35a1fcb453,2.9,2.91,1.44444,1.42735
7fbf09533c59e43f,2.15,1.95238,1.74074,1.8547
0c9faf26efe2cdcc,2.0,2.18,1.83333,1.70423
7bd6969c4ed979f9,2.75,2.76,1.4878,1.46948
92c1d9a6d313cb0c,2.4,3.85,1.625,1.26954
be977e524ef56aa4,1.33333,1.18797,3.5,4.93
30abc50a2e71c576,1.625,1.44444,2.4,2.86
1114cd1515cf3b8f,1.90909,1.5848,1.90909,2.43
2cec230248d7eb97,1.41667,1.28571,3.05,3.74
abfc03893551ae73,2.3,2.95,1.62112,1.41841
b279559f15ecf29b,1.8,1.8547,2.05,1.96154
2664805fde34fb1b,1.5,1.27174,2.7,3.88
3adecfc4727a8d73,1.55556,1.41322,2.55,2.96
1535fb6549fa8bab,1.66667,1.45045,2.3,2.79
71afa8354da2491e,1.33333,1.12092,3.5,6.72
2ab395e21080b10a,1.38462,1.26596,3.2,3.95
5475f5b6bad40989,1.71429,1.70423,2.2,2.18
cfca30d3ef3c86b9,1.4,1.36364,3.1,3.22
b87ac039e3b13940,1.42553,1.81301,3.0,2.01
c317f85a8266313e,1.55556,1.9009,2.55,1.91743
d0c01840c72429c6,1.29851,1.13717,3.75,6.19
b4cfb34e8224fd77,1.57143,1.5814,2.5,2.41
144443d4dbf43990,2.3,2.41,1.66667,1.58824
594435375d641f63,1.625,1.57471,2.4,2.43
0f2983fe7753403f,1.54054,1.55866,2.6,2.48
bd064deb3494b41a,2.3,1.89286,1.66667,1.91743
a3696c847ef6c7f9,1.74074,1.55556,2.05,2.5
33719a2d9c69ed17,2.0,1.5988,1.83333,2.38
4ea48bf2407b405d,1.66667,1.84746,2.3,1.96154
ce7744d45a698aa6,1.44444,1.49751,2.9,2.66
d95eeba3de7ecac5,1.33333,1.21368,3.5,4.58
9c1a2ac64c98d2f6,2.3,2.45,1.66667,1.57471
c335f44e4f3515ea,1.90909,1.59172,1.90909,2.4
e0444752d18fda7f,1.44444,1.38023,2.9,3.14
c960184a583f1861,1.68966,2.59,2.25,1.52356
5f4e944ff1bdcd9c,2.85,3.46,1.45455,1.3268
ed6203e849a2bf28,1.66667,1.92593,2.3,1.89286
efc64d8aae5628c9,1.90909,1.66667,1.90909,2.25
8f00da6ea8186ce2,1.66667,1.65359,2.3,2.28
f87a7812733f7e8f,1.625,1.4386,2.4,2.86
ccb7e2851319345d,1.5,1.30581,2.7,3.58
868c83e734dbbceb,2.45,2.13,1.58824,1.73529
c88a7dbe7717d2da,2.4,1.74627,1.625,2.12
d4420be78065de03,2.55,2.24,1.55556,1.67114
622cc4ef46913020,2.25,2.17,1.68966,1.71942
a4c7d59d340794c0,1.5,1.10718,2.7,7.19
5a2fa552e70958d4,1.38462,1.26178,3.2,3.98
5305049e4215d263,1.86957,1.89286,1.95238,1.92593
c9144a294c73b06f,1.52632,1.28329,2.65,3.82
b6723b9c6ff4d594,1.74627,1.28011,2.14,3.8
dcc3da324eb5f26c,2.65,2.0,1.52632,1.82645
3f837b469ba33c7c,1.51282,1.35336,2.7,3.28
3e90b7fd1e9f86bd,1.58824,1.36496,2.45,3.22
dc6f69f923744948,1.90909,2.13,1.90909,1.73529
682ff095649c9a5c,1.4,1.45249,3.1,2.8
d45d9c7d60f332da,1.38462,1.42735,3.2,2.9
c3a4187fc821bfff,1.25,1.19011,4.3,4.91
43ec12079ccc371c,3.0,2.45,1.42553,1.58824
3d46d635f9ae5e68,1.76923,1.45872,2.1,2.78
435ba9b407b844ef,1.625,1.3012,2.4,3.63
40781a64c4cea877,1.28571,1.2907,3.85,3.7
2ba11e0bf32829d6,1.90909,2.86,1.90909,1.4386
d6357dab7ccdf2db,2.25,1.9009,1.68966,1.92593
5737084215c45792,1.14286,1.12376,6.0,6.63
00a94d5fc7ce55cf,1.42553,1.44843,3.0,2.83
83fa3a382acc7bdc,1.5,1.41152,2.7,3.0
faac24c1b3d6368a,1.58824,2.04,2.45,1.79365
a7f66f13f953352f,1.8,1.76336,2.05,2.09
63670e1b8f164d4a,2.4,2.42,1.625,1.5848
12d9b4a3931be5ec,1.22222,1.15152,4.5,5.87
02615499125b4b5d,1.47619,1.53191,2.8,2.57
0ccd2593c88209e4,2.5,3.09,1.57143,1.38462
3b561a154aa2bbb2,1.66667,2.28,2.3,1.65359
d6945828f5fa7492,1.58824,1.60241,2.45,2.38
b9539d5e379b3edc,2.9,2.99,1.44444,1.4065
2c58a97f2fe6c985,1.28571,1.09533,3.85,7.61
8d5b88e0ff253617,1.58824,1.86957,2.45,1.9434
e9c6bac0d1a5ec0f,2.45,1.4065,1.58824,2.99
3cf3771274a4f8b1,2.3,2.82,1.66667,1.45045
804c350ce714770f,1.64516,1.71429,2.35,2.16
c4e4954beb59eca6,1.66667,1.67568,2.3,2.23
c3af2b6ab1262fef,2.3,1.54054,1.66667,2.54
ccb5e29cd0347110,1.36364,1.31153,3.35,3.53
33fa6793a7f984ac,1.6135,1.65789,2.43,2.27
1c2d0db1c9eed052,1.5,1.4065,2.5,2.97
bce8ece2ff26b4d4,1.33333,1.46948,3.5,2.74
9433730f95d52fc8,1.52632,1.35842,2.65,3.24
2f382615155e32b9,1.58824,2.34,2.45,1.62112
c6cc6ae23cbf8a27,2.9,3.27,1.44444,1.34843
b9e037a45f8850fb,2.45,2.31,1.58824,1.62893
07e39fd5f4f23270,1.90909,1.97087,1.90909,1.84034
6f6fec9c78244174,1.86957,1.9434,1.95238,1.86207
06d9fb9c995f1e4f,1.71429,2.04,2.2,1.80645
856468ba24a37fcc,2.7,2.14,1.5,1.72993
d00d5ef4ae0ac01b,2.1,2.38,1.76923,1.59524
640d52630f4f8a61,1.44444,1.36765,2.9,3.17
20c0f50c11509301,1.33333,1.25907,3.5,3.98
16628e25a043043a,2.9,2.37,1.44444,1.60606
034cbbec91f67852,1.2,1.16447,4.85,5.44
01aa5949ac6851f3,2.9,1.83333,1.44444,1.98039
8beab5f941dae8e0,1.83333,1.98039,2.0,1.84034
a941c4e25ddddfff,4.3,2.64,1.25,1.50505
2b1ac5d8f98639bf,2.15,2.15,1.71429,1.71942
ecec1b0dd64ca2ae,1.40816,1.27322,3.1,3.86
37ae5c09d6f03f33,1.5,1.41322,2.7,2.96
e0e2c1fc1a178d89,3.75,2.26,1.30769,1.65359
c02d44564cb006a9,2.9,2.92,1.44444,1.42553
5d11b618f24082dd,1.83333,1.70922,2.0,2.16
ca63933f8c898fa2,2.25,2.18,1.68966,1.69444
f9345fa82bf43847,2.75,3.86,1.4878,1.27174
88a63555728c2025,4.15,2.32,1.26316,1.62893
e434035be5453be0,2.75,1.60606,1.4878,2.37
e3aad51099a23ba4,1.66667,2.0,2.3,1.83333
ed707998b13d0101,2.4,2.28,1.55556,1.64935
069ab7e7b8b5d262,1.14205,1.1002,6.0,7.23
0c6e3c1f03cd4061,1.54054,1.58824,2.6,2.41
3f8b4aeb3baf4724,3.85,2.84,1.28571,1.44053
c3ca708aaf4262a7,2.15,1.54645,1.74074,2.52
4c9bbd9758be1168,1.37736,1.24213,3.25,4.15
5f44d6d9e6bbecff,3.35,1.95238,1.36364,1.86207
2372578d3f554c65,2.48,1.56497,1.57803,2.46
d22de60b7a3d908c,1.4,1.52632,3.1,2.59
73370221b3fa3676,1.53191,1.57143,2.4,2.43
3352c65f3f6d9b2a,1.12987,1.16474,6.25,5.35
b52dccbe69864d2a,1.66667,1.86207,2.1,1.95238
6adfe44b110c1510,1.72464,1.64516,2.05,2.27
81b7a6aa147bd912,1.83333,1.68493,1.90909,2.2
e4620f3fa451a3a4,1.6135,1.63291,2.2,2.3
8362b372adb2f302,1.44444,1.63291,2.63,2.29
eb30c9c975e15436,1.25,1.5,3.75,2.64
b4cc389bb4af3707,1.72464,1.42373,2.05,2.89
3624f4ae9c1d703e,1.36364,1.31646,3.25,3.45
dae80502466c8726,1.25,1.2439,3.75,4.13
57785c9be5b4526d,1.53191,1.44444,2.4,2.83
cae7de0873e03947,1.36364,1.39526,3.0,3.04
cb9654746447b934,1.53191,1.5988,2.4,2.39
3638ee66c7d34fe0,1.39216,1.4878,3.15,2.69
924f982f0d9d2142,1.5,1.68027,2.7,2.23
73700c8c5107f719,1.55556,1.44843,2.55,2.82
12683e06369d1a83,1.44444,1.65789,2.9,2.25
33007109c9ca1ede,1.86207,1.74074,1.96154,2.12
7d583e4002622848,2.95,1.86957,1.43478,1.95238
fb70b62915fdcec6,1.58824,1.52083,2.45,2.59
eca400aeeb2763d1,1.86207,2.04,1.96154,1.79365
744cbe6e49d4f41c,1.16667,1.0993,5.25,7.29
8502f245aabd64ac,1.60606,1.77519,2.45,2.07
e346f2b7af63e804,2.25,2.01,1.66667,1.81967
1b1fd32485861655,3.0,3.24,1.4,1.35587
c57a4810c932b296,1.44444,1.54945,2.75,2.49
c2f730cb33df5221,1.5,1.50761,2.63,2.63
560a971c6ab8b854,2.2,2.16,1.66667,1.71429
9a9479663bedf8b4,1.36364,1.29412,3.1,3.61
2c160a1d1fdbf0b0,1.25,1.27933,4.0,3.83
9576d9cba5cf5c4e,1.27778,1.34602,3.85,3.3
9479ba3cdcb1e513,2.5,2.28,1.53191,1.64516
d5929b7fbc801ce4,1.5,1.47619,2.63,2.71
ca2aa660bea0cb60,1.3003,1.39683,3.5,3.01
91a5480f48bfaa71,1.5,1.36765,2.7,3.18
e3573545220ca4ea,1.72464,1.65359,2.1,2.27
175d9e1ac0725145,2.54,2.06,1.5,1.78125
6c2199524d762b11,1.1,1.08432,6.0,8.11
5d9b84493f1ed114,2.1,2.34,1.66667,1.6135
76fd6919d828d5c2,1.53191,1.52632,2.4,2.56
98458778348ea5d7,1.6135,1.51813,2.2,2.58
bc1be168c064f028,1.4,1.33445,2.75,3.36
8ea12c7360fa0f6b,1.72464,2.2,2.1,1.68966
9cfb84817a43b63c,1.36364,1.41667,3.0,2.94
9a2d3ebab827d333,2.1,2.63,1.66667,1.50505
8794031c523bf534,1.57143,1.49751,2.3,2.64
07cb64236ae7aaea,2.2,2.63,1.6135,1.5
2874ea5d2f783e23,2.1,2.54,1.66667,1.5291
582806c33ce6dcf6,2.85,2.82,1.42553,1.44444
9124740fe7816d70,1.5,1.46948,2.5,2.75
ced01368259428f5,1.72464,1.57143,2.05,2.43
42922bab8a3e1828,1.4,1.3937,2.75,2.99
c22de92b9d9030dc,1.72464,1.76336,2.05,2.06
c2cdeb207cce5ceb,2.4,2.72,1.53191,1.47619
f18d44292036d5de,2.4,2.16,1.53191,1.71942
fcc1191761e365f9,2.4,2.63,1.53191,1.5
7b909acede0a26eb,1.90909,2.29,1.83333,1.64935
c3ef3cb03edde8bb,1.5,1.27624,2.7,3.85
1ceab8fa45996f51,1.33333,1.33333,3.4,3.4
f557405652165aa3,1.57143,1.64935,2.5,2.27
4dc5a41f357a7d85,2.2,2.03,1.6135,1.8
0548a24a9bf8d7a0,1.44444,1.38911,2.63,3.05
68095e551ff6bbfd,1.28571,1.22523,3.4,4.38
b638646fb297228d,1.72464,1.97087,2.05,1.84034
b6a6ba08898f3b6a,1.6135,1.67568,2.2,2.21
eb7b0a6f06dbdb4f,2.95,3.15,1.41667,1.37037
5ee83e03aaff5fa1,2.8,4.04,1.45872,1.24691
df146b0592259e5d,1.66667,1.91743,2.1,1.87719
cc4fcfede19bc196,1.74074,2.35,2.1,1.60976
824859c7580eb35b,2.3,2.47,1.57143,1.55866
751cf3d52fce1d1f,2.1,2.29,1.66667,1.63291
0d6d212fcdf47f2e,1.95238,1.86957,1.8,1.95238
6acd1c591170f597,1.66667,1.50505,2.1,2.63
0197a61472fc351d,1.6135,1.72993,2.2,2.13
3a8af8ee23444b72,2.5,2.57,1.5,1.52632
5b7b5b01f4dcbd9c,1.25,1.30675,4.0,3.51
7f7d2abc21f171ca,1.22222,1.16949,4.0,5.28
85a130a4b655c8f5,1.25,1.24814,3.75,4.04
626c82ed45fdcf59,2.3,2.19,1.57143,1.69444
0320a6a967069571,3.0,3.04,1.36364,1.38911
d0602cdc04d2c159,1.83333,1.76923,1.90909,2.07
0dc2fc8d39e226a3,1.23256,1.23256,4.0,4.26
32813f5f46f045e8,2.3,2.66,1.57143,1.49505
d0ac2cc5c57c4e66,2.3,2.55,1.57143,1.52083
d4ace70b3661ee6c,1.4,1.369,2.75,3.17
ca7d61e167d7789c,2.24,3.21,1.67568,1.36496
4cff9aeef3ac75c1,1.30769,1.45662,3.5,2.79
e1930496b33fa636,1.90909,1.52356,1.90909,2.57
c28d40498150de90,1.8,2.3,1.95238,1.63694
e396c509fb47b037,1.44444,1.69444,2.63,2.19
df9847839c73a678,3.0,2.45,1.36364,1.56497
767ceb4a0cb43ade,1.66667,1.5814,2.25,2.41
733e675fd7c0052a,1.83333,1.50761,1.90909,2.61
af6d56860ba4d259,1.37037,1.36496,3.2,3.19
7b1882dc76786d77,1.36364,1.28736,3.0,3.69
415ea2520b7ba720,1.72464,1.62112,2.05,2.32
330d86bfaa4155fe,2.63,2.7,1.44444,1.48077
251983e1bdae20fe,1.83333,1.80645,1.90909,2.04
8afe89f5c451b372,1.53191,1.4386,2.4,2.86
4c0adccb34c1d995,1.18215,1.14903,4.5,5.8
a91fdb21a7ff52e5,2.05,2.34,1.72464,1.61728
e976815e397c40e1,1.6135,1.75758,2.2,2.09
790a8cd528233e50,2.2,2.69,1.6135,1.48544
753735b48b1c20b9,1.5,1.36232,2.5,3.2
b20640f9b2634de1,1.53763,3.72,2.44,1.2849
1394ce1832ddefe0,1.5,1.369,2.63,3.13
dff8e4ef87d69516,2.24,2.49,1.67568,1.54348
54de03e04f571735,2.3,1.88496,1.64516,1.93458
dad759ec50508147,1.23256,1.25381,4.0,4.0
a63bb85cc39389c7,2.42,3.12,1.58824,1.38314
46fa8e79fe8a9539,2.0,1.64935,1.83333,2.26
80108a70c4afa6c2,2.7,3.19,1.47619,1.3663
582afc25875911d1,1.83333,1.66225,1.90909,2.23
5eebde8fb4d67259,1.66667,1.89286,2.2,1.92593
e06bfd0100eccbad,1.58824,1.2451,2.42,4.1
4a00db8aeff200a2,1.66667,1.8547,2.1,1.95238
120ec60ad18cf6c5,1.72464,1.55866,2.05,2.48
9eaa33f874bbb999,2.2,2.2,1.6135,1.68493
94541dd979e0b4bd,2.1,1.68027,1.66667,2.2
ec8bc554a0646638,2.2,2.86,1.6135,1.44248
6e6567a98ea78891,2.75,2.71,1.4,1.48309
40c18c6d64463809,1.4,1.4717,2.75,2.74
e655774643881e6c,1.57143,1.4,2.3,3.02
b3f1253d0a991791,2.2,2.13,1.6135,1.73529
c3ef9edf73626521,2.05,1.72993,1.72464,2.13
836e9bc5c1f6acd3,2.1,1.93458,1.66667,1.87719
799acf3ae8a5df0a,1.66667,1.5814,2.25,2.43
18729b11614406bf,1.83333,1.65359,1.90909,2.27
7edf2fe3a8776a44,2.4,2.49,1.60606,1.55556
eaa885cf7ae31e0b,1.60606,1.41152,2.4,2.91
6ad594777cce2d7d,2.75,3.11,1.47619,1.38462
d29a82322bb083d9,1.36364,1.271,3.1,3.87
b989d4d7e220b3c1,2.15,1.47847,1.71429,2.71
24581e2b39fe3319,2.0,1.66667,1.83333,2.25
5256ba94641a4284,1.4,1.32362,3.0,3.44
de084f0d65421cfa,2.05,1.71942,1.72464,2.15
f93b074dfd47b4b4,1.60606,1.74074,2.4,2.12
c9cef59a5de32219,1.76923,1.3125,2.1,3.6
998bde5639c61adb,2.5,3.43,1.51282,1.32154
6fa2dae90bda4742,1.57143,1.43478,2.3,2.84
ee5c0b8a757992af,1.53191,1.64935,2.4,2.24
e62033cb1e79aa81,1.2381,1.15898,4.2,5.53
6b9ed3867dd42b3b,1.55556,1.57143,2.55,2.44
6fd1edb58d271f7c,1.43478,1.3663,2.9,3.18
582846744e379178,1.57143,1.56818,2.5,2.45
32f2965b4f4c4ebf,1.42553,1.29412,2.95,3.63
00c6a2ef07ca51da,1.95238,1.46948,1.86957,2.74
7521015554088962,2.1,2.56,1.66667,1.53191
1a635a5e4551e7d5,1.38462,1.23474,3.1,4.26
7b1bc4ff776f12c1,3.05,3.56,1.4,1.30303
5238f6470d0557fb,1.66667,1.39063,2.1,3.06
2b6a75175bbca4e9,1.22222,1.09208,4.0,7.75
9c24c03131d5b49a,1.5,1.40816,2.5,2.97
b0be38110c2d8b84,1.36364,1.18868,3.0,4.93
ebeeed2595266bbc,1.54054,1.625,2.55,2.32
cf258c17234d649e,1.4,1.37313,3.0,3.15
e5f9d59d00fe3c73,1.28571,1.1233,3.4,6.63
b40e4deb48658851,2.22,1.9434,1.68966,1.87719
edf7ce89ad672e85,3.0,3.13,1.40816,1.37736
f46308108eb9261a,2.4,2.62,1.60606,1.5102
ce4fc800a7456d18,2.05,1.63291,1.72464,2.3
a2a5809ed8a01b45,1.4,1.37313,2.75,3.13
aa38e39397dbea72,1.44444,1.4,2.85,2.99
03c1865919daeaa4,2.5,3.16,1.5,1.37037
32cc31b76b32ade1,2.35,2.86,1.60606,1.43668
8a3281b0d7c168af,2.75,2.35,1.47619,1.61728
54fa6e32330a8cca,1.60606,1.62112,2.4,2.33
58eda5a58a89f739,1.28169,1.16129,3.8,5.46
b33e3a6d15700bb1,1.52632,1.35587,2.6,3.23
817cd15077a9419e,2.2,3.25,1.66667,1.35336
f01851055b8309e0,1.26667,1.11737,3.8,6.68
192619174bd1ad77,1.23529,1.12392,4.3,6.59
67f7163e536d62e2,2.1,2.28,1.72464,1.64935
c83133ee114945ed,2.75,2.65,1.44444,1.49751
d8f40b82364b6411,1.57143,1.50761,2.45,2.61
ab1aa23060d4e87b,1.27778,1.22883,3.85,4.33
33e301872e2b5680,1.53191,1.38911,2.5,3.07
8fc8d66ad0074ab0,1.90909,1.8,1.83333,2.04
ab4a91a59c01d6b6,1.4,1.36364,2.75,3.19
0f20c1d7c44fa5fe,1.3003,1.19305,3.25,4.82
55376d5c205fa844,1.25,1.15106,3.75,5.79
5ba7dd466e30169f,2.1,2.54,1.66667,1.53191
64fe6e61a24dbf39,1.18215,1.21978,4.5,4.49
41cdbcc0f3635b8f,2.3,2.71,1.57143,1.47393
7efca050bc7be8ac,1.53191,1.41841,2.4,2.93
7e3fc760b26b6ae4,1.25,1.3003,3.75,3.62
e2e2537a345367d4,1.45872,1.20161,2.8,4.7
9f66d450af690df5,1.52083,1.65359,2.6,2.26
86a1be10255eea4e,1.33557,1.30769,3.4,3.56
a160e94fdb66de17,3.0,2.75,1.37736,1.46512
fc3825dd1b67e39d,3.05,1.65789,1.4,2.26
0c80eef2f4570543,1.47619,1.59172,2.62,2.4
de9422207df2de64,2.75,3.05,1.4,1.39216
76641669c1607b7a,1.22222,1.09158,4.0,7.86
58811a4e36c53b89,2.5,2.06,1.5,1.7874
c2c20a04a78d9143,2.1,1.79365,1.66667,2.04
e7b3ca036835b7c2,1.28571,1.11628,3.4,6.72
23201d09a78d446d,1.95238,1.93458,1.86957,1.88496
7fd6770fe2d4f258,1.53191,1.34965,2.5,3.27
c445401709421fa4,1.28571,1.32362,3.4,3.44
469f887278324e63,3.5,2.95,1.32258,1.40984
a1afc16e21d1a807,1.76923,2.17,2.1,1.70922
8e5744c664fec3e9,1.4,1.39683,2.75,3.04
36ec204f47e4d613,1.66667,1.5814,2.25,2.43
7513a00037094075,1.26316,1.22624,4.0,4.37
19764211af05674c,1.45455,1.38168,2.8,3.07
e512b80bbaea36c2,3.5,4.56,1.3003,1.20619
5fcf18bcd2a020f1,1.44444,1.54348,2.63,2.52
fff3218758c513b8,2.75,3.08,1.4,1.38168
2bfc0212f2cae65b,2.4,3.13,1.53191,1.37313
8c140756bf43dcc2,1.35714,1.20877,3.3,4.55
a12d3a6c8aaf87ca,2.1,2.38,1.66667,1.59172
2ae7404681deb3b3,2.24,2.42,1.67568,1.57803
ab325ea526824723,1.25316,1.15432,4.1,5.54
d75b3d3c2b209b75,2.75,2.78,1.44444,1.45455
79dfbbdd14fbbd11,1.5,1.39841,2.5,3.01
e5bd7e6e2a50a843,1.5,1.60606,2.5,2.34
1714950933f88ab9,1.57143,1.38023,2.3,3.09
08c04f18b0f58d71,1.18215,1.10515,4.5,7.23
ec2034b134ae71cd,3.75,5.93,1.25,1.14225
13e2ff8b3a122094,3.4,3.73,1.28571,1.28409
e861e9cc0118c670,1.36364,1.29674,3.0,3.6
f6454f2e508626ec,1.07407,1.05522,9.0,10.36
b39b8ff0d7de211a,1.8,1.47393,1.95238,2.72
59c4fdb3c0673066,1.2,1.22124,4.5,4.41
236f811290163dca,1.36364,1.31546,3.0,3.4
d5e3be7a07c48b08,2.05,1.95238,1.72464,1.84034
46bc1338a50cbeac,1.28571,1.15601,3.4,5.4
7f33fbdc35afd721,1.11111,1.1056,7.0,6.93
5c650ae2193ab1bc,2.8,2.84,1.45455,1.42553
120d66cb0da0f3c3,1.125,1.08673,5.5,7.88
0adfc21045c02555,2.75,2.99,1.4,1.38911
2a03bc4c491b4c9a,1.25,1.23585,4.1,4.1
f368475c366c6d85,1.66667,1.69444,2.1,2.16
4e5d4a36eaaa3a78,1.43478,1.39063,2.9,2.99
4b75d3b7738cb278,1.25,1.15267,3.75,5.48
b19bf99c7eb796bc,2.2,2.39,1.6135,1.57471
5bcd8abf6da01dae,1.66667,2.12,2.1,1.74074
0149e875b31e57f8,1.36364,1.28571,3.0,3.73
69b31593175f77ec,1.44444,1.66667,2.63,2.24
a47123ae6e048f11,1.60606,1.71429,2.35,2.15
b53031bf4bd0a330,1.57143,1.34602,2.3,3.27
4080b4310d82b42d,1.25,1.16207,3.75,5.43
23dbe713c4294c66,2.05,1.97087,1.72464,1.84746
5cd2dd6075fadcce,1.625,1.44643,2.35,2.83
420211200a35c1d1,1.47619,1.52632,2.7,2.55
b3253e2c2d111030,3.3,2.75,1.32258,1.46296
d56a59a4c79cf515,1.74074,2.08,2.1,1.75758
a38010639e61885c,1.4,1.36496,2.75,3.18
de1a3734be60e6a1,2.5,2.94,1.5,1.41494
944b929130b23c2a,2.75,2.05,1.44444,1.78125
7cbfeba85f86d1bf,2.5,2.49,1.5,1.54348
114d2f6fcd3f6f00,1.44444,1.43478,2.75,2.84
202c47db69768356,1.66667,1.92593,2.2,1.88496
8a884a7930d75ca9,2.1,1.63291,1.72464,2.29
07a378b257aad5a9,1.36364,1.24096,3.0,4.12
352839a03b428e74,1.83333,2.09,1.90909,1.75188
9474f64347aade7a,1.36364,1.22173,3.0,4.41
3dc1a6335d890650,2.63,2.56,1.44444,1.52356
d822ebc7dbc6c259,1.36364,1.4,3.0,3.01
a1e193425e716b42,3.8,3.76,1.25641,1.28011
c4a6174b0698652e,2.63,2.31,1.44444,1.62893
3dd2fde7bff79c51,1.43478,1.46512,2.8,2.74
d61373d9fdf01a12,2.4,2.81,1.57143,1.45045
cdd565a16975c711,1.66667,1.91743,2.1,1.89286
857d274e47aa8c4e,1.72464,1.73529,2.05,2.12
c82acd7b17915591,1.44444,1.4329,2.63,2.85
a18edcb638ba7e39,1.5,1.54645,2.7,2.51
3af1bdc5a510bba9,1.58824,1.84034,2.45,1.98039
ecdbb3a5216b815e,1.33333,1.30303,3.5,3.61
970f083af8368f57,1.58824,2.61,2.45,1.51813
668a44403a130043,3.5,2.82,1.33333,1.44643
096e00355c8c84ac,2.7,3.06,1.5,1.3876
8d9458121f0c4b95,1.30769,1.32468,3.75,3.44
87ac0e5face106b4,4.85,3.43,1.2,1.32468
dec301fd5e99ca46,2.7,1.75188,1.5,2.09
140937779a2466a7,1.82645,1.43478,1.97087,2.87
e35f7504d83b8b07,1.4878,1.41152,2.7,2.94
a3ee907c77544cde,1.57143,1.40161,2.45,3.01
f5fb8b182020c59d,1.42553,1.42553,2.95,2.9
38248c5d13f273e6,1.33333,1.33557,3.4,3.36
1ff24d5f760e0491,4.6,3.7,1.20833,1.28818
8abad36b4c5e4070,1.625,1.60976,2.35,2.35
dc31d3260dea7dcf,1.47619,1.34722,2.75,3.29
93a0a19c2c1cfe66,2.18,2.51,1.71429,1.54348
e2dc4fb7b5c0ce76,1.95238,1.78125,1.86957,2.06
81127436605d3c88,2.2,2.46,1.71429,1.56818
44cd8c9f622e155f,1.54054,1.45249,2.55,2.79
86df0e75f41784d8,1.125,1.13387,6.75,6.34
84e8ccc3c97c2b4c,1.44444,1.2994,2.63,3.63
9d30c887e8bd8824,2.15,2.04,1.74074,1.7874
2bbfbb234c255249,1.33333,1.54348,3.5,2.51
c13dc0cccef263f7,1.20492,1.9434,1.53763,1.9009
012c307c9d446c4d,1.33333,1.23041,3.5,5.51
809814f03ff3140c,2.7,2.6,1.5,1.52083
81cde317c156723b,1.30769,1.28249,3.75,5.46
d83294b031502177,1.33333,1.32258,3.5,5.78
35985895d4ef321e,1.52632,1.9434,2.65,1.97087
6a35ff33b8597904,1.90909,1.5291,1.90909,3.57
48b1ee7ab45add4c,1.2,1.15528,4.85,5.81
5e7f4ba1210f433d,1.44444,1.50505,2.9,2.83
1a7119f3996b5635,2.5,2.77,1.57143,1.50761
0e60ab32f3d03929,1.14286,1.18762,6.25,5.06
ae0a91c8f92f4758,1.57143,1.72993,2.5,2.36
f1cb2e7ef096ec7c,2.7,2.08,1.5,4.1
282c8c6c1ed82bfb,1.26667,1.2924,3.65,3.63
426a69e343822ab3,2.8,2.97,1.41667,1.40323
878941394f9e3538,1.33898,1.39063,3.15,3.05
c62ed8a6002b5360,1.4878,1.64516,2.6,2.27
111e66eb922449e4,1.22989,1.24331,4.2,4.16
b3c695728e177fd4,1.88496,1.77519,1.88496,2.06
07c2af68b6dbc4ec,1.17857,1.10373,4.9,7.26
b47db03affb279c3,1.2,1.13966,4.4,5.97
d98d6b2c13557a87,1.5,1.39216,2.54,3.03
d0fb381cacbb0446,1.92593,2.33,1.92593,1.63694
925a36a4af600291,1.625,1.91743,2.4,1.90909
8e02bdaac8ed50e5,1.25,1.34602,4.3,3.35
1ff520024da5b3b2,1.4,1.49505,2.7,2.68
a57969d4ba7d4a79,1.5,1.20367,2.7,4.78
47b1cd4e3e2595f8,1.5,1.70423,2.7,2.2
b0d06858fb725654,3.75,4.31,1.30769,1.23419
f6fd50bf69bb59e6,1.28571,1.16892,3.85,5.35
3d35f25d9792a69a,1.54054,1.62112,2.6,2.37
2dbf9d8d6915711e,1.20408,1.20576,4.8,4.72
a1029686c3f1bead,1.4,1.35461,3.1,3.3
e600b78e5a652dc0,2.6,1.97087,1.54054,1.8547
1c84dafe38694c05,1.35714,1.45455,3.4,2.82
37d58369782cb86b,1.25974,1.17637,3.95,5.11
646c79a7ecd12e5f,1.57143,1.54348,2.3,2.51
98d6771af9b0ebe5,2.63,3.01,1.5,1.3937
ed5383b50ffcdded,1.32787,1.39683,3.4,3.03
75a84211f50c53f5,1.2,1.1938,4.5,4.84
3d6571790c21527c,1.15408,1.13889,5.0,5.98
ae7a8f19743e8154,1.2,1.12642,4.5,6.43
aef44145740741b3,1.43478,1.23923,2.8,4.18
7d923267c44dd93b,1.33333,1.29762,3.4,3.58
6ef50ed03b116b60,1.25,1.22124,3.75,4.4
857e8facd8ff7c36,2.2,2.79,1.66667,1.44843
5ae5eb729c6bb169,2.5,1.95238,1.57143,1.86207
eb277b5ea2a19124,1.52632,1.78125,2.65,2.06
632c2d4ed12f2bdf,3.15,3.08,1.39216,1.38911
7c8701bb78cb4de8,1.55556,1.50505,2.55,2.63
760e3f292b834637,1.66667,1.57471,2.3,2.45
6b956992204ec040,2.05,1.52356,1.8,2.6
d2484d74f819d813,1.04348,1.04645,12.0,11.33
7e4b7a70838e5ba4,1.88496,2.04,1.88496,1.78125
5b731da9e4be4391,2.6,1.79365,1.54054,2.04
9217ecc287ac482d,1.41667,1.46948,3.05,2.74
80cf37627a129145,2.5,2.64,1.57143,1.50251
810c9da07970c4a6,1.33333,1.18868,3.5,4.98
b8ca1acdf3dc2f58,1.44444,1.45872,2.88,2.79
1a191251620a84ca,2.3,1.87719,1.66667,1.93458
20f316f96c9e4458,1.55556,1.39216,2.55,3.06
acc9a109b00a99e1,2.7,2.23,1.5,1.67114
cf9035f2fc2e232f,1.45455,1.34364,2.85,3.33
7bced112f3229b1b,1.5,1.40816,2.7,2.99
fd47032108b85cf0,1.90909,2.71,1.90909,1.48309
ca7fd237c16cec84,2.3,2.0,1.66667,1.82645
ce62a50e97d497f9,1.68966,1.38314,2.25,3.09
58b2fdad7af9be02,1.28571,1.19342,3.4,4.86
11318a7807cee8ca,1.23529,1.13477,4.3,6.15
6049301b4deea035,1.68966,1.5814,2.25,2.43
83c81018bb3aeebf,2.35,2.42,1.64516,1.5814
792f139c2b9fd294,2.7,2.33,1.5,1.625
d856812dc733690a,3.0,2.76,1.42553,1.46729
bdbddbc00d07dc4b,1.625,1.34722,2.4,3.3
b01e6e97d66681c5,1.71942,1.48077,2.19,2.71
bbde45b2c766bb67,2.25,2.64,1.68966,1.5
50e675146cda6e7c,1.4,1.46083,3.1,2.76
68c1b833ed8849a3,2.15,1.76923,1.74074,2.08
cef255a992ba7af3,1.57143,1.76923,2.5,2.08
5de3a1bbcf705b58,2.4,2.23,1.625,1.67114
119559fd8124fee3,1.625,1.54054,2.4,2.54
8b2b2562884821a7,2.5,2.15,1.57143,1.71942
6e559181bfbc77e1,2.45,3.03,1.58824,1.38911
1bc662949337a8c4,1.32258,1.27855,3.6,3.8
11e83902f5b8ff63,2.4,2.82,1.625,1.44843
4e6218b6b892b017,1.55556,1.4717,2.55,2.72
5095f6290670009d,1.90909,1.58824,1.90909,2.42
20cefe64f4b28be8,1.28571,1.30303,3.85,4.18
2c7c7648e847f2e5,3.2,3.02,1.38462,1.40323
9a92d376fba2379d,1.57143,1.86207,2.5,2.02
1378fc2be3819b2b,1.32258,1.30769,3.6,3.54
5b5d7f7ae712c6d8,2.5,3.26,1.57143,1.35714
8b5c760f34daafe0,1.36364,1.14451,3.35,5.84
897d9e21c59d0633,1.41667,1.37175,3.05,3.16
e8a5e53ffd33c0f9,2.5,3.15,1.57143,1.37879
3a3ac7b3987f6799,1.5,1.41494,2.7,2.98
6017351e164dbca3,1.57143,1.88496,2.5,1.92593
a45d4327bc82bc28,1.64516,1.53191,2.35,2.56
173d576e6247a88a,1.83333,1.84034,2.0,1.98039
992e84bf59837e21,2.1,1.5,1.71429,2.66
9b8a82276f06829f,1.52632,1.80645,2.65,2.03
e8c57c6259193466,1.22222,1.15504,4.5,5.57
e4d946470fd150fe,1.90909,1.64516,1.90909,2.29
6a4ba72b084193b5,2.3,2.04,1.66667,1.78125
7cf7960c6ccb5fa1,6.25,7.38,1.14286,1.09901
caeeb398f73d213a,1.55556,1.33445,2.5,3.43
7a1abc0230af730c,2.9,3.15,1.4,1.37879
8741e6a3a5a22a7f,1.54054,1.6993,2.55,2.2
c63d8062c89c4c33,2.95,3.7,1.39216,1.29326
b1b20c686dfe3204,2.45,2.29,1.57143,1.65789
a8067e65eb737a09,1.28571,1.18416,3.6,5.0
98094a500529d442,1.54054,1.47847,2.55,2.72
983fab4080743ed0,1.40816,1.46296,2.85,2.77
a26ca06cce403ce2,1.125,1.07215,6.0,9.23
1b0d5e65fdfc62cf,1.57143,1.60606,2.4,2.37
38901948cff43ff9,2.5,2.72,1.57143,1.47619
6b5c225814a924ed,1.66667,1.49751,2.25,2.66
755202fce24b8f83,1.32258,1.19455,3.6,4.81
c501576b8ec35758,1.64516,1.82645,2.35,2.0
b0f4c7788782e26e,1.4717,1.33557,2.82,3.39
dae2484418631ff5,1.35088,1.2193,3.45,4.44
838a022ca5d99cc1,1.30769,1.45249,3.75,2.8
f2ced83baf0457fc,1.625,2.83,2.4,1.44643
3387f430abb7e39f,1.28169,1.23641,3.9,4.22
14e689e60419d469,2.5,2.34,1.57143,1.61728
6ca856d1950d8f7f,3.1,3.01,1.4,1.40323
81fda78adcaedbc7,1.8,2.12,2.05,1.72993
acfcf75f0215b7ab,2.35,1.83333,1.64516,1.9901
288f7fb936c1523c,2.1,2.9,1.72464,1.42373
962e74250884e4c1,1.4,1.46729,2.75,2.74
f5a6acc99bc5c634,1.125,1.07179,6.0,8.96
fe370c518cf7873e,1.47619,1.54054,2.7,2.53
dffc65202afb881d,2.63,2.59,1.44444,1.52083
bd2e14ee959f9b77,1.8,1.72464,1.95238,2.14
6d4b6224f26572f9,2.8,2.53,1.47619,1.54945
a0a120c50d93f70a,2.3,2.03,1.66667,1.8
7c5fc3fc7be4a997,2.2,2.45,1.71429,1.57143
4f6e7159e77d4215,1.41667,1.17857,3.05,5.03
559031e51ced0b53,1.4,1.44444,3.1,3.36
b09f8cd4cbd7ba56,1.66667,1.56818,2.3,2.46
c20e6697335c3b3d,1.33333,1.20833,3.5,4.59
74c58b9d638c5eaa,1.38462,1.15848,3.2,5.43
0987b3f785e26d1c,1.625,2.16,2.4,1.72464
eac46cfead228e11,1.64516,2.17,2.35,1.70423
0daf776bd222daad,2.8,2.96,1.47619,1.41494
11cc331fa40ede63,1.64516,1.46083,2.35,2.78
efd7efba85092c6f,3.5,3.75,1.33333,1.28571
833d67f423315d18,1.38462,1.45045,3.2,2.81
d19e010f071a4b45,1.57143,1.64516,2.5,2.28
38b6ef176439c39b,2.7,3.54,1.5,1.31056
5f31f3e32669f5b9,4.0,3.81,1.27397,1.27548
b96c8fef6c9f92db,1.5,1.31847,2.7,3.48
8986373b4a6e90b6,2.2,2.57,1.71429,1.5291
f858f91453555291,1.38462,1.26954,3.2,3.84
0823f97be9c3a62e,2.85,4.06,1.45455,1.25575
7f9a331bc3100afd,1.4,1.34483,3.1,3.33
e05a18b6ce22fa1f,1.58824,1.74074,2.45,2.11
7208e40818401e88,4.85,3.95,1.2,1.5
5727d5be8c373346,1.54054,1.9901,2.6,1.86957
60de0423ae6ed097,1.25,1.22422,4.0,4.52
30cdb851f6c63444,1.25,1.21978,4.3,5.25
9a9b30b3165b62e4,1.14286,1.20661,6.0,4.69
00e8d4b961a65d21,1.33333,1.28169,3.5,3.85
127ba4a1ccb3d4a6,1.44444,1.79365,2.9,2.25
fd56a469e4589ebc,1.52083,1.29326,2.67,3.68
8f9896e60047007f,1.5848,1.76336,2.46,2.09
508e622130b0a84d,1.4,1.46296,3.1,2.76
5b97f47cdd355cbe,4.85,4.18,1.2,1.24213
6e78d874097a3d22,1.28571,1.12315,3.85,6.48
346e3897c2ead99a,1.4,1.39526,3.1,3.01
5ee11b727e89e8ad,1.64516,1.49751,2.35,2.64
43e26b46cbb51985,1.22222,1.14409,4.5,5.93
562d916f55918901,1.4,1.24938,3.1,4.08
4e58bcc0d27042fd,2.05,3.2,1.8,1.36765
3ee578ddd071ad4c,1.45455,1.65789,2.85,2.26
3b9f50f07d9a1601,2.3,3.12,1.66667,1.37313
90187edeeda7e6d6,1.33333,1.10121,3.5,7.41
8817bd21b6d0a989,1.25,1.1006,4.0,7.61
bfd17ed83ec5b598,2.45,1.41152,1.58824,2.95
bbe0f3653de9f6a8,1.54054,2.08,2.6,1.78125
216bc9b661485017,1.5,1.1938,2.7,4.82
423f32dd018ac218,1.33333,1.16447,3.5,5.37
f74e4afdf6ae29d1,1.4,1.16502,3.1,5.49
a23d84f15207e459,3.5,2.81,1.33333,1.47619
00959e29e4a10e26,1.28571,1.32787,3.85,3.5
c1c9dfd0c0952f18,1.5,1.16026,2.7,7.44
34d5ec676fb5bce3,1.4,1.9434,3.1,1.90909
7e8749cbf32ef1f8,1.95238,1.70922,1.86957,2.2
f6d09973de0f83e7,1.54054,1.5,2.6,2.75
3bc0190fb17ba42f,1.33333,1.24938,3.5,4.18
224dce2c0b03e7eb,1.5,1.23095,2.7,5.51
3f719885c9916e06,2.65,2.44,1.52632,5.21
370ff29489150560,1.4,1.68027,3.1,2.25
1330b5c21269fe92,2.8,2.68,1.47619,1.4878
36d12b31957e94db,1.66667,1.31447,2.3,3.49
81f3d28d30d17378,4.5,4.1,1.19231,1.2445
7df505d8260ba680,1.45455,1.33003,2.85,3.39
15068d7b095ca9bd,1.43478,1.21231,2.95,4.52
3b76a00f5d0400eb,1.25,1.11962,4.0,6.82
45ec0c5f19c9adbe,1.18182,1.1297,5.2,6.45
c40b934d2666e351,1.77519,1.53763,2.09,2.54
25ab195cefbce1d0,1.2,1.15674,4.85,5.58
6154ee95d3f4fc32,1.47619,1.41494,2.8,2.96
44d58943ac8e47e1,2.3,2.2,1.66667,1.6993
581292ffe5b09344,1.22222,1.11161,4.5,7.03
c6a85b67fdd2ef3d,1.25,1.40486,4.0,2.98
701c97405da76603,1.41667,1.42194,3.05,4.37
4eff5a845db17572,1.30769,1.25445,3.75,9.16
f2abca7379982d4f,1.39216,1.27397,3.15,3.89
52ddf20a10890b41,1.33333,1.18416,3.5,8.04
c64c6ba6eb1e1d06,2.25,1.4329,1.68966,6.26
3bd159c1bed14700,1.58824,2.03,2.45,2.14
f2eb569176e46edf,3.1,2.29,1.4,1.98039
410e6b9e01660b35,1.125,1.08224,6.5,11.16
e05155c1b5c2dc74,1.5,1.9434,2.7,1.87719
307ea95ad7ebe466,1.35714,1.13333,3.4,6.55
7503d5c892f238fb,2.3,2.57,1.66667,1.53476
d439374c1fc95581,1.66667,1.5618,2.3,2.48
4965d8eab468b839,2.36,2.74,1.61728,1.4717
ebefe958473b3843,1.36364,1.42017,3.35,2.95
74b8a36293758342,1.95238,2.48,1.86957,1.5618
4dd2bcd2b025204e,1.83333,1.47393,2.0,2.75
a5d2f0fed3ce2899,1.90909,2.08,1.90909,1.76923
9f3326195672c2b9,2.5,1.76923,1.57143,2.09
b1af3bd0f8266a90,1.74074,1.60241,2.15,2.39
23a604f460289271,2.36,2.19,1.57471,1.6993
da1b37edb8ccd3e6,1.8,1.4717,1.95238,2.73
bf647be41de365e4,1.5,1.4902,2.5,2.68
6e1bf1b163b3aeab,1.8,1.69444,1.95238,2.19
b78545b32a97ac44,1.44444,1.55866,2.63,2.43
b3c7a5a97978d156,2.63,2.37,1.44444,1.59524
1496969c1497dc85,4.0,5.28,1.22222,1.1634
49ede01b061cfae3,1.66667,1.7874,2.1,2.04
0732e6b6eb0a607d,2.5,3.03,1.5,1.3937
be69cbf1f1671c8e,1.5,1.4717,2.7,2.74
6c60e58f8e9e7a4c,1.33333,1.41494,3.5,3.0
bba6cc8760da34ab,1.44444,1.23697,2.9,4.38
cd63b4144a45b611,2.7,2.79,1.5,1.46296
c58b3223b5caa18a,2.6,2.83,1.54054,1.45249
a103b30f6898de7e,2.3,1.4329,1.66667,2.86
04e1ff7aeda2a018,1.86957,2.28,1.95238,1.66225
81cbb709dedc914d,1.625,1.55249,2.4,2.52
a652918360fe9a72,1.2,1.12121,4.85,6.57
478bc7d1288e043e,1.8,1.65359,2.05,2.3
fb3f5a65da9f2ac7,2.4,2.02,1.625,1.80645
4eaf54ad3c82b6fa,1.5,1.51282,2.7,2.61
5098d052525da54f,1.66667,1.55249,2.1,2.48
1c29c53ff032c5c1,1.36364,1.45872,3.15,2.77
0d41a3fa5efef91b,1.36364,1.28011,3.0,3.75
1b9a127f9dadaad9,1.62893,1.5814,2.28,2.41
1be27d95bba03f17,1.53191,1.64103,2.4,2.28
e3a5a7ede88a2555,1.95238,2.09,1.8,1.75758
ac73c6888ee9322c,1.4,1.25773,2.75,3.99
2a48d0a98c21e736,1.28571,1.25641,3.4,3.96
d7ae0993c7a378ee,2.75,1.82645,1.4878,1.9901
7be3e513a31f6570,1.52632,1.52632,2.65,2.58
e2f4cd4a9a579488,1.40816,1.39063,2.94,3.04
913d8a35095591d5,1.5,1.5618,2.7,2.48
4d0029ad31bdd85a,1.90909,1.47619,1.90909,2.73
84f60cb00b8d4187,2.55,1.44643,1.55556,2.82
5459c3bb88d031f9,1.8,1.73529,2.05,2.12
c98f62eb74e69bcb,1.72464,1.79365,2.1,2.03
ad7bd4b3ee923498,4.9,4.56,1.16949,1.20921
dfc62aa72446e4a8,2.5,1.74627,1.57143,2.1
72bb7605e340a8fe,1.43478,2.25,2.95,1.65789
99808befeece3a8a,1.95238,2.07,1.86957,1.77519
96704d7ba3a452d9,1.14205,1.13351,6.0,6.19
c53b0f678fe2f16a,2.1,2.08,1.72464,1.76336
dd617f6ab4916ec4,1.55556,1.40161,2.5,3.02
de89bea7b0dcd2d3,1.16611,1.10482,5.5,7.17
5531317352862978,1.70423,1.625,2.2,2.32
f7bc845ce74f5fe7,1.8,1.64103,2.0,2.28
48231fbd1af53674,1.57143,1.60606,2.5,2.36
293c5f4c9aca5c54,1.8,1.7874,2.0,2.04
da6b863cf684e0ae,2.88,3.69,1.44444,1.2924
977250a28d3b8a3f,2.25,2.2,1.66667,1.68966
23865dfc8361ac62,1.1,1.17794,7.0,5.13
b65b37c0e00074d9,1.4,1.63291,3.0,2.31
a8bc6e005077bb0b,1.4,1.30769,3.1,3.58
a6b328733d610e2b,2.5,2.67,1.57143,1.5
36f38c2534ef646b,2.7,3.33,1.5,1.34722
2b11aa4b90b1dd41,2.4,1.71942,1.625,2.15
044d210d7b1eb519,1.5,1.32573,2.7,3.45
b530bb13aac1e48b,1.25,1.10661,4.0,7.14
eda397c27787afa4,1.30303,1.15456,3.7,5.76
4adef20ce69217be,1.5,1.33003,2.7,3.43
b5274277ef6707c9,1.47619,1.50251,2.8,2.66
a274ed04c36d40d4,1.76923,2.01,2.1,1.84746
1f5f59924b59408b,2.2,3.08,1.71429,1.39063
3c98739eb42f96bf,1.36364,1.19881,3.35,4.72
c57c8e22a3e8dde2,1.95238,1.79365,1.86957,2.05
029a12d36a4687e1,1.33333,1.40323,3.5,3.0
28bd070f7ab0a0b9,1.2,1.09381,4.75,7.52
3f38100fd8dae286,1.55556,1.83333,2.55,1.9901
21f79cd40513d075,3.1,2.77,1.4,1.46083
a457331c27bce6d5,1.90909,1.625,1.90909,2.34
8cc43d79b61efc25,1.68966,1.96154,2.25,1.86207
24a9fc95a3112f51,1.71429,1.5291,2.2,2.57
2c73bf152247f25a,3.5,2.89,1.33333,1.43103
5c7c38dece435cde,1.28571,1.2849,3.85,3.88
eb6d9fef6c374830,1.57143,1.79365,2.5,7.52
cfc884a249141cba,1.11111,1.13928,7.0,5.93
afec383a96893ec5,1.4,1.47619,3.1,6.12
2afaa97901d5587c,2.3,2.62,1.66667,7.89
a564219e7a964aa6,2.35,1.83333,1.64516,2.04
1cb0711cd49dd95e,1.25,1.37313,4.3,6.87
46181797eb543a0b,1.33333,1.44248,3.5,4.3
edff38661bf2866b,1.16667,1.0878,5.5,8.4
00bde62cac38e5e9,1.90909,1.77519,1.90909,2.07
827c64369b374989,2.7,2.06,1.51282,1.6993
7ac4ae301ed699ab,1.66667,1.37736,2.3,3.4
610a640a0cd81ce5,1.4878,1.5814,2.75,2.48
5f5b626e67529056,1.32258,1.13175,3.6,6.36
b2218930b982d9b6,1.55556,1.33784,2.55,3.34
870d374f8d9af65a,1.28571,1.44444,3.85,2.82
8ed609d80e135d94,1.47619,1.49751,2.8,2.64
00ee51bba08b7a08,2.55,2.85,1.55556,1.44248
5e6a74db89f5410c,1.52632,1.3937,2.65,3.04
c49485cedb878cf0,4.3,3.69,1.25,1.28986
443f30a4a856584a,1.625,1.48309,2.4,2.71
f5564a9eeebd4ea0,1.16667,1.05647,5.5,10.5
46f81d5ecd974c1c,1.25,1.33113,4.3,3.41
6f0231915cc28507,1.5,1.68027,2.7,2.22
335064c3380e2f10,1.64516,1.76923,2.35,2.08
9027e156c6f1988a,2.6,1.44444,1.54054,2.84
03377f7bf8a2d5ff,2.45,2.06,1.58824,1.78125
2aef1a91d26dde42,2.35,2.87,1.64516,1.4386
766b0b26c40525de,1.66667,1.82645,2.3,2.0
a815dafc89adf33b,1.44444,1.32154,2.9,3.45
546f971f9d8e0a33,1.22222,1.16502,4.5,5.3
434abaea90ccd299,2.7,2.01,1.5,1.81967
c547b3e95bcc5f24,1.25,1.17483,4.3,5.14
0f9e7d0d04e24b74,1.5,1.26954,2.5,3.87
85e94a6c071fd9fa,1.90909,2.12,1.90909,1.72993
9a0ecee6e8ca173f,2.7,2.55,1.5,1.53191
6102e7a6dcbc62f0,1.2,1.09625,4.75,7.65
f9f5071b993a5f4b,1.28571,1.31847,3.85,3.43
e32dc26b11d1f81d,1.90909,2.29,1.90909,1.64103
a76e14495e61cf19,1.57143,1.55249,2.5,2.5
fa96d6252579b51e,2.75,3.56,1.5,1.30303
689384b01b40ef5c,3.85,3.8,1.28571,1.27624
08d4e3864c44f8a5,2.4,1.74074,1.625,2.11
1c50e43770ba84fc,2.1,1.8,1.76923,2.02
dbf1ee1a1912c735,1.23529,1.1443,4.55,5.93
a997593977ba8cad,1.90909,1.55866,1.90909,2.47
796e1151896195aa,1.33333,1.13643,3.5,6.18
747d922b329b7f30,1.66667,1.74074,2.3,2.12
b0f68344e01884ff,2.55,2.24,1.55556,1.66667
767b78b67c7da17c,3.05,2.28,1.41667,1.64935
71c8ca7442bcb757,1.57143,1.56497,2.5,2.45
f41c2c82d5117230,1.33333,1.30675,3.5,3.55
f063bcccbbb9edc5,1.28571,1.37175,3.85,3.16
58f6248da3cdf3ce,2.55,1.90909,1.55556,1.90909
c245be6698c1e378,1.38462,1.27548,3.2,3.83
760150e9951e65fa,1.66667,1.60976,2.1,2.36
32927d50acedb507,1.2,1.26738,4.85,3.95
e6031b5937294176,1.5,1.54054,2.7,2.52
7add5901fac6ab82,1.32258,1.4717,3.3,2.72
4e224ebb6394611d,1.33333,1.60606,3.5,2.37
f7e9bd2d6f81aeae,1.4,1.21505,3.1,4.53
b23fa678cc65cf5b,1.5,1.75188,2.7,2.09
20971ed9a842b0cb,2.7,1.8547,1.5,1.96154
ac4343150638b635,1.71429,2.36,2.2,1.60976
e3d657dd88864ba7,1.54054,2.17,2.6,1.70423
c6d56aad93f98249,2.8,2.57,1.47619,1.52632
80eae31bc0a94a65,1.33333,1.45045,3.5,2.8
87dcb3eab20f6ac1,1.33333,1.22831,3.5,4.31
9126633d921afb57,1.5,1.54348,2.7,2.52
238c274c90587e21,1.33333,1.53763,3.5,2.52
84b66bf7fba2d59d,1.2,1.38023,4.85,3.11
a5a81a39ccf9b680,1.33333,1.38462,3.5,3.08
24bb03f0a3415fbe,1.4,1.26178,3.1,3.95
d000cb692343cdcd,2.7,1.45455,1.5,2.78
93ca562453f65b8d,2.3,1.62893,1.66667,2.32
47149f3187661509,1.5,1.79365,2.7,2.04
fc4ab243d21b795d,1.5,1.55556,2.7,2.48
0fca825e14429c1f,1.2,1.18762,4.75,4.9
225e93ebed9b71b8,1.14286,1.41667,6.25,2.94
a2523a8565fe4361,1.28571,1.44843,3.85,2.81
ceb5b0f1f6daddf6,1.66667,1.73529,2.3,2.12
71170fb7ade3e1f4,4.0,2.88,1.25,1.43478
fb4b1754d510b0d0,1.71429,1.72464,2.2,2.14
dbbf8334a2600895,1.45455,1.27397,2.85,3.83
a5c5f76cf0a7c784,4.3,2.43,1.25,1.57143
2a26c0cfa06265b7,1.25,1.32258,4.3,3.46
6cca11f353a2b42d,1.58824,1.61728,2.45,2.35
f964d2dda87f25f0,1.2,1.11455,4.85,6.8
abefaf1807941ee4,1.30769,1.37175,3.75,3.17
cc5c5a8cff4c1ae9,1.66667,1.66225,2.3,2.24
f594fc5c2bc6237e,1.2,1.19011,4.75,4.89
3b7b771b9578383d,1.4,1.4065,3.1,2.98
8bee5192baec71d8,1.38462,1.21786,3.2,4.49
e0acd0cf4930671b,1.5,1.33003,2.7,3.38
db7694f4513120d5,2.7,3.58,1.5,1.30581
fc9168fd102e2e66,1.66667,1.54054,2.3,2.53
f26c0bdf7689aea2,1.4,1.2079,3.1,4.6
2c330a6f7f1e55f0,1.41667,1.46512,3.05,2.76
f44b4e998b6829f6,1.4,1.369,3.1,3.16
c769dd861357af9f,1.5,1.34722,2.7,3.29
cff81d681a01ae18,2.6,1.74627,1.54054,2.12
8cab057e6549afd0,1.2,1.12887,4.75,6.63
32d371462c539bee,1.5,1.48544,2.7,2.7
244285b7fd0ddece,1.71429,1.67568,2.2,2.22
d69bd8e53ec858dc,2.5,2.06,1.57143,2.79
ad487d1c6141d90a,1.07143,1.11723,9.5,7.7
721642e7de112e9e,1.64516,1.66225,2.35,7.68
fef80c98b2fba70c,2.85,1.67114,1.46512,5.72
c27bec45d5a29a2c,1.2,1.13298,4.85,6.56
7924f10aac3543de,1.33333,1.35842,3.5,8.47
0760bc02280574dd,1.90909,1.88496,1.90909,2.29
af2a9d47ca8115e4,1.22222,1.21008,4.5,6.17
9c9c26679701b84d,2.45,2.77,1.58824,1.73529
74bb036ef0493bf7,1.90909,1.68493,1.90909,2.22
e284a194fb4648a9,7.25,5.3,1.11765,1.74074
caf13346cbcfdb03,2.15,1.81301,1.74074,2.13
a5a749aa0061fdb4,1.52632,1.69444,2.65,2.21
f524e42c36028de0,1.64516,1.98039,2.35,7.37
cb745968bd16bf56,2.7,2.56,1.5,2.07
f5aff2f858311fbc,2.5,1.63291,1.57143,9.26
84951374e4cdc679,2.3,1.87719,1.66667,3.94
348de8e364ecf041,2.86,2.52,1.45249,1.81301
67f24cf244134661,3.5,3.48,1.33333,2.43
7e551ddb1494a45f,1.90909,2.2,1.90909,1.7874
ef1cd6371a3f18e0,1.66667,1.53476,2.3,2.54
dcfd594b68ff5ae1,1.25,1.1938,4.3,10.46
d421f3cd158fd055,4.3,4.94,1.25,2.48
c7fb90f1355291e4,1.25,1.17301,4.3,10.6
2e7f8d0ad385876d,1.90909,1.65789,1.90909,3.29
0df4f4ac27cf2d26,2.7,2.98,1.5,1.40984
e4aa608124896794,1.66667,1.71429,2.3,4.12
fc1266e2892ed111,1.90909,2.3,1.90909,1.72993
ecb7ff543dd41bf8,3.5,2.8,1.33333,1.76336
57bd683efc797fc1,1.4,1.3096,3.1,3.61
a6ec8573a9d38c51,1.5,1.76923,2.7,2.17
ec32745308e2b055,1.66667,1.79365,2.3,2.05
6242cda790f2085d,1.33333,1.5848,3.5,2.43
5f7111b982bcf6e3,2.4,2.16,1.625,1.90909
48cb604345f11766,2.4,2.19,1.625,1.76923
b98ead4eff6bf872,1.37037,1.4878,3.3,3.09
b482d4452e4d0eee,2.1,1.50761,1.76923,6.04
39417b7d07c2fd83,1.44444,1.3663,2.9,3.43
5c69b019e6deee41,1.74074,1.86207,2.15,7.46
419fff06f338f5c6,1.28571,1.47393,3.85,4.21
58ffa2dac4f2e7d0,2.6,3.33,1.54054,2.31
c47796e11a801e12,1.4,1.71429,3.1,5.67
bfe4950b3de83e9c,3.2,1.22989,1.38462,4.38
5d2eedd05081ed23,1.18182,1.22727,5.0,4.43
90940d93d6e0998f,1.22222,1.20161,4.5,6.76
20d74ed23d3e9b3a,1.90909,1.86957,1.90909,2.18
98e77712f99956ff,1.90909,1.70922,1.90909,2.26
44cfbb8c3c356c65,1.25,1.59172,4.3,2.43
a6b211d8dab5edec,1.11111,1.3268,7.0,4.77
b0474597b2c60482,1.33333,1.25974,3.5,9.11
afc021700481ac4e,1.28571,1.25907,3.75,4.66
aaec28fa3c0c576d,1.58824,1.42918,2.45,3.11
e4849375d1949c74,1.2,1.21413,4.85,5.11
571a3eabff5c7ba7,1.44444,1.35587,2.9,3.26
17d31249c9ab18af,5.5,5.47,1.16667,2.19
c0980a613f24accd,1.16667,1.18868,5.5,5.71
3b4803afa824fea3,3.1,2.2,1.4,2.33
6658fe4531c86674,1.39216,1.26455,3.15,3.97
b23a1a5d35eb438a,2.0,1.81967,1.83333,7.49
9efa4de316b8bf43,1.58824,1.39841,2.45,4.59
33afdd7ad43a2756,1.36364,1.76336,3.35,2.27
4b67a1875390e7ad,1.57143,1.42017,2.5,2.92
ace166f26c2ac2e8,2.45,2.59,1.58824,1.52356
6b4c2cc27855506a,1.57143,1.3876,2.5,3.09
0730c4e6fb247fa1,1.28571,1.24938,3.85,4.03
0489b42ac0ab6d4b,2.15,2.18,1.74074,1.68027
208c5dc52ccfd47a,1.42553,1.30769,3.0,3.52
d33814971932422a,2.6,3.13,1.54054,1.38168
7d0d2cecab358ba1,1.43478,1.29674,2.95,3.63
a73e33dfce8fcfd8,1.35714,1.39526,3.4,3.06
1aedd959f1523a27,1.18182,1.09542,5.2,7.75
330506571d2778b1,1.4,1.53476,3.1,2.55
63f6af6d5f7b82ad,2.3,2.57,1.66667,1.53191
ecc56a86a1eead9d,1.58824,1.73529,2.45,2.13
8c9ff13791378784,1.8,2.01,2.05,1.81301
ad59e2de1ab5c8d2,1.66667,2.07,2.3,1.77519
6c79db79da9ae874,3.2,3.44,1.38462,1.32468
9fab4b0ad082f670,2.47,1.49505,1.5814,4.31
85c7a0f44aa3e10a,2.3,1.62893,1.66667,2.28
bae4de7ef8c0769e,1.55556,1.63291,2.55,3.86
0b6c13ab8ad7f82b,3.2,2.34,1.38462,7.19
552f7cdaf93e1055,2.3,1.64935,1.66667,2.33
32087c183dffcae0,2.85,2.83,1.45455,1.42918
32054bf2b36b0e47,1.29851,1.34483,3.75,3.44
b5299e5b946015e5,1.66667,1.63694,2.3,2.39
5a209522211d7530,1.4,1.27548,3.1,4.2
e644218737c1a778,2.25,2.35,1.68966,1.62112
a661c0bee7c8d5af,2.3,1.56497,1.66667,4.37
678440bd8274a18e,1.28571,1.2611,3.85,4.04
57dca2ebe96ed622,1.64516,1.55556,2.25,2.68
d7f9a09021a9a13c,2.8,3.6,1.41667,1.34483
47245dd345d9ef7e,1.54054,1.54054,2.55,2.6
41e9da89f349b2bc,1.37037,1.32787,3.1,3.75
c99370e3e54bd5fd,1.76923,2.3,2.0,1.71429
0e05f54d8b66f317,1.26667,1.26667,3.85,3.85
24e14c4824144c64,1.83333,1.625,1.90909,2.3
78b928a602a81971,1.41667,1.28986,2.8,3.85
9d2c9d2249d4fe50,1.26316,1.21277,3.9,5.15
0949caefc6735f9b,1.60606,1.52632,2.35,2.58
f92e8d6c96306013,1.25,1.30769,4.1,3.95
83a7cc0b0de904b9,1.30769,1.36364,3.5,3.5
b091e021e61f1950,3.15,4.75,1.36364,1.2381
2bf24d9c33bb4d49,1.74074,1.6135,2.05,2.53
5e52b0bf9719f0ae,2.6,2.73,1.51282,1.53191
fb9b03644f559604,1.76923,2.05,2.0,1.8
840863604b38a33f,1.76923,1.86957,2.0,1.95238
1fc065e1d3243594,1.26316,1.29851,3.9,3.75
20628fd4e19a97e4,1.51282,1.5,2.6,2.7
adddc6e46da5ca19,1.38462,1.37037,3.0,3.3
1a21263dc5d866b6,4.65,7.25,1.19802,1.10526
ca93e3f69fa3d725,2.2,2.0,1.66667,1.90909
241a722f3b042c59,1.625,1.5,2.3,2.7
b4d624bdc27dff83,3.4,3.05,1.33333,1.44444
aefca2869c87eb11,1.625,1.71429,2.3,2.3
0ea087a71863184d,1.64516,1.47619,2.25,2.75
46a7cb6937144ba2,1.57143,1.58824,2.45,2.5
e892b4a03304f2a4,2.95,2.8,1.39216,1.45455
3b0258eb19d66f8f,1.625,1.76923,2.3,2.1
e716f8079c60bc66,1.43478,1.20619,2.7,4.85
d0e4876ab954d27d,1.16393,1.15385,5.25,6.5
5755a68d39867abc,2.55,2.4,1.54054,1.66667
103b36a1b9d98102,1.71429,1.54054,2.1,2.6
828776734a528b62,1.37037,1.45455,3.1,2.8
3b8e793ed8151a51,1.25,1.3125,4.1,3.9
e74e3c2a96fa9c55,1.60606,1.47619,2.35,2.9
0ae251dd5c0b5304,1.36364,1.42553,3.15,2.95
2059fd17f2ff4e4a,1.44444,1.43478,2.75,2.9
4be101dd6883d9bb,1.95238,2.4,1.8,1.625
d89e004e3992c5a4,1.30769,1.30769,3.5,3.95
29c9e57b23116aa2,6.25,7.2,1.13333,1.12821
63f744d672fbb8b4,1.17857,1.14815,5.05,6.5
5a6861ca6d7fd021,1.17241,1.26316,5.15,4.4
354a92ca4fd824a1,1.68966,1.58824,2.15,2.6
e1f77d40503e5259,1.21505,1.22727,4.4,4.5
38ea5a7a5b4932cb,2.45,2.25,1.54054,1.74074
3a1d4016452477f5,1.60606,1.60606,2.35,2.45
a2e7273a95d5db4a,3.0,3.2,1.38462,1.38462
2fec2ba8ea346a3a,1.33333,1.40816,3.4,3.05
867904bc58d656df,2.4,2.4,1.58824,1.625
1572dbb2433d2201,2.55,2.75,1.54054,1.52632
bb58aad30b58b1e4,1.30769,1.4,3.5,3.3
fc2badbeebf85ebf,2.65,2.75,1.4878,1.52632
44adac5d05f7e883,2.1,1.8547,1.71429,2.07
59f77a6ecd041dff,1.19231,1.22727,4.8,4.5
e3846855a38f0bce,1.21505,1.25,4.4,4.25
189d14e4e1602c48,3.1,3.15,1.37037,1.39216
351dccf63078a20e,5.0,5.5,1.18182,1.16667
d4415f08ba3e017e,3.1,2.9,1.37037,1.43478
c795c4b7beb89bee,2.3,2.55,1.625,1.57143
3046c0d0208a65f1,2.2,1.9901,1.66667,1.91743
96f51af6a93b94c6,2.1,1.90909,1.71429,2.0
3832958c913305f0,1.25641,1.25,4.0,4.55
7f35ce1469dab556,3.1,2.95,1.34483,1.46512
094a77eecd56a27a,5.25,3.5,1.14815,1.36364
f89589236dc3cbd7,1.66667,1.51282,2.1,2.8
26025a42e011229f,1.13333,1.2,5.5,5.35
5000a0bde6213fd9,1.68966,2.3,2.15,1.66667
8ba089858a7d647b,4.6,3.55,1.18519,1.32258
6190569c372725bf,1.57143,1.5,2.45,2.7
655a110a0bd2ea42,1.4,1.27027,2.9,4.1
8c3179f0fd62af14,1.68966,2.09,2.15,1.84034
9ae6a6f0f0730fa1,2.15,2.63,1.74074,1.57803
c40fd062610d4e61,1.86957,1.92593,1.86957,1.98039
dd7920cac66bed25,1.66667,1.54054,2.1,2.7
11774c581b818e30,4.25,2.98,1.21053,1.45872
0031c043c9f14eb8,1.95238,2.18,1.74074,1.78125
72d69e969eda8679,2.7,2.68,1.43478,1.55556
e7cb3f5cb39c33e6,1.28169,1.30769,3.65,3.65
fcac56089f65d04e,2.05,2.1,1.74074,1.76923
ab7934f39038ab27,1.30769,1.39216,3.5,3.15
37e2f89510cc0bba,1.58824,1.40816,2.4,3.05
d9c61052035c9b69,1.44444,1.68966,2.75,2.35
536c26ef4da9ace7,2.8,2.75,1.41667,1.52632
07ba406a1d0a5a71,1.34483,1.32787,3.3,3.75
16cab4b91e2c8881,2.2,2.3,1.66667,1.71429
049659c5a58ebb61,3.55,2.77,1.29851,1.52083
b5608e83faac1387,1.57143,1.63291,2.35,2.48
4c5a2a3cf2bea222,1.52632,1.55556,2.5,2.68
20d28c177a7d43a4,1.68966,1.58824,2.15,2.5
6e62908d6639dcdb,2.15,2.25,1.68966,1.68966
458e6de1b9ef3500,1.38462,1.4,3.0,3.1
bb7df9a9c9a69914,1.58824,1.5,2.4,2.7
bcab3ebdc21b0b64,1.26667,1.21739,3.85,5.1
c92c53954903554a,2.1,2.16,1.71429,1.79365
3559cab3329e5431,1.83333,2.16,1.83333,1.79365
10fd87a88178aedd,1.51282,2.78,2.55,1.51813
241a307a9c3d9a21,1.30769,1.28986,3.5,4.15
951d11f8684ed734,2.3,3.5,1.58824,1.33333
57d481c10c842ba2,1.86957,2.3,1.86957,1.66667
2592954ad51764b0,1.18182,1.27027,5.0,4.1
55e12d44e9e524cf,1.51282,1.5,2.6,2.7
10e35a0667d39086,1.15152,1.11111,5.45,7.0
0072df705378477c,1.25,1.28571,4.1,3.9
3d38022fdcb3b5c9,3.75,3.48,1.27397,1.37037
f484290346cfcf73,2.0,2.3,1.76923,1.71429
bec66de67818a9b1,1.20408,1.16667,4.55,6.0
17a8fbfbe8d32258,1.54054,1.52632,2.55,2.75
dacca5ea6be14d08,1.74074,2.7,2.05,1.5
65290fc5216c2a73,2.7,2.05,1.46512,1.86957
4bb7363bb03628f6,1.25,1.47619,3.8,2.9
18cfc2f58d20c0f2,1.36364,1.43478,3.15,2.9
a5962421d687de8f,1.29851,1.3125,3.55,3.9
9443197a9e0a22a2,1.35714,1.30769,3.2,3.65
301b145c186635de,1.35714,1.47619,3.0,2.9
b2717e8f7e7a196f,2.35,1.57471,1.57143,2.64
81b5e933186a685a,2.55,2.67,1.54054,1.5618
7e3679992f2c6ff6,1.66667,1.58824,2.2,2.6
5b986cd7289a0884,1.74074,1.74074,2.05,2.25
8e2e14693e04bf45,1.60606,1.95238,2.35,1.95238
1733594124569598,1.30769,1.39216,3.5,3.35
a8b22e990cba6144,1.66667,1.45455,2.2,2.8
c22d25f1febd8d09,1.34483,1.35714,3.3,3.4
bd057764cb51f065,2.4,2.65,1.58824,1.52632
b30bb2ba5b68a180,1.86957,1.625,1.86957,2.4
ab341b7bb01cdc89,1.35714,1.47619,3.0,2.9
9984333d8933dd58,2.7,2.6,1.43478,1.58824
a829493aa8d25e3c,4.3,5.2,1.22222,1.21053
00ecb8ea731e64d6,1.55556,1.5618,2.4,2.67
5014298453caf116,1.8,1.64516,1.95238,2.35
2037295b161c8269,1.54054,1.60606,2.55,2.45
62d4a918256c83e8,1.47619,1.47619,2.75,2.75
676f5091ce2c3c90,1.52632,1.54054,2.65,2.6
8c8d46d89bf899e8,1.41667,1.41667,3.0,3.0
8f301d4eb8e97449,2.5,2.55,1.52632,1.60606
1a0b90c661fd603e,1.27397,1.58824,3.75,2.6
ec618a1214d4b171,1.66667,1.57803,2.2,2.63
635763ab6b5f0bf0,2.5,2.3,1.52632,1.71429
95ca100d6bf829b2,1.76923,1.5,2.0,2.7
704e1351a64581ed,2.4,2.55,1.58824,1.57143
8787d56f59bfb4c3,2.8,2.25,1.41667,1.68966
46c74829fb4c2dd5,1.38462,1.4,3.0,3.1
f7e5e9fdcbff28b3,1.64516,1.68966,2.25,2.25
9c354bd6ea1bf25a,1.44444,1.44444,2.75,2.85
f817a161eb72e685,2.2,1.90909,1.66667,1.90909
fdb7377a34603e47,2.7,2.75,1.43478,1.52632
5e3f46e6f46d5a90,2.2,1.92593,1.66667,1.98039
82ad4eb50b3d7bd0,1.30769,1.37736,3.5,3.45
0a5d29e380f1e3e0,1.44444,1.45455,2.75,2.8
6a32cabbcd9b1e42,1.76923,2.05,2.0,1.86957
ebf204638524c377,1.83333,1.86957,1.90909,1.95238
68b3222e977a6a11,2.95,3.8,1.39216,1.29412
d87755257628de36,1.86957,1.95238,1.86957,1.86957
2a9755f4d43f3e2f,1.35714,1.45455,3.2,2.8
d2ce61c578e67067,1.51282,1.43478,2.6,2.9
47b690fb54f2eaf9,3.0,3.15,1.38462,1.42553
552973c278f08fbb,1.86957,1.46512,1.95238,2.95
71bcafd04decc8ce,1.15152,1.20619,5.45,5.25
8d886fba9328269c,1.54054,1.8,2.55,2.15
3e0301367e511512,1.51282,1.44444,2.6,3.05
256aacb8cb2c4289,3.25,3.3,1.35088,1.4
15cae38f1326adfb,1.625,1.76923,2.3,2.2
0ed093f6aaab94d3,2.15,2.4,1.68966,1.625
83ea3c36a6f91cb8,2.65,2.9,1.4878,1.43478
e76c3346ad9be24a,1.58824,1.5,2.4,2.7
8b87b341bcd130ee,1.18182,1.22472,5.0,4.55
e87b5c403533b057,1.21053,1.22727,4.25,4.9
ed6a02c8dcc6f922,1.38462,1.83333,2.8,2.1
77785292d4df807c,1.90909,2.4,1.76923,1.66667
f0d86420d88ca27b,1.33898,1.33333,3.35,3.7
ecc41acbd699812a,3.35,3.2,1.33898,1.41667
94a3e3df3d28d8f0,2.0,1.66667,1.76923,2.3
42a361f33cbb8d6f,1.57143,1.66667,2.45,2.3
1de579eecc094c8b,2.25,2.4,1.64516,1.625
ecc80630494d402a,1.28571,1.4,3.6,3.1
c4bbae7615545c85,2.15,2.25,1.68966,1.68966
37d988593cb5f14a,3.4,3.1,1.33333,1.4
91bb64656e13a1d4,2.05,2.37,1.74074,1.68027
075be81e3f92c2bf,2.0,2.37,1.71429,1.68027
65b4d4be2d04bb34,2.25,2.25,1.64516,1.74074
de7eec13356baebe,1.74074,1.76336,2.05,2.21
f327f8e59acfab1b,1.60606,1.72993,2.35,2.27
df42fd9af4740d24,1.44444,1.33333,2.75,3.5
e7ace0544d5ab596,2.65,2.7,1.4878,1.5
fbc7d73f7bf60b9c,1.46512,1.35714,2.7,3.4
33c8395139de7551,2.0,1.86957,1.76923,1.95238
965989097794b22b,3.0,2.85,1.38462,1.44444
b13e3620949300c5,2.95,3.5,1.39216,1.33333
87c73e2086214b5c,1.32258,1.47619,3.55,2.9
65ce293c20bd25e2,1.43478,1.35088,2.7,3.58
d2246624da1c4e38,2.1,2.18,1.66667,1.78125
ce6f4d06fe5b51f3,1.25641,1.3125,4.0,3.9
d1cda3a0c148b725,1.27778,1.35714,3.7,3.55
20aa994cd23074b9,2.45,1.95238,1.57143,1.86957
95f136c07f9834be,1.57143,1.45455,2.45,2.8
c1843fa8f113d321,1.68966,2.15,2.15,1.74074
791b8b3a475487e9,1.28571,1.41667,3.6,3.0
ae3ab5d1892153ef,1.28571,1.27397,3.6,4.05
6b7033df94818cee,1.41667,1.36364,2.8,3.35
f825e17e7a1332cd,2.4,2.7,1.58824,1.54054
0f461c4ddf70eff9,1.47619,1.34483,2.6,3.6
2dd864ec1a1a4031,3.4,4.25,1.35714,1.27778
76e6177c401f2176,1.58824,1.54054,2.5,2.7
d5e7fe1f5035505c,5.25,3.6,1.14815,1.3125
72372c31dee3cadc,1.83333,1.54054,1.83333,2.6
fec8b9760d6bb235,1.30769,1.28571,3.5,3.9
062816ff1b591bbb,2.05,2.35,1.74074,1.64516
ae07b35f2797242e,2.1,2.0,1.71429,1.83333
e4b5f0358ce7bad4,2.55,2.65,1.54054,1.52632
6ac1478baeddaae8,1.36364,3.25,3.15,1.37736
dc2a3aeac1441991,1.44444,1.46512,2.75,2.95
dd3ea525fe1898f1,1.51282,1.25,2.55,4.55
2a28ce0035468735,1.40816,1.39216,2.75,3.35
077667e3aaf314db,2.0,1.40816,1.71429,3.25
e595cb4bfc26193b,2.15,1.68966,1.64516,2.25
a8cf22bc7d05c0a1,2.55,2.3,1.51282,1.66667
42e7cc48c31d8f29,1.33333,1.38462,3.2,3.2
e1563825c36aad26,1.625,1.54054,2.2,2.6
04193f1fff93ddb1,1.33333,1.22222,3.2,4.6
376beb49aadb06d6,1.57143,1.31746,2.35,3.85
560cec2acc9b0a13,1.38462,1.47619,3.0,2.75
18b31990d1808419,1.60606,1.60606,2.35,2.45
9c3c0818f0c32768,1.19802,1.21978,4.65,5.05
f0e299c134cbac37,1.30769,1.28571,3.5,4.18
eb8e4c57d131fb46,1.60606,1.66667,2.25,2.4
12b94f0229c30ead,1.22222,1.2,4.3,5.35
6f0dc5319bf900dc,2.2,1.72993,1.625,2.27
520de85f6d492264,2.2,1.98039,1.625,1.92593
81ec228bf7af0fc1,1.3125,1.5,3.4,2.85
eb6a55ee772dd722,1.58824,1.83333,2.4,2.1
6d3655c731347f94,1.57143,1.58824,2.45,2.6
8348ff428d1687ab,1.55556,2.5,2.5,1.625
6d83de8d54f75ffc,1.74074,1.54054,2.05,2.7
5aef2af22f5f2fbd,2.25,2.15,1.64516,1.8
9cf91ae875d886df,1.38462,1.32787,3.0,3.75
7956ae951020ce8c,2.7,3.1,1.46512,1.43478
c553753c64379c39,1.86957,1.83333,1.86957,2.1
6617170d3659b175,1.90909,1.71429,1.83333,2.3
727c8004faed648d,1.71429,1.78125,2.0,2.18
b0cfaf01a155985b,2.45,2.1,1.54054,1.83333
3d1a835c15fd8cb2,2.35,2.15,1.64516,1.8
4cc8bef7c487cf9d,1.30769,1.28986,3.65,4.15
6299412d7bbfbce6,1.32258,1.23256,3.55,4.8
60be440e54760b40,1.51282,1.64516,2.6,2.45
65270a16c25b59ad,1.66667,1.6993,2.1,2.33
6dc666fd76a3b280,2.6,1.66667,1.47619,2.4
c1039954c3457fe7,1.43478,1.45455,2.7,3.0
44e24628e8eda0b1,1.86957,1.5618,1.86957,2.67
65ac65daa51720e2,1.41667,1.21053,2.8,5.2
b3a0fc0a945a31f7,1.28571,1.29851,3.6,3.75
9a18479792f990f7,2.55,2.15,1.54054,1.74074
9f69f6420f21080a,1.27027,1.25,3.8,4.25
06db48a74d81a15e,1.8,1.76923,1.95238,2.1
1878e37418f1dfcd,1.25,1.30769,3.8,3.65
29bf7862fb1c28d6,3.5,2.75,1.28571,1.47619
8f4a445ccb548f15,1.83333,1.54054,1.83333,2.7
137d7dea41cacdc6,1.38462,1.35714,3.0,3.55
be79dafe6c0b7671,1.60606,1.95238,2.35,1.95238
34c6c06ba60a9ade,3.7,6.0,1.27778,1.16667
50ebe7915d9f0cab,1.55556,2.85,2.4,1.5
d5d6ae85ebcfd160,1.64516,2.01,2.15,1.9009
a0d1be5413e301dd,1.28571,1.31746,3.6,3.85
65171ae917df102f,2.75,2.95,1.44444,1.46512
d8287db48ec356df,1.60606,1.68966,2.35,2.35
ec20620c294a49a4,1.44444,1.40816,2.75,3.05
29a1ed2c88c34fe0,2.8,2.6,1.41667,1.58824
68ac97071275099f,1.22222,1.26667,4.3,4.35
eb3093e235f048c8,1.37736,1.3125,3.25,3.9
87cc38e9d565f819,1.66667,1.70423,2.2,2.32
e516a0e035fd57f7,1.16,1.18519,5.3,5.6
c299ca1bc07857d5,1.71429,1.39216,2.0,3.35
27593cd1cda3cc2f,1.47619,1.8,2.6,2.15
48ac0e2cf3681cca,1.66667,1.66667,2.1,2.4
9468f58f8abf78df,1.41667,1.47619,2.8,2.9
de41ca23c9a13bfb,1.44444,1.60976,2.75,2.54
ba2f30fb7143a6b1,1.8,2.3,1.95238,1.71429
04df2fbb108b23c1,2.35,2.25,1.60606,1.74074
89cc8f4a69e9ea0e,1.22989,1.16667,4.25,6.0
e7da014d4dfc5bf3,1.51282,1.47619,2.6,2.9
c8fbe7ade97e2055,2.65,3.3,1.4878,1.4
fa3294fe655440dd,1.38462,1.37037,2.8,3.48
8782dca7c99717a6,2.4,3.2,1.55556,1.41667
6265ffd51a18ff21,1.47619,1.54054,2.6,2.7
15b62b191eb6dacf,1.37037,1.40816,2.9,3.25
8938fad6ec08499d,1.25,1.24096,4.1,4.7
1fb62d8192128dc1,2.1,2.7,1.71429,1.54054
7036a87673c98a13,1.28571,1.21053,3.5,5.2
7b1d63d0e3e12804,1.68966,1.64516,2.15,2.45
9d379b41d86d7c7f,1.37736,1.35714,3.05,3.55
181ce41897b37352,1.29412,1.2,3.8,5.35
fde66b153c65e25d,1.83333,1.39216,1.83333,3.35
9cb967c62498ff02,1.25,1.2381,3.8,4.75
8133b11f2b7ad634,1.2439,1.25316,4.0,4.5
cca58aece2816dd1,4.0,4.2,1.2381,1.28169
3f7c7917a57d2782,1.37736,1.29412,3.05,4.1
38591fb67eb2a6c3,1.8,1.65789,1.95238,2.42
eb5b6287ba73640d,1.58824,1.45455,2.4,3.0
8af87933e6409e24,2.1,1.52083,1.71429,2.77
d7d7c9ce3d812eca,1.6135,2.25,2.35,1.74074
8a660069ae42edc2,1.76923,1.8,2.0,2.15
63ee688385bf7c69,1.38462,1.38462,3.0,3.4
21d2958e13389511,1.4,1.28169,2.9,4.2
a369d5ca5aef8b25,2.8,5.35,1.38462,1.2
24d92c89c893db42,1.3125,1.35714,3.4,3.55
5f4284409503d874,1.35714,1.34483,3.2,3.6
9274af24eb96e4b1,1.46512,1.35714,2.7,3.55
80538f958af30aa0,1.51282,1.42553,2.6,3.15
b16534d6bb279b2a,1.30769,1.25,3.65,4.55
14b450e4ff3c5b97,2.35,2.45,1.60606,1.64516
0583a3d402bed6e4,1.95238,1.86957,1.74074,2.05
ce05150d524a1829,1.86957,2.18,1.8,1.78125
9574c1ed9ad25816,1.35714,1.47619,3.2,2.9
040f9c9b470f3e6b,1.52632,1.31746,2.5,3.85
f141416b02a31f4e,2.35,1.42553,1.57143,3.15
8aefe4de7a490de6,3.4,3.65,1.3125,1.33898
3ce9fb5e3bdee7b0,1.20619,1.26316,4.5,4.4
332432834ece3bc7,1.28571,1.2439,3.6,4.65
f19a56ecc6c150e3,2.05,2.05,1.74074,1.86957
1a28928b8d7b4c11,2.1,2.1,1.71429,1.83333
baf123a5b5fc674c,1.44444,1.51282,2.75,2.8
3fad8fd8b6e4465d,1.44444,1.44444,2.75,3.05
3ca05de15ddd658b,1.74074,1.8,2.05,2.15
30d0cab706e43838,1.27778,1.29851,3.7,4.05
92030ef8b5796b0a,1.16393,1.15152,5.25,6.4
da876a1ab4b8eb48,3.6,4.2,1.26316,1.28169
77862f580ce9bca8,1.3125,1.47619,3.4,2.9
7360ec204d4e0e10,1.43478,1.39216,2.7,3.35
e623355d7f897b92,1.90909,2.2,1.76923,1.76923
b7799cdf8a6470ea,1.74074,1.64516,1.95238,2.45
3ed2190f1d604432,1.47619,1.4878,2.6,2.88
206db35805bb83dc,1.83333,2.43,1.83333,1.65359
73fd4982ef7aae44,1.51282,1.57471,2.55,2.64
89820fae001dd151,2.15,2.0,1.64516,1.90909
f754d17d5047d536,1.25,1.30303,3.8,4.0
30c574f33700010a,1.90909,2.8,1.83333,1.45455
50ffbc85d3c50604,2.55,2.38,1.51282,1.67568
2f5ced39b8208e46,1.28571,1.25974,3.6,4.45
a117805ab030b194,1.55556,1.64516,2.5,2.45
10f54096561f587d,1.27778,1.2439,3.7,4.65
421842986f10851e,2.3,2.25,1.625,1.74074
39e7bb2a0842b8a1,1.33333,1.26667,3.4,4.35
52f77a9f9eb66ab7,1.23529,1.2439,4.2,4.65
834968d130e1f0e9,1.25,1.21053,3.8,5.2
92d0c39f0df77c7e,1.37037,1.47619,2.9,2.9
69d6d58d58cb81e3,1.60606,1.37736,2.35,3.45
dbe53d31f4c1ccf7,1.38462,2.0,2.8,1.90909
8abe79e6d300b639,3.0,5.75,1.35714,1.17857
e03ec6b24fca2386,2.65,3.35,1.46512,1.39216
fd0c847858bd346f,1.83333,2.42,1.83333,1.65789
70995170c27c4143,1.58824,1.70423,2.3,2.32
fef109b9f26585b3,1.47619,1.64516,2.6,2.45
76d18b94f580be6e,3.2,2.66,1.33333,1.56818
e094423979fc7c6a,1.35714,1.28986,3.0,4.15
d6d812269487071e,2.65,3.1,1.46512,1.43478
5c3325b7da3f7828,1.71429,1.71429,2.2,2.3
607722017a9d7e22,1.3125,1.30303,3.4,4.0
d940ffe543c4e38b,3.8,3.55,1.25,1.35714
b9508f47504ccc59,3.2,3.05,1.33333,1.44444
eeef3df8adb8acc7,2.8,2.55,1.38462,1.60606
434411f139e51760,1.38462,1.30769,2.8,3.95
68137e9ff22d426b,1.625,1.54054,2.2,2.7
972034fcd94ca83b,1.2381,1.28986,4.0,4.15
46bea6d63ffe17e4,1.37037,1.37736,2.9,3.45
2f715933d0626544,1.28571,1.46512,3.5,2.95
9afcb091777f6a83,1.3125,1.43478,3.4,3.1
50bdcb20286690ff,1.58824,1.8,2.3,2.15
c715c165cb3469d2,1.28571,1.2,3.5,5.35
b2a91be41c3233cd,4.0,5.55,1.2381,1.18868
11e7f12ecb2d1597,1.4,1.32787,3.1,3.75
7bb603674999e675,2.75,2.55,1.44444,1.60606
0be68308b5d63a47,1.58824,1.52083,2.4,2.77
977e37adadd1b8ad,1.90909,1.8,1.83333,2.15
0695d1f42b1550a2,1.74074,1.71429,2.05,2.3
f126491f024c1563,1.23529,1.18868,4.2,5.55
09a2909e1848be52,1.74074,2.75,2.05,1.52632
cee1fb8ac703f34f,1.35714,1.37037,3.2,3.48
6fbe7dffff5f5f1e,1.38462,1.46512,3.0,2.95
6bde0b88f21304d4,1.74074,1.66667,2.05,2.4
7e57d7848f9faacf,1.35714,1.45455,3.2,3.0
099a2db0470d456b,1.25,1.19417,4.1,5.45
d019250cc6d93527,1.71429,1.8,2.1,2.15
bd340a13bc3df8a1,3.4,1.29851,1.33333,4.05
6ecc59654c2f519f,1.28571,1.27397,3.6,4.28
5510b86a35c5614b,1.41667,1.65789,2.8,2.42
40c080d0f86f1f1f,1.38462,1.3125,3.0,3.9
43b494c32b7f18cb,2.05,2.2,1.74074,1.76923
7c307d98ed135d32,2.9,2.35,1.4,1.68966
9b4bff38430a01eb,1.55556,1.35088,2.4,3.58
319053a9de63ab85,2.6,3.55,1.47619,1.35714
53d2a57daaae700b,1.28571,1.28986,3.5,4.15
eac1c31f1b3d11f3,1.3125,4.65,3.4,1.2439
6bcf5381dd8de85b,1.625,1.54054,2.2,2.7
fb57dcc651894ae9,1.38462,1.32258,2.8,3.8
a196dce12754e34e,3.8,3.6,1.25,1.34483
3101c8d54df53e27,2.5,3.6,1.52632,1.34483
1b4f87d607b3964d,1.43478,1.4,2.7,3.3
9dc5b5f29d9ff028,1.2,1.19608,5.0,5.4
33a93002fef6c89d,2.2,1.95238,1.66667,1.95238
4966e9d7479c8d8d,1.26316,1.15152,3.6,6.4
41d170c5da83c8be,3.5,2.95,1.28571,1.46512
eb5cd79e00dd5cd2,3.5,5.23,1.28571,1.20833
c1c8b38d315d487b,1.51282,1.34483,2.55,3.6
a6c02fb0b18e916c,1.54054,1.33333,2.45,3.7
bf5a5b23a49fa17c,3.0,3.0,1.35714,1.45455
ad101f8850eff427,1.625,1.74074,2.2,2.25
06eb7492a27bb19a,1.38462,1.68966,2.8,2.35
2bb3a036759d79f2,1.74074,1.45455,1.95238,3.0
eaf8782e4e03139b,3.2,3.15,1.35714,1.42553
41e6ace08a2679e1,1.19231,1.21505,4.8,5.0
1a699da1b1b5ef85,1.28571,1.2584,3.5,4.35
cd2a60453f8ac133,2.0,1.5988,1.71429,2.48
9cdeb62aa9092713,3.3,5.38,1.32258,1.19048
00cf159d5e637238,1.625,1.60241,2.2,2.51
a8dc7400f270a144,1.76923,1.76923,1.90909,2.15
b187bdcc2ceba00f,3.9,3.35,1.26316,1.37453
de8e1dd07ad49c94,2.3,2.48,1.625,1.61728
3fc1ebe73920a2a7,2.4,2.7,1.58824,1.52632
8238c5f16d0b39c3,1.8,1.76923,1.95238,2.15
a6a1adfeab7f7bb7,1.46512,1.42194,2.7,3.08
d5457867cbd0caf7,1.4878,1.84034,2.65,2.04
1b80d5696c2dc640,1.8,1.71942,1.86957,2.24
0239f24134022656,1.28571,1.21053,3.5,5.05
f638f176dd1834c0,3.2,2.84,1.33333,1.4902
9232fed045b1f4f9,1.35714,1.34014,3.0,3.44
1c0bf66167c91e01,1.58824,1.64516,2.3,2.41
00c20fa576380ac8,1.625,1.54348,2.2,2.68
1bfb8faa1edd3867,1.625,1.49261,2.2,2.81
f269d25146eec937,1.35714,1.38168,3.0,3.33
83526f699d25e4e4,1.30769,1.35461,3.5,3.48
cf04a408cedb37ff,1.35088,1.34483,3.25,3.53
61cb2ca1469c83ba,1.83333,2.42,1.83333,1.64516
d1268ffa059f9d42,1.18182,1.14728,5.0,6.43
21751a3cc69e5aae,1.86957,2.0,1.86957,1.86957
64d4c58a37e1d29b,2.8,2.75,1.41667,1.51282
2f5e137118d57d0e,1.68966,1.52632,2.05,2.7
ded18af0e4eae2f7,2.35,2.44,1.57143,1.62893
0c37ff69a00c0e74,1.34483,1.33898,3.1,3.55
5c783d455daff573,1.52632,1.64516,2.5,2.4
8e7b1dfc608a2ef4,1.74074,2.68,1.95238,1.53476
50a381c1eb88dbb0,1.58824,1.61728,2.4,2.48
b6620177ac975ff2,3.0,3.83,1.35714,1.30864
66785060ebaa2387,1.43478,1.83333,2.7,2.05
3c552514bb9b5c98,1.95238,2.15,1.74074,1.76923
ccacbe6a4c31cd45,2.4,2.5,1.58824,1.60606
c330107229012260,3.9,3.88,1.26316,1.30303
ec5e9ce2be2e1586,1.64516,1.43478,2.35,3.05
93ffadd9e41af797,2.15,2.18,1.74074,1.75758
fa6775e369b9eec9,2.75,1.45045,1.47619,2.98
b616ec23516b7244,1.66667,1.58824,2.3,2.55
64fa0e558f5d1b24,2.7,3.23,1.5,1.39683
7ddf71a85fbb0e4c,1.58824,1.52083,2.3,2.73
c47cf097227cc6a0,1.43478,1.55866,2.7,2.64
7c07a71fa1882bf4,1.36364,1.29674,2.95,3.95
42f11b82d67585af,1.52632,1.60606,2.5,2.5
f0d5e2c27c9fd2c1,1.3125,1.15898,3.4,6.13
0c58b5f37bfeb65a,1.20408,1.31056,4.3,3.8
9360a34eb511a9b4,1.95238,1.63694,1.74074,2.43
4af9088a165c7751,1.28571,1.19724,3.5,5.28
19da5aa17c896a1a,1.83333,1.60606,1.83333,2.5
be6d6abb11ef8297,2.8,2.43,1.38462,1.63694
8af511cc6e6a9678,1.07692,1.12626,8.0,7.18
9890835f4c1c6b75,3.0,3.23,1.35714,1.39683
c97d0a476c2e7cb5,1.60606,1.50761,2.25,2.78
307b12b9f08a4cbf,1.35714,3.1,3.2,1.42553
304fc030ee6dd9ee,1.28571,1.28986,3.6,4.0
5af6a54d7e0f2b7f,3.0,2.2,1.35714,1.74627
147e0b1c64cb7ef0,4.0,4.73,1.2381,1.23041
3367081258d6ae12,2.6,2.43,1.47619,1.63694
aa1db19806dfd62e,1.66667,1.83333,2.1,2.05
de1124dba8c1a1b0,2.3,3.0,1.58824,1.44444
2aff05a835ed715e,2.7,2.62,1.43478,1.56497
87790788d1bb3b75,2.7,2.98,1.43478,1.44053
526ab0f38313c630,1.07692,1.1056,8.0,8.25
034ce0af4dedbfd7,1.90909,2.74,1.76923,1.51813
219610bc6e7d9196,1.83333,1.83333,1.83333,2.05
4c9cb823fd7e3e2c,1.28571,1.28011,3.5,4.1
778d3f5c4bcc2927,1.17857,1.19608,4.7,5.1
dba1add63d4bcbaa,1.34483,1.46512,3.1,2.9
eaa0355223b770dc,1.57143,1.4,2.35,3.2
297a3fe0edd6f1c5,1.625,1.76923,2.2,2.15
e3072951bb030826,2.7,2.35,1.43478,1.66667
5ab7629e07da22e6,1.37736,1.46512,2.85,2.9
d9df78e82953bfe5,2.15,2.35,1.64516,1.66667
8d12287f672cabd8,1.25,1.32787,4.1,3.65
4a29c1f671bd89cb,1.64516,1.5848,2.15,2.56
4861212df08bbf77,1.40816,1.41322,2.75,3.13
bc3323f172832a53,3.2,3.48,1.33333,1.35461
f6d8bdc3cdcf1dd8,1.33333,1.48309,3.2,2.84
a65cf6951e097273,1.71429,1.4878,2.0,2.83
72a3ec0672871ab4,1.33333,1.45045,3.2,2.98
9b6806203bc4875a,1.3125,1.43668,3.4,3.0
1f7c1c741b06a3ed,1.83333,1.76923,1.83333,2.15
467d2dc6a71e1b00,2.7,2.83,1.43478,1.4878
e843a7a6f49db3bb,1.83333,1.90909,1.83333,1.95238
30ebe705eac7b121,1.58824,1.44444,2.3,3.0
02a373f6503b3530,2.15,2.78,1.74074,1.50251
23cdc3ef525ba8e4,1.64516,2.03,2.15,1.8547
5d7a720a2e2f4749,1.625,1.53476,2.2,2.68
526790a5b3c4b5a2,2.05,2.2,1.68966,1.74627
5a65ffe3842ce2f2,2.2,1.65789,1.625,2.38
0d4927585d0480fc,2.15,2.33,1.64516,1.68027
bab948352454f302,2.7,2.4,1.43478,1.64935
ea9059fd076a2f1e,1.35714,1.21277,3.0,5.0
85f67de8e9dc5689,3.1,3.3,1.34483,1.38462
84500d5c1aba97a2,1.35714,1.28818,3.0,4.03
fc9ec3a01d0129b6,2.25,1.72464,1.60606,2.24
a551d93167533459,1.28571,1.24155,3.5,4.55
1c4e4b3358089960,1.51282,1.55556,2.55,2.65
031eac0f0f85d0bf,3.5,5.25,1.28571,1.18622
21419797f539de5e,3.5,4.73,1.28571,1.22989
171eb38b335030d3,2.1,2.61,1.66667,1.57143
40cc0ccf580a4836,1.54054,1.46512,2.45,2.9
1d43112d98de273a,1.86957,1.76923,1.86957,2.15
cd03bff050e53625,3.35,4.63,1.33898,1.23697
8bcdb1c3418fe739,1.68966,1.60606,2.15,2.5
42eba784becde9ad,1.52632,1.32258,2.58,3.7
54c842a037183f48,2.85,2.93,1.40816,1.46083
6247ad19755b71d6,2.35,2.23,1.60606,1.72993
e9e6023dbba9a8b0,1.06667,1.1056,8.0,8.25
ee43dc83049ecc8d,1.43478,1.49261,2.7,2.81
785c0e68b34ea383,1.55556,1.27778,2.4,4.14
b4db19e62f087a7f,3.5,3.83,1.30769,1.30864
db43605f10bd67b4,1.43478,1.28409,2.7,4.05
50eb4822a74a417e,1.83333,1.87719,1.83333,2.0
69f8e2ba5d1048d4,1.46512,1.54054,2.65,2.68
80769cf090fa34dd,1.28571,1.24691,3.5,4.48
2b3a1c063245e280,1.95238,2.45,1.74074,1.625
919ddc634c54ad20,1.68966,1.66667,2.05,2.35
2a8ff828e4891b82,2.25,2.33,1.60606,1.68027
69ca032aaef2e3d0,1.74074,2.33,1.95238,1.68027
e5e3c3a055df3016,1.23256,1.18692,4.1,5.33
29398b15b94c3847,1.60606,1.9434,2.25,1.93458
5adcbd20eed3795d,1.625,1.70423,2.2,2.28
79dcde3ad50f6165,2.4,2.33,1.55556,1.68027
cc6e74d0558b7340,1.35088,1.22472,3.05,4.83
7b9de06ef8c09ba6,1.43478,1.43103,2.7,3.08
b6c46c3c239e7863,1.43478,1.33333,2.7,3.5
0bd0ca01a255038c,2.0,1.7874,1.71429,2.13
9030c92a161afaf9,1.3125,1.26667,3.4,4.25
9c3db86db300119e,1.24691,1.15152,3.85,6.25
8e4650807ea06626,1.71429,2.08,2.0,1.81967
d0797451df1de80f,1.58824,1.51282,2.4,2.75
8151421edf24a821,1.13333,1.11779,6.75,7.55
1ac61e415deca2fe,1.52632,1.57143,2.5,2.6
c29850ed8d9d1073,1.33333,1.35088,3.2,3.5
04e6a26fe2a4017d,1.43478,1.42194,2.7,3.08
bb59b82bddc96cca,1.32787,1.37594,3.25,3.35
44ad16cd4e6c93d7,2.2,2.87,1.625,1.47619
fb30b2752d3dc1eb,1.16667,1.17483,5.0,5.53
6d6a1834e0d18f0c,2.0,1.8547,1.71429,2.03
523e8ca343a0becc,1.57143,1.66667,2.35,2.35
59ad5b88804afbf5,1.32258,1.52083,3.3,2.73
372a0456aa4ff6cf,2.05,2.03,1.68966,1.8547
d51757fe7dd89f2d,1.16667,1.14245,5.0,6.35
19d6c7f5263c9398,1.21739,1.21645,4.2,4.85
5f87dc7d18517d87,1.31746,1.24876,3.35,4.43
9dd931fd20d6c886,2.75,2.28,1.40816,1.68493
3f19bab8de698eb0,1.36364,1.36364,2.95,3.34
e1d33aa47b35d021,1.28571,1.33113,3.5,3.58
d236fe0f180312e3,2.6,2.4,1.47619,1.625
3333fdbe86a763fb,1.90909,2.3,1.76923,1.67114
149a0b38fa02e647,1.47619,1.32362,2.6,3.58
172dfd6cab9b627b,1.43478,1.54348,2.7,2.6
1260d0031a5e469d,3.6,3.48,1.26316,1.34247
a6ba04a54eb7e8fa,1.58824,1.56497,2.3,2.58
c8ec6fd9aa2dcc23,1.71429,1.51282,2.0,2.68
43d1693f0198a93e,2.3,2.83,1.58824,1.4717
27ff1bfeb2d50b38,2.35,1.90909,1.57143,1.92593
a4daf2f24acdcd43,2.8,3.3,1.38462,1.36765
44ca8997a3e5cda8,1.40816,1.32258,2.75,3.65
4912788e449ce79a,1.26316,1.20619,3.6,5.03
8b08b73f16ff7b3b,1.625,1.68966,2.2,2.26
63af858a04c1ad79,2.85,3.53,1.37736,1.3367
177c1956907ed687,1.66667,2.23,2.1,1.70423
5deeecb6aaa5dfd1,2.75,3.2,1.40816,1.38462
19828eb12f6d41a8,1.28571,1.28986,3.5,3.93
9a6a6716cdfadc98,2.65,3.05,1.46512,1.40984
c3601529b7a7d489,1.54054,1.55249,2.45,2.61
6453b20a65c62cfe,1.35714,1.16892,3.0,5.35
8c124a6196e39ad8,1.83333,1.95238,1.83333,1.86957
b57f68fa967fa59e,1.83333,1.63694,1.83333,2.38
701279417e0bf776,1.71429,1.64516,2.0,2.35
faca931257ad2e92,2.5,3.48,1.52632,1.34483
a7cc5dc1a5c1e643,1.22472,1.15267,4.15,6.08
86bbe429ae27d913,1.71429,1.71429,2.0,2.21
005723fb99440272,1.18692,1.16474,4.55,5.7
c5de5c3633a0bfce,1.47619,1.5988,2.6,2.43
72e1b3e1224f5314,1.19802,1.11274,4.35,7.43
a602962f1dda3205,2.9,3.73,1.37037,1.30769
4c6030fafb46330f,3.25,5.05,1.32787,1.2
af0327945c9656e0,1.71429,1.64516,2.0,2.35
1acdcfe32d975f42,1.23256,1.20877,4.1,4.93
168413032bb51ce0,1.38462,1.47847,2.8,2.83
3846db1456151f80,1.43478,1.6135,2.7,2.43
bf6857338637013b,1.14184,1.1,5.35,8.5
5f2065f737591226,1.2439,1.21645,3.9,4.88
4f8b6eecb0361290,1.38462,1.49751,2.8,2.74
fa084335b5f87627,2.2,1.89286,1.625,1.93458
aac887ea8a83d7a4,1.43478,1.55249,2.7,2.61
fef6b147d5fb90bd,1.28571,1.2,3.5,5.05
af51920a3e176995,2.0,2.78,1.71429,1.4878
4dc03e76536b85e5,1.76923,1.68027,1.90909,2.28
336670b46f343d65,1.625,1.42553,2.2,3.0
7b13fdc889028e66,1.86957,1.90909,1.8,1.90909
66a99e85803efd92,2.65,3.13,1.46512,1.40486
b4555cd5b5d2a53f,2.0,2.15,1.71429,1.74074
6ce1b33bccdfa676,2.35,3.0,1.57143,1.42553
98903717ea3dfc24,2.0,1.74074,1.71429,2.15
9cd973a0a6c1cd5c,1.40816,1.47619,2.75,2.83
0aa5be9d0e75dd42,1.14815,1.12195,5.25,7.05
1019f330bdecfc65,1.21053,1.13812,4.25,6.5
c0a5eeb0be0049bb,1.90909,2.4,1.76923,1.625
d9834a03626a3c06,2.35,2.3,1.57143,1.66667
ca2b48fd007126e0,1.38462,1.37037,2.8,3.3
0d857bd8245f9d31,2.0,2.4,1.71429,1.625
b3bb90f5a2aa0d7c,1.28571,1.23256,3.5,4.58
a95be3943ea0f691,1.35714,1.23419,3.0,4.53
d3f9262901219944,1.52632,1.66667,2.5,2.3
e37368ff2a7a71f6,2.05,2.08,1.68966,1.7874
c3b1653fb5e101e0,1.34483,1.38462,3.1,3.2
a605d4153c7dbd84,1.83333,1.68966,1.83333,2.25
5b2cc17158d77f07,2.0,1.98039,1.71429,1.8547
0bdc4e7ce6687367,1.55556,1.48309,2.5,2.8
340d5e6f22ff6ac4,1.26316,1.17513,3.6,5.45
e7cb40d82d987b9e,1.26316,1.2,3.6,5.05
ed53922429a19c99,1.95238,2.3,1.74074,1.64516
eba86a4ea6128840,1.35714,1.24272,3.0,4.4
2a5fd0e2728967a5,1.52632,1.50761,2.5,2.7
c9eb00b7efdc7559,1.46512,1.50251,2.65,2.73
fffa21388cdd78b7,1.58824,1.68027,2.3,2.28
58b7b23b46f4ccd6,1.32787,1.23697,3.25,4.5
ed9d7d85a5ae06b1,1.40816,1.64935,2.75,2.35
2443d8aa86f0070d,1.71429,1.50251,2.0,2.73
f11ca082c924464c,1.54054,1.4878,2.45,2.78
e1ccf09c055bac01,1.71429,1.64935,2.0,2.35
7ff036c99621eb1c,1.45455,1.4878,2.8,2.79
25cb0e15dfc8deb3,1.43478,1.43478,2.7,3.0
6c1fa30e1dd38c0b,2.85,4.48,1.37736,1.2381
1f5c71dd2a0672ac,1.8,1.84034,1.86957,2.0
3081e6e1bc1235a8,2.6,2.45,1.47619,1.60606
67222a0d79c83086,1.55556,1.75758,2.4,2.13
e9ed827818e8cadf,1.54054,1.55556,2.45,2.6
9bec9d2d0dd1d7f7,1.54054,1.44643,2.45,2.9
9cc0582c703637aa,1.26316,1.23529,3.6,4.52
a4d7e8241422ed41,1.32787,1.2994,3.25,3.83
d8b864e673f53ec2,1.28571,1.28818,3.5,3.95
55f4c3598797ce6f,1.24691,1.2439,3.85,4.38
2a17686c6b5f334e,2.0,2.55,1.71429,1.57143
315968a74789600a,1.09524,1.14347,6.5,6.35
a060b6b0dfe275b7,2.5,2.3,1.52632,1.67114
5e4f358e0bcc2f15,1.58824,1.40486,2.3,3.13
39be68189f2d5074,1.33333,1.23981,3.2,4.45
11706648d34ff3e8,1.47619,1.3012,2.6,3.8
b1fd21231f0604e1,2.2,2.25,1.625,1.68966
f1a9c3187855155c,1.47619,1.3367,2.6,3.53
49c0071ae52fc83a,2.1,2.18,1.66667,1.72993
a6e494c82d136172,2.3,2.3,1.58824,1.66667
27635cc4d9fcac98,1.38462,1.58824,2.8,2.5
4c9047d1c1bc1e29,1.37037,1.28986,2.9,3.93
a3b37f8ea171b962,1.16667,1.1292,5.0,6.75
651bdd9e17a58c5d,1.35088,1.23529,3.05,4.53
a851348faa460c2d,1.8,1.68027,1.86957,2.28
fe936088ec4dcb0d,2.5,2.0,1.52632,1.83333
b9be2e52d02886e2,2.5,2.13,1.52632,1.75758
b705fb146638d859,1.35714,1.5988,3.0,2.48
c145e4b6206d4c18,2.3,2.08,1.58824,1.7874
b51163f358495b41,1.47619,1.63694,2.6,2.38
131732f248cd2829,1.40816,1.4878,2.75,2.78
bc9dd73e0a982c08,1.47619,1.71429,2.6,2.2
7a91b26b3e231fff,2.25,2.28,1.60606,1.68027
654127f5b9140be2,1.14184,1.25641,5.35,4.25
b1a033020bd6d3f3,1.08889,1.12225,6.75,7.0
29657325bfc1d590,1.46512,1.33898,2.65,3.5
9988ff4d4197663b,1.60606,1.57471,2.25,2.55
ab0d6346b7938a7f,1.76923,1.75758,1.90909,2.13
36630b8c820db52b,1.54054,1.65789,2.45,2.33
faaa7340f4ede814,1.43478,1.35714,2.7,3.39
41727d51af72b1d5,1.32787,1.29412,3.25,3.73
1a8b815679bc89b8,1.47619,1.42553,2.6,3.0
dc28c6e66f333d2a,1.25,1.21277,3.8,4.92
328ae84bf2af537e,2.7,3.63,1.43478,1.31746
cdf58f62e289efec,1.38462,1.26178,3.0,4.29
ba38b96f39db78c0,1.90909,2.8,1.76923,1.49505
d4d4aded862ace46,1.47619,1.58824,2.6,2.53
427a10db0406cfba,1.60606,1.58824,2.25,2.53
2d050cb1f7d8789a,1.35714,1.19084,3.0,5.28
56b57d076f874eb0,1.66667,1.57143,2.1,2.58
99170b2f2496e479,1.58824,1.40816,2.3,3.18
639013929b61e834,1.57143,1.37736,2.35,3.35
a5f39e8ff1398269,1.31746,1.29326,3.35,3.95
364ed6aecfc8d16d,1.8,2.43,1.86957,1.63694
0175c0d2a98576f1,1.25,1.14815,3.8,6.25
8f979d206eaec468,1.71429,1.64516,2.0,2.4
543dca66a449d9d5,2.7,2.88,1.43478,1.4717
e332aec001b34f50,1.16667,1.21368,5.25,4.88
9a1d57966d8a17a4,2.5,3.15,1.52632,1.40816
9b10db4499b211b7,1.16667,1.09766,5.0,8.63
484cf23d5110ca04,1.52632,1.52083,2.5,2.7
5b0cc074c657ebd4,2.0,2.23,1.71429,1.72993
553a788a44b8e794,1.24691,1.20921,3.85,4.98
23861a2085ea34a3,1.54054,1.64516,2.45,2.4
c3455ba522bb37eb,1.95238,2.23,1.74074,1.72993
e4fcad8261083dbf,1.38462,1.27248,2.8,4.18
82f00e723ed5f6ea,1.54054,1.86957,2.45,2.0
edcb573f1462846e,4.05,7.93,1.23529,1.10493
2f6b63e8ec62e3ca,1.23529,1.12225,4.05,6.63
c3e3d5ef06a45616,1.46512,1.56818,2.65,2.59
f9a59f7c67fbce01,1.66667,1.66667,2.1,2.35
164eb9071caf3fe8,2.4,2.83,1.55556,1.48309
1789d630e31e9c77,1.58824,1.66667,2.3,2.35
002c1562708ac307,1.37736,1.31056,2.85,3.78
ee0075e188e87e86,1.26316,1.28409,3.6,4.03
4ead27d52c14697a,3.5,4.65,1.28571,1.22727
11d2b546c8533c0f,2.75,3.33,1.40816,1.38168
8d98ccae1057815e,1.60606,1.68966,2.25,2.3
933660cfab154f1a,1.23529,1.15432,4.05,6.1
de65739f00350c58,1.66667,1.86957,2.1,2.01
b72c19b80fb47ba4,1.60606,1.6135,2.25,2.49
f3ebce624bb154ae,1.71429,2.34,2.0,1.67114
db747a157e1f264b,1.58824,1.59172,2.3,2.52
7767149280471f2a,3.25,4.93,1.32787,1.21097
594ce25b9e16c7ba,1.52632,2.13,2.5,1.7874
5fe5c8cb69d8825e,2.5,2.95,1.52632,1.45045
a84d032d7d217427,2.3,2.63,1.58824,1.54945
2d7ead5ad0952423,2.0,1.66667,1.71429,2.35
357ba2f1da89031b,1.625,1.98039,2.2,1.89286
f966ed41316504b9,1.66667,1.54945,2.1,2.63
5da7d95051699adb,1.13605,1.12225,5.45,7.25
f560035058bdb18b,1.23529,1.32787,4.05,3.53
9cba1f0cdf10a8e5,2.0,2.05,1.71429,1.83333
27c34f7a7e1c4d67,1.13333,1.15432,5.5,6.1
f206143bb9347444,1.86957,2.1,1.8,1.8
2e8058fb2344ae3f,2.8,3.0,1.38462,1.44643
c576e311ea337a32,2.4,2.65,1.55556,1.54054
6445b14dbd24ac25,2.3,2.55,1.58824,1.5814
629655f9b898810d,2.0,2.69,1.71429,1.5291
e8c16b26a4bfe163,1.06667,1.08993,8.0,9.13
ae0b5ab5bc4bb6a7,1.37736,1.37037,2.85,3.4
8452ff5ae6316931,1.625,1.69444,2.2,2.29
1748b2b5aabe23a5,1.35714,1.54054,3.0,2.65
7cfb05c08ec91525,1.83333,1.89286,2.0,1.98039
bd83e4a6f216230f,2.0,1.58824,1.71429,2.48
c303b8a07d0d06d2,1.47619,1.43478,2.6,3.03
788c4bbf925cdf40,1.83333,1.65789,2.0,2.33
79c2461046e17eba,1.07018,1.06575,7.75,11.25
64eb4ae171613218,1.76923,1.72993,1.90909,2.23
6bcea00473e43a59,1.58824,1.38911,2.3,3.28
3e3db8c37096c260,1.90909,2.17,1.76923,1.76336
b1b82605646eb850,1.35714,1.4717,3.0,2.88
72656e864ca1c972,1.28571,1.1845,3.5,5.43
65f4d4f44e6e73f7,1.24691,1.29674,4.28,3.9
fceab09944a65840,1.37037,1.26667,2.9,4.23
fc45644c62643c71,2.4,3.2,1.55556,1.4
9c0721bd410e7a0e,1.52632,1.40816,2.5,3.15
a49706a6edb0c5c3,2.0,2.43,1.71429,1.63694
7099374e91f9283b,1.52632,1.47619,2.5,2.85
06854105c3503075,3.05,2.95,1.35088,1.45045
2bfb60face19904d,1.76923,1.76923,1.90909,2.15
ffd3e3d37cba32da,1.66667,1.46512,2.1,2.9
852223ee1a2d0a74,2.8,3.18,1.38462,1.40486
d1b2ce8ee57307c0,1.46512,1.47619,2.65,2.85
502d7cb01921170f,1.18018,1.13387,4.65,6.72
a90fde18a088f99b,1.60606,1.45455,2.25,2.93
432e57033ceecee0,1.64516,1.61728,2.15,2.47
2a44035824303dee,1.28571,1.23202,3.5,4.6
4cc9ef5e68009fd4,2.25,1.90909,1.60606,1.95238
03a200326e56d597,1.33333,1.23529,3.2,4.65
12eec1df1fd078a2,1.64516,1.64516,2.15,2.4
7228398a1ab12183,2.45,2.53,1.54054,1.58824
925f745c03ebd638,1.54054,1.37736,2.45,3.35
1e1a09bbedf7781d,2.9,2.53,1.37037,1.59172
9e47b2a66d0e9315,1.54054,1.44444,2.45,2.98
7a440fcd8048b091,3.1,3.13,1.4,1.41322
07f9fc40f1e6aa87,1.37037,1.3367,2.9,3.58
a788042d4d0c50d4,1.71429,1.72993,2.0,2.23
22f52e3b614e0d8a,2.9,3.08,1.37037,1.42194
44fc830a664ed611,3.0,2.95,1.42553,1.45045
93b7ae1e0f79d100,1.54054,1.32258,2.45,3.7
9b1e3d99fffb9c10,1.37037,1.21097,2.9,4.93
58112f9fc0058e68,1.35714,1.29762,3.0,3.9
7e8f4240725316a4,1.40816,1.32051,2.75,3.73
c5ae278a05b73db9,1.24691,1.10965,3.85,7.63
acc987adeab45bfc,2.3,2.28,1.58824,1.70423
60030b35e276d338,1.25974,1.21097,3.65,4.93
802eba82d2b6113e,2.4,2.8,1.55556,1.49751
2417f4130d707978,1.35714,1.44053,3.0,3.03
bf1a7590c455bc7b,2.0,1.8,1.71429,2.1
57385188587c83b9,1.58824,1.50505,2.45,2.76
f4d91498ca3f0a1f,1.66667,1.7874,2.1,2.13
b2cda211e0e72811,1.83333,1.7874,1.83333,2.13
f81cd5b3903bccf8,1.16667,1.19531,5.0,5.18
f3100979573e2895,1.19802,1.12626,4.35,7.05
cee94cd937bf64f2,2.6,3.33,1.47619,1.38168
22e7485bceb841af,2.9,1.89286,1.37037,1.98039
c0ca05832f518fef,1.57143,1.53476,2.35,2.68
b10a94377bce3e22,1.28571,1.14493,3.5,6.35
e4a9c93ff23eb5bb,1.74074,1.50761,1.95238,2.77
e0f49380b9d31de0,2.45,2.98,1.54054,1.44444
f4e490d25bd62d39,1.24691,1.27624,3.85,4.13
d52a5d085bfa569b,2.1,1.49261,1.66667,2.8
cbb4673397b5e96f,1.74074,1.53191,1.95238,2.69
776a8a645868f616,1.37037,1.32787,2.9,3.65
0a2f344e419bd4fd,2.05,2.23,1.68966,1.72993
7fa227a1c5ef2238,2.35,2.63,1.57143,1.55556
b347480405118de5,1.21053,1.14993,4.25,6.2
c699c0e56664ff11,2.45,2.93,1.54054,1.45455
fa537adfb4a7b719,1.64516,1.75758,2.15,2.18
5b0ebb843af7465e,1.47619,1.62893,2.6,2.44
6451724f8a836167,1.86957,1.55866,1.8,2.62
e083c7ae1548e08a,1.07692,1.14728,8.0,6.33
31e62d34abc3a762,1.19802,1.18182,4.35,5.23
618b581f14a37e06,1.60606,1.68027,2.25,2.33
9f4bc2063685211c,1.25974,1.41667,3.65,3.13
ffea776913451b6d,1.47619,1.42194,2.6,3.1
fe49ef11584415d0,3.0,3.3,1.35714,1.38462
28255055879685bc,2.6,2.33,1.47619,1.68027
203b3098d892c3b1,1.71429,1.63694,2.0,2.43
f3e1c02ce14bccfe,1.25974,1.14245,3.65,6.48
adc1038ed2e76391,2.2,2.8,1.625,1.49505
5c827dd56a08f700,1.58824,2.05,2.3,1.83333
39e6cba2480c6d82,3.5,5.03,1.28571,1.20747
bd52e19f2fbefdde,2.45,2.38,1.54054,1.63694
66aa57912b5c5170,1.37037,1.27473,2.9,4.13
7685da6f627bd98f,1.52632,1.63694,2.5,2.43
6b07c3a9a95493cf,1.21053,1.13333,4.25,6.75
0337fa731f5b02c1,1.47619,1.26316,2.6,4.28
27e421b97bf57d3d,1.31746,1.30303,3.35,3.9
d61a7b593218234b,2.5,2.05,1.52632,1.83333
0027e179b743c86c,1.43478,1.32787,2.7,3.65
875304f54becda0e,4.05,6.33,1.23529,1.14728
1cde536c460b1a0e,1.90909,2.11,1.76923,1.79365
6c2097664ac1bf16,1.19802,1.11351,4.35,7.08
ccbbf1ccd4513551,1.54054,1.66667,2.45,2.3
4669c07f3cc9e35f,1.31746,1.58824,3.35,2.48
0c74e600ded0de97,1.54054,1.90909,2.45,1.90909
78f1457371e2ef6b,1.19802,1.2439,4.35,4.33
591699203b264f6c,1.52632,1.39216,2.5,3.15
6b532f492e98d22f,2.75,2.79,1.40816,1.4717
48f23cc8cc5ad9a9,1.28571,1.2439,3.5,4.33
0590fb4acc06fa93,1.26316,1.29851,3.6,3.75
059dcd0b3b8e0a3f,1.46512,1.48309,2.65,2.75
71e123d40fff9edb,1.46512,1.81967,2.65,2.03
ab475a3a4487d6d3,1.33333,1.36101,3.2,3.38
530fb0d1a26fc57a,1.76923,2.03,2.1,1.81301
318460613b6018e9,1.26667,1.24752,4.1,4.3
bee780601ad13583,1.32787,1.14837,3.25,5.88
652a73f4bf7f1932,3.85,4.8,1.24691,1.20877
3a25be6438e3f94a,1.19802,1.14368,4.35,6.0
6257627ba49e42ab,1.25,1.13387,3.8,6.38
c2f0a53cd67e1736,1.37037,1.4717,2.9,2.8
b34c608bdfa655e8,2.6,4.33,1.47619,1.2439
0c36a08b1bf60f45,1.46512,1.32051,2.65,3.58
3c3da227fbe36a28,1.33333,1.20534,3.2,4.88
419d8143afbcd61c,1.32787,1.20619,3.25,4.85
93f1b09aa792405e,4.55,4.68,1.23529,1.21505
fd776d7b554a85d0,2.25,2.43,1.60606,1.61728
dc93921bd9342341,1.24691,1.20877,3.85,4.8
243e5e9b6678f303,2.65,2.55,1.46512,1.56497
28c33e9353dac666,1.21053,1.08091,4.25,9.0
47e8726b301f3f32,2.25,2.18,1.60606,1.72993
c7bc785e99d3ee2a,2.1,2.48,1.66667,1.60606
b2b6cf87cde17136,1.33333,1.20161,3.2,4.93
ac2887a0855a3266,2.3,1.89286,1.58824,1.93458
0452dd001f4adb6e,3.0,3.13,1.35714,1.4
70290140b6a8e038,2.0,1.54945,1.76923,2.58
ecb4534c0066c5f3,2.0,2.4,1.71429,1.625
4d3cbc7608c8958e,2.5,3.05,1.52632,1.41322
4b997af9fb321123,2.2,2.5,1.625,1.5814
a9d8ddb49dbe414b,1.22472,1.14286,4.15,6.13
c4a7f7d8eb8fe484,1.52632,1.66225,2.5,2.31
2c5d329bdf182468,2.5,2.13,1.52632,1.75758
824368db1ed8191f,1.38462,1.20619,2.8,4.8
8c8c2499d89da07c,1.26316,1.1,3.6,7.63
9f56b3c053c44060,1.66667,1.74074,2.1,2.15
b90eded8d6b65e8f,2.5,3.1,1.52632,1.40486
60c62fb7bd17a8b3,1.06667,1.05882,8.0,11.5
aa62b8f58fc09790,1.52632,1.42194,2.5,3.0
480aca1906276700,3.2,4.45,1.33333,1.23585
b0367c907cc549c0,1.57143,1.5618,2.35,2.56
8baa6b8850262595,2.7,2.58,1.43478,1.54945
0bf405dabb25251a,1.37736,1.2331,2.85,4.5
17daeb7e36e60cdf,1.52632,1.43103,2.5,2.95
2116affb9c8f193b,1.64516,1.53476,2.15,2.63
72330020a732c635,1.43478,1.29851,2.7,3.75
7c9830ee4835f757,1.19802,1.40816,4.35,3.08
959de17703476f44,2.5,2.19,1.52632,1.71942
f7ffa11d592f4092,4.35,5.6,1.19802,1.16393
4496c2fa6aaccba6,1.25,1.17857,4.1,5.3
6f5f4b256f643ffb,1.55556,1.64516,2.4,2.35
e0f8e1e8cbdd63da,1.16667,1.14065,5.0,6.13
7e1ae27779ac6ba5,2.25,1.9009,1.60606,1.92593
05d2534e0f2d5042,1.08333,1.0646,7.0,10.5
0449c55a8c24a59e,2.75,4.45,1.40816,1.23585
52f0398eb74c139d,1.83333,1.68027,1.83333,2.28
1b52b08f195581ad,2.8,2.46,1.38462,1.60606
86afc59ec117c1ba,2.0,2.93,1.71429,1.43478
c43805df4f45b6e2,2.05,2.03,1.68966,1.81967
f5de8b2c81e91129,1.5,1.37175,2.7,3.3
e2e23aee91e27847,2.75,2.19,1.40816,1.72464
bdc1561ed4c6e22f,1.55556,1.38911,2.4,3.18
4b790d75c4bc694c,1.71429,1.52632,2.0,2.65
c43e99000f3c77b5,1.33333,1.28571,3.2,3.88
7ab1cdfe3e540856,1.43478,1.37453,2.7,3.28
2615d94ab16380f9,1.43478,1.37736,2.7,3.25
32b030138bfd4f88,1.28571,1.37453,3.5,3.38
678db400f85ae15c,1.83333,2.08,1.83333,1.7874
278cd1803ccc004f,1.54054,1.5,2.45,2.7
2b3b6e96cea0f757,1.86957,2.48,1.8,1.58824
fee873593f588437,1.43478,1.21739,2.7,4.63
08af25ef4252b138,9.25,6.63,1.08,1.12225
391d458db6dae33b,1.07018,1.07143,7.75,9.88
27a6a6d4e3f8be75,1.52632,1.35461,2.5,3.4
766dc3c5592b4d0d,2.45,2.39,1.54054,1.63291
98301c092f00cb01,2.0,2.4,1.71429,1.625
0f85a1d9ce42d13e,1.19802,1.1,4.35,7.63
77185ff8b4dade6a,2.25,3.0,1.60606,1.42194
1dfbdd569585812f,1.32787,1.16474,3.25,5.58
f602cc168383432f,1.66667,2.18,2.1,1.72993
d20dc2d68305fc31,1.34483,1.2584,3.1,4.18
f281a6775bccb8df,1.28571,1.24752,3.5,4.3
d5149f02b1ee7dc6,2.9,3.25,1.37037,1.37736
15aced6a6a61df90,1.74074,1.75758,1.95238,2.13
b302e12550278ffd,1.55556,1.9434,2.5,1.88496
ff389a4326fc9255,2.2,2.36,1.66667,1.64516
f83c6bdd553b5851,2.3,2.15,1.58824,1.74074
8fe1859721e95ce3,1.83333,2.05,1.83333,1.8
3b321550c8b4aae6,1.31746,1.22222,3.35,4.55
c4fd59db24f978ec,1.19802,1.21322,4.35,4.7
01924e35b149b28f,1.83333,2.04,1.83333,1.81301
fa2e2a035b36b9d6,3.85,5.35,1.24691,1.17483
5edfc539cc58a28d,1.35714,1.27248,3.0,4.05
064404b0aaf6f95d,2.35,2.5,1.57143,1.5814
f079cb2db8dbbf04,1.68966,1.9009,2.25,1.91743
f2916c10b7ecfcee,1.37736,1.45249,2.85,2.98
050eb872a69c66bd,1.40816,1.41322,2.75,3.05
71499934c065fecb,1.54054,1.60241,2.45,2.47
5337461354f23b98,1.74074,2.34,1.95238,1.65359
a19d619f1b9bee7b,1.24691,1.17857,3.85,5.3
454861874ecc52d7,2.9,4.1,1.37037,1.26882
595557b808febe27,1.46512,1.4717,2.65,2.78
99a7172fb7438244,2.35,2.81,1.57143,1.46512
4fa02674b920ff0a,2.55,2.36,1.51282,1.64516
b46b27222e62aec1,1.74074,1.70423,1.95238,2.22
d5778494ce663d7f,1.66667,1.60606,2.1,2.45
4ace70bff9debdfb,3.2,4.58,1.35714,1.22272
7ffd80b65b0ff942,4.1,3.55,1.25,1.32787
17c598d7841daae0,1.66667,1.54945,2.1,2.58
0bdea30d7a7322f7,1.43478,1.39683,2.7,3.13
ba2f3b9a12400aa0,2.0,1.93458,1.71429,1.89286
e86f7b7f3a047d2a,3.6,3.83,1.26316,1.28986
90a5ddd6738605d9,3.0,2.83,1.35714,1.46083
49f83168974fb60f,1.33333,1.31847,3.2,3.6
d3255f2b8ef2b559,1.90909,2.55,1.76923,1.56497
3f3b8dcd16dd7383,2.6,2.58,1.47619,1.54945
8295c37ad4b6187e,1.47619,1.49505,2.6,2.75
6ecd93dbbaba7e10,2.9,2.53,1.37037,1.57143
05c8aeb2806be99c,1.14815,1.13605,5.5,6.3
20dda78057d17a5a,1.24691,1.28986,3.85,3.83
8b52a32f3644f493,2.4,2.6,1.55556,1.54054
b65d0243d397802c,1.28571,1.31546,3.5,3.63
43b416cf0c75dbd7,1.64516,1.89286,2.15,1.93458
e3a45f48dbda99c3,1.38462,1.45045,2.8,2.85
be0af5916c8e8e99,1.31746,1.27624,3.35,4.0
2c0ece9f70a62408,1.32787,1.52632,3.25,2.65
92049ba4483fc840,2.6,2.58,1.47619,1.54945
c7e084949531a443,1.71429,1.86207,2.0,1.97087
083a0283b7bc503b,1.25,1.27027,3.8,4.08
e27504d07ebbc441,2.75,2.55,1.44444,1.55556
80c4f70b7f7a1945,1.28571,1.35714,3.5,3.4
8ec7d82619bfb564,2.45,2.38,1.54054,1.63694
ee9e4f8523a484a6,1.08333,1.05834,7.0,12.0
93026e3763542c05,3.5,5.23,1.28571,1.18149
9231cef371b89a46,1.26316,1.28169,3.6,3.93
e99f92b92e90b228,1.31746,1.27778,3.35,3.98
65d777a16fce2be8,1.57143,1.34843,2.35,3.43
040f227553de7838,1.66667,1.6135,2.1,2.43
375c2ecb6fe54cc6,2.6,2.93,1.47619,1.43478
bc6100e6dd239db7,1.21053,1.22173,4.25,4.6
958f3b45c132c3b7,2.55,2.03,1.51282,1.81967
812ff38f0ed409ca,7.0,6.5,1.09524,1.1292
9c884cbc3791bf60,1.16667,1.25641,5.0,4.23
345b1bc51f0f5e86,1.38462,1.37736,2.8,3.25
c33cc8b85b9a202c,3.35,3.73,1.31746,1.3012
e86a77b69d50a834,1.47619,1.54945,2.6,2.58
db1be0ca226d3a2f,1.38462,1.43478,2.8,2.93
2c65d5d20cc893e4,1.55556,1.71429,2.4,2.2
5b55a8e33199d71e,2.1,2.45,1.66667,1.5988
e06f96f3484ad74a,2.6,1.75758,1.47619,2.13
3e020d62796a7ce3,1.74074,1.93458,1.95238,1.89286
5e794b8ef52c88cb,2.7,2.46,1.43478,1.59524
e640fd983577d349,1.83333,2.23,1.83333,1.70423
1cbb930fb77a3781,2.15,1.8547,1.64516,1.98039
135760b07e1fb79b,3.2,3.53,1.35714,1.33223
424221c96ee13ceb,1.16667,1.23697,5.0,4.45
84c5035830ebb421,1.76923,2.17,2.0,1.73529
1a66e67add5d55ef,1.33333,1.2924,3.2,3.83
96c93167c982c467,2.2,2.55,1.625,1.56497
8c2e4d3cc4b9e93a,2.6,1.89286,1.47619,1.93458
c1f74805a4ff9396,1.24691,1.24876,3.85,4.28
d1aaef0d7f0c8e8b,1.33333,1.20202,3.2,4.88
9d7a798f0c20c04a,1.83333,2.03,1.83333,1.81967
7679c5ee3514e119,1.31746,1.34483,3.35,3.48
433e3fd8782b6e0e,1.40816,1.33898,2.75,3.48
83414cc83ec3f2ac,2.2,2.4,1.66667,1.625
c67e5fec8e1876f0,3.0,2.0,1.35714,1.83333
7f3763caa99a3486,2.9,2.65,1.37037,1.52632
82d057278298846f,3.5,3.5,1.28571,1.3367
3cf1d67a20ae1c18,1.95238,1.66667,1.74074,2.3
c8f946610906bffe,2.0,1.95238,1.71429,1.86957
ae6fb7829db7ecc7,1.47619,1.41667,2.6,3.03
806ee07a1a7042b8,1.38462,1.37736,2.8,3.25
8495283a56311b4d,1.90909,1.76336,1.76923,2.12
8b61a3acdfb007d9,1.31746,1.27248,3.35,4.05
855338a9a68e4c9f,1.57143,1.40816,2.35,3.05
09c092dc766fa3f9,1.76923,1.87719,1.90909,1.9434
648396cc751c730d,1.76923,1.72464,2.0,2.19
c0329bd8d3b302c6,1.41667,1.42194,3.05,3.0
781f9a642e7a9278,1.55556,1.71429,2.4,2.2
70f08a4771138817,3.35,3.45,1.31746,1.34602
a69a6da9560ed62c,1.26316,1.23419,3.6,4.5
dbc72a4092a0b296,1.25,1.19531,3.8,5.0
6b6680338558bd46,1.38462,1.31746,2.8,3.6
d101d2ed58a7cf84,1.58824,1.71942,2.3,2.19
ec381753e852cb63,2.75,2.28,1.40816,1.68027
ec067e9c9efd7aa1,2.35,2.15,1.57143,1.74074
0294253e4a5b4725,1.38462,1.24096,2.8,4.38
41eb39f532e148d9,1.52632,1.60606,2.5,2.46
19df0d0cb1269fa7,1.58824,1.6993,2.4,2.23
409bcfacb259999a,1.37037,1.38168,2.9,3.23
26e6a2705a1e9e72,1.26316,1.23981,3.6,4.4
971d9fa5947a4bb7,1.90909,1.60606,1.76923,2.45
e9ffcf05270a320a,2.1,2.08,1.66667,1.7874
9b1386a28b81bcd5,1.25,1.18349,4.1,5.25
c8ca99d1adc5448d,1.47619,1.47619,2.6,2.75
1c85f793ea4f9caa,1.625,1.76923,2.2,2.1
5d5abb5dade718de,1.55556,1.65789,2.4,2.33
eaa63c8fb9379426,1.41667,1.40486,2.8,3.1
ebc7ec239faf7b0b,1.30769,1.2907,3.75,3.85
451d7d8c2a6bacb3,2.45,2.3,1.58824,1.66667
17067cf55726c673,1.47619,1.54054,2.6,2.6
23253ebb1d86d8b4,1.14184,1.16892,5.35,5.48
2f9a8807807b80d6,1.625,1.64935,2.2,2.34
3be121d4f5460893,2.6,2.63,1.47619,1.53476
47dfd70b5780d68a,2.8,2.48,1.38462,1.58824
8794b5f9a591daf6,1.54054,1.36101,2.45,3.35
85bec51d0bdf511f,2.3,1.75758,1.58824,2.13
87b61c1d72232a84,3.4,2.73,1.35714,1.4878
1d7015553debd1c8,1.68966,1.625,2.25,2.41
b80ef7cdc36ab48b,2.2,2.58,1.66667,1.54645
4403857f545ede75,1.28571,1.24691,3.85,4.33
f37d18b5c35145bf,2.8,2.83,1.47619,1.46083
9ebfd601c43b89b3,3.15,2.15,1.39216,1.74074
9c4cbd0546d03f6b,1.25,1.33223,4.3,3.53
c26806c2d554e50c,1.28571,1.29851,3.85,3.8
8172d8d996335d0a,2.7,2.25,1.5,1.68966
14477908199435e1,1.95238,1.80645,1.74074,2.04
ef80a6eea892c296,2.35,2.34,1.57143,1.64935
977a758d869f9e7a,1.54054,1.34483,2.45,3.45
96404a3b32791c8d,1.40816,1.34483,2.75,3.45
5f0aa841c21f7d30,2.2,2.88,1.625,1.45045
07b98dbf5d2c62a2,2.3,2.04,1.58824,1.81301
761a215d51a0442e,2.0,2.45,1.71429,1.60606
0af90a49f0ca1879,1.8,1.98039,1.86957,1.84746
04f27a78e4ffce47,1.51282,1.53763,2.55,2.62
ca9804845b010845,2.4,2.04,1.55556,1.81301
b121f30d7fc9ea6c,2.2,2.13,1.625,1.75758
071d488ec8ccf254,1.76923,1.66667,1.90909,2.3
8b983e834df0c6c4,1.38462,1.45045,2.8,2.85
d573e571d8349b5d,2.65,2.18,1.46512,1.72993
0aad210fbaa1db6c,3.2,2.65,1.35714,1.52632
25e6b11e1cf45b83,2.6,3.03,1.51282,1.41667
7f663d67422c1b24,1.52632,1.45045,2.5,2.88
3d07a533feca7458,1.68966,1.70423,2.05,2.23
ab847a4cf397d7d5,2.0,1.74074,1.71429,2.15
abf0f8234f6be37e,1.90909,1.49505,1.76923,2.73
78736e322574e500,1.64516,1.83333,2.15,2.0
31acf87e89a4a401,1.55556,1.48544,2.4,2.75
d8c7497043e7e5bd,3.6,2.33,1.26316,1.65789
9d4b2767f6630fc9,2.0,1.6993,1.71429,2.24
252074c8554bf30d,2.0,1.7874,1.76923,2.03
d29750cee389a0b9,1.90909,2.03,1.76923,1.81967
ced241b99eab5f22,1.13072,1.16026,5.55,5.63
244357514dd89bd6,1.47619,1.44053,2.6,2.9
8b8f9485214f9e48,1.52632,1.22124,2.5,4.58
f680e6ebe3bdfe3e,1.95238,2.22,1.74074,1.68493
febea68b205f6273,3.5,5.8,1.28571,1.15152
ddd9e64d97b095f9,1.625,1.30303,2.2,3.7
c4174e22cb22622c,1.47619,1.56497,2.6,2.55
1f9ac1648b8e501e,1.37037,1.31546,2.9,3.55
dfc8c5161ea0ccb5,2.05,2.1,1.74074,1.77519
7ac4b9823b1e139b,2.7,3.9,1.43478,1.28571
e3ca9462ad0d7685,2.6,3.05,1.47619,1.41322
54f9e3e1fad7a589,1.76923,1.60241,1.90909,2.46
c79b862be039d9f0,1.74074,1.76923,1.95238,2.11
42ad1437a1280294,1.71429,1.56497,2.0,2.55
3b536afcc9098925,3.5,6.0,1.28571,1.14368
4804776154430aad,2.0,2.3,1.71429,1.66667
08b65f5009c34997,1.66667,1.70922,2.1,2.22
6db4d7827082d5b9,2.3,1.78125,1.58824,2.09
2d4743a82fc55642,1.95238,1.65789,1.74074,2.33
ea8eaf881d38713e,1.83333,2.19,1.90909,1.71942
87a969d51de6e179,1.86957,1.9009,1.8,1.91743
687d973d71e068dc,1.54054,1.37037,2.45,3.3
a68672f66e12a3c2,2.7,2.11,1.43478,1.76923
56c7c59c9bb3b610,3.5,2.78,1.28571,1.4717
23ba0218f9f65e33,1.21053,1.21097,4.25,4.73
b2c1f9bdd5d3073d,1.46512,1.36496,2.65,3.33
ddb015ac5c067aa9,1.60606,1.40816,2.25,3.08
e7ad1c3a763c7cae,1.86957,1.91743,1.8,1.9009
8b4eeaa048361ba3,1.58824,1.33898,2.3,3.48
97b7638c592a95a9,2.15,2.7,1.64516,1.5
c4da9ec26a924a7d,1.68966,1.15504,2.25,5.73
0fd8214ac276728e,1.60606,1.52083,2.25,2.68
16a0352f3e19b931,1.40816,1.59172,2.75,2.47
6e3139f066149a81,1.57143,1.8547,2.35,1.98039
39f746cee66e8771,1.38462,1.75758,2.8,2.13
362a5b3cd4a70330,2.1,2.53,1.66667,1.57143
6fe9729cee57c680,1.625,2.13,2.2,1.75758
9882c1dac77c0367,2.55,1.91743,1.51282,1.9009
f26657d5018ee428,1.52632,1.92593,2.5,1.9009
567cefcaba821205,1.36364,1.26596,2.95,4.25
af2ef75664656957,1.83333,1.625,1.83333,2.4
7188621a628e718d,2.25,2.13,1.60606,1.75758
14dbcdbe8e7251bf,1.38462,1.26178,2.8,4.18
9ed0c3acc436eb56,2.0,2.28,1.76923,1.67568
5bfaa389a67139fd,1.26316,1.34247,3.6,3.48
823e9449bd47e408,1.54054,1.54945,2.45,2.59
6b581bb1bc9289ef,1.46512,1.37453,2.65,3.28
6c9fdcb95393a49c,2.1,1.70922,1.66667,2.21
228879162d8be605,2.6,3.23,1.47619,1.38168
3ad3acca165a5d90,1.46512,1.27778,2.65,3.98
36f0c6d7126e09ee,1.66667,1.89286,2.1,1.93458
cb2844bb15d22cc6,2.75,4.1,1.40816,1.26667
2fd43be584ef522b,1.76923,1.55556,1.90909,2.57
88e0de323a83f241,1.60606,1.38462,2.25,3.2
6486579eee778b4d,1.57143,1.68027,2.35,2.28
06cd9812e2b9b747,2.0,1.81967,1.76923,2.03
cf4c2b601c2228aa,1.24691,1.15504,3.85,5.73
b67229e7675eed24,1.66667,1.70922,2.1,2.21
1f49b59e4058568f,1.37736,1.42553,2.85,2.98
19eed5d9781b47ac,1.33333,1.17422,3.2,5.38
323fb015ca2444e3,2.2,1.63694,1.625,2.38
9298175cb2ad7d41,1.74074,1.73529,1.95238,2.17
a5a065cb6d33ba9e,1.46512,1.37037,2.65,3.3
1645ed92dcdc5c03,1.37037,1.40486,2.9,3.08
e1100fc357e61fba,1.31746,1.39683,3.35,3.13
5ab286735ccee803,3.1,3.63,1.4,1.31546
30553d630491094a,1.47619,1.44053,2.6,2.9
79817ab0129c5598,1.08333,1.07843,7.0,9.38
49694c2d00c581ed,2.5,2.55,1.52632,1.56497
dffad417175400ba,1.90909,1.93458,1.76923,1.89286
ac9e19a4075f6557,1.90909,2.09,1.76923,1.77519
4924d7a980f4cde2,2.4,2.59,1.55556,1.54348
3d95b4f94ccffa96,3.3,3.98,1.32258,1.27778
e80a8338d86e730b,1.66667,1.56818,2.1,2.54
4f4806952ba2a72c,1.66667,1.68027,2.1,2.28
3636e085c098dbda,1.60606,1.34014,2.25,3.48
b8c967c742d3c107,1.57143,1.66225,2.35,2.32
cb16346d93746ebc,2.0,2.23,1.76923,1.6993
b6082b551288aa5a,1.55556,1.50761,2.4,2.7
fdde8777c7ae9769,1.2381,1.24691,4.0,4.33
6afaf0ca45431a11,1.71429,2.23,2.0,1.70423
94c7e64ce88c9b9e,1.74074,1.89286,1.95238,1.93458
92eb0a297c7ea197,2.85,2.68,1.37736,1.51282
a773883743242df9,2.75,3.65,1.40816,1.3125
f597d2e69ab7c270,2.15,4.1,1.64516,1.26882
31c4518a1e71c050,1.58824,1.46512,2.3,2.8
7020840980f723b9,1.52632,1.48309,2.5,2.75
cce5b9dfe84630fa,2.8,5.3,1.38462,1.17857
03aec9073946907f,1.54054,1.35461,2.45,3.4
d042d18ad568190a,1.07407,1.1,7.5,7.5
53ee6c3591483193,1.37037,1.47619,2.9,2.75
1ff3dff34d0b60b8,2.9,3.1,1.37037,1.40486
2fed4f1d91767eb1,1.43478,1.44248,2.7,2.89
c46d51fb87a4f485,1.38462,1.56497,2.8,2.55
0f826e7bbb73b53f,1.66667,1.625,2.1,2.4
d97970009fbfca30,1.52632,1.77519,2.5,2.09
3f5f6c576046bf77,4.05,4.95,1.23529,1.19841
2142ff2a46d22741,1.54054,1.56818,2.45,2.54
e08479759c296bb1,2.1,2.37,1.66667,1.64103
d361b51952944a26,1.625,1.98039,2.3,1.8547
b3a304eadb9f7fb4,2.1,2.78,1.76923,1.47619
fc29884851f9cebb,4.5,6.0,1.22222,1.14556
80572cac6ab57866,1.625,1.5291,2.2,2.64
0a46cb2887890502,1.74074,1.27624,2.15,4.0
13635ba71963ad0c,2.45,2.37,1.54054,1.63694
8375f311e8c6c079,3.35,4.1,1.31746,1.26882
5cab50839f4a0d94,1.60606,1.56818,2.25,2.54
e686df21c24c6c03,1.58824,2.04,2.3,1.81301
8c2fb17981464d8c,1.33333,1.31847,3.2,3.6
56d8cc470841f454,1.76923,1.53191,1.90909,2.64
21f7fc538ea646e8,1.37037,1.38168,2.9,3.23
4712708adb1507aa,1.43478,1.44444,2.7,2.98
cc2809e10315a6b5,1.25974,1.33223,3.65,3.53
23e5acd1549b538a,2.75,2.54,1.40816,1.56818
c83487136636e9bf,1.58824,2.14,2.3,1.74627
54c5284c1b792912,2.65,4.13,1.46512,1.26316
676320a61f800f10,1.58824,1.7874,2.3,2.08
1a502852b706f674,1.74074,1.83333,1.95238,2.0
6aea6d3e6944999c,1.37736,1.37736,2.85,3.25
a3b7cbdb6d2607f4,1.24691,1.19531,3.85,5.0
6c25f8fd66f16d7e,1.28571,1.19417,3.5,5.03
40d9b5b47acf260b,1.47619,1.43478,2.6,2.93
279b4190d9ef1379,1.25,1.32051,3.8,3.58
a88a4c126d585320,1.38462,1.2611,2.8,4.13
3d76ed7e224e9c99,2.7,2.64,1.43478,1.5291
f77e3c681fe1b04e,2.5,2.75,1.52632,1.47619
c381ad2c0bf34dd9,2.1,2.1,1.66667,1.76923
147d2ab0230af48d,1.33333,1.5814,3.2,2.5
0be6540982a5b0cd,1.37736,1.38462,2.85,3.2
7e9ed49a1831056f,1.625,1.48309,2.2,2.77
8f40ac90544d0003,1.43478,1.51282,2.7,2.68
8238f9d2fd961757,2.3,2.51,1.625,1.57803
9f96d11017f9c824,1.26316,1.2924,3.6,3.83
5f617d6c19d3a281,2.85,3.0,1.37736,1.41667
5cf56c22cbc24758,1.46512,1.62893,2.65,2.4
889207e3c622a5aa,2.35,2.23,1.57143,1.70423
ea66be2688f542be,2.45,2.2,1.54054,1.71429
f91709b071e8295a,1.31746,1.49505,3.35,2.74
0990ac7065412e76,2.1,1.75758,1.66667,2.12
50385add37239184,1.55556,1.6993,2.4,2.24
1b0fa021b1158121,1.46512,1.35461,2.65,3.4
b9726184624ac076,1.37037,1.33898,2.9,3.48
9444cfe0c7c0f6a7,1.52632,2.61,2.5,1.54054
cd67f6ddb2920193,1.83333,1.52632,1.83333,2.66
3112430100d2d0be,1.52632,1.37037,2.5,3.3
0d7dc1ed5eb995e4,2.3,2.28,1.58824,1.68027
b6e086dd8093355d,1.46512,1.33333,2.65,3.5
6cb9bc7c86ae43b9,1.68966,1.72993,2.15,2.18
f3a60ca18747aeac,1.57143,1.51282,2.45,2.68
1cd5d5e271b646a3,1.30769,1.28011,3.5,3.95
f8fce67abe0ab922,1.64516,1.9009,2.25,1.92593
58286d3126cc5263,1.57143,1.62893,2.45,2.39
e8f2902be7b350ad,1.64516,1.63694,2.25,2.37
194d3950076b2f83,2.3,2.39,1.625,1.63291
2361b51aa72e5551,2.15,2.3,1.64516,1.66667
efe055854f19a1d7,1.38462,1.68966,2.8,2.26
1f52e665587dc645,1.55556,1.4878,2.4,2.73
ead2ca0d2afb46be,1.21053,1.20202,4.25,4.88
9e21a8dea9663e26,3.5,4.48,1.28571,1.23529
c73b81e7c1c1cccc,1.55556,1.62112,2.4,2.42
6c2f05c47f494e15,1.83333,1.9434,1.83333,1.88496
c6c975ca66a7f91a,1.40816,1.29674,2.75,3.78
12a64dfb8147566b,1.83333,1.84746,1.83333,1.9901
84f236d6c57d7cfb,1.36364,1.40486,2.95,3.1
bfb7d17161aec938,3.9,2.54,1.26316,1.55866
eab7b76e177e1903,1.09524,1.15625,6.5,5.7
829b3ee4145a1ae6,2.6,1.97087,1.47619,1.86207
95edc0b6438f2592,2.4,1.96154,1.55556,1.87719
6c5f7f98ec0b6f17,1.18868,1.13387,4.5,6.38
bab65d16fa74fc5b,2.75,2.32,1.40816,1.66225
5315bd4542b21c4b,1.37037,1.53191,2.9,2.64
8803935990adafc1,2.4,2.23,1.55556,1.70423
28f7ba820350e3a3,1.43478,1.51282,2.7,2.68
12563423bf15e75d,1.83333,1.95238,1.83333,1.86957
3454f5c7203467aa,1.18868,1.14286,4.5,6.13
d86e31793564cd31,1.95238,1.96154,1.74074,1.86207
7ec70261afdecda8,1.18868,1.38168,4.5,3.23
b152646345037056,1.3125,1.37453,3.4,3.28
7072a324a82c4297,1.83333,1.50761,1.83333,2.7
c8fdd3f7178fbfa4,1.90909,1.64516,1.76923,2.35
5ea39e0fc3b64e83,2.45,1.54054,1.54054,2.6
6b325792b8fb1f46,1.95238,2.0,1.74074,1.84034
25da6035f591c245,1.38462,1.36364,2.8,3.35
014f7dc96c90c199,1.47619,1.75758,2.6,2.12
53d6a7634c7fc036,1.47619,1.57143,2.6,2.53
5f1a828f8d4c3b01,1.5,1.32258,2.7,3.6
5a09fd7cb3db9705,1.66667,1.35714,2.1,3.4
eb6f80ccaf2a3dbc,2.5,1.72464,1.52632,2.19
051124b25d576906,1.57143,1.64935,2.35,2.35
319b09306094259b,1.37736,1.42553,2.85,2.98
64756e0f4b305da8,3.0,2.63,1.35714,1.53476
7fd0f7b3866b2c75,2.0,1.5,1.71429,2.7
c3425412e4f2f486,1.25,1.37736,3.8,3.25
32990cbf8976d94b,1.57143,1.41322,2.35,3.05
140e810f952714ea,2.5,1.95238,1.52632,1.86957
8f9b16f170dbdbb6,1.37037,1.48309,2.9,2.84
5e2f2f5d9a756de9,2.8,2.73,1.38462,1.49505
e82d734674ce4d46,1.54054,1.69444,2.45,2.24
d3f5854d16fc31f9,1.38462,1.90909,2.8,1.90909
fccedc456048216b,2.4,2.36,1.58824,1.64103
9bd9a8127b55fbf7,2.7,3.68,1.43478,1.30864
7a3947a0e7bc3558,1.37037,2.46,3.3,1.60606
d3f26e0fbf694375,2.1,2.5,1.66667,1.59172
c9e4aa12aaa7309e,1.34483,1.33223,3.1,3.54
148c26038e80465b,1.37037,1.72464,2.9,2.19
2817a6f9e09eb15f,2.75,2.68,1.40816,1.51282
9589b41c4637b057,1.52632,1.57471,2.5,2.52
bd97a96ac8203457,1.625,1.87719,2.2,1.9434
c931097a857ed60c,3.5,2.65,1.28571,1.5291
de32c5a78aaf89e9,1.74074,1.7874,1.95238,2.08
f2ca358ea9bec156,4.25,4.8,1.21053,1.20619
520f6379fefd8fda,1.60606,1.32787,2.25,3.55
d2f6b87189908088,2.6,2.38,1.47619,1.63694
3b03f8d3a55f3cb2,1.36364,1.29674,3.15,3.78
c8a9d3917d77ede2,1.64516,1.4878,2.15,2.73
65223fa6055df489,1.40816,1.34843,2.75,3.43
e85e83ab4e60e768,1.8,2.17,1.86957,1.73529
866729ea2ceddb25,1.83333,1.83333,1.83333,2.0
e57a78a422439774,1.57143,2.08,2.45,1.7874
b66ac52bfb217761,1.625,1.93458,2.4,1.89286
dbf786f9808c6a08,1.35714,1.22222,3.4,4.55
b2625001e0b89369,1.09524,1.07087,7.0,10.0
82342dc6be82778b,1.51282,1.67114,2.55,2.29
f3bebb48771a414a,1.54054,1.90909,2.45,1.90909
fd61e6146f3b2942,1.28571,1.2439,3.5,4.33
e65ffb177a2c7669,1.68966,1.5848,2.05,2.49
6caf9ebf42ddae2e,1.43478,1.46083,2.7,2.83
7658965c2a700b39,2.45,2.52,1.54054,1.57471
294a9e9780afa789,2.75,2.76,1.40816,1.48077
e40a5bd62ce710ac,1.76923,2.58,1.90909,1.55556
a65909d4083c2088,1.90909,1.90909,1.76923,1.90909
9399c772adc7bcab,1.40816,1.42918,2.75,3.13
3eea92e7f26fb05b,1.40816,1.52356,2.75,2.65
8f6dda53ea3b09c7,1.37736,1.27548,2.85,3.92
3c5442bb62ca1505,1.60606,1.42553,2.25,2.93
397ace87deeb8697,2.45,2.4,1.54054,1.62112
8f5482992dad74d2,2.45,2.64,1.54054,1.52632
48ea8a30f7b88cfc,1.3125,1.13889,3.4,6.08
e2e524bb5392a3ea,1.37736,1.53763,2.85,2.61
c835ccffa472970e,2.75,3.58,1.40816,1.31056
9bc042a700d9a531,1.46512,1.41667,2.65,2.98
68ba4aca75b02496,2.85,2.08,1.37736,1.76923
e9700d51ec2b940b,1.125,1.23364,6.75,4.42
c037cdc1de53de8e,1.95238,2.44,1.8,1.60241
b4ec3e067604f90a,3.2,3.58,1.33333,1.31056
7aede55e4e47c698,2.45,1.29851,1.54054,3.72
e4e1d12441b90866,1.38462,1.35587,2.8,3.35
78bb2b441917848c,2.7,3.55,1.43478,1.32362
752f19e9c201ea57,1.26316,1.16447,3.6,5.5
41be95916aef568f,2.25,3.24,1.60606,1.37313
b8b2cdf962cc65a0,1.28571,1.15385,3.5,5.77
df9aa51f6ccdfe02,3.05,3.05,1.35088,1.4065
3729ff914eaede07,1.33333,1.26247,3.2,4.08
4e55251b7a0df0c2,1.71429,1.93458,2.2,1.88496
48a2a476d3b59866,1.33333,1.31348,3.5,3.58
3a42dd84680f444b,1.83333,1.66225,1.83333,2.28
e0e22d7bc5a293e8,1.55556,1.51813,2.4,2.66
37a7dc68f3a0e65d,1.54054,1.53191,2.45,2.62
d5577e3272ef3032,3.6,3.48,1.26316,1.3268
1fa8537d3992a09a,1.74074,2.18,1.95238,1.71429
7d679c16024f6f38,2.25,1.70922,1.60606,2.19
41feee2c08af2235,1.46512,1.6135,2.65,2.42
e909e34cdee01831,3.05,4.18,1.35088,1.25
fdc97f9b88bdef7d,1.23529,1.18349,4.05,5.13
19d1ae54681bc722,1.25,1.17241,3.8,5.18
ceaae1db8ccde29c,1.5,1.32573,2.7,3.48
3278e45b30f7dd33,3.0,2.73,1.35714,1.48544
1ca41d3b11d88b36,1.8,1.89286,2.05,1.92593
9ee818e10dcf3b45,1.90909,2.1,1.90909,1.75188
a5ea53104392fa9f,2.5,2.2,1.57143,1.6993
819af4bbad55324d,2.5,2.82,1.57143,1.45662
b0e16dd491bc4fea,1.90909,2.15,1.90909,1.74074
498e7b0800af226c,1.76923,1.28818,2.1,3.8
bd7a8c6c74655afc,1.52632,1.21097,2.65,4.7
61bf6748cf85eb84,1.90909,1.8,1.90909,2.03
4de25b19c4dedb14,2.05,2.42,1.8,1.5988
3f5a623cf360c494,1.5,1.64935,2.7,2.32
8ce926b4d38a55a0,1.68966,1.56818,2.25,2.5
4eb91cfc892a108e,1.25,1.18762,3.8,5.08
069e3e704cbf6337,2.35,1.91743,1.57143,1.89286
fd1854062406d287,1.83333,1.40816,1.83333,3.03
e4862c4f20117cb8,1.40816,1.67114,2.75,2.27
5ff8463edf8155c0,1.43478,1.35461,2.7,3.35
49f7186e1e3cf6c8,1.36364,1.25773,2.95,4.12
51db35a3cf225bda,1.40816,1.3876,2.75,3.17
b247a1900cfae052,1.32787,1.27397,3.25,3.92
11c0ef97497303ef,1.33333,1.43478,3.2,2.91
5b9f545890407976,1.11111,1.1328,7.0,6.0
851645c373f50e16,2.05,2.67,1.68966,1.51813
97dabff880f33202,1.54054,1.36232,2.45,3.32
39fa341fb9161d6f,2.45,2.44,1.54054,1.58824
bac3ac8d7330d05d,1.33333,1.32468,3.2,3.52
7adaf85915993137,1.46512,1.5814,2.65,2.47
3744d4cdaa6b242b,1.64516,1.56818,2.15,2.53
e3826e06d68ed4af,2.6,3.04,1.47619,1.40486
7a26c9407ef64e10,1.68966,1.65789,2.05,2.28
8adc6266a7c2fd40,1.33333,1.18832,3.2,5.05
0405e4446e8f239a,3.5,3.38,1.28571,1.35461
87126427cfcaee52,2.7,2.86,1.43478,1.44643
9bfda7c26578aaac,1.45455,1.57471,2.85,2.51
7dc87736c304b3dd,2.15,1.7874,1.64516,2.05
d22c19fd92426567,2.15,1.75758,1.64516,2.11
31b283a5559ad44d,2.25,2.32,1.60606,1.64935
c6b040021b4ceb0f,1.40816,1.60976,2.75,2.41
bf719cf83cab229b,2.65,2.07,1.46512,1.78125
2456c4550c26e5e8,2.1,2.37,1.66667,1.62112
23fd92555246d61e,2.35,1.65789,1.57143,2.29
8da5849a6e7307bf,3.5,1.17094,1.28571,5.33
75e580d5ea37c519,1.60606,1.5988,2.25,2.46
79da0eacafb22f86,1.95238,1.53191,1.74074,2.62
07c00213ec388e07,1.83333,1.68027,2.0,2.25
a08dffad240dc3d4,1.66667,1.78125,2.1,2.07
7b53967f282a0d0a,2.45,2.25,1.54054,1.68027
3d941525f5c623e3,2.45,2.04,1.54054,1.79365
8cf4836e2b43c241,1.57143,1.25575,2.5,4.12
413a4c217ee0193f,1.52632,1.74627,2.65,2.12
017c090e9e8d2957,1.66667,1.78125,2.25,2.07
2b038a467a89c73c,1.625,1.71942,2.4,2.17
0febad4c4a3d69fc,1.25,1.14245,4.3,6.0
707cb14717df5960,3.5,1.57803,1.33333,2.5
e4bbec619aa04dea,3.05,3.43,1.37736,1.35461
cf4199c8517bc1fd,2.5,2.39,1.57143,1.61728
323dc938d93a849b,1.40816,1.46729,2.75,2.78
56403d0fd259c5d9,1.19417,1.1328,4.45,6.33
bf2a9732af50c84c,1.60606,1.5848,2.25,2.47
4127b45c3d546eef,1.08,1.07587,9.25,8.67
fe0c844a671dd6d8,1.46512,1.28409,2.65,3.85
cd2ceb5530529c9f,2.25,2.4,1.60606,1.60976
17753b728e5404aa,1.86957,1.5988,1.8,2.42
a4446299c1f85d74,2.55,1.82645,1.51282,2.0
a255ed658a2ac9bb,2.15,2.52,1.64516,1.57143
aa430402314b4459,1.68966,1.62893,2.05,2.35
8fcdfee81cc604e3,1.11765,1.17331,7.25,5.32
69c06be4f87ccdab,1.30769,1.26455,3.75,4.03
70af72a72b31fe4d,2.7,2.78,1.43478,1.4717
531d9676d767da66,2.65,3.15,1.46512,1.39063
feaffeb1af7e82ef,1.36364,1.23095,2.95,4.32
c48af5eafb532d0a,1.40816,1.29674,2.75,3.7
7dc551f8153bd053,1.30769,1.21739,3.5,4.6
7fe0cec2b0f1c146,1.27397,1.46948,3.55,2.8
e9f00c16810e0e61,1.26316,1.15337,3.6,6.02
f6a03399c7a721cd,3.25,5.28,1.32787,1.17391
934b44ddcb3d95e6,1.74074,1.41322,1.95238,3.02
c4704eab5e2f51b8,1.28571,1.29412,3.5,3.73
240e9389cca3bd18,1.23529,1.24213,4.05,4.37
e186bd5e556f1b5e,1.54054,1.28818,2.45,3.78
7ed98f8d1ffae082,1.32787,1.60241,3.25,2.42
dbca9f6bb7290c0d,1.43478,1.56818,2.7,2.53
dfa2fda311df08cf,1.40816,1.54645,2.75,2.58
10b31e991c2d0d4e,1.28571,1.21978,3.5,4.57
25c4013fc187762a,1.46512,2.11,2.65,1.75758
bc1787883f9328be,1.95238,2.12,1.74074,1.74627
68c77a11b2d308dd,1.68966,1.6993,2.05,2.22
d47fd8fc3886f86c,2.15,1.82645,1.64516,2.03
6921344f8e706d0f,2.3,2.2,1.66667,1.6993
f2ce79565c0820dd,1.83333,2.07,2.0,1.77519
3e16a71836e85212,2.65,2.38,1.52632,1.61728
ea43a5fe4ff9a3c4,1.32787,1.35088,3.25,3.38
2eb56023c4a54504,2.65,2.36,1.46512,1.62893
2671de30a1736f51,5.5,7.75,1.13333,1.09443
fba7d6a42f137938,1.68966,1.39841,2.05,3.09
25e1d17d072227c6,1.57143,1.5618,2.35,2.53
29de6ddc42a2e674,2.75,2.44,1.40816,1.59524
8ebd6e9d41a51e31,1.43478,1.34364,2.7,3.42
445d0d44091b902a,1.54054,1.50761,2.45,2.68
51f955029dbf6978,1.52632,1.6993,2.5,2.2
01a4827b3596d111,1.41667,1.23697,3.05,4.3
357a34207d70da69,2.35,2.03,1.57143,1.8
849eb47d349f3fe4,1.24691,1.25773,3.85,4.12
066756ea40b134a7,1.36364,1.1938,2.95,4.97
8accd04438b91262,3.65,3.13,1.25974,1.38911
bef4df43d6052a02,1.17699,1.33003,4.75,3.47
8e1ae2ae6694b131,2.65,2.31,1.46512,1.64516
2c7b788effdc1b4c,1.32787,1.50761,3.25,2.68
18aff757c54687f1,1.43478,1.25907,2.7,4.05
43496ff308e681a0,1.51282,2.07,2.55,1.77519
9a46f95c1c1e57f0,1.54054,1.78125,2.45,2.07
84d4b658851b7e0e,1.28571,1.54348,3.5,2.57
2556b7520536ce1d,2.6,1.81967,1.54054,2.02
0697d5520b74a8df,1.90909,1.75758,1.76923,2.12
fd0fd9a2d6ef8c4f,1.43478,1.71429,2.7,2.19
9dfac33cd3ae4afd,1.58824,1.92593,2.3,1.9009
1cb7138b107b93b5,1.37736,1.22422,2.85,4.53
578987d534a0d205,2.55,4.22,1.51282,1.25
83d59f5e52e0ac46,1.74074,1.60241,1.95238,2.44
668d077ac9d7d3c9,2.0,1.56497,1.71429,2.55
57ff0eb2351979c4,1.37736,1.45662,2.85,2.82
ac0a63ad13897564,1.90909,1.66225,1.90909,2.29
7c40aa2cb6883a91,2.15,2.74,1.64516,1.4878
28deed0ab55ca350,1.74074,1.86957,1.95238,1.95238
f870cacadb058733,1.58824,1.86957,2.3,1.9434
d5955b81c26230ff,1.90909,2.44,1.76923,1.59524
a2af14e9dba37b03,2.55,2.51,1.51282,1.56818
216fddf542707629,1.54054,1.4329,2.45,2.9
a3e8ef1ce72a7d02,1.40816,1.56818,2.75,2.51
83f7c3b91a402306,1.58824,1.625,2.3,2.38
a6c29d2cb319d923,1.83333,1.86207,1.83333,1.95238
d7cbe2f23d75afd1,1.60606,1.82645,2.25,1.9901
82177c0f91d9618a,1.5,1.50505,2.7,2.7
c4eaeec8ac778b27,2.95,3.02,1.40816,1.41152
dd88960598219eba,2.0,1.96154,1.76923,1.8547
98dd88d83f57c17a,1.28571,1.2809,3.75,3.87
d42410f6f1039ab5,1.64516,1.63694,2.25,2.35
1881b1e85cceee13,2.0,2.4,1.76923,1.6135
35d0ef51fede263c,2.6,2.77,1.5,1.47619
36fcfd186a8d6df7,1.25,1.22727,3.8,4.52
efc40ec41114d8fa,2.75,2.66,1.40816,1.51813
a0c82ba11a373008,1.37736,1.20408,2.85,4.8
b5ec939fd1edf048,1.57143,1.5988,2.35,2.46
ad5ef8d8678ff97f,1.64516,1.34247,2.25,3.42
30523303e8d85c25,1.68966,1.81967,2.15,2.03
eed6c9aff2234b7a,1.60606,1.32573,2.35,3.48
760b5b16b4931a77,4.3,7.17,1.25,1.10373
5868c154789648f0,1.51282,1.67114,2.7,2.27
ff467a5f06a91a0f,1.5,1.67114,2.6,2.27
6087c50c5f95a677,2.4,1.77519,1.58824,2.07
96fe84d051847591,2.15,1.95238,1.68966,1.86207
63dd38f0dcc2ee88,3.6,3.7,1.29851,1.29499
32a8f38bd1d46e3e,1.60606,1.52632,2.35,2.73
36032308b7e86fd0,1.34483,1.65359,3.3,2.31
4eff0432bd364a23,2.15,2.38,1.68966,1.62112
702759500d47a059,1.55556,1.98039,2.4,1.84034
fae99a4089f8abb0,1.25,1.21552,4.0,4.58
11f7bac5037a184c,2.25,1.9009,1.68966,1.91743
cb56e868deaddac4,3.25,3.43,1.32787,1.33003
d3f44fedc561d2d5,2.75,2.16,1.40816,1.71942
326b843cb2b7fd94,1.52632,1.81301,2.65,2.01
a6441acec6718f03,4.75,2.76,1.2,1.48544
be822403f364fff3,1.74074,1.95238,1.95238,1.86207
cefb47bcc04f540e,1.37736,1.40323,2.85,3.02
57961c6adebfb13d,2.45,3.12,1.54054,1.39216
5ab2a4fec735e0b2,1.83333,1.81967,1.83333,2.0
ed499508be1e5532,2.55,4.25,1.51282,1.2439
b46f2f007b622bce,1.54054,1.35088,2.45,3.37
60c441c5838dfac2,1.13333,1.34843,5.5,3.37
a70c43cafabc73c3,1.5,1.18215,2.6,5.08
d671f436fab2a252,2.3,2.13,1.66667,1.73529
daa38964824f1b9f,2.35,2.57,1.60606,1.55249
cf0a6466b762c668,1.57143,1.4329,2.35,2.92
d66a8591af39ca7b,3.1,2.51,1.37037,1.57471
891470d896b1de5a,1.64516,1.57803,2.25,2.5
cd258394e8d58d04,1.28571,1.3096,3.75,3.65
4d607b6ddc77a34c,1.46512,1.69444,2.75,2.22
d395828f5cb045a5,2.55,2.95,1.55556,1.42373
4e77cc2c8d604241,1.40816,1.48309,2.75,2.76
fcfaa28ed6888088,1.33333,1.41152,3.5,3.02
02f5621f480ad1d4,1.41667,1.42553,3.05,2.97
593f3b051aa82b0f,2.7,3.6,1.43478,1.32051
3f810c3433dddb80,1.4,1.38462,3.1,3.17
b70dfff154b135bf,1.25,1.25253,4.25,4.18
08244974cf39ae38,1.66667,1.54348,2.3,2.57
b9abcce29378e5cc,1.66667,1.70423,2.2,2.2
f0d4652f8edfbe6d,1.52632,1.42918,2.65,2.92
dc38c78358e053c3,1.22222,1.17452,4.5,5.25
6fe8bce03a46350b,1.71429,1.70922,2.2,2.18
0ddf834a47533d15,1.71429,1.65789,2.2,2.3
5fdf6611815efdfb,3.7,3.0,1.30303,1.42017
de4c4997f1429dd1,2.1,1.70922,1.76923,2.18
1c7ea3928c7d0ad8,2.4,2.44,1.625,1.60241
8bede5047e97d602,1.66667,1.74074,2.3,2.12
c03b6b6ce5d03276,1.68966,1.84746,2.15,1.98039
58584ccd0f63e3f3,1.25,1.18484,4.1,5.07
f2cd665eab69876a,1.83333,2.81,1.90909,1.45872
c6ca435e24c5f4e4,1.55556,1.45872,2.55,2.81
20ba608a6e717f05,1.36364,1.3876,2.95,3.15
d292243c6499b2fe,1.38462,1.37879,3.0,3.28
94b1596c6ff9a25d,1.52632,1.4878,2.65,2.74
e16f42a666e163d8,1.58824,1.46083,2.45,2.85
6e0c1faaf40caf9a,1.22222,1.13889,4.5,6.08
0f9be7ac405772f8,1.41667,1.39063,3.05,3.13
cd8cdb539deaa47f,2.3,2.62,1.66667,1.5291
ce7cd2ec773bea7f,1.52632,1.72993,2.65,2.14
159646a9d2ae8ea5,1.64516,1.51546,2.15,2.65
7c76c752c7abf2e0,1.52632,1.51546,2.5,2.66
137646de0ffd9c35,1.68966,1.72993,2.15,2.17
0e8d5c16eb9cb1cf,1.86957,1.625,1.95238,2.37
08e48648e3504638,1.47619,1.31646,2.6,3.59
5d6fb4acfe5cc8a1,1.90909,2.0,1.90909,1.81967
3bdacc82209b33f5,1.90909,1.92593,1.90909,1.88496
7200343d2e957cf3,1.45455,3.38,2.85,1.35088
dc24c4759651c6ad,1.71429,1.70922,2.2,2.18
0d9e9127c62811f9,2.6,3.3,1.5,1.36364
57939328c1214107,1.58824,1.35971,2.45,3.33
054794810817c1cc,2.4,1.76923,1.55556,2.07
5081319e58f9759f,1.46512,1.32573,2.7,3.53
3e4b8bd71e8bceb2,2.55,2.17,1.51282,1.71429
745bdd823161da89,1.55556,1.51282,2.5,2.67
2e9ad55f2e2f7c56,2.25,1.82645,1.60606,2.01
fd76b75c28dc247a,1.71429,1.52356,2.2,2.65
4c12c9085200121f,2.7,3.05,1.5,1.40323
9e674a02db6c03c8,2.6,2.7,1.54054,1.5
e842c6f63fa2e27a,1.35714,1.45662,3.4,2.82
5a00c73efbcf323e,2.4,1.9434,1.625,1.86957
9f4d6d192ab4a027,1.41667,1.29586,3.05,3.7
73dbbdfcf7f989c0,1.22222,1.13532,4.5,6.17
eed8c9955cad1e30,2.25,1.71942,1.60606,2.16
5fb63c34935acce9,2.1,2.23,1.76923,1.65789
8e7b2d62f834b417,1.45455,1.29586,2.85,3.7
e10481ee3fda7080,3.05,2.69,1.41667,1.50251
59eea37af7efb06c,1.28571,1.35714,3.85,3.33
51108eabae8391ca,2.25,2.0,1.68966,1.81967
ccfe7b0d29c5440c,1.625,1.54645,2.4,2.58
a2620cbef573a837,1.32258,1.40323,3.6,3.04
e8ef17c0babcfca5,1.28571,1.41841,3.5,2.97
eedcb6c5d163e581,1.32258,1.25641,3.6,4.12
6eaa4981d0335c8a,1.95238,1.64516,1.86957,2.33
de2069fea664c4b7,1.68966,1.67114,2.25,2.26
5b062be91c65fb73,2.3,1.71942,1.66667,2.16
55c257629ecea80f,1.18182,1.29499,5.0,3.7
47f9c14a7dca1ad7,1.76923,1.24938,2.1,4.26
2279d909f6e3e552,1.35088,1.55249,3.05,2.56
3c098e2946b4c824,1.47619,1.3876,2.8,3.22
c93eebe24aa0299d,1.13333,1.05858,6.5,10.83
2b13651b97f57b6c,2.3,1.9901,1.66667,1.82645
1671723154d8e324,1.90909,1.5,1.90909,2.69
8d5ea3bf3be7cb91,1.4878,1.67114,2.75,2.27
6c1b38dd918793ff,1.57143,1.43668,2.5,2.9
e22d5aab3d099c7c,2.95,3.82,1.43478,1.28249
a02764f92a84dd36,1.68966,1.62893,2.25,2.35
90eb22b9eb6ed2a8,1.66667,1.35211,2.3,3.33
91afc389191d41fb,3.75,5.38,1.27397,1.17123
c258996570faeec9,1.36364,1.30395,3.35,3.62
b7b867eb3c3cf163,2.1,2.5,1.76923,1.56497
27200d53ba9020b8,1.71429,1.61728,2.2,2.38
4a172a5191cb8e60,1.57143,1.81301,2.35,2.03
fe3ff5b1d9135add,1.37037,1.23866,3.3,4.27
022bdd58cc6e571d,1.90909,2.35,1.90909,1.63694
cb7616f92a9a4e5b,1.86957,1.73529,1.95238,2.14
87d0b767742d3239,2.2,2.6,1.71429,1.54054
33d52ac2d70b8415,1.33333,1.31646,3.5,3.5
3d3e7dc7b4bf2bc4,2.5,3.5,1.57143,1.31847
a5075f4eaee6036f,2.4,2.33,1.625,1.62893
cd08b68f0bafafbf,3.3,3.7,1.37037,1.2924
65352221c0bfe52d,2.55,1.49751,1.54054,2.69
99dbe9669f31ed91,1.15385,1.15244,5.75,5.65
92f569a6d9374b86,1.83333,2.04,2.0,1.79365
83da743f6dda7dcc,1.71429,1.96154,2.2,1.84746
f3ccbfd7036f3cf3,1.25,1.15456,4.0,5.69
aaf45b095452be23,1.95238,1.86957,1.86957,1.9434
be94e5b7a35ce5f2,1.44444,1.36765,2.9,3.25
25b8c932da5e91f4,2.1,1.93458,1.76923,1.88496
26fbf026beb8e9f8,1.52632,1.50505,2.65,2.67
9201312dd860fa5a,1.54054,1.59524,2.6,2.41
96b1430379c0694a,4.0,4.84,1.25,1.19268
8cf076524cad5a55,1.28571,1.21645,3.85,4.55
17616514e8fdacb9,2.05,1.93458,1.8,1.86957
f98e954823bd6e02,1.52632,1.76923,2.65,2.06
357c5b86ec83b826,1.68966,1.72993,2.25,2.14
54e2490959f66dc2,1.33333,1.4065,3.4,3.03
7de9867b7cc2b1b1,3.1,3.03,1.4,1.4
fd92fe0c494d0959,1.1,1.11962,8.0,6.56
15c9cb5f9320c555,2.25,2.02,1.68966,1.81967
c06d7bb29bc24d00,1.25,1.22523,4.3,4.46
04a788abbbd1f256,1.37736,1.52356,2.85,2.59
f4363f1317b47213,1.86957,2.11,1.95238,1.74074
5980ab31e4718a83,2.65,2.67,1.52632,1.4902
ae5d14a9fc1ad19c,2.3,1.67568,1.66667,2.24
2704d31de2c2f43b,1.76923,1.68966,2.1,2.24
d170f6580e1c244f,2.44,2.92,1.5814,1.43103
7ad09f889d2cdb6f,1.58824,1.45872,2.45,2.79
50ef636148fa6fac,2.65,1.44053,1.46512,2.87
e2abba69c3371618,2.05,1.53191,1.8,2.57
c096342c57a6f2c4,2.1,2.91,1.76923,1.42918
b1eff235241e719b,1.44444,1.72464,2.9,2.16
0aa335dbc4cb3473,1.4,1.28169,3.1,3.79
39d188fa9b95d550,1.41667,1.50251,3.05,2.67
6002c24f0b7f8cc7,1.64516,1.55249,2.35,2.52
41622791b276ad9e,2.35,1.80645,1.64516,2.02
390694c179f05c7f,2.65,2.09,1.52632,1.75188
8317208cfb030ed3,1.57143,1.62893,2.5,2.34
4b3af85b0df51d09,1.57143,1.43478,2.35,2.84
2220b73ece1730c3,1.55556,1.5,2.55,2.65
48292a027df02443,1.4,1.35461,3.1,3.28
6a5eb525331fa1fc,1.33333,1.29326,3.5,3.62
34d2632fd26e7078,1.29851,1.20243,3.75,4.7
00bbcd4a6d647fdf,2.35,2.91,1.64516,1.42918
1820fed0fbcf6294,1.74074,2.3,2.15,1.64516
f5dd0a24a7dba53c,1.4878,1.66225,2.75,2.25
512af32553d9bd70,1.68966,1.72993,2.25,2.12
c5dfce1eaa2dc169,1.33333,1.52083,3.5,2.62
6a7347d1da8a2b87,2.05,1.42553,1.8,2.92
fef29aa73bd5b907,1.5618,1.75758,2.46,2.1
cfbaeb80b5ff7c00,2.05,1.65359,1.8,2.28
969aa613824c5dfe,1.8,1.57143,2.05,2.45
6655a8da2655f2d0,2.0,2.26,1.83333,1.66667
ca22bafab913aae7,2.0,2.05,1.83333,1.7874
be2e28ba3bdeb400,2.15,2.0,1.74074,1.82645
5573d46130d6b967,1.83333,1.92593,2.0,1.89286
2b894d87ad9aae05,2.2,2.0,1.66667,1.81967
bfd672cac0726a9a,3.5,2.93,1.33333,1.42194
1f2f27b36e79da74,1.90909,1.76336,1.90909,2.09
de332779baa1b103,1.44444,1.45045,2.75,2.82
6cd44e1b2d093ea4,1.42553,1.40816,3.0,2.99
0f51869f98afa6c0,3.05,2.71,1.41667,1.48077
b070b8c2c489d838,1.36364,1.20408,3.2,4.64
43dfb2c1e5fecac9,1.45455,1.46083,2.85,2.77
4560734220b96851,3.5,3.13,1.33333,1.37736
7d2051c6bae907cb,2.2,2.24,1.71429,1.66667
9127a6430e46292c,1.90909,1.67568,1.90909,2.23
d66164d2c770da68,1.35714,1.45662,3.4,2.8
34d38d77c1d3f00e,1.42553,1.40816,3.0,3.0
d4ad90ac58429b64,4.2,2.57,1.23256,1.53191
84cde29aebf6c00c,1.55556,1.9434,2.55,1.87719
dedb74ee9d84deab,2.0,1.86957,1.83333,1.95238
1b4d5dbf5f663a97,1.5,1.625,2.7,2.33
7d0ce28ce8a77eb1,2.2,1.77519,1.71429,2.05
8245791a3d3403c6,1.64516,2.34,2.35,1.61728
53b480b44b0b51f1,1.58824,1.8,2.45,2.01
dbcc5b5d568efa8b,1.2,1.1006,4.75,7.14
7070abfa26c079b8,1.57143,1.54348,2.5,2.51
96bbb6c573dac27a,1.57143,1.52356,2.5,2.57
07468b6347ac5e3d,1.45455,1.44444,2.85,2.79
858feabaf429a963,2.1,1.84746,1.76923,1.9434
5d5bf07dbfada0e3,1.57143,1.48544,2.5,2.68
1aba46988c9b58f9,1.52632,1.65359,2.65,2.26
ac0a1d87e9ff4085,1.25,1.33557,4.0,3.36
bf732e22055e8634,1.30769,1.3003,3.75,3.59
980927e7dcc131c0,1.72464,1.87719,2.15,1.9434
efe985e626a0d8c0,1.625,1.90909,2.4,1.9009
962aab0abdd34173,1.8,2.07,2.05,1.78125
76ece0ee2ef5d240,1.68966,1.34247,2.25,3.31
3d75081ce43774ca,1.55556,1.92593,2.55,1.88496
dcd0793ff1a43b68,1.71429,1.37037,2.2,3.19
f2336b7545f5f442,2.55,2.19,1.55556,1.69444
85c5dd604d5b3634,1.5,1.47847,2.7,2.71
9a678f346946b6a4,1.5,1.44444,2.7,2.82
cce232c1b1b2e4a0,1.90909,1.86957,1.90909,1.9434
af9927b5589e708b,1.66667,1.31056,2.3,3.5
18f1b88d8977c216,1.54054,1.53476,2.6,2.56
7233b2a56438d77a,1.13889,1.06707,6.2,9.32
92e006a93f983fb5,1.4,1.6135,3.1,2.37
f4df74046a1c4364,1.41667,1.30211,2.98,3.57
f4a2806f77ac1cdc,1.43478,1.44843,2.95,2.8
bc276e0f07e30a54,1.90909,1.34843,1.90909,3.29
b3c23fb2d71bba51,1.66667,1.65359,2.3,2.28
f085f32bbb3220e1,1.71429,1.46512,2.2,2.75
e7bb37681652c2c2,1.44444,1.24272,2.9,4.16
7abc4520f63f2c06,2.6,2.0,1.54054,1.81967
d8189169b2c8a2aa,1.28571,1.71429,3.75,2.15
7484298ad57099be,2.65,2.3,1.52632,1.64103
919fb76d2f3e5827,2.65,3.27,1.52632,1.35336
18edff5447989b3f,1.33333,1.3861,3.5,3.09
5ad4c0eae7512878,1.33333,1.19048,3.5,4.89
13e3e41e0c6f4e04,1.47619,1.34364,2.8,3.32
987cdcbc809e210d,1.38462,1.19646,3.1,4.76
58b19ba734fe93a3,1.34483,1.29586,3.35,3.61
d84968d7e9fcb4f3,1.83333,1.5988,1.90909,2.38
41cdfea7df63003f,1.90909,1.5988,1.90909,2.39
768c86e307295944,1.55556,1.25773,2.55,3.93
92c49cb075f612d7,2.3,1.93458,1.66667,1.87719
156f2425a937b22f,1.33333,1.34014,3.5,3.31
4a5e5232346993c7,1.90909,1.43103,1.90909,2.85
6163c18411aca830,1.33333,1.2584,3.5,3.98
31b3ae9352d9389b,1.44444,1.33445,2.9,3.36
19722043e7eb4e39,1.90909,2.0,1.90909,1.81967
c634ed84212723ca,1.5,1.63694,2.7,2.3
a260238fdb9c47cf,1.58824,1.54348,2.45,2.54
999a0fad4c82148d,1.71429,1.46296,2.2,2.75
385101e8ad828c39,1.66667,1.36364,2.3,3.2
d69e3677060af4c7,1.76923,1.51282,2.1,2.59
fa3b28ff3585b4a0,3.75,3.55,1.28571,1.30864
095a351dd6f09f7e,2.3,1.82645,1.66667,2.0
733dcfec0cc9b439,1.34483,1.23529,3.35,4.18
e25875165648162b,2.3,2.03,1.66667,1.79365
88cc78d2d5d6bcaa,1.4,1.25575,3.1,4.0
73d541adc2909dc8,1.54054,1.25445,2.6,3.98
8081cb92f71401c6,1.66667,1.50761,2.3,2.63
0b633295d9e017a3,6.0,7.06,1.125,1.12484
b22eab3aa1522f40,2.45,2.12,1.60606,1.72993
2d0d13dfc6c37ba8,1.86957,2.04,1.95238,1.7874
8c01b7dccc4d0926,1.30303,1.31153,3.7,3.5
6537a32e7af905b0,1.5,1.71942,2.7,2.15
abb8c6c0a057184e,2.35,1.92593,1.64516,1.89286
50f2539c73b98eec,1.90909,1.8,1.90909,2.03
9039762cb9f4abdb,1.28571,1.30303,3.85,3.58
16243b1470887cb6,1.8,1.5291,2.05,2.61
fc2a30bfb760bdf8,1.64516,2.18,2.35,1.70423
537a5aa4c248830e,1.38462,1.54348,3.2,2.55
8bcdcfb0f93f1409,1.90909,2.63,1.90909,1.50505
505397f405e40206,1.33333,1.28329,3.5,3.77
106088694fa0c682,1.28571,1.30864,3.5,3.7
ac656cebef8cf0a4,1.37736,1.33333,2.85,3.5
4c05732d411d6412,1.21053,1.21413,4.25,4.7
3e1bd51261cb61df,2.2,2.15,1.625,1.74074
939cc30f07131724,1.40816,1.48309,2.75,2.75
edcf1d6a1bd8acc7,1.54054,1.66667,2.45,2.3
13d2b7aef67cb6ea,2.3,2.1,1.58824,1.76923
a5e240bcd7731725,2.0,2.45,1.71429,1.5988
02b39d683f027517,1.54054,1.70922,2.45,2.21
9e75fbe17a35f272,1.37037,1.33898,2.9,3.48
30a2c7e5b90e6d74,2.25,2.35,1.60606,1.64516
934c967872f28b13,1.625,1.64516,2.2,2.35
6d04fbef6b8e4551,2.15,2.05,1.64516,1.8
0d33d43bee65d98f,3.5,5.23,1.28571,1.18182
450760216f5643ca,1.83333,1.90909,1.83333,1.90909
2cab927474cb6e62,1.52632,1.60976,2.5,2.43
314aea77cd24210f,2.15,1.90909,1.64516,1.90909
71854cfe738d6ee1,3.0,2.66,1.35714,1.52356
64bc223daa594bcc,2.45,2.34,1.54054,1.64935
2c0a58ef0324e18b,1.83333,2.13,1.83333,1.75758
291d91378a96d1e8,1.71429,1.71942,2.0,2.19
4f60a7e7b848bc6d,2.3,2.21,1.58824,1.71429
0da0dc2c7eb29f58,1.57143,1.71429,2.35,2.2
cb1e57b5f8c92922,1.52632,1.4,2.5,3.1
0769ab47fcf0bf6b,1.16667,1.23585,5.0,4.45
25cd989ac5569629,1.46512,1.55866,2.65,2.55
14e7bb7a9d49450d,1.21053,1.24691,4.25,4.33
9555d8941df4a998,1.52632,1.42553,2.5,2.98
02e3699be1d8daa2,1.57143,1.68027,2.35,2.28
85feac6924abb35b,1.51282,1.51282,2.55,2.68
0b26d635106aea1c,1.76923,1.52083,1.90909,2.65
a71febed166b7d42,1.33333,1.40486,3.2,3.1
770312f3ca8506b6,1.38462,1.68966,2.8,2.26
87b6c507a7684ec2,1.46512,1.41322,2.65,3.03
5742025a09190829,1.25974,1.28571,3.65,3.88
00720c46f864fe03,1.625,1.73529,2.2,2.17
8edb831924d69dd9,1.90909,2.13,1.76923,1.75758
7685701c382cd49a,1.55556,1.67114,2.4,2.3
b60bbec8ec98941b,2.7,2.35,1.43478,1.64516
8156479490877d08,1.52632,1.60241,2.5,2.47
bbb67c2ac4453d64,1.46512,1.32258,2.65,3.55
53c3565ee1d3411a,1.74074,1.59172,1.95238,2.39
3f7684492c9df05e,1.83333,1.65789,1.83333,2.33
ae803440d778a12b,1.40816,1.42553,2.75,2.99
c1356395d6b055d7,2.35,1.8547,1.57143,1.98039
1a81573425c585fb,1.64516,1.74074,2.15,2.15
8c220d4c96895a98,2.35,2.53,1.57143,1.56497
4a2e7e2c8cfdaf5f,3.25,4.0,1.32787,1.27473
94cecf4bd29793e1,1.83333,1.79365,1.83333,2.07
36220644401d85e1,3.35,4.28,1.31746,1.24876
49e344834626c144,2.85,3.25,1.37736,1.37736
451525a1abe30a91,1.40816,1.13387,2.75,6.38
74256b4e8d0b1de6,2.45,4.08,1.54054,1.26596
478221ad98336565,1.38462,1.2994,2.8,3.8
66ad9f88f063d2ef,2.7,2.05,1.43478,1.8
48e51d4e7172048e,2.1,1.93458,1.66667,1.89286
ab14dbff9d2ae41a,1.86957,1.9434,1.8,1.88496
a5d24caed8afbeef,1.83333,2.04,1.83333,1.80645
112e6a0ddce893e6,1.90909,1.5988,1.76923,2.4
16e28dd989ee1dea,1.66667,1.93458,2.1,1.89286
9c256e94c6b584b6,1.26316,1.13141,3.6,6.5
f00ac5af033f44b4,1.35088,1.27027,3.05,4.08
1db121859d2fcda8,1.37736,1.31746,2.85,3.6
e4c4c54a10e06973,2.6,3.08,1.47619,1.38911
ad9ecef413a5b48f,1.60606,1.36364,2.25,3.35
e59aabdfba9d6c45,1.58824,1.63291,2.3,2.39
c1d86f1e6d41cd03,1.47619,1.34483,2.6,3.45
58450502a93454c8,3.35,4.08,1.31746,1.27027
34524408fb4d6752,1.57143,1.63694,2.35,2.37
b47e4f0982938e5b,1.55556,1.62112,2.4,2.42
74d4e37b97866514,1.90909,1.7874,1.76923,2.08
b03dd50785e761a0,1.95238,1.90909,1.74074,1.90909
24f156a78bd32026,2.25,2.75,1.60606,1.48309
76602c3658d70273,1.90909,1.58824,1.76923,2.48
f4f5049e789b7716,1.47619,1.50761,2.6,2.7
dc169cc01d675125,2.35,3.05,1.57143,1.41322
12740c6b17779fe9,1.46512,1.33113,2.65,3.53
ebb94e00d6431e7a,1.76923,1.7874,1.90909,2.08
0ace7e71f5d66bc9,1.47619,1.30303,2.6,3.75
00be3852000f8fe9,1.83333,1.68966,1.83333,2.25
7e6f91cbf8e93210,1.38462,1.31546,2.8,3.63
1e5c66d12761d4fe,2.45,2.3,1.54054,1.67114
7ec86f2af631344f,1.90909,1.89286,1.76923,1.93458
55f727e00553035d,1.17391,1.18182,4.75,5.23
c365a488a8de3c89,2.4,2.75,1.55556,1.48309
f99ee57f75b20b69,1.55556,1.48309,2.4,2.78
eee7f546c126ee8b,1.33333,1.5814,3.2,2.52
88ce808e4e604180,2.35,1.98039,1.57143,1.8547
794b63b4c1e1e789,2.25,2.39,1.60606,1.63291
0bb419537705fb04,1.21053,1.2584,4.25,4.18
b29ed164b3014a42,1.18018,1.16026,4.65,5.63
2310fbcb6fdf3b47,1.28571,1.23041,3.5,4.43
53c96668bf850809,1.37037,1.625,2.9,2.4
8b97cd609c7152b7,1.35714,1.23585,3.0,4.38
41385f4e63682b5b,1.86957,1.6135,1.8,2.44
3905e5dc489811d6,1.54054,1.76336,2.45,2.12
2d6182d1d398ed6a,1.8,1.79365,1.86957,2.06
319f3fad278368e6,1.83333,2.03,1.83333,1.81967
cf18911df2052826,1.35714,1.33784,3.0,3.53
c0c587cb52de929b,2.7,1.90909,1.43478,1.90909
f313eae425b7c539,1.46512,1.36496,2.65,3.33
7d4e11c2a9485320,1.38462,1.29412,2.8,3.78
6ccfbe3a7c5aa55e,1.74074,2.26,1.95238,1.68966
923d5041c3b6d763,1.57143,1.32787,2.35,3.55
79be3a6d483ad64a,2.8,4.75,1.38462,1.21186
8cdc9c13d75adb28,1.86957,1.76923,1.8,2.1
78e38f1ad43c3479,2.45,3.23,1.54054,1.38168
33913e8e56c49a4c,1.33333,1.3012,3.2,3.73
2105210529457ffd,1.58824,1.58824,2.3,2.48
9674c37e3a2bc399,1.19802,1.14599,4.35,6.05
ac6cb989ccc38f73,2.5,2.3,1.52632,1.66667
2c101a0bcf334d31,1.55556,1.66225,2.4,2.32
9c3f3bc7f7472e0c,1.74074,2.07,1.95238,1.7874
1ed9dbbe604654b9,1.36364,1.36364,2.95,3.35
b166f1582946fbbc,3.2,3.53,1.33333,1.33333
cd96998e837b0da1,2.35,2.33,1.57143,1.65789
ad772f626b5dd31d,1.47619,1.39216,2.6,3.15
dc7ba55ca764cfbe,1.90909,1.68966,1.76923,2.25
2dfa31667cee74c3,2.1,2.63,1.66667,1.55866
e4db3b1669d498c3,1.33333,1.15291,3.2,5.95
165d3a571fcc5e3c,1.66667,1.82645,2.1,2.01
288b479c485c48b2,2.4,2.75,1.55556,1.48309
11cb7d7d774d5e6a,1.43478,1.4878,2.7,2.73
4507354cd97f10e5,1.47619,1.33898,2.6,3.6
1b1d1900b4051344,1.38462,1.27248,2.8,4.05
bd4a648bebaefab3,1.57143,1.4878,2.35,2.75
0096879f5708526b,1.28571,1.18762,3.5,5.1
205ad947e8c94901,1.52632,1.44053,2.5,2.9
b6464850da8f3099,1.51282,1.42553,2.55,2.98
a69a155a25b84679,1.51282,1.49505,2.55,2.73
fc2585e234e49dee,1.33333,1.27397,3.2,4.15
9072bf6135cad3e0,1.46512,1.28169,2.65,3.93
b66f4fa1b9b96b51,1.36364,1.31746,2.95,3.6
a71e4206f87ae74c,4.65,5.08,1.18018,1.19231
8984ab656cb1818d,1.24691,1.18904,3.85,5.1
361e67af5f462aea,2.25,2.0,1.60606,1.83333
e7b5a8c97106ca60,1.37736,1.36364,2.85,3.35
7d14f95d03afb359,1.83333,1.82645,1.83333,2.02
7013a95ea4014606,1.83333,1.66667,1.83333,2.3
0ad57af26ddc7930,2.75,2.33,1.40816,1.65789
bd59c07a106d331b,2.2,2.41,1.625,1.62112
ae5c7517d9f2516c,1.36364,1.30769,2.95,3.7
b53fd8bce62aa1c6,1.38462,1.34364,2.8,3.45
3a4d2a933a3c7291,1.55556,1.74627,2.4,2.14
9a79a4b97a0f1e24,2.85,3.83,1.37736,1.2924
3d1f83264d87c529,1.47619,1.26882,2.6,4.08
1bd52b0c01018f4a,1.43478,1.47619,2.7,2.78
f7ae397fefa57c70,1.38462,1.23474,2.8,4.48
1e75ee0da189857b,1.71429,1.74074,2.0,2.15
eafda776967c6444,1.76923,1.76336,1.90909,2.12
aebdb007f8d1348a,1.83333,2.39,1.83333,1.63291
8417a20d56fe6776,2.9,2.66,1.37037,1.54645
c62a90c19af6a0e2,1.76923,2.59,1.90909,1.54348
86892d114b204bf3,1.37037,1.19531,2.9,5.05
a77950d6a0a451f4,1.52632,1.63694,2.5,2.43
1ccde17f48fb709e,1.57143,1.52356,2.35,2.66
8fd14eb227688467,1.32787,1.2924,3.25,3.83
7e7fba47f511f8ad,1.43478,1.47619,2.7,2.78
a0909aab15ba53c5,2.6,2.53,1.47619,1.57143
2fef7ac78df0cccc,1.37037,1.28409,2.9,3.9
d49d2c810583a56a,1.66667,1.45455,2.1,2.85
253e42894852b26a,2.1,2.5,1.66667,1.5814
d5598322f81db6c9,1.58824,1.46296,2.3,2.82
cd54325a9a538837,2.45,2.48,1.54054,1.58824
2f9b9ef5f6833aa1,3.35,3.48,1.31746,1.34247
c8f619a71b714ec7,1.60606,1.75188,2.25,2.14
48f7e64b548806cd,1.71429,1.60606,2.0,2.45
a3e4322f55454897,1.46512,1.35714,2.65,3.4
02732ebb104793d2,1.43478,1.5618,2.7,2.56
19348172178f42ed,1.51282,1.45872,2.55,2.84
0b89c88d506da083,1.57143,1.40486,2.35,3.08
a3723f0f672b0912,2.4,2.0,1.55556,1.83333
cfc550960a7ec353,1.57143,1.8,2.35,2.06
75a978e0ecce2536,1.66667,1.78125,2.1,2.08
7303ae36077411d9,1.31746,1.40486,3.35,3.1
b1f7bc82f7dce1b9,1.66667,1.53476,2.1,2.63
b3bf1b6ad2d1a533,1.52632,1.19048,2.5,5.3
5afbc04a153d7efd,1.25974,1.25641,3.65,4.23
605c2ad801f594b3,1.47619,1.4,2.6,3.1
89f83750703d5fd3,1.71429,1.70423,2.0,2.23
ecbc282542a395c2,1.25,1.25,3.8,4.28
af5f287198f20eb4,1.19802,1.15152,4.35,5.8
b7ab4cd6ce7a71dd,2.35,2.5,1.57143,1.5814
24438a644b975751,1.25,1.20534,3.8,4.88
3dd22a9a0ea68cc6,1.23529,1.24038,4.55,4.39
ff4cef86bef2d0aa,2.2,1.64103,1.625,2.37
128e818254ebfabe,1.17699,1.23041,4.75,4.43
4c1fd940e1619e68,1.22727,1.11249,4.14,7.13
7b80dd233e200dd2,1.31746,1.21186,3.35,4.75
52e4f12eaeffd142,1.57143,1.89286,2.35,1.93458
7094c05bf73eee81,2.7,2.73,1.43478,1.49505
2ec12d4bbc0752db,1.55556,1.67114,2.4,2.3
7864fc46de247f58,2.7,2.73,1.43478,1.51813
d1bee15e60ee6721,1.18018,1.22624,4.65,4.5
e8d59c27b467d716,2.85,3.42,1.37736,1.35211
ba27835ff05df0c9,1.37037,1.28169,2.9,3.93
690ab86bdd94149b,1.625,1.49505,2.2,2.73
6be073563a421bca,1.57143,1.63291,2.35,2.39
3b89556b3f177b7b,1.21053,1.25063,4.25,4.25
296cc69bcc3c1635,2.1,1.88496,1.66667,1.93458
37cdf5bd5c975a5d,1.76923,1.64516,1.90909,2.35
da7afd49fefe6a46,2.7,3.13,1.43478,1.39683
e0e4ce7595b5c26a,2.1,2.03,1.66667,1.81301
aa7b1fca60a21f3a,2.25,2.29,1.60606,1.67568
d71ad0033de24fff,1.28571,1.16393,3.5,5.6
6a315ef5bf22af29,2.1,2.3,1.66667,1.66667
fdfc700e56575d67,1.47619,1.46512,2.6,2.8
61070325bb440f58,1.24691,1.27624,3.85,4.0
4dcd6ff5e32a3779,1.60606,1.93458,2.25,1.89286
9da4e06a403f0d27,2.0,1.65789,1.71429,2.33
06287b822837a616,1.51282,1.5988,2.55,2.47
88f36fa2945ccac5,1.31746,1.33113,3.35,3.53
f3f252b9810cff0d,1.37736,1.40816,2.85,3.05
8b10419db5bffe28,1.37037,1.42194,2.9,3.0
405c0b8d3960016d,1.625,1.67568,2.2,2.33
7a5baef71925258c,1.71429,1.96154,2.0,1.86207
0b557aeb2169b59f,2.1,2.54,1.66667,1.56818
bed03663bc577f02,1.60606,1.4717,2.25,2.78
23ea24013d15c09c,1.66667,1.89286,2.1,1.92593
d4eb3614c7734781,1.31746,1.19841,3.35,4.98
4838bf4ca76c1c6b,1.58824,1.74074,2.3,2.16
72d703db67371e1d,1.33333,1.25381,3.2,4.41
9dd9affa41eead4c,1.47619,1.44053,2.6,2.9
f9e07282f3444d09,1.58824,1.65359,2.3,2.34
e11e290d816c119b,2.5,2.24,1.52632,1.69444
4ffd88b2f00f4250,1.57143,1.38462,2.35,3.2
b55605791a4d72b9,2.0,1.90909,1.71429,1.90909
b6b5ec324449befd,1.38462,1.28571,2.8,3.88
603354ffe9cc0755,2.6,3.65,1.47619,1.30769
7ad85c84025c0db0,1.64516,1.39683,2.15,3.15
151c597d2e609a4e,1.35714,1.28249,3.0,3.95
935f559ab0521c27,1.83333,1.7874,1.83333,2.08
5519d7fe2cee8353,1.83333,2.05,1.83333,1.80645
5db3e2fdd18129a4,1.37736,1.3663,2.85,3.33
60de5efe5b439c8b,1.40816,1.54645,2.75,2.58
7006a98fe9944571,2.65,2.52,1.46512,1.57471
d3c78cc516417797,1.47619,1.32895,2.6,3.58
78e554aa129711ba,2.65,3.13,1.46512,1.39683
4b202bae6c87b98b,1.52632,1.44444,2.5,2.88
4b0aa5c67e69ce74,1.37736,1.33333,2.85,3.5
2060e8172f820d80,2.15,2.13,1.64516,1.75758
5ebe8d3849273776,2.7,2.83,1.43478,1.46083
344bfe9c1ff511bb,1.57143,1.71942,2.35,2.19
569e2c02f7699c0d,1.47619,1.34014,2.6,3.48
097bc98e15722998,1.19802,1.15949,4.35,5.68
b90a5b9061ec54a5,1.43478,1.34722,2.7,3.46
fd2c018aade60a14,3.65,4.38,1.25974,1.24155
6971094300073d47,1.52632,1.57803,2.5,2.51
823797bc6d532b52,1.83333,1.80645,1.83333,2.05
23b6ffc0223f8cce,1.60606,1.49261,2.25,2.73
c06eaf92bdfde8e6,1.24691,1.30769,3.85,3.7
51ec53f442d2cc9b,1.60606,1.57803,2.25,2.51
32ad75f6c8ca7e9f,1.43478,1.36364,2.7,3.34
9f428684f3db247f,2.4,2.9,1.55556,1.44053
4ba97e13df33388b,1.24691,1.21097,3.85,4.75
52bae6f01ea9f926,1.58824,1.4878,2.3,2.75
62eaf9f2436bef25,2.55,2.15,1.51282,1.74074
4d5c3ddc740b89ca,1.83333,1.75758,1.83333,2.13
34c39a5a5917e0ec,1.40816,1.42017,2.75,3.02
1d166488129030d0,2.1,1.86207,1.66667,1.97087
0a444f30cae13d8f,2.8,3.7,1.38462,1.30769
1aaa1a9ceecd6063,1.57143,1.68493,2.35,2.31
6fe21a4cb2d839fd,1.95238,1.68027,1.74074,2.28
c9e19742c4146bff,1.31746,1.21978,3.35,4.73
bc84680df666c96d,1.83333,1.80645,1.83333,2.05
10a1947cb3feabc1,2.0,2.09,1.71429,1.77519
fbce8f52689bce87,3.0,3.8,1.35714,1.29412
061081f46950fdb0,1.38462,1.2439,2.8,4.33
ab853176cfe20b01,2.1,2.65,1.66667,1.52632
1ed266bed8005bbe,2.6,2.58,1.47619,1.55556
f9536ea60551b840,1.55556,1.2551,2.4,4.23
7a57289563f9d974,1.54054,1.36101,2.45,3.38
51e684bfce8d94aa,2.4,2.45,1.55556,1.60976
0820a29a03d58282,2.05,2.04,1.68966,1.81301
f767243bb48ab9d7,1.14184,1.14728,5.35,5.98
d85c76a61a820be9,2.25,2.73,1.60606,1.4878
3b1453df439a5024,1.43478,1.59172,2.7,2.49
4843f369dc8b5de5,2.7,2.79,1.43478,1.49751
738e0ccad2c9224b,1.38462,1.71429,2.8,2.2
1bf1a6fc9c9acc26,1.33333,1.33898,3.2,3.48
f8bb0aed83bd8638,2.05,1.75758,1.68966,2.13
9f10afab94cafc45,1.86957,1.7874,1.8,2.08
c4ecf4b894ccbced,2.75,2.7,1.40816,1.50761
420dd305cd1d062f,3.2,3.08,1.33333,1.40486
10f5bb70feb1df53,1.14184,1.09804,5.35,7.75
ee1c1e9037fee21e,1.57143,1.81301,2.35,2.04
0da43c3ec0e11650,2.45,2.49,1.54054,1.5848
a0ec4eac058e6050,2.2,2.65,1.625,1.52632
bc767f1eb6176dfb,1.43478,1.4,2.7,3.13
eb0f7127f22457e9,2.8,2.69,1.38462,1.50761
59b384dcc3ab49b2,1.46512,1.40816,2.65,3.05
7bfb92f7ea59dbbd,1.37037,1.23148,2.9,4.53
fa77134e0d90da3b,1.8,1.81967,1.86957,2.03
1fd5bf36c42ff1a2,1.60606,2.09,2.25,1.78125
8f7a73d05387b159,1.625,2.01,2.2,1.83333
f73dfeb48b09e6a6,1.90909,1.89286,1.76923,1.93458
6ae96d1de3bb0506,1.40816,1.4878,2.75,2.73
aeac1209f15157ed,1.46512,1.27027,2.7,4.07
357a5bc5de4f545d,2.3,2.31,1.625,1.66667
07f234a488661125,2.6,2.55,1.51282,1.56497
4335683beee93652,1.60606,1.46512,2.35,2.8
6f981a44898fb4ff,1.74074,1.68493,2.05,2.32
0bfb221a0944f8e0,1.54054,1.67568,2.55,2.29
a8d189f56de9b451,1.51282,1.66225,2.6,2.32
5edd1cd479f3919e,1.46512,1.27397,2.85,4.03
d07dd6239afe1cb0,1.39216,1.30488,3.15,3.74
e835e9a4564db497,2.75,2.78,1.40816,1.47619
5f19b0135414b454,2.6,2.37,1.47619,1.64103
848e7af760788418,1.28571,1.24631,3.5,4.33
e84fa12d87993ec5,1.33333,1.52632,3.2,2.65
f8ee14dbf966b9e6,2.2,1.95238,1.625,1.87719
288c942b0ad152a6,1.43478,1.76923,2.7,2.1
0b4583d204797d19,3.0,3.23,1.35714,1.4
714d6fc1eaca9624,3.9,6.63,1.2439,1.125
fe9ee00fa47dd7b3,2.35,2.78,1.57143,1.47619
2fd0c6d914b77205,1.38462,1.37736,2.8,3.25
dbb0ca0198ac514a,1.95238,1.6135,1.74074,2.43
6d8ce1abde550bc6,1.43478,1.34014,2.7,3.5
bef2a2e68fb4dfa8,1.46512,1.33898,2.65,3.48
62aab95c866a9c5b,2.45,2.42,1.54054,1.61728
6dd0874dec826397,2.1,1.89286,1.66667,1.93458
0f88658e787815c8,1.37037,1.33113,2.9,3.53
ef86720364837f68,1.51282,1.66667,2.55,2.3
a017d5806eaa6018,1.40816,1.90909,2.75,1.90909
dbed6292db8b0212,1.55556,2.51,2.4,1.57803
d2b5ce5548b71668,1.57143,1.4902,2.35,2.74
a22add1024153ddb,2.45,1.60976,1.57143,2.45
47f42aa7cf851a29,1.57143,1.19048,2.35,5.13
24f2d2dd9fea5d79,1.90909,1.17422,1.90909,5.38
1290d7eb0fefd3f3,1.47619,1.46512,2.6,2.8
db8887f2085f7971,2.2,2.53,1.625,1.57143
47c140debc977214,1.37736,1.43668,2.85,2.92
df0d4130944776d9,1.64516,2.62,2.15,1.53763
79c22394d9c2144d,1.83333,1.64103,1.83333,2.42
49b47b5b5f15c7c0,2.3,1.90909,1.58824,1.90909
c571ac76ca45c1cb,1.54054,1.5618,2.45,2.61
53febf2fb416f9de,1.60606,1.43478,2.25,2.93
e6fdf9e67f84a0e0,1.37736,1.30581,2.85,3.73
866b2c2e354aa27b,3.2,3.55,1.33333,1.32895
cd117bfce747184f,2.25,2.27,1.60606,1.68027
52565f62fb3822db,2.7,2.53,1.43478,1.57143
8b1dc96a00a8e881,1.38462,1.27027,2.8,4.05
426ca5caeb857f1e,1.26316,1.14859,3.6,5.93
f6efb09c01e4cac6,1.40816,1.4,2.75,3.1
9dcf8ce308eaa050,2.5,4.15,1.52632,1.26042
20b5de395c0f1375,2.8,2.38,1.38462,1.63694
b3096e8dd4e90718,1.54054,2.43,2.45,1.61728
3e9ddcd30fdc5d85,1.47619,1.70423,2.6,2.22
326c3eaa1e9e3dc4,2.85,2.31,1.37736,1.66225
f71d46f804307bd2,1.28571,1.26178,3.5,4.15
69b147aaaafeb47d,2.5,2.04,1.52632,1.80645
921a8db065cd8cc5,1.43478,1.26042,2.7,4.15
f43f9861e73739c8,1.38462,1.46296,2.8,2.81
b7c7707ccea492c7,2.6,2.4,1.47619,1.625
9cb4196446f3ce79,1.43478,1.55556,2.7,2.55
194d73490eb731c6,1.52632,1.68027,2.5,2.28
9fb0a4e18ddcd14c,1.52632,1.48309,2.5,2.75
a25633b1494f1360,1.37736,1.34247,2.85,3.48
026c4a26106cc158,1.25,1.22371,3.8,4.68
19fc916df1f0e6ff,1.54054,1.19569,2.45,5.38
4b155647201d549e,1.38462,1.41667,2.8,3.03
7969abc596485189,1.37736,1.70922,2.85,2.21
28c70663b99560a8,2.15,1.40984,1.64516,3.07
bb4755924dfafaea,1.83333,2.22,1.83333,1.70922
2242e7df6f320ea6,2.3,2.47,1.58824,1.59172
484c48d3723e72cd,1.3125,1.43668,3.4,2.95
8167bd097a16062f,1.28571,1.17036,3.5,5.48
bb7408d59b7279f7,1.57143,1.58824,2.35,2.48
ab6cd718c5459eeb,1.25,1.17036,3.8,5.48
d5176b45df32f67e,2.25,2.65,1.60606,1.52632
26582aa0b79d2f20,1.27397,1.40816,3.55,3.05
3d12c63c47828937,1.25,1.57143,3.8,2.53
35ebaf80f8730b14,1.83333,1.52632,1.83333,2.65
543de77637ad2a20,1.71429,1.73529,2.0,2.17
786296db3c4749f1,2.3,2.53,1.58824,1.5618
a3dd2249d046cf9d,1.68966,2.09,2.05,1.78125
c3939438ae7934df,1.43478,1.81967,2.7,2.03
691c0d2f30e4de5a,2.0,1.9434,1.71429,1.88496
b25eacaca1499e30,1.46512,1.57803,2.65,2.51
67018331e90a9949,1.625,1.45455,2.2,2.83
48d21357134ca51a,1.60606,1.8547,2.25,1.98039
66ba984cc547e31a,2.65,2.4,1.46512,1.62893
cda0d9b5ce9b9c12,1.83333,1.86957,1.83333,1.95238
c1677875a80c2584,1.90909,2.15,1.76923,1.74074
7fe2b6a9fc4748fa,1.64516,2.49,2.15,1.5848
62389e8fb68f93a4,1.57143,1.68493,2.35,2.26
e0e19f79019d63d2,3.2,2.03,1.33333,1.81967
20bbf7e139c73e8d,1.60606,1.4878,2.25,2.73
8784ae31153178cd,1.57143,1.52356,2.35,2.67
4f16ef3e707447a0,3.25,2.45,1.32787,1.5988
23e03d226eb7af80,1.2381,1.48309,4.0,2.75
3ce7f58911773a56,2.35,2.37,1.57143,1.64103
e8190df7465ba2df,3.05,2.24,1.35088,1.69444
b71192c8fe23078c,1.46512,1.42017,2.65,3.0
afb0d61f22e85d90,2.45,1.93458,1.54054,1.89286
110a49a43aafe044,1.36364,1.33784,2.95,3.48
981ed463bf5d91a8,1.43478,1.40984,2.7,3.05
43af04881587abbc,1.71429,1.97087,2.0,1.86957
d6f6ac29008509db,1.86957,2.23,1.86957,1.70423
48a9d2a3967d13a4,1.60606,1.9901,2.25,1.84746
f20e742e6b0c0b3b,2.35,2.14,1.57143,1.75188
aa91cb7567d6c48a,1.35088,1.24096,3.05,4.38
7fe1486a2c33bf91,1.74074,1.58824,1.95238,2.48
3b701c0a0525341b,1.35714,1.08163,3.0,9.0
62fecd327391557e,2.7,3.7,1.43478,1.30303
3e0090669d51415f,2.35,1.5,1.57143,2.7
5e3779f7c1c39679,2.2,1.71429,1.625,2.21
67e1ec8ee2db3423,1.40816,1.30581,2.75,3.83
047d6739aa1d5c1e,1.57143,1.41667,2.35,3.03
5362ea7c63432cf9,1.46512,1.92593,2.65,1.9009
eebb4dde70a67369,2.65,1.97087,1.46512,1.8547
880f2bb0a639a5a0,1.76923,2.2,1.90909,1.71429
a7e8416f0d57c8e0,2.65,1.73529,1.46512,2.16
dd0a3aedba5cee87,1.40816,1.23419,2.75,4.48
d40f865aa6be9cd0,1.625,1.61728,2.4,2.43
c76fd2ddcbc4713d,1.18868,1.08333,4.5,8.75
ba33d0868b25483b,1.21053,1.12195,4.25,6.73
f56c6646b54c0662,1.28571,1.17036,3.5,5.48
1687e2cd061b7aec,1.28571,1.19231,3.5,5.08
ed72edc2ce0f3c5f,1.57143,1.369,2.35,3.31
67f559403a6ec7cb,1.21053,1.14025,4.25,6.2
6455d9c54d99b851,1.28571,1.18018,3.5,5.28
7cdda45e7d52bf40,1.66667,1.51813,2.1,2.66
a409a5381f082e8f,1.40816,1.2,2.75,4.93
1669773acd404217,3.2,3.88,1.33333,1.28818
f4187c30c311eb93,3.5,2.68,1.28571,1.51282
a7492cbfb9b5d4a3,2.2,2.13,1.625,1.75758
ba766bd03090dab9,1.3125,1.21186,3.4,4.75
3d9398386c84109b,1.46512,1.5988,2.65,2.45
30eaf1650bc359b3,1.51282,1.87719,2.55,1.9434
d7c7b312279104d2,1.35088,1.41667,3.05,3.0
b509c337d181c567,1.54054,1.36765,2.45,3.33
c5479f20e4db357d,1.60606,1.63694,2.25,2.38
37ff18106c6e38fc,1.18868,1.05834,4.5,11.0
96b59d89ecac66d0,2.6,2.42,1.47619,1.60976
e202f273220aa533,1.33333,1.15898,3.2,5.65
a9a770bac1261af9,1.37736,1.2849,2.85,3.82
e1eeb61d0669ce45,1.40816,1.66667,2.75,2.26
53d6e37063f9c404,1.33333,1.42735,3.2,2.93
8a08b8043f83d245,2.35,3.03,1.57143,1.40816
6fd7f6f1deaef4e8,1.90909,2.06,1.76923,1.77519
3d7ea6012fd8f786,1.28571,1.12225,3.5,6.83
bd0622b184ab4f28,1.40816,1.47847,2.75,2.76
8dcfa933877e3a0b,3.05,2.46,1.35088,1.5848
9d204f44a9988b93,1.32787,4.78,3.25,1.20408
4f42acd810ed5173,1.57143,1.625,2.35,2.37
53bb7c4a606d60c0,1.46512,1.60976,2.65,2.4
0ccd16201ac41ef8,3.2,1.74627,1.33333,2.11
0a667143584a2d96,1.57143,1.47619,2.35,2.77
46cfd4aaa02ce202,1.76923,2.7,1.90909,1.49751
14cf0828d6e373ab,1.52632,1.62112,2.5,2.38
17f69a241aa952fd,1.38462,1.21505,2.8,4.65
2c84f2cb1bb23ab8,2.95,2.43,1.36364,1.60976
bd5efa4b53dc1642,2.25,1.68027,1.60606,2.24
04d37c1c206c0efd,1.40816,2.03,2.75,1.8
933cf2674503c63d,1.22472,1.1,4.15,7.25
79fb77a0b0294aec,1.83333,1.43103,1.83333,3.01
3210723fbb018fa7,1.71429,1.69444,2.0,2.23
38abefbf24624a35,1.54054,1.40161,2.45,3.08
7e695ad026b2ec66,2.6,1.45662,1.47619,2.82
f9ab603b763998f7,1.51282,1.5618,2.55,2.55
3bde8910fabf0dd3,2.65,2.59,1.46512,1.54348
b9a3b520e68f8142,1.38462,1.31546,2.8,3.53
99bfad1679112591,1.60606,2.52,2.25,1.57143
410aca28fda60f76,1.25,1.69444,3.8,2.23
961f434fe238f40e,1.32787,1.30864,3.25,3.62
85f85003fadf7a7b,2.8,3.02,1.38462,1.41322
629c0eb319e01374,1.3125,2.03,3.4,1.79365
9cd172df74575fd4,1.54054,1.42373,2.45,2.97
c7bc8750e9503805,1.33333,1.24938,3.2,4.18
12e12307414dafc6,1.64516,3.02,2.15,1.41152
1c43b38c1f4bdbe2,1.74074,2.11,1.95238,1.75188
21992c366d3b4602,1.46512,1.4902,2.65,2.72
438fbdd4cf27e324,1.40816,2.0,2.75,1.83333
02731f017c838ad4,1.37037,1.17212,2.9,5.32
43af7c5772e8198f,1.35088,1.55249,3.05,2.57
8c109a0c53ed9618,1.27397,1.5814,3.55,2.51
b6bd31215bd7ec1f,1.74074,1.64103,1.95238,2.32
70feb2bfc12b97d4,2.15,1.91743,1.64516,1.89286
20063242f6e40d31,2.6,5.12,1.47619,1.18416
60cc0ac9ace28324,1.74074,2.29,1.95238,1.66225
29f40d82bd128c65,1.40816,1.32051,2.75,3.53
0ac4f0c1b4d021f6,1.25974,1.16447,3.65,5.5
73a299d44d2ef5cd,1.3125,1.33003,3.4,3.47
fa9ec0b8c4b3a84a,1.66667,2.27,2.1,1.66225
94dcbc64641cbb6e,1.51282,1.63291,2.55,2.34
69279781a89c893e,1.27397,1.28736,3.55,3.85
44c60f91b4f7b23d,1.24691,1.18116,3.85,5.15
80cb3cf9134b677c,1.625,1.46083,2.4,2.8
30eb24f7904c2128,2.35,2.52,1.57143,1.57471
742dc4196d329db0,2.1,2.65,1.76923,1.51813
fa6e8fa6c3f05e31,1.8,2.04,2.05,1.8
34db1e0e2499e7ae,2.45,2.38,1.58824,1.61728
d80fd2ec736f7df2,1.33333,1.52083,3.5,2.65
470391c4067bf49b,1.71429,1.43478,2.2,2.92
9e4dcac049327529,1.625,1.72993,2.4,2.15
f6472ca263a863d1,1.4878,1.38314,2.75,3.18
c7375d5db21cbaae,1.86957,1.93458,1.95238,1.87719
014f1da2083ca174,1.8,1.68966,2.05,2.22
3d35eb2d46bf74de,1.57143,2.05,2.5,1.7874
8955ea3c7c332e6c,2.5,2.45,1.57143,1.5848
cd150cd28738a7c5,1.74074,1.92593,2.15,1.88496
1c4602efe5587902,1.30303,1.4717,3.7,2.77
4cb249714ff56656,2.5,2.23,1.57143,1.68966
f004d3d50b78af50,2.5,2.61,1.57143,1.53763
f2fb049980631302,1.8,2.12,2.05,1.76923
0fe4906754b2d0f9,1.40816,1.30488,3.1,3.64
62e6eadbb2805760,1.64516,1.64103,2.35,2.34
8da75fd76a9b8e1d,1.30769,1.30211,3.5,3.7
8b9bdacca749ec90,2.05,1.5848,1.8,2.47
9ef858837dfc65eb,1.33333,1.27322,3.5,3.93
f4fbb11055301e75,3.85,2.67,1.28571,1.5
2c81668d1459991f,1.76923,1.86957,2.1,1.9434
bbade63ca780668f,2.05,1.80645,1.8,2.04
af8ea6db042674ef,3.05,3.01,1.41667,1.40816
464cc19d42446da9,1.35088,1.28169,3.25,3.81
8c34e1e0d842618d,1.4878,1.5,2.75,2.69
d65da3a3bc675449,4.0,2.01,1.25,1.81967
86d6e09932c5b551,2.3,2.99,1.66667,1.41322
eb4e9ec015533ab4,1.2439,1.21739,4.15,4.59
3ac61bcb406e1a0c,1.37037,1.49751,3.3,2.71
b12bc15f384ecc42,3.5,4.18,1.33333,1.24213
82243207b4dfce87,2.25,2.55,1.68966,1.53476
8f7328fe18806fb0,1.71429,1.50761,2.2,2.64
05ceb8b2f93993a6,1.86957,1.7874,1.95238,2.04
15b1c7ddc4415fdd,1.36364,1.35842,3.35,3.29
931fd51ab69fb443,1.55556,2.05,2.55,1.7874
990c2378caec68d4,2.3,1.79365,1.66667,2.04
e175c1a0bff30187,2.3,2.18,1.66667,1.71942
1d892fec31dc7ad7,1.54054,1.62893,2.6,2.33
b9cd4910f0ecff45,2.7,2.68,1.5,1.49751
4a704dae3091adaf,1.33333,1.42194,3.5,2.96
3a4e2dffcdd1c838,1.41667,1.31546,3.05,3.54
f3ad8ad8d242678e,2.25,1.84034,1.68966,1.96154
c2ee423d1f0b4f6f,2.3,2.16,1.66667,1.71429
6a0341234ecc4e87,1.33333,1.60241,3.5,2.4
3eac2d47ac252f4b,2.2,2.81,1.71429,1.45045
a7315147a7022a93,3.05,2.79,1.41667,1.45662
11a83369d49ad138,1.71429,1.56818,2.2,2.48
bc86601cf781a89c,1.47619,1.5988,2.8,2.41
2c13b938e0f8190b,1.37037,1.35587,3.2,3.23
03bdbf2d18f3025d,1.32258,1.34364,3.6,3.37
a6828a6dfb21d33c,1.25974,1.16447,3.65,5.73
dc48627a5f2daba9,2.6,2.42,1.54054,1.59172
70aa6b8f863e6861,3.45,3.48,1.34483,1.31847
d0ebb0551377a1c1,1.90909,1.79365,1.90909,2.04
8a7b0cd5ad9ca4fe,2.05,2.65,1.8,1.50251
4944437e73071671,2.05,2.08,1.8,1.75188
bb7ce8a6ba7f7cc5,1.44444,1.35211,2.9,3.31
d15a87087b6f1452,1.68966,1.54645,2.25,2.52
e8adfbbe0053c321,1.60606,1.67568,2.45,2.23
18c67631b76c18e5,1.27778,1.29762,3.95,3.63
01f262b68a6a2223,1.86957,2.12,1.86957,1.73529
d16f7ab4e28171ea,1.8,1.7874,2.05,2.05
16369fa06392f6a0,2.55,2.1,1.55556,1.74627
559c0c3d752f327a,2.75,2.58,1.4878,1.5291
138f719d370e8ba0,3.85,2.57,1.28571,1.53191
ae0afbff5ba07a34,2.0,2.11,1.83333,1.75188
7f8340dfe4220c3e,1.86957,1.70423,1.95238,2.19
3627f5133ce55902,1.40816,1.28902,2.85,3.73
e624d85a0d718578,2.3,1.96154,1.66667,1.86207
b381dc272b32ce03,1.33333,1.2584,3.5,4.03
d44a814b106b94ff,1.21739,1.17699,4.6,5.2
82d48296fd06c27f,1.2,1.17825,4.75,5.18
2c0cddd12deb7450,2.2,1.76923,1.71429,2.08
f187c7ec92f43828,1.66667,1.5618,2.3,2.5
bb6438338bb8aebf,2.3,1.59524,1.66667,2.42
5c0e5d850d8e661f,1.71429,2.31,2.2,1.63694
9252ad2304fd9a26,3.1,2.3,1.4,1.64935
23b943e9ce495f0b,1.4,1.43103,2.9,2.88
0716a38768a34789,2.55,2.47,1.55556,1.57143
827aacd14f80e8f3,3.25,2.63,1.32787,1.51546
9cdfcd164b48f55e,3.1,3.63,1.4,1.3003
419d1e29668b57fb,1.22222,1.18248,4.5,5.03
73a83b2595416f0a,1.86957,1.62893,1.95238,2.33
58c5d506181812fa,3.5,2.76,1.33333,1.46729
78afed76d0e9a639,1.74074,1.62893,2.15,2.31
d40eae4425092219,1.86957,1.48544,1.95238,2.73
ce0fda34122f3d48,2.3,2.84,1.66667,1.43478
4622ec182e7fed6b,1.54054,1.38314,2.6,3.7
c9283da5f4d7aaf4,1.5,1.69444,2.7,2.25
4341ebb5a56e6943,1.52632,1.37879,2.65,3.33
85099c6378ff87c5,1.86957,1.8,1.86957,2.07
086c2a0cae0835c4,1.66667,1.31056,2.3,3.53
81de3929330076d2,2.65,2.87,1.4878,1.45455
d988760df61f027c,1.51813,1.5988,2.68,2.66
0eac7075bf3d7ab7,1.25,1.27397,4.0,3.76
5357dab4d331eb18,1.58824,1.60241,2.45,2.37
23c7c6ceee34585f,1.78125,1.66667,2.08,2.23
14f2bb86fd888e91,2.15,2.34,1.72464,1.61728
f09912e9d8eaa968,1.4878,1.78125,2.65,2.05
ad81be01a461c936,1.66667,2.33,2.3,1.625
8fc238e84c4624a7,1.54348,1.64103,2.54,2.29
06c0c7dda5a5909d,2.65,1.86957,1.52632,1.95238
4fc128b1bdf088b1,1.35088,1.15773,3.25,5.42
3f76035e52e8819b,2.4,2.59,1.58824,1.52083
a7c38d4d66abf923,1.8,1.60606,2.05,2.38
5355fd4a2598f679,1.30769,1.27778,3.5,4.0
be72958d9715757d,1.4,1.26316,2.9,4.15
504b540805598fa5,3.15,3.35,1.36364,1.36364
a570acbbcbbd151d,1.60606,1.68966,2.35,2.25
d5e0fd3eec76f7e1,1.625,1.625,2.3,2.3
19f615a7a5cfd304,1.46512,1.46512,2.7,2.7
f4641db74fcb8ab7,1.41667,1.30769,2.8,3.5
c4fa93a4f37a6ca7,1.27778,1.23529,3.7,4.2
bad1f36202e2c7d7,1.38462,1.45455,3.0,2.7
f338da998c4fdf53,1.4878,1.44444,2.65,2.85
db620510bbb3f0af,1.34483,1.27778,3.3,3.7
8d986c9ee38daf19,1.46512,1.27778,2.7,4.0
17cda9957f96883f,1.55556,1.28571,2.5,3.9
713c9b6d0abe5cfc,1.19231,1.15385,4.8,5.75
2e8217f029c25a3a,1.57143,1.30303,2.45,3.7
516868e246064e2b,3.2,2.9,1.35714,1.43478
2328c7832a356a6d,1.54054,1.45455,2.55,2.8
8afb878a0900372e,2.5,2.73,1.55556,1.4878
9eaea5e0165802d0,1.625,1.64516,2.3,2.35
c16403197580e0af,2.8,2.9,1.41667,1.43478
eeb8b25df8543e0f,1.60606,1.52632,2.35,2.65
b32acf1c70321321,1.71429,1.66667,2.1,2.3
48db60440ead6f6d,1.38462,1.42553,3.0,3.15
108140213049e629,1.38462,1.8,3.0,2.15
2aeba1cc4004d0bc,3.0,2.9,1.38462,1.47619
a24121c70f773fe2,1.66667,2.45,2.1,1.64516
a4bc92bfe82d0547,2.7,2.4,1.46512,1.625
25137d9cc8b47f57,1.86957,2.05,1.86957,1.8
b972f998103731da,2.4,2.6,1.58824,1.54054
f1ffe3ba615ad7b9,2.55,2.68,1.54054,1.51282
2f2ac4c08e763d38,2.3,2.35,1.66667,1.64516
88ef809a0fde3900,1.37037,1.41667,3.1,3.0
6963c65b49e47277,2.8,3.05,1.41667,1.44444
a60ba933a7ea898e,1.38462,1.4,3.0,3.3
4abf375aa97364f6,1.44444,1.57471,2.75,2.64
9a71dc94152a76ac,1.39216,1.4,2.95,3.3
dc58af0c02a42743,2.6,2.25,1.51282,1.74074
986bc0ce25dac848,1.45455,1.45455,2.8,2.8
a245b4d0a7861fb8,1.71429,1.8,2.2,2.05
dbfac95047e7b33a,1.95238,1.90909,1.86957,1.90909
ab8b506dd2277da3,1.38462,1.32258,3.2,3.55
ba5b23e7ef308883,3.7,3.9,1.30303,1.28571
28b405fe1552ccad,1.35088,1.39216,3.05,3.35
60f3232bc7a73b15,1.47619,1.57803,2.6,2.63
de78bdd8c734e8ab,1.625,1.41667,2.2,3.2
bb70048e290f4a86,1.86957,1.8,1.86957,2.05
28f57f60a46654f6,1.39216,1.47619,2.95,2.9
70e78fcf793bc82b,3.05,3.5,1.37736,1.33333
774f7eed6b0180be,1.58824,1.45455,2.4,2.8
60d27c73e4a20318,1.33333,1.25641,3.4,4.2
89d39663ff1b890e,1.51282,1.47619,2.6,2.75
04d97700dbdaef5e,1.39216,1.54054,2.95,2.6
a1f4a5fcef50915b,1.28571,1.30769,3.6,3.65
c67473192bda50d8,1.28571,1.21739,3.6,4.65
1fa175b6a35e95e2,2.7,2.25,1.43478,1.74074
a7fca585b4fd4255,3.2,1.34483,1.33333,3.6
032a61c6f9439b1d,1.57143,1.57471,2.45,2.64
b4daedb1e0c4ee02,1.44444,1.5,2.75,2.85
35cfe0b894b93332,1.83333,1.60606,2.0,2.55
fdc82a98c68588c4,1.25,1.24096,4.25,4.7
5dc4552c9288441a,1.60606,1.54054,2.45,2.7
558b54d28a662cca,2.65,2.75,1.52632,1.47619
be5cdd4872fbd0b7,1.68966,1.66667,2.25,2.4
1f70cf05ec46f065,3.9,4.2,1.28571,1.25641
0f5f1f5828ebd9c5,1.58824,1.76923,2.5,2.2
11141cf97c6156b6,1.41667,1.43478,3.0,3.1
1308a39eec6f86cc,1.83333,2.4,1.83333,1.625
eefc526e320524e6,3.0,2.45,1.35714,1.60976
751f2796809d2a6f,1.47619,1.42553,2.6,2.98
5d839e4eda09d6e4,1.52632,1.37594,2.5,3.28
320580a92d5c2924,2.45,3.08,1.54054,1.41322
85ee3b5995874141,1.71429,1.76923,2.0,2.1
47dd6356ceb2eba8,3.65,4.9,1.25974,1.21413
8e41d022b55277ae,1.46512,1.32258,2.65,3.65
a2c0f4142ba4ba75,1.47619,1.53191,2.6,2.64
5135e078b807f9a2,1.32787,1.23148,3.25,4.38
0f74449bf6f64616,1.90909,1.68966,1.76923,2.25
05dce98da0acefd8,2.5,2.85,1.52632,1.46512
f12126b5c49a318a,2.6,2.68,1.47619,1.51282
bfef39e6493f6487,1.46512,1.35461,2.65,3.4
ca17e1385ef98e57,1.83333,1.89286,1.83333,1.9434
f18ea0d8b472dc1e,1.90909,2.65,1.76923,1.52083
8ab4682a544f3c49,1.28571,1.19531,3.5,5.13
f0d839f6d712a233,1.60606,1.32573,2.25,3.63
382d626d45c36f14,2.65,2.53,1.46512,1.5814
964eb53864554ed0,1.37736,1.36364,2.85,3.34
dd1131c208475365,2.35,2.43,1.57143,1.5988
a86b801279e0ef4a,1.37736,1.32573,2.85,3.63
602e8602fe9c9121,1.37736,1.7874,2.85,2.08
6b30fe49b6df63de,1.90909,2.08,1.76923,1.7874
e1f9390c465a2988,1.83333,2.15,1.83333,1.74074
8456a02bd3621837,1.35088,1.28653,3.05,3.98
9166d2f99369c06b,1.47619,1.42194,2.6,3.03
d67dadf630c36f18,1.47619,1.38462,2.6,3.2
5aeac72404dd7c6d,2.8,3.65,1.38462,1.31546
46aa72d0ccd2be0a,1.38462,1.28818,2.8,3.95
95d86cec2a7124b3,1.86957,2.9,1.8,1.45455
b8e1a9db956e245b,1.37736,1.90909,2.85,1.91743
e706a0fca8e82288,1.66667,1.89286,2.1,1.93458
563adcb4abd48f6b,1.76923,1.35714,1.90909,3.38
5df777be98ea09de,2.5,3.3,1.55556,1.36765
a41ba2624191bf23,2.75,3.88,1.40816,1.28169
3fc3179cd800128e,2.35,2.55,1.57143,1.57143
e0ca5ac323768da0,2.5,3.03,1.52632,1.42194
adede42d4c20494c,1.35088,1.25641,3.05,4.2
fecf9c7a4e965690,1.52632,1.625,2.5,2.4
9ad2dde9c35d3cc4,2.85,2.95,1.37736,1.44444
3a8baa48c9b30d47,2.2,2.4,1.625,1.62893
676590832dc86748,3.35,4.0,1.31746,1.28409
3e610c7a2ab31acd,1.38462,1.31546,2.8,3.65
79e7b986601fdd2a,1.32787,1.38911,3.25,3.08
49d065270f57ad99,1.26316,1.25641,3.6,4.2
b25662d83e6d4c3b,2.35,2.3,1.57143,1.67114
c33671cab408184b,1.47619,1.66667,2.6,2.3
a34dc365302238e8,1.60606,1.56497,2.25,2.58
4c0718f12ca664bb,1.25,1.23697,3.8,4.5
6fbd9d599d638106,2.8,2.73,1.38462,1.5
0051d7fbb7893d27,1.40816,1.4878,2.75,2.78
2a50b91600e87994,2.8,2.6,1.45455,1.55556
46c89e7e886cdc5b,3.2,3.88,1.33333,1.29499
5364d1537fc7d5aa,2.25,1.8,1.60606,2.05
22fdf7a08691db5d,1.58824,1.625,2.3,2.4
ce9e10ad39976287,1.14184,1.22472,5.35,4.7
26e876df6d498657,1.32258,1.25641,3.3,4.2
dbc3afd71525c83d,1.52632,1.71429,2.5,2.2
b35f2071e6dd4b12,1.86957,1.625,1.8,2.4
0cd79ea89d5931d0,1.38462,1.77519,2.8,2.1
4c257f69fb974088,2.35,2.65,1.57143,1.50761
dc3deae609874677,1.76923,1.71429,1.90909,2.2
2bcb1b0b05e2c739,1.71429,1.98039,2.0,1.8547
ce30634422a264f9,1.46512,1.51282,2.65,2.68
6017ccf5fa09da34,1.86957,2.25,1.8,1.68966
ef97cccf28cf00a8,1.33333,1.22779,3.2,4.68
add991cb839af4ed,2.0,2.13,1.71429,1.75758
ab18079c7c0040fb,2.4,3.18,1.55556,1.38911
20a83369ee44e1d4,1.43478,1.5814,2.7,2.53
1d34e2f80cb91188,1.46512,1.46083,2.65,2.88
8de959ac3c3eeb85,1.43478,1.26385,2.7,4.13
2e042964c6498e7a,2.15,2.65,1.64516,1.53476
389c844a1a56177c,1.71429,1.83333,2.0,2.0
2d57ce76f7922ed9,1.8,1.5814,1.86957,2.53
c6c37a9e8990baba,1.38462,1.30581,2.8,3.75
0a70601cc9f2426f,1.52632,2.05,2.5,1.8
ee4d086121100177,1.47619,1.38911,2.6,3.18
2dd0a47f43dfe8f6,1.625,2.25,2.2,1.68966
e9bc416752cadd29,1.57143,1.65789,2.35,2.33
fe52c91f751e8db6,1.8,2.28,1.86957,1.68027
b568f3700aa2c1f7,1.625,2.18,2.2,1.72993
45e6eec6b35d7dfe,2.8,2.57,1.38462,1.56497
bfc321f0b0a7bf40,1.17094,1.18282,4.85,5.35
adc1b34f6988bd68,1.83333,2.23,1.83333,1.70423
39efb868dbe7e311,2.5,2.53,1.52632,1.5814
e982a2648d69fda6,2.7,2.63,1.43478,1.51282
b951f2d4080ef172,1.37037,1.3012,2.9,3.8
678eb77df5589eac,2.5,3.05,1.52632,1.41667
e14b4f2c7b36d0b9,1.66667,1.28986,2.1,3.93
2389557cfa02df78,1.26316,1.14472,3.6,6.33
3ff7d02ef633ee22,1.57143,1.43103,2.35,2.93
07d1d120dab41893,1.47619,1.97087,2.6,1.86207
ab8722d48a5a447e,1.52632,1.58824,2.5,2.5
4b69545737f1902a,1.40816,1.36765,2.75,3.33
e2bb4b8ce5ada2a8,2.2,2.68,1.625,1.51282
181429d8227794cb,1.32787,1.27624,3.25,4.09
eb82e95ab678f8bc,1.31746,1.27248,3.35,4.13
f7bd56e197bab2a6,2.5,2.05,1.52632,1.8
221cb15141299346,1.35714,1.29851,3.0,3.83
0f3e6876516edeaf,1.24691,1.24876,3.85,4.3
8d6392d59e1ca099,2.6,3.4,1.47619,1.35842
55139052f4641670,1.43478,1.3125,2.7,3.6
fac335e6aeff29f5,1.60606,1.81967,2.25,2.03
7e3609b672c7ecf9,1.40816,1.44643,2.75,2.9
6f3e189c393c0e09,2.75,2.73,1.40816,1.5
bbb810f50d60b31a,1.58824,1.625,2.3,2.4
3b8b70b448b0c604,1.8,1.56497,1.86957,2.58
eea06604a47ea9a8,1.37037,1.44643,2.9,2.9
94608c62dd497366,1.64516,1.72993,2.15,2.18
1143d37503a9527d,1.66667,1.64516,2.1,2.35
c2f70bd2fc1bac73,3.2,3.34,1.33333,1.36364
aa11f2375ee2118f,1.37736,1.4717,2.85,2.83
ffbc12e4f821ec68,1.2381,1.2,4.0,5.05
dadde3eb4e5f43b4,1.08333,1.08389,7.0,10.0
d0e084b6345c5af0,2.45,2.23,1.54054,1.70423
b96e1222eb1a0faf,1.11111,1.13055,6.0,6.7
cfefbf79340d3346,1.55556,1.39216,2.4,3.15
420114bb94080b3c,1.95238,2.45,1.74074,1.60606
ea60fdcfd423a15e,1.54054,1.61728,2.45,2.43
01d4d1d8bcb014cf,1.46512,1.4717,2.65,2.83
8619c3cde7dd4e15,2.1,1.91743,1.66667,1.90909
496a169f4c9becec,2.4,2.93,1.55556,1.44053
742fcd610f344810,1.24691,1.19157,3.85,5.28
73f55778c5c55c2f,1.64516,1.64516,2.15,2.4
b5be58e7fa1e7439,1.19802,1.1,4.35,8.38
0b3c3d363c82835f,1.37037,1.36101,2.9,3.45
6242126d8d06a7ca,1.86957,1.72993,1.8,2.23
406154260435c65a,1.35714,1.23419,3.0,4.5
4911fcfb1b28faa5,2.5,3.04,1.52632,1.4329
54845ec0646a9bee,1.52632,1.38168,2.5,3.23
443791a8c6790cf0,2.35,2.5,1.57143,1.60606
981e2f5a8e46a1f1,2.65,2.48,1.46512,1.61728
eae8d2c30c0bb499,2.4,4.4,1.55556,1.25381
671048cd1933855a,2.1,3.75,1.66667,1.31348
98cea844501261a9,2.15,3.55,1.64516,1.33898
fcb3e9f89987d519,2.45,3.8,1.54054,1.30769
995f0dcdcd5fe43c,1.60606,1.52632,2.25,2.7
283c0b3b7e425252,5.35,7.3,1.14184,1.11507
a5827bfce19e63ea,2.6,2.68,1.47619,1.53476
5464d7ccb4177464,1.83333,2.24,1.83333,1.71942
8f120352072bd5ed,2.4,3.76,1.55556,1.31646
8e87b33bea7c5da9,2.0,2.23,1.71429,1.72993
20d732758337f0a5,1.52632,1.63291,2.5,2.44
a2e1e35e4e84e08d,2.15,1.72464,1.64516,2.23
8c47c4b9503dd5b4,1.43478,1.24691,2.7,4.48
beed8bc1f800de8f,2.6,3.33,1.47619,1.38168
f524520a7fe0a8b8,1.47619,1.35714,2.6,3.48
ceac6997d22f2f3b,1.58824,1.5988,2.3,2.53
a523ac02533f8b4d,1.25974,1.18018,3.65,5.5
f7fac3df5c6dc91f,1.37037,1.43103,2.9,3.05
f8cceeabeb2afd4d,2.3,2.98,1.58824,1.45045
2d14f73c374f2875,2.6,2.53,1.47619,1.58824
3ee1a3216cf66b95,2.9,3.73,1.37037,1.31646
107079f548338ac3,2.45,3.63,1.54054,1.33113
4ceadad9c2dd0a87,1.52632,1.32258,2.5,3.7
7d947be4c15ebe36,1.90909,2.33,1.76923,1.68027
289004336bd71d34,2.1,2.4,1.66667,1.61728
8ea70cfd5d3aa5ee,1.58824,1.47619,2.3,2.85
9a8fedc4fa968bbd,3.25,5.63,1.32787,1.17271
23e96ddeb14b5936,4.05,7.68,1.23529,1.10905
687b9b2c11667531,1.31746,1.18349,3.35,5.4
2b6c2cdccb2cc659,1.47619,1.33898,2.6,3.55
d6e4d0d62a96a948,1.43478,1.37037,2.7,3.4
5d7c91acbcddda2f,1.47619,1.37736,2.6,3.35
0ecbb881c74a63f5,2.3,2.55,1.58824,1.5814
3618e0e165190576,2.25,2.39,1.60606,1.65359
0b1af005a5f25561,3.05,3.18,1.40816,1.40486
042fee3d05e105fa,1.90909,1.69444,1.76923,2.29
5b6405eeb6757637,2.0,1.89286,1.71429,1.98039
2133f8798f089140,1.25641,1.2924,3.7,3.95
e886e22d31bc96c1,2.65,2.31,1.46512,1.68493
47bdfab3cdcdddfd,1.46512,1.43478,2.65,3.03
2baa02e0df86b566,1.46512,1.57143,2.65,2.58
753004dcc9c53eb6,1.40816,1.44444,2.75,2.98
8d7ea177efadc718,1.90909,2.17,1.76923,1.75758
dbc35626d0f0576b,1.31746,1.17544,3.35,5.6
b97d2f97d109cfc8,1.46512,1.37037,2.65,3.38
6ff8fff0fe2a3cd9,1.57143,1.625,2.35,2.45
410e3163827d6d3b,2.1,2.1,1.66667,1.8
6eee347f75f223f0,1.31746,1.15898,3.35,5.95
6597b770486021b8,1.90909,1.97087,1.76923,1.9009
d02ac0447fb2a7a0,1.46512,1.4,2.65,3.2
5eb07bffdc8b7acf,1.71429,1.66667,2.0,2.35
0c2a634606639d71,1.31746,1.3125,3.35,3.75
bfcabf1ab823942f,2.5,2.63,1.52632,1.5291
7962611f2adbacc0,1.43478,1.59524,2.7,2.51
a4759c52378f9d1a,1.8,1.5,1.86957,2.78
1f65f03f1225e061,1.40816,1.40486,2.75,3.2
70e49c90d012de66,1.625,1.61728,2.2,2.48
2977a9b5c30d89c1,1.66667,1.75758,2.1,2.18
eb13a9d04dca676e,1.86957,1.93458,1.8,1.93458
2bb2a2652fe38809,1.37037,1.35714,2.9,3.45
ee532a38a0b93127,2.25,1.8547,1.60606,2.03
25a28456f684503e,1.31746,1.35587,3.35,3.48
46cfb41b00cb5ad8,1.52632,1.45045,2.5,2.95
0dab467898de22c6,1.19802,1.34843,4.35,3.5
12bf24fa110513d0,1.66667,1.34602,2.1,3.54
2c8d1f5bb73a812b,1.46512,1.36364,2.65,3.44
7d26a6b4b6845e1b,2.2,2.43,1.625,1.63694
9afda67fdb4d7c07,1.47619,1.55249,2.6,2.63
cbf36e02c68e7719,1.28571,1.53476,3.5,2.68
4eae10815ebe78e3,2.6,2.63,1.47619,1.54945
47cabf79c3340581,2.4,2.68,1.55556,1.51282
f3fb4be38377e1e9,1.16667,1.22523,5.0,4.85
c8998aa536614a5a,1.52632,1.40486,2.5,3.18
4e7c06f8b2b8c24b,1.35714,1.32258,3.0,3.55
a822be2a017f329e,1.26316,1.32573,3.6,3.68
c1bc2a42652f685c,1.71429,2.25,2.0,1.71429
3c06557ddd86f8e8,1.35714,1.28818,3.0,4.0
0dff8509f6a861f1,2.15,2.58,1.64516,1.55556
b0271fa12935bf88,1.54054,1.5814,2.45,2.55
9fc7fcbdb6587265,2.0,1.72993,1.71429,2.23
02a183fa803a33fe,1.52632,1.40816,2.5,3.18
635ee9448fe2ddaf,2.3,2.7,1.58824,1.5291
5c30f6535a08d598,1.19802,1.17637,4.35,5.6
1e603e6aa6d1a750,1.25974,1.15576,3.65,6.05
ab3820fa9944bd22,1.19802,1.12626,4.35,7.05
0836a9bdd8942bb3,1.71429,1.63694,2.0,2.42
611ccad0fc46ba51,1.31746,1.20877,3.35,4.98
85a58685504c63b4,1.40816,1.3367,2.75,3.58
b2457e9da89967e2,1.71429,1.64516,2.0,2.4
f3a970c83d8de1db,1.46512,1.75758,2.65,2.18
c805552171b20b68,2.8,2.43,1.38462,1.63694
f6d6b660e1578744,1.71429,1.78125,2.0,2.14
e554e9910cb83d49,2.8,3.23,1.38462,1.39683
db209b782f35e0e6,1.47619,1.54054,2.6,2.65
efa3f3c8945cad0a,1.68966,1.5988,2.05,2.5
852442b380088fa5,2.9,3.7,1.37037,1.32258
5df4632f6238e612,2.45,2.43,1.54054,1.63694
2573a9a722f238f4,1.52632,1.51282,2.5,2.75
6989466d287b4a57,1.60606,1.72464,2.25,2.24
a0e4f43827aa81c4,2.6,3.83,1.47619,1.30581
03ba4f9ba7c934ad,1.34483,1.16779,3.1,5.77
49d8fc8e4aee9b51,2.2,1.8,1.625,2.1
99dc6aa635a9cf98,1.58824,1.7874,2.3,2.13
a57b9c636ac198be,1.38462,1.41322,2.8,3.13
7cde85d46dc0bebe,1.74074,1.49505,1.95238,2.8
0067048aaa2aa2da,2.25,2.28,1.60606,1.70423
d0ee52e17db605ab,1.54054,1.44444,2.45,2.98
e5cf527ed3963a0e,1.71429,1.68966,2.0,2.3
63e4cd10ed47f1a8,1.57143,1.68027,2.35,2.28
fe1130f34dea28d8,1.37736,1.42735,2.85,3.05
351532f2fe6804d1,3.2,5.25,1.33333,1.19342
c7765a3255701267,1.52632,1.37736,2.5,3.35
735ed861dee80d25,2.1,2.85,1.66667,1.47619
56fbc2a376569c13,1.25974,1.12674,3.65,6.63
20f0129fc4861674,1.60606,1.75758,2.25,2.18
e8f6232d12d52b58,2.3,2.35,1.58824,1.66667
954362efa4564d60,2.75,2.3,1.40816,1.68966
53fe9da9fb8d4f88,2.0,2.25,1.71429,1.71429
b2867869d4eb98ce,1.43478,1.61728,2.7,2.45
bb9c60bc6924f373,1.28571,1.2551,3.5,4.38
01be9ab42f1fd8e6,1.32787,1.29851,3.25,3.9
80faf0c138d20999,1.47619,1.52083,2.6,2.7
1520290d28b75b53,3.6,3.95,1.26316,1.2924
fd4d5685c2e207b5,2.1,2.13,1.66667,1.78125
c9733393385105cb,1.71429,2.88,2.0,1.46512
839c8cd7b1a32c7c,2.9,3.25,1.4,1.39216
1c980547431ddcef,1.25974,1.16393,3.65,5.85
98e21492b6bc15d3,1.43478,1.54348,2.7,2.65
603b0b1fa3ab8f20,1.34483,1.2,3.1,5.1
7ba4a04673307cc9,1.55556,1.53476,2.4,2.68
61c9bbeb2806534b,2.8,4.65,1.38462,1.22727
246f38c7855a6400,1.52632,1.41322,2.5,3.13
72d2ab073f4120a4,1.66667,1.46083,2.1,2.9
033e4538b9014f91,1.60606,1.93458,2.25,1.93458
36c2ce10809f17b3,1.43478,1.3125,2.7,3.8
2798c746fe93502a,1.51282,1.90909,2.55,1.95238
7580c93fec606442,1.57143,1.74074,2.35,2.2
ebb9eeac1faf73ed,2.25,2.18,1.60606,1.75758
e79e3ee088b76d46,1.52632,1.53476,2.5,2.68
972b0643185b2570,1.66667,1.41322,2.1,3.13
6f19f24780c4f23f,1.95238,2.14,1.74074,1.78125
ef3c1a2ac6510d26,1.71429,1.81967,2.0,2.08
5ff0c4c6006f0873,1.24691,1.16949,3.85,5.75
1e797ccd275a98d0,1.54054,1.63694,2.45,2.43
36d9d7e331e6b589,1.35714,1.31746,3.0,3.75
b516beb27416e492,2.75,3.58,1.40816,1.3367
c2a36e996bba3a4a,1.18018,1.15038,4.65,6.18
26cd506de4221057,1.47619,1.42553,2.6,3.08
7690e946d9d81f51,1.52632,1.68966,2.5,2.3
de2dad48d95305d7,1.14184,1.15038,5.35,6.18
a4398b9257a93d78,2.1,2.39,1.66667,1.64935
3dd55cca2358a511,1.8,2.17,1.86957,1.76336
284e05afc9479620,1.46512,1.69444,2.65,2.3
da26301ae3e7a9b1,3.5,4.2,1.28571,1.27027
ca16e203eb2bde60,1.21053,1.17036,4.25,5.68
699a70c8fb3c0273,2.7,3.45,1.43478,1.36364
5ed0027812582ad9,5.35,7.5,1.14184,1.10267
5563d6de0b4c4d65,1.71429,1.7874,2.0,2.13
562d3261ca7bdf01,1.43478,1.46512,2.7,2.89
24ac3d1bee1610ef,1.35714,1.33898,3.0,3.55
63e21ff20866b8fb,1.76923,1.68493,1.90909,2.31
6c62796d9b7e94a0,1.71429,1.6993,2.0,2.29
23692b9936363da3,1.46512,1.66667,2.65,2.35
75a88258eb967e0c,1.47619,1.37037,2.6,3.4
64542fe846b9aea9,1.28571,1.23256,3.5,4.7
06fab49a307ff3d2,1.28571,1.22883,3.5,4.78
20af0f55d226f320,1.33333,1.31056,3.2,3.83
7e25199be406dd7b,1.34483,1.28986,3.1,3.83
2d13778322a8af82,1.19802,1.13333,4.35,6.75
88933cf1edd83034,1.8,1.84034,1.86957,2.05
2d1f8ee74824f983,1.34483,1.19531,3.1,5.18
4e981b587c1012dd,2.45,2.45,1.54054,1.625
17bb1e62772ac5af,3.85,5.1,1.24691,1.2
4664432c0d592411,1.28571,1.22472,3.5,4.7
1cad3dc6d7eccdfb,1.25974,1.1996,3.65,5.15
3d741cee0dffe165,1.18868,1.1996,4.5,5.15
73954f3895cac499,1.95238,2.17,1.74074,1.75758
13c4251fb451f440,2.1,2.65,1.66667,1.54054
3e9f3ce3a01bb97f,1.60606,1.55866,2.25,2.61
2faa7b48b4d51cab,1.25974,1.20534,3.65,5.03
b1e7100c2ab1ab79,2.45,2.93,1.54054,1.45455
920b8aae22c04f13,1.90909,2.43,1.76923,1.62893
0f0473dde4b873ca,1.31746,1.28249,3.35,4.08
681d77e5d5c0f0ee,1.8,1.93458,1.86957,1.93458
3a7d76e3c0b503c3,2.65,3.55,1.46512,1.33898
c3d336f9aabc9fb6,1.26316,1.15898,3.6,5.95
e8907b881151b79d,2.2,2.44,1.71429,1.62893
cbe954d004415b51,1.43478,1.25189,2.7,4.43
db9f8144b50227f2,2.1,2.1,1.66667,1.76923
a3480aa7bdc63c11,2.0,2.83,1.71429,1.48309
208674403b0936d4,1.57143,1.35088,2.35,3.53
fadb129e71d8fc22,1.33333,1.21368,3.2,4.88
207f105716df54f9,1.74074,2.09,1.95238,1.81301
49b05e23e3a2af13,1.28571,1.26178,3.5,4.29
cccb99dd4ec5c2d6,1.13333,1.2,5.5,5.1
8f9cfe0e283a6ccb,1.52632,1.5814,2.5,2.55
2f93de8b39ec4625,1.86957,1.66667,1.8,2.35
033d968f325842e7,2.6,2.6,1.47619,1.56497
079308cc2efa2e5d,1.24691,1.21322,3.85,4.9
a2bd4c46f89f19ae,1.43478,1.57143,2.7,2.58
171af1114dbfc29d,1.47619,1.39526,2.6,3.25
55e9ea18b8a72b2e,3.35,4.8,1.31746,1.21882
e947baa4cad609d0,1.35714,1.34483,3.0,3.53
56a0f335ef05c825,2.6,3.63,1.47619,1.33557
e7859b4e70d4a9c1,1.71429,2.01,2.0,1.86207
1a637fbda4bdf575,1.28571,1.21413,3.5,4.93
b57aaf04af8bdd34,1.16667,1.11074,5.0,7.63
53e818dd5abdf787,1.14184,1.1056,5.35,8.0
e17c7b239e8d6c32,1.40816,1.68966,2.75,2.3
8040697ea2f36dbd,1.8,1.8,1.86957,2.1
647f6d2b9b784222,1.25,1.2584,3.8,4.18
d92abff61b0ff5db,1.37037,1.23148,2.9,4.73
9f5c84d05107f42b,1.74074,1.44053,1.95238,3.0
fb4bce82541b4061,3.85,4.9,1.24691,1.21413
8a6ecf3dc2b17c19,2.6,2.6,1.47619,1.56497
3d468536e8904b93,1.16667,1.10132,5.0,8.25
93569f4876c20488,2.4,2.2,1.625,1.74074
837a7a922066b214,1.11111,1.1056,6.0,8.0
293919e355b362b1,1.47619,1.65789,2.6,2.38
6359bba789ce28ae,2.0,2.53,1.71429,1.58824
90e5169190971647,1.86957,1.55866,1.8,2.61
cf38ced734978fb8,1.26316,1.17182,3.6,5.68
2d24929eaadf0351,1.35088,1.28409,3.05,4.05
53d2d2de5c4cccf2,1.625,1.5988,2.2,2.5
85e57ad2b3831621,1.57143,1.76923,2.35,2.16
4d3cd5ecf4276c92,1.71429,1.44053,2.0,3.0
a4a78ec539238a5f,1.66667,1.44444,2.1,2.98
fb5ce6329f243d8b,1.90909,2.52,1.76923,1.59172
509bd83b00e4ab7c,1.26316,1.22222,3.6,4.75
0bdb170e1fef36b6,1.32787,1.11403,3.25,7.48
60820d105e57d5d6,1.8,2.07,1.86957,1.82645
dcee56e0cbfacb45,1.43478,1.63694,2.7,2.43
1a3572d1502efdf4,1.26316,1.10132,3.6,8.25
a4badfa86304f799,1.76923,2.5,1.90909,1.60976
b91807add93763c9,1.60606,1.41322,2.25,3.13
93ac52a9fdca03e1,1.71429,2.11,2.0,1.79365
357781ff34a3d39f,1.40816,1.4,2.75,3.2
223f9a750428e1d0,2.45,2.45,1.54054,1.625
d785f22c4cc99a3d,2.0,2.19,1.71429,1.75188
1574bb7476c9e556,2.85,3.88,1.37736,1.28571
4228886e94a25a63,2.6,4.35,1.47619,1.25641
c7cbf6b47051fa7d,3.25,8.5,1.32787,1.09569
82e713f037e37fe9,2.6,2.83,1.47619,1.4878
76726a66840ccfa4,2.5,3.49,1.52632,1.35211
ec659c4e19f62700,2.7,4.65,1.43478,1.22936
10cff9ac7ce89c28,2.85,3.2,1.37736,1.4
b6a609806d44659f,1.55556,1.37736,2.4,3.35
bc096e8ae14582ec,1.86957,1.95238,1.8,1.86957
1641d396e409a350,1.24691,1.21978,3.85,4.58
0eac602503b48b1a,1.55556,2.4,2.4,1.625
fe5427398fd9d9dc,1.35714,1.14245,3.0,6.05
55c6d02e838dc60f,1.21053,1.1292,4.25,6.5
9150344ed35f355d,3.0,3.65,1.35714,1.3125
22a243c5fba0fb46,1.35714,1.5,3.0,2.7
7259a1046143e632,1.54054,1.39216,2.45,3.15
b068a4ee6d842606,1.625,1.69444,2.2,2.24
632f6960544caa3c,1.66667,1.58824,2.1,2.48
0c299ce3719d9ea2,1.52632,1.50251,2.5,2.7
c3ba8f1a4ddc0dc3,2.3,1.68027,1.58824,2.27
bbebfc54abbb1d8b,1.25,1.21413,3.8,4.7
634dbcef5111f939,2.5,1.90909,1.52632,1.90909
9eb92b670eebdcd4,1.28571,1.2439,3.5,4.33
cc7afab68363e076,1.32787,1.24691,3.25,4.33
0c25bb24dbb63655,1.43478,1.40486,2.7,3.08
12c600dc64edb403,1.66667,1.67114,2.1,2.29
8cf571afc2618df4,1.64516,2.0,2.15,1.83333
85dcf9425d3c4e56,2.3,1.70423,1.58824,2.22
3845a6838fe00265,2.3,2.6,1.58824,1.54054
6a7892754af30685,2.15,2.78,1.64516,1.4717
b2bb725b17ab51b8,1.8,2.03,1.86957,1.81967
63c08ecea35e8bee,2.2,2.83,1.625,1.46083
ec0a1c09d1b113b8,1.76923,1.58824,1.90909,2.48
badc8c379cc2e6ff,1.64516,1.72993,2.15,2.17
79e293137ef6421d,1.28571,1.19493,3.5,5.03
439905344ee8035e,2.0,2.18,1.71429,1.72993
a39d0adbeffe49de,2.0,2.24,1.71429,1.6993
6e652cbaaa406598,1.8,1.45045,1.86957,2.85
e8d336f4465e6640,1.52632,1.64103,2.5,2.36
8502afcf211973a9,1.46512,1.66225,2.65,2.32
57b986d06bde71c2,1.625,1.40486,2.2,3.08
7ec24848cac6c5a1,2.75,2.17,1.40816,1.73529
0fa31c9f7495810b,1.66667,2.22,2.1,1.73529
418b6f692abe9e35,2.5,2.63,1.52632,1.53476
4f722e80eadb6d2f,3.0,3.48,1.35714,1.33898
43baf5b905686ebf,1.90909,1.90909,1.76923,1.90909
f208b79b0d78045b,1.34483,1.27248,3.1,4.05
e4549c57faca7a64,1.38462,1.46083,2.8,2.83
8a39075a9ffaa971,1.90909,2.05,1.76923,1.8
d1c4c06780cbd36e,2.6,3.08,1.47619,1.40816
979269d4ab5784af,2.1,2.18,1.66667,1.72993
398f4857f9692204,2.9,2.88,1.37037,1.44444
7d60cb78ea70fae0,1.26316,1.18182,3.6,5.23
1caec47dc08613a7,1.18018,1.125,4.65,6.63
3b463d688d598a72,1.86957,2.18,1.8,1.72993
14a40f30e0cb22c9,2.1,1.8,1.66667,2.05
093ca77f7f7219f6,2.5,2.33,1.52632,1.65789
4702ef17c48bf1d1,1.28571,1.25974,3.5,4.18
1e176413438fabd5,1.625,1.44444,2.2,2.88
00684df5ed23e6ca,2.55,2.3,1.51282,1.68966
49749ee78bc54a48,1.52632,1.65789,2.5,2.33
8801fbb87bdedbe3,1.52632,1.29674,2.5,3.83
ff64fc34065565d0,1.47619,1.38462,2.6,3.2
bf658320ccd69021,1.86957,1.56497,1.8,2.53
6a9ea8e420a52a21,2.75,3.35,1.40816,1.36364
d4a309663a4da799,2.3,3.13,1.58824,1.39683
9968d308e97c6531,1.43478,1.68027,2.7,2.28
d6c02b4bb64ff795,1.74074,1.95238,1.95238,1.86957
e54fe354981fe3e7,1.40816,1.22173,2.75,4.6
109674a1ee00f55d,1.60606,1.5814,2.25,2.5
97febb293c99e5a8,2.3,2.68,1.58824,1.51546
09f67db0cfaee022,2.25,2.48,1.60606,1.58824
f930743af6564795,1.60606,1.39683,2.25,3.23
29c7cb102ddd7ec4,2.5,2.25,1.52632,1.68966
cad44cd2466fb68f,2.7,2.73,1.43478,1.49505
c611e81778c0b1fc,1.71429,1.74074,2.0,2.2
5b0fcecc55bebd5c,1.86957,1.86207,1.8,1.96154
245009a9e1a0f60b,1.66667,1.72993,2.1,2.18
a7c04dc830923313,1.40816,1.5814,2.75,2.5
3caa22209cb559b7,1.47619,1.48309,2.6,2.75
c39da8538d9c0321,2.6,2.63,1.47619,1.53476
5a36c9362552e0dc,2.75,2.5,1.40816,1.5814
2f0cbf0502173a79,1.11696,1.12225,5.85,6.75
c1322d09e8b6efca,1.95238,2.33,1.74074,1.65789
008d0158831dcbd4,1.43478,1.27397,2.7,4.03
951ccd0041bd1700,1.57143,1.65789,2.35,2.33
447462bc8e540f10,1.37736,1.38462,2.85,3.3
0b98d84a2795f7f8,1.71429,1.59172,2.0,2.48
cd7fd3f034717d3c,2.6,2.48,1.47619,1.58824
7045f8c1d5f6abff,2.65,2.65,1.46512,1.52632
08cbd4c521831adf,2.0,1.81967,1.71429,2.03
312c742e614f8993,2.9,3.53,1.37037,1.33784
42d09ca167ecae07,2.45,2.47,1.54054,1.5988
87b0475688168a42,1.47619,1.57143,2.6,2.53
5b51610a9c8c88ef,1.47619,1.58824,2.6,2.48
7ad6511fb5fb28a4,1.58824,1.56497,2.3,2.55
72d6996a60856b5f,1.47619,1.68966,2.6,2.25
fd80d6d9f4e54387,1.28571,1.23981,3.5,4.4
babfd62f1d4a43a8,1.625,1.53476,2.2,2.63
665e9a25c5d8c17f,2.45,1.82645,1.54054,2.02
913d6763b570d060,2.0,1.93458,1.71429,1.88496
3b83ec99accfd271,2.35,2.6,1.57143,1.54054
c0e8095c91c39b06,1.60606,1.35211,2.25,3.4
fd984e8a9e25c927,1.37037,1.40816,2.9,3.08
ea967877dd4d6efb,1.55556,1.50761,2.4,2.7
b8019af428c064ef,1.57143,1.34014,2.35,3.6
464133df9ca19865,1.24691,1.19531,3.85,5.05
541e5c7a87712fc2,1.52632,1.37453,2.5,3.28
d447919ec1a9f34c,1.31746,1.19084,3.35,5.1
3100a4e29da974ad,1.83333,2.15,1.83333,1.74074
5301d765d64f863e,1.37736,1.21739,2.85,4.63
a16d8d0cc93372c4,1.8,2.2,1.86957,1.71429
c3b733bf084c2cd0,1.57143,1.38462,2.35,3.2
2e47823d38a5649b,1.71429,1.74627,2.0,2.14
0b8fdeeb626b4396,2.35,3.05,1.57143,1.41322
c7780ac294530c0d,1.14184,1.10183,5.35,7.58
979538ff8ae1ccd5,1.47619,1.25,2.6,4.28
976d2cc3d08ca814,1.52632,1.46083,2.5,2.83
486fbba33876da4b,1.60606,1.71429,2.25,2.2
b0cb6a1da8e0da81,1.52632,1.43478,2.5,2.93
7e9cb0c322773157,2.0,2.2,1.71429,1.71429
3bb7210200d90d90,1.57143,1.65359,2.35,2.34
9cbdbbc414d6dd83,1.71429,1.71429,2.0,2.26
2e12db181792090f,1.64516,1.76336,2.15,2.16
2ef16a5ff3710c92,1.71429,2.2,2.0,1.71429
d4e98b827e3d6918,2.75,2.2,1.40816,1.71429
9900550cc697eef2,1.47619,1.25641,2.6,4.23
9d72aaaf34e5b512,1.43478,1.39683,2.7,3.13
00dcad4611fc63fe,1.57143,1.74074,2.35,2.15
e2535e0753954514,1.21053,1.22472,4.25,4.5
664e56d8a98e2b49,1.35714,1.31056,3.0,3.68
bd6d144f5c0b6cab,2.85,3.25,1.37736,1.37736
92f27d13fc502d33,1.28571,1.22173,3.5,4.69
d757f19f3d34934b,1.76923,2.12,1.90909,1.76336
b0c2442c5a7c509a,1.52632,1.76923,2.5,2.1
50d5a170516de2ad,1.83333,1.81967,1.83333,2.03
503a9ac5679c9cf7,1.18018,1.08333,4.65,8.75
05e2832cd5ffb7a6,1.60606,1.4,2.25,3.13
2c01f4df404ff6ee,2.1,2.7,1.66667,1.5
499557c33e67deaf,2.1,2.44,1.66667,1.60976
870a98d6f943d9b7,2.5,4.58,1.52632,1.21978
961246a6d621ef40,1.60606,1.4878,2.25,2.75
20b70a226f1c13fb,2.3,3.25,1.58824,1.37736
1bf7f647f309464e,1.57143,1.39683,2.35,3.15
21d6db22c6089308,2.1,2.3,1.66667,1.66667
3945b08be8d62861,1.90909,1.68027,1.76923,2.33
785dd27b03946f95,2.45,2.43,1.54054,1.60606
2d23ca9d8abc0c97,2.45,3.08,1.54054,1.40816
22e5596f75d9d8e7,1.28571,1.17637,3.5,5.35
34fd6ac116645ae6,1.47619,1.31153,2.6,3.68
6712440cd01dffdb,3.5,4.28,1.28571,1.25
26ac85fc4bee63a6,1.24691,1.23041,3.85,4.43
e7e244a0bf244e61,1.40816,1.40816,2.75,3.05
2ab47d509ee7dc6d,1.40816,1.35088,2.75,3.43
1c5bed46920ab3e1,1.47619,1.40984,2.6,3.15
85e1b21ea88fe7e3,2.6,3.53,1.47619,1.32787
374508c76108d7fe,1.35714,1.28818,3.0,3.88
b82b243982fcb2ac,1.37037,1.32258,2.9,3.55
74e86c7782cafe27,1.76923,1.86957,1.90909,1.95238
8d1559bbcea7e92a,1.76923,1.55556,1.90909,2.55
5ae114b3fdef6d2f,1.47619,1.43478,2.6,2.93
2e0ae17a22a6f824,1.66667,2.25,2.1,1.69444
665a35fcac41d277,1.37037,1.16779,2.9,5.5
a1569926652ebc36,1.54054,1.7874,2.45,2.08
3e39829aedc9346f,1.90909,2.27,1.76923,1.68027
475a41d83edd47dd,1.8,1.98039,1.86957,1.8547
2ad291d61792fd7d,1.74074,1.36101,1.95238,3.38
cf3a93dd5460593c,1.55556,1.63694,2.4,2.38
43313a340ff0d2b5,2.75,3.8,1.40816,1.2924
93c4b798134c71d4,1.34483,1.29412,3.1,3.78
2be2c9ddfbee0cd4,1.31746,1.17857,3.35,5.33
3c6659f1b09760ba,1.21053,1.18622,4.25,5.18
a637cd1012af870f,1.31746,1.35714,3.35,3.4
f0b151cc6c91b259,1.74074,1.56497,1.95238,2.55
0339f66f18a3e0bf,1.25974,1.17153,3.65,5.43
37c732554828dcc3,1.90909,2.11,1.76923,1.76336
dc4f7eaaa2c9d450,1.66667,1.4878,2.1,2.75
b21e4b6c4126c782,2.35,2.53,1.57143,1.58824
6d9f6f7004c791d5,1.37037,1.55556,2.9,2.55
4ff0075d932d5b14,1.95238,2.05,1.74074,1.8
d2198a7ae05b24c1,2.6,2.48,1.47619,1.58824
e5461559114e30ff,1.54054,1.52632,2.45,2.65
d3ccf71e68480007,3.1,3.7,1.34483,1.30303
34a39beb93225e2e,1.16667,1.22472,5.0,4.5
e8d087f822be7b02,1.33333,1.19084,3.2,5.05
06c124a55f77a7a5,2.6,2.85,1.47619,1.45455
0cbeda449bc94af7,2.25,2.73,1.60606,1.4878
4e3611c9a9e20ff0,1.71429,1.67114,2.0,2.29
83b32e9300fec365,1.55556,1.68966,2.4,2.25
2a702055a79d95a7,1.43478,1.56497,2.7,2.55
4339e30a856c1da8,2.57,2.13,1.5,1.75758
f5eae75fc240aaa6,1.47619,1.45045,2.6,2.87
84d89d2f36d07dc0,2.6,2.63,1.47619,1.53476
d6482fcb69b04904,1.86957,1.72993,1.8,2.18
982f4f96b6d0f346,1.47619,1.46729,2.6,2.8
6ec62f8822843edf,1.21053,1.125,4.25,6.63
caef4f8801f39345,2.6,2.27,1.47619,1.68027
a09bfdaa83d99efb,1.47619,1.39216,2.6,3.15
3266f569a6246d90,1.8,2.05,1.86957,1.8
85168b8d99f7ce42,2.15,1.98039,1.64516,1.8547
e8d3768f293a699b,1.55556,3.55,2.4,1.33003
0f641756e99605ad,2.15,2.2,1.64516,1.71429
3a932a4cacacc939,1.37037,1.65359,2.9,2.34
5a79d4b9a8f8352f,1.54054,1.76923,2.45,2.1
d8fe965281e2e312,2.25,2.21,1.60606,1.70922
045c298c72fe196a,1.71429,1.66667,2.0,2.3
cc1993d02d28a3b9,1.14184,1.1056,5.35,7.25
3e6babcbd7b9d364,2.9,2.9,1.37037,1.44053
69aa797cef2e4782,1.28571,1.2551,3.5,4.2
1cc9816d18aa29d0,1.86957,2.23,1.8,1.70423
633fbb0894c002d2,1.3125,1.32258,3.4,3.58
5574c020655b435e,1.18868,1.15504,4.5,5.73
3636ca71c557c5e8,1.38462,1.60241,2.8,2.46
3e875e1625bbdfbd,1.58824,1.64516,2.3,2.4
f2ac86cd3e863243,1.52632,1.28011,2.5,3.95
8bfa9df5341c95c0,1.33333,1.2924,3.2,3.88
c4938baf92d2dc31,2.2,2.33,1.66667,1.65359
3ce6f9eb59a1e149,3.1,3.98,1.34483,1.27778
762de3b0b32ba937,1.52632,1.5814,2.5,2.5
d0dc419dc7acb7e2,2.3,2.32,1.58824,1.66225
a7adbceeff234b61,2.15,2.3,1.64516,1.66667
f8ad660497e49187,2.5,2.48,1.52632,1.58824
226c6a86f4f81122,1.34483,1.21739,3.1,4.63
52abce3a11b43b1d,1.43478,1.43103,2.7,2.95
cdf048ec9b917cfa,2.2,2.03,1.625,1.81967
2e0493171c4ee80f,1.47619,1.37736,2.6,3.35
5afd44d1e567d2e8,1.35088,1.39683,3.05,3.13
18cdc16fc7ab7ce1,1.46512,1.4717,2.65,2.78
649b2db3709b07fe,2.25,2.38,1.60606,1.63694
3cbbf947fd0d2144,3.65,3.4,1.25974,1.35461
a3935c950c40462b,1.68966,1.8547,2.05,1.98039
37008594c087470c,1.26316,1.2439,3.6,4.33
98035e427b476717,1.25,1.2439,3.8,4.33
45500515780758f0,1.14184,1.14286,5.35,6.13
d6e1205babf27a9d,2.2,2.35,1.625,1.64516
d0a8304574e65ec9,1.74074,1.75758,1.95238,2.13
640dbb5a89c0aad6,1.83333,1.93458,1.83333,1.89286
311156891c7bdf60,2.9,2.55,1.37037,1.55556
3760216f68f448b7,3.5,3.88,1.28571,1.28571
ee9173615ef4cfae,1.21053,1.18797,4.25,5.38
02ace8fdd83c6480,1.66667,2.15,2.1,1.74074
214fa13c3f230259,1.40816,1.38462,2.75,3.2
eadb215519406e92,1.25,1.28011,3.8,3.95
2f15a2ed6cd4711f,1.31746,1.23148,3.35,4.53
3bd5dbc1598c409d,1.25974,1.28011,3.65,3.95
a06a3bc70d7c4264,1.43478,1.46512,2.7,2.81
b7653a82f4b07b1f,1.58824,1.54645,2.3,2.58
607d22f0b3db4f1f,1.76923,1.89286,1.90909,1.93458
014a3acf91ada8af,1.90909,2.15,1.76923,1.74074
94d708a8a8fefdef,2.45,3.15,1.54054,1.39216
5d000de6fa836f66,2.6,2.7,1.47619,1.50761
cc4a23ed2cbc8aa4,1.32258,1.32573,3.3,3.55
e508ba268cb295c0,1.60606,1.8547,2.25,1.98039
0e9091311ca565ce,3.3,3.23,1.34483,1.38168
b45d0e0d2bba01e9,1.37736,1.31546,2.85,3.63
0d043ecaf5bbc3ae,1.14184,1.09294,5.35,8.13
7c20284c4c2dc9d3,2.65,2.35,1.46512,1.64516
dcf052ef89a66397,1.60606,1.53476,2.25,2.63
c959b92fb36220a3,1.40816,1.54945,2.75,2.58
5bff1ece35abac7f,1.33333,1.28818,3.2,3.88
c82f9bc365ff1074,1.31746,1.29412,3.35,3.8
2af50cc7f34f6fc2,1.74074,1.64516,1.95238,2.35
b29d4e0117776bb3,1.33333,1.5,3.2,2.7
a80579fe679d24e2,1.90909,1.90909,1.76923,1.90909
4bf6b6904ec94421,1.90909,1.98039,1.76923,1.89286
0845e0f9e8d61b0f,1.83333,1.89286,1.83333,1.93458
fb98219ce569b384,1.60606,1.70423,2.25,2.23
a26db2cee9eab1f9,2.1,1.86957,1.66667,1.95238
784a57385d0e87ff,2.25,2.03,1.60606,1.81967
b33d1e693e3c9958,4.35,4.68,1.19802,1.21413
cf13dd810b2bd061,2.7,3.13,1.43478,1.39683
8bf419824ca91470,1.90909,1.90909,1.76923,1.90909
ee31f081cf576273,1.21053,1.19531,4.25,5.0
e3fb9146a7eaaa47,1.46512,1.59172,2.65,2.53
d2105d00baa3e15e,1.74074,2.05,1.95238,1.8
f7c9f7a6edca5299,2.05,1.95238,1.68966,1.86957
aa92030dfd8b5d40,2.0,1.76923,1.71429,2.1
95d46f7a7e72f91c,1.33333,1.34247,3.2,3.48
5f6b8e48e7d3b66f,1.66667,1.90909,2.1,1.90909
f4d9138ba502b7ec,1.60606,1.68027,2.25,2.28
9b79c05aa978c066,2.0,2.36,1.71429,1.64103
eb53ec8983cb2a95,2.5,1.91743,1.52632,1.9009
26779cfb01372664,1.25974,1.30303,3.65,3.75
1a0bf11582ae518b,1.38462,1.5814,2.8,2.5
5aa7ecc6507841bd,2.35,1.89286,1.57143,1.93458
79884c0df84662b9,1.35714,1.31746,3.0,3.6
d1d7400c131ed40e,1.83333,2.3,1.83333,1.66667
3b5e1d6cbf9c8c9f,1.71429,1.95238,2.0,1.90909
42afd8c4fc85f485,1.66667,1.89286,2.1,1.93458
a020b5b917c27bb8,1.52632,1.76923,2.5,2.1
fcb225f454ebf1a1,1.58824,1.5291,2.3,2.65
5838305c25a54ea1,1.47619,1.44053,2.6,2.93
d480d01418ae0143,1.52632,1.46083,2.5,2.83
03b9922d777e430c,2.0,2.34,1.71429,1.65359
692ceb2ac5fa4427,1.26316,1.2439,3.6,4.38
61f80a1732d37288,1.57143,1.51282,2.35,2.68
c5990f9767b16c48,1.35714,1.32051,3.0,3.58
97e895b7c2cb9db4,1.43478,1.5814,2.7,2.5
6d47170d069df8bb,1.32787,1.39216,3.25,3.15
7786b5fafee61c36,2.1,1.88496,1.66667,1.9434
711fcf95370fa90b,2.25,2.39,1.60606,1.63291
d37ed975c2b70fd2,1.21053,1.16529,4.25,5.55
6ccf478dca83757e,1.38462,1.36765,2.8,3.33
5a9804cad2335272,1.60606,1.76923,2.25,2.1
8d9b460143ae19bc,2.8,2.7,1.38462,1.5
b2c3f1783a0c8530,2.85,2.43,1.37736,1.60976
a78ccbb549d36ddd,1.83333,1.76336,1.83333,2.11
313801a4262f1ea5,1.90909,2.23,1.76923,1.70423
8d975de5d033ccde,1.68966,1.97087,2.05,1.86207
6387fdb44c61ccdb,1.46512,1.33333,2.65,3.53
934718256f4d082c,1.57143,1.76923,2.35,2.1
f457d55f78d581f9,1.32787,1.3125,3.25,3.6
5724a9cf463c8390,2.0,2.18,1.71429,1.72464
6e093a1d4286dad6,3.85,3.58,1.24691,1.32258
75e21e2f5f3be42e,2.1,1.86957,1.66667,1.95238
4b8c8ae61251ff83,1.52632,1.61728,2.5,2.43
ad61d042c43451a8,1.625,1.73529,2.2,2.17
c69c5830064fd591,1.31746,1.23148,3.35,4.53
2e11087e1a4f066b,1.71429,1.83333,2.0,2.0
911e151d1907197d,1.35714,1.4717,3.0,2.78
68a93f8eb34f3251,2.25,2.5,1.60606,1.5814
4cf7792aef993be1,1.71429,1.8,2.0,2.05
b2039609019496d9,1.37736,1.41667,2.85,3.03
afd53c8033f6ee82,1.60606,1.84746,2.25,1.9901
315b6e91a0239148,1.33333,1.43103,3.2,2.95
f8b32aeb9b628d89,1.52632,1.37037,2.5,3.3
bb9020ac324fb706,3.4,3.48,1.33333,1.33898
9a984ea967886979,2.3,2.1,1.58824,1.77519
420f4e4dc341eb57,1.68966,1.68966,2.05,2.25
d18b33bdd37f4683,1.55556,2.05,2.4,1.8
5e13fbe15c887a33,1.54054,1.74627,2.45,2.15
d39010c3511fb972,1.28571,1.23866,3.5,4.6
95a0d706e1f4cfa2,1.47619,1.41667,2.6,3.03
a815119606930378,1.37736,1.43478,2.85,2.93
509519d82e906c0f,1.55556,1.66667,2.4,2.3
5cf03fdfe557803f,2.35,2.0,1.57143,1.83333
e71a155192ff2f6c,1.37736,1.38462,2.85,3.2
08c6b88ac22717ed,1.66667,1.86957,2.1,1.96154
824fb74f5fc34218,1.16667,1.11507,5.0,7.0
0f73ee9121ec7539,2.65,3.13,1.46512,1.39683
0fed8d8499eae01a,2.65,2.63,1.46512,1.53476
bb0770ead53940f5,2.8,2.35,1.38462,1.64516
a2fe63d064567d14,1.68966,2.09,2.05,1.78125
2ef96a4eb306fbb4,1.40816,1.34843,2.75,3.43
2d205cc1da2e7930,2.35,2.4,1.57143,1.625
5b6451f3f83c719c,1.35714,1.38168,3.0,3.23
df661c70c40adf84,1.64516,2.5,2.15,1.5814
0864112e968630ea,2.75,2.8,1.40816,1.46512
570f3407722cc512,1.28571,1.30581,3.5,3.73
0344687c9852b1d2,1.43478,1.34483,2.7,3.45
78410b48feaba213,1.37037,1.56497,2.9,2.55
787d94246afe18a3,1.57143,1.8547,2.35,1.98039
e35d878ba90d9769,2.15,2.1,1.64516,1.76923
58c73a9562adcfe5,1.35714,1.35461,3.0,3.42
4a46b63c19cfa932,1.40816,1.68027,2.75,2.28
3fe9e895b2a45049,1.68966,1.90909,2.05,1.90909
cb76509b5c2f2a90,1.95238,1.74074,1.74074,2.15
34644c44229e41a1,1.38462,1.43478,2.8,2.93
537c77f3b75a75ae,1.40816,1.29851,2.75,3.75
02f4277726712796,1.58824,1.83333,2.3,2.0
a3b972117a3998ee,1.47619,1.74074,2.6,2.15
0549b655619774c5,1.16667,1.14451,5.0,6.05
5237736e6b37c609,1.37736,1.5848,2.85,2.49
31dd8b5d6444f19b,1.40816,1.29674,2.75,3.78
d6389fa434e86916,2.1,2.1,1.66667,1.76923
69ecd4aa5a550f7b,1.71429,2.7,2.0,1.5
f24144fbe9e32c10,1.58824,1.64103,2.3,2.37
ddb4376695f115b9,1.58824,1.75758,2.3,2.13
d38cd293a0c3fdfd,2.0,1.87719,1.71429,1.9434
c5c1deb1607f69b4,1.47619,1.2004,2.6,4.95
692241119228cc82,2.35,2.41,1.57143,1.62112
f4cdc944e27c2cd2,1.58824,1.54945,2.3,2.58
0596fc5eba5c1fe0,1.35714,1.29412,3.0,3.8
054f1423ba7c121e,1.90909,2.03,1.76923,1.81967
144b0c1dd6c909f3,1.83333,1.75758,1.83333,2.13
00b7497b02b3b2bb,1.58824,1.65789,2.3,2.33
4f6f7f1ad8954bb6,2.5,2.03,1.52632,1.81967
4df1d3183929d021,1.32787,1.21739,3.25,4.63
187681b2843174b5,2.3,2.25,1.58824,1.69444
30b33d032605c885,1.28571,1.18622,3.5,5.18
96adba2273a13f46,2.1,1.89286,1.66667,1.93458
76c5f66afe6ab192,1.08333,1.1,7.0,7.63
50935ae1627fc89b,1.25,1.16584,3.8,5.55
5c5ed0416e881faf,1.26316,1.25974,3.6,4.13
845907142e023077,1.76923,1.62893,1.90909,2.4
66b8f3426f36fdf7,4.35,6.5,1.19802,1.1292
c29b63d6cd2ba413,1.64516,1.89286,2.15,1.93458
6f2a4a2f769eb9e3,2.45,3.1,1.54054,1.4
0408a452fb5c3e14,1.8,1.93458,1.86957,1.89286
39c16381a9722735,1.52632,1.4878,2.5,2.73
0e9b7e682e0a79f1,1.57143,2.25,2.35,1.68966
1afa8d6ae4d8a5b2,3.0,2.45,1.35714,1.5988
5948876f1d80c21a,1.21053,1.17301,4.25,5.43
8793208907eca67f,1.95238,2.07,1.8,1.79365
3a8cc4cda195d758,3.0,3.53,1.35714,1.33223
b43dfe6743160a66,3.5,5.18,1.28571,1.19531
21b361d723fcf3cd,2.6,3.2,1.47619,1.38462
a27a9b7b8194e8fc,1.8,1.7874,1.86957,2.08
11b369120409d2aa,2.45,2.33,1.54054,1.65789
412735f3e0b66ea6,1.90909,1.70423,1.76923,2.23
958f6e5b79ff8c33,2.5,2.05,1.52632,1.8
ba7250ef080d1603,2.75,2.4,1.40816,1.625
1cca8ba792f1e1d9,1.76923,1.83333,1.90909,2.0
4efbd869aa0211d2,1.52632,1.43103,2.5,2.95
98e3b4d05ecc36a2,1.90909,1.93458,1.76923,1.89286
9220acccebf14a46,1.83333,2.19,1.83333,1.71942
c5a8e0098d1024ce,2.65,3.58,1.46512,1.32573
e322eae035f7c00f,1.8,1.88496,1.86957,1.93458
43a941e005a2d463,1.57143,1.93458,2.35,1.89286
00494c77d2a88f8c,2.3,1.8547,1.58824,1.98039
52943c821416dc38,1.24691,1.1634,3.85,5.58
51010081d59b4687,1.46512,1.40816,2.65,3.05
588a39cab19065bc,1.8,2.2,1.86957,1.71429
23c6a428df1569bc,1.55556,1.72993,2.4,2.22
29df50b2ea446361,1.47619,1.86957,2.6,1.95238
2c39797c6574ff29,1.31746,1.56497,3.35,2.56
c1e039419a671b9e,1.76923,1.61728,1.90909,2.4
4fa26e1e88583ab5,1.26316,1.19084,3.6,5.05
b5268a0c2df32a24,1.22222,1.17857,4.5,5.3
6b5fe10e6e7d160a,2.0,1.87719,1.71429,1.9434
689116759885e4a5,2.1,2.28,1.66667,1.68027
e4795ab9bdd6fb38,2.8,3.23,1.38462,1.38168
f1afa75c8d492550,2.7,3.27,1.43478,1.37736
ad0bac98558900af,1.38462,1.49505,2.8,2.73
dad034faf3d62cb9,1.66667,1.69444,2.1,2.25
24411c5356903d11,2.25,2.16,1.60606,1.73529
8eaa23d64c20b0f1,1.64516,1.73529,2.15,2.22
1b52e24d09700dd9,1.43478,1.59172,2.7,2.49
7fce3efc5d2add6e,1.46512,1.42553,2.65,2.98
a337e11f80a75b7d,1.43478,1.47619,2.7,2.75
bd6909a463a1de2b,1.28571,1.3012,3.5,3.73
860be3cc82895177,2.3,1.51813,1.66667,2.6
9fe62ea683decc55,1.25,1.19646,4.0,4.75
69167b996ce7a7e4,1.66667,1.62893,2.3,2.31
98842f17dfe4b4ef,2.55,3.15,1.55556,1.37175
587d373f18f6c8c0,1.625,1.74627,2.4,2.11
e078d18fa9ed100d,1.33333,1.40984,3.5,2.95
88256dd5a9aef1cc,2.45,1.74074,1.58824,2.11
d44d735e5079bfb8,1.14286,1.22883,5.5,4.33
85f920746c58d0a6,3.0,2.74,1.41667,1.47393
6d7eecf4acecda2a,1.95238,1.57803,1.86957,2.45
acec5f4c6fee1ae2,1.58824,1.60976,2.45,2.37
61d9eff5fa4c8578,2.3,2.1,1.66667,1.75188
7151ae256e6c181b,2.4,1.92593,1.58824,1.89286
149d6b90f33634a4,2.6,2.63,1.54054,1.5102
d5ffdb5388ffabc6,1.5,1.36101,2.7,3.22
20f19439e9b100b0,1.64516,1.52356,2.35,2.59
38957d8eb185391c,2.55,2.57,1.55556,1.52632
6101249c2cdd1493,1.4,1.38023,3.1,3.11
777c65184aa63894,1.25,1.17921,4.3,5.02
df16b9c2fc9722e9,2.55,1.49261,1.55556,2.68
f526892a27b50576,1.52632,1.29851,2.6,3.67
ddb927b0dfcfac2a,1.33333,1.29586,3.5,3.62
3109d1151f149aaf,1.95238,2.14,1.86957,1.71942
a38648a1c190f9be,2.1,1.7874,1.76923,2.06
b3847772199e2639,2.85,2.57,1.45455,1.5291
5d64044b985004e7,3.2,2.77,1.38462,1.46083
9e5bbbacf1d92cb4,3.5,3.7,1.33333,1.28818
657b7da9c89352fe,1.37037,1.4,3.3,3.02
376dddfa82debbf4,1.38462,1.33113,3.2,3.4
405bded9cc7a7c15,1.57143,1.71429,2.5,2.16
3fc8afbb23b9ac16,1.5,1.51813,2.5,2.57
42b28adbed6966b7,2.1,2.38,1.71429,1.60606
c74b03337a8441ed,1.66667,1.81967,2.3,2.0
1ce1a43ef68ffc7d,2.6,2.36,1.54054,1.6135
147e984aa34e3028,1.26667,1.14599,4.0,5.64
e6ce8360ef43891c,1.25,1.2809,4.0,3.74
8636b67096df4b27,2.55,2.26,1.55556,1.65789
73c97d5c314f1270,1.8,1.69444,2.05,2.2
0273dbd5dedbdbe0,2.65,3.08,1.5,1.38462
c0518d213b67e754,2.3,2.04,1.66667,1.79365
a27a355f52883f3e,1.33333,1.28986,3.5,3.69
66eee2320e900a8a,1.66667,1.31056,2.3,3.55
2c21abbc28e3876a,2.85,3.02,1.45455,1.40323
81bb4d9b214adf4b,1.44444,1.81301,2.88,2.01
330e67abac6e5ce7,2.4,2.19,1.625,1.70423
188b63ec6ee1c1c9,1.625,2.0,2.4,1.82645
d9ca00b3c62a874d,1.54054,1.35714,2.6,3.25
a2e1116a9fe84aa9,2.85,3.89,1.45455,1.26525
fefa96b6d939ffea,2.0,1.63291,1.83333,2.31
e3881a6895be3e9e,3.5,3.51,1.33333,1.31056
be8bee783d22bee2,3.25,2.87,1.35088,1.4329
814d481e79e9a525,1.57143,1.70922,2.5,2.17
4b7ec02b39fc6f70,2.4,2.18,1.625,1.69444
8b3b38167060b1d7,3.1,2.83,1.4,1.44053
2e200563dd7c4922,1.38462,1.32895,3.2,3.4
a43dcd04788d95c7,1.47619,1.33333,2.8,3.38
730f14ccff80f3b0,1.52632,1.39683,2.65,3.04
2a5484a6d5e7a2da,1.64516,1.57143,2.35,2.47
bdaca0a96d44438a,1.39216,1.40984,3.15,2.96
fc0927c657c51622,1.30769,1.3012,3.75,3.58
dd552b389152636a,1.76923,2.4,2.1,1.5988
b4f88d65b47c2a39,1.44444,1.46083,2.9,2.78
85d9a516c3c6c205,1.33333,1.68966,3.5,2.19
a760d0f5de2e1aaa,1.71429,1.54348,2.2,2.55
ea76a3af8c5ecc55,1.45455,1.71942,2.85,2.15
37c484012ef24a5b,1.625,1.65359,2.32,2.28
ce151e053721fe69,1.90909,1.57803,1.90909,2.45
9c33c8d4a381ba70,1.90909,1.4878,1.90909,2.69
dba710edbc3c29ff,1.625,1.75758,2.4,2.09
a00b4e82f9d4f92c,1.33333,1.14837,3.5,5.69
3b7eb8e56052a2af,1.95238,2.1,1.86957,1.75188
6832e9e62da0f9d3,1.33333,1.40984,3.5,3.0
16d31775a8dcb31d,1.36364,1.14684,3.35,5.73
dfa2f5c821a52c63,1.90909,2.32,1.90909,1.63291
5f444eac11e55161,1.5,1.369,2.7,3.18
c1e5859053263811,2.3,1.65359,1.66667,2.27
e7423a91a253b416,1.5,1.37453,2.7,3.16
d1621b3da377f34b,1.625,1.64935,2.4,2.29
13a8ddb1c3f55ed4,1.33333,1.11507,3.5,6.6
576b795e33ddd62d,2.9,2.7,1.44444,1.48309
dc870fab1e0f15e1,1.16667,1.15267,5.0,5.55
401f5f4714132d50,1.52632,1.51546,2.65,2.62
d06495deb1ff1750,1.90909,1.80645,1.90909,2.02
2d42742aade53799,1.86957,1.75188,1.95238,2.1
0ce63c2148e70b4c,1.55556,1.24938,2.55,4.06
06b3226c34c17001,2.3,1.92593,1.66667,1.89286
eb10feae98ea7d36,2.55,2.04,1.55556,1.79365
18f19b1422e8154b,1.625,1.89286,2.4,1.90909
50bf4bb2f8d9aba4,1.71429,1.52083,2.2,2.58
bb15c0a2911043bd,1.33333,1.27473,3.25,3.8
9b9ef12603e820ec,1.41667,1.34014,3.05,3.34
f592f168f3b8b807,1.66667,2.02,2.3,1.81301
fd60e75303622e5e,2.3,1.88496,1.66667,1.93458
450534f9fb9b13cd,1.90909,1.63291,1.90909,2.3
1ff89e2a9cc2f2d2,2.9,3.3,1.44444,1.34722
8dd086e2e70144fd,1.54054,1.23981,2.6,4.19
a4817b7e46028b4a,1.74074,1.6135,2.15,2.39
6b0da0b1cda7799f,1.90909,1.49505,1.90909,2.68
775c1f401815bbd8,3.35,3.27,1.36364,1.34722
358f816aff469270,2.3,2.44,1.66667,1.58824
97ad63e644757cf4,3.05,1.87719,1.41667,1.9434
0165bd3c26f0c076,1.86957,1.50251,1.95238,2.63
97c80f69ac312030,2.65,2.59,1.52632,1.51813
3fcd53eb27945231,1.47619,1.33898,2.8,3.35
3d903bc35023f50a,1.37736,1.41494,3.25,2.91
ddd63237f1b857a6,1.43478,1.3125,2.88,3.55
444f0a732695dc81,3.05,3.53,1.41667,1.31153
71b81d8199a0fa19,2.0,2.05,1.83333,4.02
0992795fd0fa06d0,2.3,2.06,1.66667,1.77519
7aebf01b5afc0109,2.0,2.66,1.83333,1.5
93a1cd50374397c0,1.74074,1.71942,2.15,2.13
1fee9eca658d9808,1.66667,1.54645,2.3,2.53
ac9a8b73e58f3d71,1.90909,1.76923,1.90909,2.06
3209bcfaf95de90b,1.41667,1.35971,3.05,3.26
998296216e7171ed,1.52632,1.41494,2.65,2.96
e27c28928ed4390f,1.74074,1.3937,2.15,3.03
646eeca9447c6965,1.8,1.62112,2.05,2.35
cd5d9828b278181a,1.76923,1.70922,1.90909,2.17
85511ab7fd9ed061,2.35,2.92,1.57143,1.43478
8da2c348ba6001a0,2.75,4.82,1.40816,1.2008
0261adcfc6e49150,1.43478,1.19608,2.7,4.9
4738cd4cd8d33eeb,1.26316,1.43103,3.6,2.94
7ddd21d48e3b34b9,1.47619,1.5618,2.6,2.55
5d1f24e034772338,1.95238,1.9009,1.86957,1.91743
3dd0951b8855137d,1.90909,2.75,1.76923,1.48077
8a9c8f1d53d8c664,1.36364,1.35971,2.95,3.32
efbab76bedbfb65d,1.21053,1.18349,4.25,5.23
2ea1f463620bcd3d,1.58824,2.03,2.3,1.80645
2cc1fe3570999428,1.64516,1.48077,2.15,2.67
e76227f395b94e47,2.65,2.38,1.46512,1.61728
01983cba42704c49,2.3,2.72,1.58824,1.49751
a212e4c197983ad1,1.57143,1.97087,2.35,1.84746
354425c41008a01f,1.35088,1.28818,3.05,3.8
c8bc7e668ffffc7c,1.35088,1.34014,3.05,3.44
1521f94cafdfd783,1.25974,1.21834,3.65,4.58
0a4247ba4ae1cca5,2.55,2.23,1.51282,1.68493
58e21d505c082a9e,2.85,2.17,1.37736,1.72993
0d698108c5f5d1d6,1.32787,1.53476,3.25,2.61
bdeca00572419011,1.46512,1.54945,2.65,2.57
f96f719ad667dd96,2.35,2.42,1.57143,1.6135
7fec3b1ec923ad24,1.71429,1.64935,2.0,2.3
a9184def876faec6,2.55,1.90909,1.51282,1.90909
d401522de73b7bee,1.95238,2.28,1.74074,1.67114
4fe799b4fa1afb76,2.25,2.8,1.60606,1.45872
1f5178fe56c5423f,1.32787,1.35461,3.25,3.32
9fb9af6599d67b1d,2.7,2.42,1.43478,1.5988
083a6edd8bb21bc8,1.19417,1.08475,4.45,8.25
5782666ca117fa5b,1.32787,1.25063,3.25,4.17
65c1ca715dfdbe05,1.43478,1.18727,2.7,5.1
031647c36d12788f,1.38462,1.11403,2.8,6.83
04c9ebe419195f8b,2.6,3.07,1.47619,1.4
476a6245b43f3119,1.95238,1.61728,1.74074,2.38
f27e8d63f526d326,2.85,3.17,1.37736,1.38462
35f80e003d16a439,1.95238,2.6,1.74074,1.53191
115fa6f5f3e51bbb,1.25,1.1233,3.8,6.58
b8b692aa2aae3310,2.15,1.67568,1.74074,2.25
e857ca0bc3b9fdcd,1.5,1.48077,2.7,2.76
1109a8f2adc81ce0,2.0,2.41,1.71429,1.6135
cab532b4544580bd,1.57143,1.44643,2.5,2.86
e36b8b88646f72f8,1.44444,1.55556,2.85,2.56
7606d2f8d8b0e889,1.39216,1.27778,3.15,3.9
05061dd590c9eb34,1.33333,1.13369,3.2,6.25
97125cd6a94b6394,1.40816,1.14184,2.75,6.0
dfbb110855354039,1.40816,1.74074,2.75,2.17
58e72b1a38880ba9,2.7,2.64,1.43478,1.5291
0c3622569cd8062a,1.42553,1.26667,3.0,3.95
4f99b4a39925cb47,2.15,2.57,1.64516,1.55249
8b9e9f283e76b429,1.57143,1.42918,2.35,2.95
f00921c62315be96,1.76923,1.81967,1.90909,2.01
9b39e15b42422a08,2.5,3.16,1.57143,1.3861
d851cbbbdfd05a49,1.36364,1.37736,3.35,3.22
f044802db5688bbe,1.86957,1.78125,1.86957,2.05
90715135a543b6e3,1.95238,1.81301,1.8,2.01
7f0175f71481b63d,3.9,3.5,1.26316,1.33445
088b47d890b389e9,2.25,1.81967,1.60606,2.03
d333a6c34ff16397,1.71429,2.62,2.2,1.5291
4f9939af9a1d40a3,2.75,3.62,1.40816,1.30395
2ca4a039c07acd38,2.05,1.78125,1.68966,2.07
138c8807fef52564,1.35088,1.4065,3.05,3.07
a5acaa5f693529dd,2.95,2.39,1.36364,1.6135
c53cb796b4a4cdb8,2.55,2.14,1.51282,1.73529
93330422e1f2e0be,1.57143,1.64935,2.35,2.32
f993be991eea6016,2.35,4.02,1.57143,1.26667
e1bd72aba46f46a1,1.51282,1.62893,2.55,2.38
fedb6a1b15b05694,2.4,1.78125,1.55556,2.07
b58972ad7dcf65e6,2.25,1.80645,1.60606,2.03
a072481f307dc8aa,2.85,1.95238,1.37736,1.86957
a4e210bcdcc1bf5b,1.74074,1.9009,1.95238,1.91743
aec1339028f3416c,1.83333,2.83,1.83333,1.45249
4096b302747d47b3,2.45,3.0,1.54054,1.41322
8f1b727757a60c07,1.32787,1.75188,3.25,2.12
13129c1f044fdd47,1.54054,1.5618,2.45,2.53
b1da312483a974b3,1.51282,1.44843,2.55,2.87
f047e3605f8852d8,2.35,2.22,1.57143,1.6993
6e9cf53cd87e1b7e,1.95238,1.73529,1.74074,2.14
ab4862ea4cbd0750,1.37736,1.26385,2.85,4.03
e4559c3cce6edec1,1.57143,1.42017,2.35,2.97
f81f8cfe30e0a1e9,1.3125,1.28818,3.4,3.78
f8dd1e75978a3957,1.60606,1.4329,2.35,2.9
f2d9814936a6eb35,1.66667,1.33445,2.2,3.45
9ce56acac775d386,1.46512,1.35461,2.85,3.36
cfd47fddbb705f26,1.4,1.29674,3.1,3.7
75570ea2da94a4fb,1.86957,2.05,1.86957,1.78125
8a8fea2c10512434,4.1,4.97,1.26667,1.19268
9025e3c6b6d71253,3.05,3.05,1.41667,1.4065
67ed3ad521ef619c,1.36364,1.40816,3.15,3.03
1b8d366ac0f110f3,1.57143,1.43103,2.5,2.94
0f369d09416b9e34,1.8,1.74074,2.05,2.12
edc87836fd998929,1.90909,2.01,1.76923,1.81967
75b1533cc3cafae9,2.55,3.93,1.51282,1.28409
37a8c442fb38db75,1.71429,1.9434,2.0,1.87719
138cb102906573f2,2.45,2.43,1.54054,1.60606
a7cf716f5d73b558,1.64516,1.46729,2.15,2.78
9b0de83b4e504bf6,1.58824,1.49505,2.3,2.71
aa6a9aeeb45577d4,1.25974,1.22573,3.65,4.47
b436dda934059631,1.68966,1.64516,2.05,2.33
60be02c5566c8348,1.64516,1.4329,2.15,2.97
358468724d7d4322,1.37736,1.97087,2.85,1.87719
abeaae1a64934178,1.43478,1.4,2.95,3.09
7dbf23cb872edc9c,1.52632,1.62112,2.65,2.38
d4c314616eac8f8b,1.74074,1.87719,2.15,1.93458
15def71ff1679e06,3.5,2.73,1.33333,1.48544
33d2a1dbb8a7fef5,2.7,3.87,1.5,1.2809
7fd810af30144119,1.40816,1.18215,2.75,5.08
f3efc6121c5323ff,2.2,2.54,1.71429,1.55866
0e969ae805006d1f,1.37736,1.79365,3.05,2.04
819f51ef9d945a46,1.90909,1.6993,1.90909,2.22
dccea04cc3567955,2.25,2.82,1.68966,1.45249
f3c42ce9fad55eb7,1.25,1.10718,4.3,7.35
9d80bd1f92d23dfa,1.16667,1.08475,5.0,8.25
7feadf01c5920285,1.51282,1.40984,2.55,3.02
aef94727eb3897df,1.83333,1.68027,1.83333,2.24
f7cce33f6563dd72,1.60606,1.55556,2.25,2.55
8da94b2c1c0443d4,1.33333,1.46296,3.2,2.8
4dd3035430a5ed43,1.43478,1.60606,2.7,2.42
1019f2a9c012e949,2.4,2.15,1.55556,1.72464
1d8a86d37c7ef3d3,1.26316,1.20833,3.6,4.77
cb4dd24535ef2d94,1.74074,1.98039,1.95238,1.84746
4c489b3c9d14cbc9,1.52632,2.44,2.5,1.5988
975159720cfd0103,1.40816,1.31746,2.75,3.57
11f715fa5e825e51,1.74074,1.60606,2.15,2.43
a3820f1eb82f2ba6,1.33333,1.44843,3.5,2.9
f786136e55007e17,3.05,3.43,1.41667,1.3367
5632f2364016e879,2.2,2.65,1.71429,1.51546
74dae3d87a99cf5d,2.05,1.66225,1.8,2.29
58e07add007685f8,1.58824,1.81967,2.45,2.0
573d3a6984cbcd29,1.16667,1.08621,5.5,8.25
3b209a2aee014ac2,1.55556,2.06,2.4,1.78125
407e1c6850e7022c,1.2,1.33223,4.75,3.48
6cfab1da57d260f4,1.58824,1.27322,2.45,3.93
32b0e450b11b32fe,1.37037,1.57143,3.3,2.52
88d3b6b833e31712,1.47619,1.41841,2.6,2.98
54bbc7974df586a1,1.86957,1.63291,1.95238,2.35
87daaa6db4f6940c,1.40816,1.24938,2.75,4.18
67db05bac9165722,1.27397,1.22676,3.55,4.45
55480808b1fa1f9c,3.05,3.18,1.35088,1.38168
b07188063c49b755,1.3125,1.49751,3.4,2.72
676561d9690ce31d,1.74074,1.97087,1.95238,1.84746
8182dbc752c71137,1.43478,1.67568,2.7,2.25
5ff390f7bbf2bec8,3.55,3.25,1.27397,1.37175
060dfbc982c6c4ef,1.24691,1.45872,3.85,2.8
a072be4f806d360f,2.25,1.84034,1.60606,1.97087
dfe14e13aa727a0c,2.8,3.23,1.47619,1.37453
5d9a3bfdcd28abb8,1.58824,1.43103,2.45,2.93
37a6fc5e69a7932d,6.0,10.17,1.14286,1.06645
cfa0dbc7534f3545,1.44444,1.5,2.75,2.7
23e548f618dd0e5f,1.71429,2.03,2.2,1.8
0ccc86f7d0e84c3e,1.66667,1.81301,2.3,2.02
949619e1b1de9e5f,3.55,1.89286,1.27397,1.91743
7ada9af99946d456,1.25974,1.15873,3.65,5.57
490724f8b3658f67,1.4,1.5618,3.1,2.53
36d90f1812f0d432,1.76923,1.9009,1.90909,1.90909
8ae79d7967681db8,1.58824,2.07,2.3,1.76923
ece3a7a9e930ef9d,2.55,3.2,1.51282,1.38168
dadaee9624256e07,3.4,4.83,1.3125,1.1992
92b98afec5eb4e05,2.05,1.95238,1.68966,1.86957
9d3a38cc18807e10,1.95238,1.76923,1.74074,2.09
9de23eb1471e592b,1.57143,1.67114,2.35,2.27
14176809bcdafd01,2.45,2.12,1.54054,1.74074
462a95890423d3c6,1.76923,2.38,1.90909,1.625
241687ff5fe92331,1.43478,1.42553,2.7,2.94
acf658afda38d8af,1.43478,1.6993,2.7,2.2
0005e00b07cee542,1.90909,1.76336,1.90909,2.08
ba6093c9136f99e9,3.3,3.02,1.37037,1.41322
81b16b26774be5d1,1.54054,1.58824,2.6,2.49
1e7caef3f6dfde10,1.32787,1.24213,3.25,4.28
24ff0bb908095565,1.71429,2.09,2.2,1.75758
c00a8682fb5b71bd,1.36364,1.25,3.35,4.27
f4e262b04f4e94bd,1.33333,1.21097,3.5,4.73
15a422574c3b89e1,2.65,1.72464,1.46512,2.15
87105c63df95f929,1.83333,1.71942,1.83333,2.16
d866afa89d62a4ae,1.57143,1.86207,2.35,1.96154
62acea88e628c3ca,1.60606,1.8,2.25,2.02
b2cdb4c34f37ad37,1.95238,2.32,1.74074,1.64935
fd3e8f61d8fda839,2.35,2.36,1.57143,1.625
c163ed45c21c8548,1.21053,1.1773,4.25,5.22
49b2a6a93d529981,1.83333,2.15,1.83333,1.73529
953c89aa931082e4,1.40816,1.625,2.75,2.35
ad878cdd4fa36a3a,1.83333,1.87719,1.83333,1.93458
52311c2cd0c84d67,2.1,1.88496,1.66667,1.92593
d9c0351cd21e40e0,1.37736,1.31056,2.85,3.63
8cf6b22995c9efb8,1.625,1.86957,2.2,1.95238
c2b842fae4e9f1dc,2.7,3.45,1.43478,1.32573
4f7ec66199bba232,1.46512,1.28011,2.65,3.95
476c31184332698e,2.6,3.28,1.47619,1.36765
7410ac7e4e5acb74,1.90909,1.87719,1.76923,1.9434
975840814b233bcd,1.25,1.16502,3.8,5.45
b6dad3a9bf911bfd,2.6,3.4,1.47619,1.34602
9c7b6a20f35fb708,2.45,2.3,1.54054,1.66667
9fa3623172adb4cd,2.5,2.1,1.52632,1.77519
d5e927306f5d859b,2.7,1.62893,1.43478,2.38
18d84b333b28de36,1.58824,1.46296,2.3,2.82
0a3df9b1918cfc2f,3.6,4.32,1.26316,1.23419
951968aa52a84928,1.74074,1.59524,1.95238,2.48
fc16ccf0994c6e50,1.40816,1.44053,2.75,2.88
688908886d8ac900,2.4,2.36,1.55556,1.64103
09a29fb09fe07559,1.64516,1.71429,2.35,2.18
28b6ee9c3eb8b753,1.52632,1.46512,2.65,2.79
32a7da2f34ae3803,2.35,2.98,1.64516,1.41667
181c3312f14de5a8,2.3,2.67,1.66667,1.50761
2a7909acde26a240,2.1,2.32,1.76923,1.64935
4d56bcd82438e632,2.7,3.29,1.5,1.3663
0c27552ea7bc8c8a,2.35,2.47,1.64516,1.59524
711f00d287344c77,1.83333,1.51546,2.0,2.67
e64d80dcc6853ea0,1.55556,2.33,2.4,1.64516
2723f4d275d3f619,1.625,1.74074,2.4,2.12
8d4a475e48722fea,1.74074,1.5848,2.15,2.45
46860358da8b8d82,2.15,1.44444,1.64516,2.86
4478ee77a647ae9d,1.5,1.52356,2.7,2.65
771d8ce136a12a13,1.74074,1.81967,1.95238,2.0
856fab879c68ded7,1.32787,1.23202,3.25,4.35
b1be8b41b1a4fd85,1.58824,1.38168,2.45,3.17
c4d1c4b82cf34afb,2.3,2.65,1.66667,1.52083
707ba52845d399c9,2.85,2.56,1.37736,1.55866
f3169b755afcdc5b,1.57143,1.65789,2.35,2.3
2d7f29ec900a8948,2.75,2.55,1.40816,1.55556
bed2710e06dabe6a,2.25,2.32,1.60606,1.64103
834f67e96612cd6f,1.66667,1.71942,2.1,2.16
25548d526c3a7587,1.46512,1.5618,2.65,2.54
6a0217099efee13f,1.52632,1.33445,2.5,3.47
c5b8a996eff18540,1.76923,2.15,1.90909,1.72464
18dde81d45ac2232,1.47619,1.54645,2.6,2.59
70f01e9ff0b4e519,1.51282,1.6993,2.55,2.21
1d26ceb1c995655e,1.43478,1.40486,2.7,3.06
bac178dea57bd545,1.37037,1.25707,2.9,4.03
64bee58391921b4b,1.43478,1.63291,2.7,2.34
4e8b2357fea211e9,1.46512,1.65359,2.65,2.31
300f1489174a3ece,1.83333,1.95238,1.83333,1.8547
ce246b336b6bd638,1.64516,1.5102,2.15,2.67
85036b967403cdab,1.68966,1.81967,2.05,2.0
44cfd4330eb6e2bf,1.25,1.44248,3.8,2.88
53abea410a0541c8,1.54054,1.44053,2.45,2.89
ebb685a81f65ce1b,2.75,2.22,1.40816,1.69444
904e0e46392dff93,2.6,2.79,1.47619,1.4717
59097097bc09cdef,2.7,2.62,1.43478,1.53191
491b7d974254596d,1.71429,2.17,2.0,1.72464
818456a713fdabe6,1.74074,1.76336,1.95238,2.1
8f8a6c578308d014,3.85,3.65,1.24691,1.3096
9192053a3884aadf,1.54054,2.4,2.45,1.60976
b309cdde35310875,1.95238,2.01,1.74074,1.81967
a0163cdde4ec785d,1.83333,1.65789,1.83333,2.28
5c70b175f08ca141,1.71429,2.25,2.0,1.65359
1d8ee477e682a8fc,2.65,2.6,1.46512,1.54054
818b55b087013e64,1.74074,1.68027,1.95238,2.25
f5a038c18f7a44fc,1.29851,1.2809,3.45,3.87
b7ff74563d034519,1.27397,1.18939,3.55,5.07
6173056f0e080ca6,1.60606,2.09,2.25,1.75758
7dc3ada8f2135477,1.37736,1.45662,2.85,2.82
93a081342561d0c3,3.5,3.03,1.28571,1.40984
b695fc80bd538172,2.35,2.42,1.57143,1.60241
3db15d45e8490c22,1.54054,1.27027,2.45,4.09
61bedad39b15db7a,2.3,2.26,1.66667,1.66667
dd34dd337e637767,1.86957,3.16,1.86957,1.38462
4f6d3cdf2c77fb57,1.66667,1.84746,2.3,1.96154
a003e8305d4dbdc8,1.44444,1.31056,2.9,3.55
57e784028ef2c17d,2.1,1.95238,1.76923,1.86207
ac475de5a3d0d7e2,2.2,2.3,1.71429,1.64516
d27ac1bc677b89cf,1.44444,1.3096,2.9,3.59
4abcf14faa7f92f2,1.35088,1.20325,3.25,4.76
76b61ff4c9760f79,1.28571,1.60606,3.6,2.39
031e6624f96aceb8,1.33333,1.625,3.5,2.35
11558384f80f6506,1.16,1.18519,5.5,5.08
ae38fb2a6b6a0cc1,1.90909,1.46083,1.90909,2.8
241a0833e1c76804,2.25,2.4,1.60606,1.60976
3162ae3ccbf785ac,2.75,3.2,1.40816,1.38023
b2d05ae88f820421,1.51282,1.54645,2.55,2.58
41b75c9222c33cdf,1.28571,1.33333,3.5,3.47
89266a872e1f92d9,1.43478,1.60976,2.7,2.4
1f9a6f2120835615,1.46512,1.63694,2.65,2.35
1c91deb42b991d18,1.54054,1.53763,2.45,2.61
a4527094aa107b55,1.52632,1.50505,2.5,2.7
cc477d322638ba30,1.40816,1.42017,2.75,2.97
4ea4d0a73a90bfb0,2.1,1.71942,1.66667,2.16
3d9aeef58dd0b51b,2.25,3.03,1.60606,1.40816
2efbcd870f1f7bc7,1.83333,2.72,2.0,1.48077
b8a0047c927faa75,1.2,1.14859,4.85,5.74
55bf7f19a132e0fc,2.45,2.19,1.58824,1.70423
dcfbbebc0aee6ded,1.44444,1.42553,2.9,2.91
edac9fd482177a64,1.76923,1.46729,2.08,2.77
afc86d1076c4c3a9,1.5,1.44248,2.68,2.86
a043e279434d5c8c,1.54054,1.50761,2.6,2.64
68cf99b6551dc3b3,2.3,1.87719,1.66667,1.9434
9e45cc594a5a2506,1.25974,1.21645,3.65,4.52
c3bb60dc82345a9f,1.37037,1.34843,2.9,3.4
3cd1f2c31b4e325a,1.57143,1.34722,2.5,3.37
071a1cd551b7b4d5,2.85,3.03,1.37736,1.40486
408fc024d3e91b0e,2.35,2.8,1.57143,1.4717
1317d7cd79495a0e,1.95238,2.12,1.74074,1.74074
f820c6292e19d854,1.37037,1.72993,2.9,2.15
343749a2f7c5d78b,1.57143,1.28986,2.35,3.78
c8dfcbee63266273,1.47619,1.42194,2.6,2.98
495e64df4c4ce7a7,2.5,2.23,1.52632,1.6993
1af574c0814429ac,2.75,3.32,1.40816,1.35461
a7807ab56cb49cad,1.60606,1.74074,2.25,2.12
f0418c2c989a5cde,2.7,2.3,1.43478,1.65359
c814ef3b3a26e2fe,2.4,1.90909,1.55556,1.90909
c04274c8caa505dd,1.54054,1.64103,2.45,2.33
c63edd25d2201a46,1.46512,1.44053,2.65,2.88
7afe2a15ae7359e9,1.29851,1.2551,3.45,4.13
57b111b54a2d2323,1.83333,1.78125,1.83333,2.07
9e1ecdb9a8856a8c,2.8,1.65359,1.38462,2.31
aa232e53d285cc6d,1.52632,1.50761,2.5,2.68
094790e50afae55e,1.46512,1.25445,2.65,4.17
22307b580e0c8d0d,1.60606,1.68493,2.25,2.23
e6a0f19af995c432,2.4,2.12,1.55556,1.74074
80ce8f7d988d5e57,1.58824,1.40984,2.3,3.03
18e1b0df8da7010e,1.54054,1.43668,2.45,2.92
f67aa0b16e16a9ea,1.36364,1.37313,3.2,3.17
627c0a50cff30405,2.3,2.02,1.66667,1.8
0b2c3c4306620d6d,1.42553,1.31646,3.0,3.53
a33ecd2c88154890,1.57143,1.625,2.5,2.34
fdfe4e7cb2d0b665,1.86957,1.6135,1.86957,2.36
24ff385ca78c80d3,1.4878,1.25907,2.75,3.92
25d4376e00b16510,2.55,3.23,1.54054,1.36364
a850ba762f3c5334,3.85,3.51,1.28571,1.31546
f2c82f027201ba21,1.76923,2.01,2.1,1.83333
8d634c9240f161dd,1.57143,1.43668,2.45,2.88
2b8cae68963a40a9,2.15,2.24,1.68966,1.68027
06f37329b223b451,1.57143,1.51546,2.5,2.65
3637e661b6854b49,1.35714,1.1548,3.2,5.57
6ea23c2c30f85a89,1.625,1.3003,2.3,3.72
9140e6fdeaa7cd3f,1.66667,1.41667,2.2,3.0
75523d31940c9344,2.35,1.98039,1.60606,1.84746
5a5a65d8df176506,1.625,1.36364,2.3,3.32
47e49e04e32be7e9,1.25,2.02,4.0,1.81301
b3bd27affa038e9c,2.0,2.08,1.76923,1.76336
997ab1ea9fab5643,3.2,4.03,1.35714,1.26247
60e1b3ac3182f5b3,3.5,2.67,1.28571,1.5102
394802bb096b403e,1.76923,1.91743,2.1,1.90909
78dc032441394331,1.55556,1.46948,2.55,2.77
c9c79de21823d941,1.54054,1.61728,2.6,2.36
d72f9b3ac742a9e3,2.9,2.3,1.44444,1.64103
d6b5a6ad27a730ae,1.32258,1.24876,3.6,4.08
ffd8e8575a551875,1.5,1.38911,2.7,3.08
2f82e8079ba354f4,1.8,1.49261,2.05,2.68
26202a4bd36d3fd2,1.71429,1.37037,2.2,3.2
2ef09c8fe29251ac,2.6,3.03,1.54054,1.40161
ec8d93ae99a7799d,1.71429,1.74627,2.2,2.11
3d790112d2e6d851,2.7,2.14,1.5,1.72464
037d2f426c916ffc,1.54054,1.3268,2.45,3.5
3fd3b871e83434c5,1.28571,1.25445,3.75,4.07
ed94cdc0f2b97e15,1.37736,1.41322,2.85,3.02
151c2bd6dfefb4b5,2.2,2.52,1.66667,1.57143
737e2781e4a7db5c,1.14286,1.15649,6.0,5.58
79161bde28636128,2.2,1.75758,1.66667,2.11
918c2efc59c1952e,1.46512,1.84034,2.75,1.9901
2ef54419defb2364,2.65,2.78,1.46512,1.47393
7dcd5d8a44a284e5,1.35714,1.39216,3.2,3.13
b88b170a7fe40544,2.05,1.44444,1.74074,2.87
6195d3e7c412c8a2,1.96154,1.71429,1.79365,2.17
901dbd1e6463c4ba,2.1,1.97087,1.71429,1.8547
3f71ac21472f994c,1.55556,1.54645,2.55,2.54
37fda56a435a9b24,2.2,1.49751,1.71429,2.67
8a95f0e3f9111f0c,2.6,2.25,1.54054,1.66667
178c4926223dca0c,3.1,2.51,1.4,1.55866
4ffbadfb86284af5,2.3,3.06,1.66667,1.39526
00fbeda449926c13,2.7,2.23,1.5,1.68027
295a0bf12a7373c0,1.52632,1.68027,2.65,2.22
db2c805201a3116e,2.3,2.37,1.66667,1.61728
801b3f24c670f19a,2.05,2.88,1.68966,1.43668
94c0819fde11364d,1.43478,1.25253,2.7,4.1
9d98e1c0d62213cf,1.52632,1.42373,2.5,2.95
08426f06239d903c,2.4,2.32,1.58824,1.64935
f3e2038bfb9b5d9d,1.95238,1.68493,1.8,2.24
51218519be104794,1.95238,1.54348,1.8,2.58
d629aa5eb31a1e38,1.27397,1.1233,4.0,6.53
8725dc88f2e0a6f3,1.8,1.369,1.95238,3.27
b41e3be867afd6fa,1.68966,1.68027,2.15,2.25
96919cf8d3e988ff,1.46512,1.5814,2.75,2.48
a02ffaf1fe462d28,2.35,2.54,1.60606,1.55866
eab100e978c730c5,2.4,1.82645,1.58824,2.0
2dc48a745d6c662b,2.5,3.82,1.52632,1.28736
5fceb95c29d929bc,1.83333,1.62893,1.83333,2.37
02bdb7a5b2986571,1.71429,1.41322,2.0,3.0
ecc23234e820458d,1.28571,1.37453,3.75,3.23
af5b940f2c686524,1.55556,1.55866,2.4,2.56
9bc18b63b07bb328,1.66667,1.63694,2.2,2.37
3bd20b66b585d621,1.41667,1.43478,2.9,2.92
6d48f75153e4ad6b,4.25,2.18,1.23529,1.71429
060987bb3025a0a8,1.55556,1.35211,2.5,3.37
2b417eb1ffa56ac1,2.2,1.98039,1.66667,1.84034
03c2707563915d7d,1.35088,1.47847,3.25,2.76
f882cf76a8bce308,1.66667,2.02,2.2,1.81301
102fb91414fd24ab,1.58824,2.65,2.4,1.52356
e8219ea7da46f67f,2.35,2.32,1.60606,1.64103
0e3af9b5e1b3ae80,2.45,2.06,1.57143,1.77519
d9a218ac3e148541,1.71429,2.33,2.1,1.64516
59861c3d19eb46ef,1.47619,1.74074,2.7,2.12
533d0b5c0adfa15f,2.2,2.08,1.66667,1.76923
671f42536454e541,1.25,1.35211,4.0,3.37
8a85dffa80e6c7bd,1.16,1.12937,5.5,6.33
f5b49f4c5a27e53b,1.25,1.46729,4.0,2.78
e30b9829e42aa4ca,1.86957,2.09,1.86957,1.76336
0bcb04163f8d8ead,2.0,2.72,1.76923,1.49505
eba6055d217d5b99,1.24691,1.19724,3.85,4.92
e0b323dae5bf4c90,1.71429,2.17,2.0,1.71942
5bba49d88db7430f,2.55,2.36,1.51282,1.63291
b3c74554c871fbf8,2.45,2.61,1.54054,1.53763
9fc6aba53508dc48,1.57143,1.83333,2.35,2.0
5cee1d8f1e43d6f5,1.66667,1.67114,2.1,2.26
2a1826612a7d739c,2.6,2.38,1.5,1.625
e2503ed6a1f9257d,2.15,2.98,1.68966,1.42017
dc45c8d70e256749,1.5,1.63291,2.6,2.36
c26a3f4c08333886,1.30769,1.22472,3.5,4.48
ea303a8e6e31f264,1.30769,1.23041,3.5,4.47
1a2d13834696c4ab,2.15,1.79365,1.68966,2.04
8539c4b795d33a92,2.35,2.91,1.60606,1.43668
394ae51820bedd4c,2.05,2.29,1.8,1.66225
3094e82731ec55e7,2.05,1.60976,1.8,2.4
87f58feac6b50367,1.64516,1.90909,2.35,1.9009
fbbba3da4438cb04,1.36364,1.29155,3.35,3.77
918103d82ecbed75,1.46512,1.60606,2.65,2.43
3ce634d03af7e14c,2.7,2.84,1.5,1.44843
b2ca310c9d0037d3,2.2,1.54348,1.71429,2.59
312946f6b72ebd51,2.75,2.91,1.4878,1.43668
46c050a827ee83d6,1.71429,1.5848,2.2,2.45
cb010b41cd20a1ed,1.71429,1.78125,2.2,2.06
4de28817db9fc9d8,1.90909,1.88496,1.90909,1.92593
34c649f3f43a919b,1.52632,1.46729,2.65,2.78
1db00b3e736c22bf,1.90909,1.64935,1.90909,2.32
244aa8f002274344,1.4878,1.35461,2.75,3.32
14c505d7ad55883c,1.40816,1.46083,2.75,2.8
fd438db3e60f062a,2.25,2.38,1.68966,1.60976
18d6df67968bf06b,2.0,1.74627,1.83333,2.13
c77486266b05f934,3.05,4.58,1.41667,1.21834
c827f5212a34bf2e,2.1,1.39683,1.76923,3.08
e4b13f7f43018ec0,1.90909,1.31153,1.90909,3.57
9af62d6e404c1002,2.05,2.14,1.8,1.72993
4e71dbef18157288,1.43478,1.46083,2.7,2.81
5fcf65d4de66c970,1.51282,1.55249,2.55,2.57
2418af6da44fd361,1.60606,1.75188,2.25,2.1
2b01da1699f0305f,2.65,3.22,1.46512,1.37736
966bf043577f8b6a,1.28571,1.2451,3.5,4.23
c770192a9f3261cd,1.37736,1.30488,2.85,3.73
8f5d5dd10a167cc0,1.32787,1.26882,3.25,4.02
c0982b3919cc74f0,1.40816,1.32362,2.75,3.55
3f8c6e31ebbe54bc,1.36364,1.28409,2.95,3.83
7ce7075951c9aa31,1.43478,1.22936,2.7,4.4
e460bf4db340ca9e,3.25,2.62,1.32787,1.53763
9ba051e0f5674108,1.64516,1.83333,2.15,2.0
4dc5039b21013b3a,1.66667,1.42918,2.3,2.92
fcfd2e6eed519cb9,2.3,1.88496,1.66667,1.92593
e5872dfa5b93fcbb,2.95,2.72,1.43478,1.49261
ba4485ce4e8e3fe1,2.55,2.63,1.55556,1.52356
e5a9f75b1117d848,1.55556,1.62893,2.55,2.35
bb881d4ee6dfbf86,1.38462,1.33784,3.2,3.44
b76c0b0ed2926737,3.25,3.12,1.32787,1.39526
b5f70d0c88f12645,2.4,3.18,1.625,1.38314
b9b0da84b243213f,1.74074,1.71942,2.15,2.17
ecb24300bb3bef8c,1.43478,1.41152,2.95,3.03
147e31abbe3927d0,2.1,1.53191,1.76923,2.62
0b88d0c76f9cd7e4,3.3,3.95,1.37037,1.271
2fb1abeb337e0ccc,1.46512,1.50505,2.85,2.68
0b21755eb0897396,2.5,2.21,1.57143,1.6993
94b48b98d0292720,1.44444,1.40816,2.9,3.03
76b9a338597fc604,1.37736,1.20747,2.85,4.61
dcf161082c849205,1.32787,1.34843,3.25,3.4
a2e34655a41ba45c,1.5,1.49751,2.7,2.71
22e10b23784e5efc,2.3,1.65789,1.66667,2.3
c2ddadfa1a1056be,1.66667,1.54348,2.1,2.59
cfb189e326553f0a,1.625,1.45872,2.4,2.84
6f1892ed71d943d7,2.35,2.29,1.64516,1.65789
05f6459d1f3ed13f,1.36364,1.20921,3.35,4.73
26173f6491300eaa,1.4878,1.38462,2.75,3.18
e8f4e8ff49678b44,2.3,2.1,1.625,1.75188
1308213458d8596b,1.45455,1.80645,2.85,2.03
e255fc129f225a55,1.3125,1.17857,3.4,5.23
1ff4586752ee8a93,1.42553,1.41152,3.0,3.02
864cddd6e165ea2d,1.71429,1.41494,2.2,2.99
0a9f22de8600c762,1.4,1.37175,3.1,3.24
3a8e4b830750e9d4,1.37736,1.3663,2.85,3.27
eb9097be07a3c26a,1.86957,1.66225,1.86957,2.28
0a7517a16d2d9db6,1.71429,2.11,2.2,1.74627
d43c007dab9c51b0,1.51282,1.52356,2.7,2.65
c5ba56d51f6b0171,1.28571,1.22779,3.85,4.52
16358c536d739017,1.86957,2.16,1.95238,1.71942
e1e31a8dfa9c27f6,2.45,1.31847,1.58824,3.52
24341a8cf1152c5c,1.37037,1.58824,3.3,2.44
0e809b7e37681783,1.95238,2.34,1.86957,1.64103
0f279b25ccbecc76,1.74074,1.66225,2.15,2.28
7595aabe89020780,1.22222,1.24155,4.5,4.1
7930c605c6a6ec88,1.90909,1.52356,1.90909,2.64
e8206c7380441fbb,2.2,2.31,1.71429,1.64935
7340b4cbdbac5863,1.54054,1.38023,2.6,3.21
1ed8776f978a0155,1.8,1.67114,2.05,2.26
764012f51c7dc223,3.05,3.37,1.41667,1.35211
3901d9cdbb0949bc,2.45,3.3,1.58824,1.36496
06910bddb0745856,1.54054,1.2994,2.45,3.67
c58aaabf2c5635d7,1.33333,1.34483,3.5,3.4
cf0e0f95524f187a,3.5,3.22,1.33333,1.37453
e1bb0b615c02d715,1.26667,1.17361,3.85,5.25
2461756d8acd56d2,1.25,1.21097,4.0,4.67
bcc9dca5136fc765,1.22222,1.21552,4.5,4.58
463fc1fd1f17befb,1.44444,1.43103,2.9,2.91
ed8fb10b596e6fa4,1.36364,1.42918,3.35,2.92
ca531425f5c042db,1.4,1.28986,3.1,3.77
c0568b225d5f0fe6,2.1,2.17,1.76923,1.71429
498766b46b8b4a7f,1.2,1.18868,4.85,5.03
1a484c452623181e,1.86957,1.65789,1.95238,2.3
859ca56770ac7672,1.30303,1.50761,3.7,2.69
78c3ca588e55bf31,1.37736,1.33557,3.25,3.45
36807d8a7ebc84a5,1.58824,1.86207,2.45,1.95238
aa08ebe1a69c76ca,3.35,3.72,1.36364,1.29851
4f3cd94861c6a876,1.30303,1.369,3.7,3.27
bf614956b28f231c,1.58824,1.50761,2.45,2.68
36656dfa32341671,2.9,3.6,1.44444,1.30864
42ecb9a94bebc24d,1.55556,2.07,2.55,1.76923
3a38b0b566f3045d,1.625,1.4065,2.4,3.07
579f3280456ad450,1.60606,1.52632,2.25,2.65
727ecd251325b6a8,2.15,1.72464,1.74074,2.17
db5802643b9fd7d4,1.55556,1.37879,2.55,3.2
1720a97a2fa261f8,1.86957,2.23,1.95238,1.68966
e64075c104471ff0,1.51282,1.47847,2.55,2.74
e4d831dc318e4e98,1.28571,1.15361,3.5,5.75
22fe6779c3fa649d,2.9,2.25,1.37037,1.67568
7c4eb0b4845eb0ed,1.46512,1.46512,2.65,2.81
1e525f9857019a2e,3.6,2.98,1.32258,1.41841
ee57cbd0b68c689d,2.85,3.21,1.40816,1.37736
dfb856d4c80bbf04,2.1,1.6135,1.76923,2.4
89dd4c256ca5d317,2.15,2.57,1.74074,1.54645
849cc2c331e9b24f,1.32787,1.64935,3.25,2.31
dbb5d682a2d7f584,1.21978,1.20704,4.55,4.8
5a440bdee19efaab,2.8,2.64,1.47619,1.52356
948da1b7ebbb06b3,1.55556,1.35971,2.55,3.32
4eb5f99202f5fe97,1.86957,1.75758,1.95238,2.12
e4d0be5ae320c4ae,2.65,2.15,1.52632,1.72464
e5279358b128c2ac,3.25,3.4,1.32787,1.34483
9b6135943a4c8fe7,1.42553,1.42735,3.0,2.96
50e0bcba7551a25f,1.45455,1.36101,2.85,3.32
2735a2ea77ddc0b5,1.42553,2.14,3.0,1.74074
b3e12698e65cf8d0,1.5,1.2994,2.7,3.7
024a04f78b37b7d9,1.27397,1.25445,4.0,4.15
039c645e8f3ac00f,1.55556,1.37594,2.55,3.23
83955de599b2d874,1.90909,1.82645,1.90909,1.9901
d763ad79532b27ff,1.4878,1.28818,2.75,3.75
997dcf5fd2eb0f2f,1.125,1.11962,6.5,6.75
6915d46b49999f60,2.45,3.47,1.58824,1.33003
95beb5ec32718faf,1.28571,1.21097,3.85,4.67
4e566bd7094b49da,1.32787,1.19084,3.25,4.98
09f5fb0bec3c948a,1.38462,1.24096,3.2,4.21
696ff200d98fa878,2.25,1.5814,1.68966,2.47
783761d95060ffc4,1.58824,1.28986,2.45,3.78
7e6f12a95c14f9de,1.4878,1.74074,2.75,2.13
816662e622987a14,1.95238,1.84034,1.74074,1.98039
15ce105716441c54,1.74074,1.64935,1.95238,2.32
88b1d4f951070f83,2.15,1.90909,1.64516,1.9009
9d6b46a3cf5ec494,1.54054,1.74074,2.45,2.14
c92308bbd6107b11,1.57143,1.43668,2.35,2.93
f065dc596a08a258,2.65,2.55,1.46512,1.5618
96d33e46267d4eaf,1.76923,1.84034,1.90909,1.97087
017e0b7e864b0aa3,2.05,2.18,1.68966,1.71429
f711b3ec6bc3c407,1.66667,1.5814,2.1,2.48
dd51d1aed9536da6,1.76923,1.72993,1.90909,2.16
bc01ce748a5723df,1.33898,1.56497,3.15,2.5
c5259566abc552b1,2.95,3.98,1.36364,1.26954
24bcade0007c2246,2.85,2.2,1.37736,1.8547
1b1792afe4457e83,1.68966,1.43668,2.05,2.9
710c7f8c7dc2af46,1.86957,2.07,1.8,1.77519
aeb0322f619213b1,1.8,2.72,1.86957,1.4902
4b1606ab1893c242,1.76923,2.03,1.90909,1.80645
9cfad21ef1911728,1.54054,1.45045,2.45,2.84
aaad7e29825b3264,1.43478,1.63694,2.7,2.35
51808d929c84b8ae,1.47619,1.43668,2.6,2.9
ddcfa590f4644240,1.54054,1.52356,2.45,2.63
b776b08e2cc6aa0c,2.1,3.05,1.66667,1.40984
858696528ab7035a,2.6,2.09,1.47619,1.76336
583f2c3cd0e2385b,1.52632,1.54945,2.5,2.58
6c9bf1d285cf5dd4,1.57143,1.70423,2.35,2.2
923e151bd990961b,2.85,3.02,1.45455,1.40984
f0cf92b063735164,3.2,4.03,1.38462,1.26042
6ac3d588f9630f0a,1.30769,1.23419,3.5,4.32
b76590c02f86e705,2.1,1.53191,1.76923,2.62
0fed97329b78b887,1.20619,1.10741,4.5,7.0
fea7dd5904ab4c91,1.86957,1.8547,1.95238,1.97087
69fa167ba5d0fd82,1.44444,1.32573,2.9,3.48
55019da3a4bd5d54,1.51282,1.68966,2.6,2.23
cb720b01fd6f9785,2.25,1.72993,1.64516,2.16
e139628170777bef,1.57143,1.32051,2.35,3.52
e96d929f8207a3e0,1.54054,1.66225,2.45,2.31
dbbd17b6995f014b,1.43478,1.28249,2.7,3.87
dc49373c52eedaa3,1.86957,2.45,1.8,1.5848
1d9f862a47540785,1.35088,1.24213,3.05,4.33
cd6b799ec79c489a,1.90909,2.02,1.76923,1.8
f4bd11655adeb078,1.52632,2.0,2.5,1.81967
326de7f7ec9e7035,1.43478,1.64935,2.7,2.33
60162c95d921d1ae,1.83333,2.32,1.83333,1.66225
e3acb789f7dcd34c,2.5,2.77,1.52632,1.4717
f6ab2eec90980ac0,1.25,1.18727,3.8,5.1
94560d1dc6248347,1.90909,1.9901,1.76923,1.83333
c6dd17ab89437805,2.75,2.87,1.40816,1.44643
e068f14acd47ed69,1.76923,1.68966,1.90909,2.24
826fb989c0e6208e,1.46512,1.3876,2.65,3.15
40687c9412e0c279,1.37736,1.30211,2.85,3.75
8a8190f3f71408a4,1.55556,1.66225,2.4,2.28
437c6e18f41287f1,1.57143,1.70922,2.35,2.19
8cc4c597aecbfef5,1.34483,1.68493,3.1,2.24
44ab00737c3fb890,2.85,2.61,1.37736,1.53763
6ada4f4286e4261d,2.65,2.4,1.46512,1.60976
bcef35d6e0964f01,1.95238,1.6993,1.74074,2.24
a2f4acc81f7886a2,1.68966,1.55249,2.05,2.57
9763e27bf80abe42,2.75,2.88,1.40816,1.53763
0d1d7cfb2a48d5ec,1.54054,1.52356,2.45,2.64
d2dc6fb05ad78d80,1.90909,1.76336,1.90909,2.1
0019ec81fd706ade,1.22222,1.2681,4.5,4.0
57d989702ae72dc1,2.35,2.63,1.64516,1.52356
7510b0c96f5707ea,1.47619,1.62112,2.7,2.39
93f3e9b9f093ad57,1.74074,2.0,2.15,1.81967
076c98ac0561521f,1.8,2.48,2.05,1.57143
baf17e5e1fe1c744,1.51282,1.17857,2.7,5.18
9c3fb95a1558b38d,2.3,1.91743,1.58824,1.89286
38d6c2538ce6ec4c,2.25,2.31,1.60606,1.64935
26d75187369ecf2c,1.46512,1.55249,2.85,2.57
74b44635535cb290,2.7,2.38,1.43478,1.61728
1e3d3545b6dd13a7,2.9,1.68966,1.44444,2.22
56ae02578b1163ee,3.05,4.25,1.35088,1.2439
9532ebf4d9405e65,1.40816,1.37594,2.75,3.23
ced0e31df74f27d6,1.46512,1.32787,2.65,3.55
eb096b0196a7ff65,2.35,2.41,1.57143,1.60606
3812b265afd78186,1.43478,1.44053,2.7,2.9
55b53fdad307b708,1.37736,1.36101,2.85,3.38
721b23d896a44e2e,2.45,2.33,1.54054,1.65789
971b3d35c302cf8f,1.40816,1.5814,2.75,2.5
8d70694ceeb0dc9a,2.7,2.26,1.43478,1.68966
0f9679fda36f7f41,1.90909,2.34,1.76923,1.65359
0717bc30025f3656,2.25,1.30581,1.60606,3.68
469fba0129c95278,2.1,2.15,1.66667,1.74074
470a3c1b89504258,1.40816,1.41494,2.75,3.0
103a7d8c4f17714b,1.21053,1.28986,4.25,3.77
2a2b00e9bfd089cc,1.33333,1.35088,3.2,3.37
a40c70d5a1a1be01,3.65,3.57,1.25974,1.31847
e458ace6a440b738,1.76923,1.46296,1.90909,2.83
1b4374c9d7e5139c,1.32787,1.23041,3.25,4.47
23ba354e606df0ac,1.76923,1.86957,1.90909,1.9434
d9a797f632686568,1.76923,1.68493,1.90909,2.24
0bc7e4852f75a06d,2.45,2.15,1.54054,1.74074
56f984ac83fb34cc,1.58824,1.46296,2.3,2.8
75bc89630027c601,1.55556,2.19,2.4,1.70922
e91f289f1b9f9519,2.05,1.67114,1.74074,2.27
d9501c6985c1b38d,1.43478,1.30675,2.7,3.63
a3f89ad71e1caa81,1.55556,1.25,2.5,4.18
652a956adab8ad0e,1.64516,1.40161,2.15,3.08
81af3b60203d92df,1.38462,1.21413,3.0,4.67
bbc8e8a69e9bd106,1.68966,1.65359,2.15,2.3
b87863a2de433824,2.15,2.9,1.68966,1.43668
57d04160f5438654,1.625,1.37594,2.3,3.22
3b8cac9910af1c61,2.1,1.68027,1.71429,2.25
b9ff9ebe19ae6358,1.625,1.68966,2.3,2.22
fa3f04be9344804b,1.54054,2.13,2.6,1.73529
f0ca713121289d24,2.35,2.78,1.57143,1.46729
c68e57c19c82d500,1.37736,1.32573,2.85,3.48
3286d8406eff5c85,2.35,2.42,1.57143,1.60241
bda97d9a44a89d52,1.95238,1.81301,1.74074,2.02
bcb697c4317f0997,2.75,2.31,1.40816,1.64935
721d870849de4a57,1.40816,1.21413,2.75,4.67
80e68a6453e15ab9,1.60606,1.44053,2.25,2.9
3256d907f58af95e,1.76923,1.60976,1.90909,2.4
f08ccad48500eb2b,1.68966,1.8,2.25,2.05
c2bcdcc472228768,1.37037,1.4,2.9,3.07
3b6c18a966a2cea4,1.64516,1.8,2.15,2.06
c300085cc08357b5,1.47619,1.16863,2.6,5.42
7c13de66ce543d84,2.45,2.38,1.54054,1.6135
ce0748519d5ea5c6,2.3,2.35,1.66667,1.63694
27bfb9205119f23b,1.47619,1.3876,2.8,3.16
58540b24ed77d31b,2.2,2.12,1.71429,1.74074
821a1c6f5d7fab14,1.90909,1.82645,1.90909,2.0
81f2f2d4b0302590,1.57143,1.50505,2.5,2.7
adac148ee6fa3bf7,1.58824,1.67114,2.3,2.26
51461da4ba467901,1.66667,1.92593,2.3,1.88496
b1e66cea3a4d4709,1.28986,1.23697,4.15,4.28
906283a2adcbc3e0,1.64516,1.56497,2.35,2.5
f039c93516e48253,1.57143,2.04,2.5,1.79365
ebe122e962d26fa4,2.3,1.87719,1.66667,1.93458
73eff675e2aae30c,1.95238,2.1,1.74074,1.75188
ad59540382d5b7f6,1.83333,1.91743,1.83333,1.89286
feaf740e3ae53b7c,2.35,1.56818,1.57143,2.49
e6b2d6d33968c66c,2.7,1.6135,1.43478,2.39
a6cc776330194937,2.15,1.60606,1.64516,2.41
3011439ecaf74180,1.33333,1.14859,3.2,5.92
c936527df280b8b4,2.65,2.57,1.46512,1.55556
003c84fc7c3fa028,1.95238,1.22272,1.74074,4.53
a3731057c8775716,1.74074,1.51546,1.95238,2.65
0bc354fbb6e99ab6,1.90909,2.17,1.76923,1.71429
16a05f3c4a765f65,2.0,2.01,1.71429,1.81967
e9eab0fa03eecd9b,2.25,2.61,1.68966,1.53763
3640defb8294bd37,1.40816,1.19569,2.75,4.97
0fcf42b68f2f0fa3,1.57143,1.67568,2.35,2.25
a6743d41b0b95271,2.0,1.78125,1.71429,2.06
03e5127d4832750c,1.34483,1.26882,3.1,4.0
0170db5fad04e4d0,2.4,2.21,1.55556,1.6993
2300ad7f87080ad7,1.66667,1.81967,2.1,2.01
57dec2b07b75dada,1.35714,1.35211,3.0,3.37
1e9a2b197ebff074,1.58824,1.8547,2.3,1.96154
767819f321431bed,1.37736,1.27855,3.25,3.9
5cd1869013741767,2.3,2.03,1.66667,1.8
5086f9fb4fdc2f60,1.77519,1.5,1.9901,2.66
ed64e42263bf50bf,1.58824,1.65359,2.4,2.27
089a17e450cc98aa,2.1,2.23,1.76923,1.67568
ad3aa9520131ff2e,1.57143,1.18587,2.45,4.93
1de342e9309c5f0f,3.0,5.45,1.42553,1.15773
e24c8aab497b4fe1,2.25,3.0,1.64516,1.40486
58d5e4afc2dd35d1,1.90909,1.81967,1.90909,2.0
0f3a91caeaa55094,1.57143,1.50761,2.5,2.64
2cb9ba68fc855f33,1.45455,1.23419,2.85,4.23
ef4484943b1c68a9,2.25,2.27,1.68966,1.65359
be4890f4aaadec28,1.44444,1.34483,2.85,3.3
f536ba47f006474a,1.41667,1.66667,2.95,2.25
3a9e0fed344fd07d,1.4,1.57803,3.1,2.44
47230f9b5d7ae037,2.35,2.7,1.64516,1.48309
755d84d5f4aa4dbf,1.625,1.69444,2.4,2.2
0b47788da6de735e,1.8,1.59524,2.05,2.4
12d2b282561b5e5f,2.1,1.96154,1.76923,1.8547
bfacb44c24bfe0e9,1.71429,1.53476,2.2,2.56
92d39a17e34cf581,2.1,2.39,1.76923,1.60606
5e2ce5aa3a92c2df,1.30769,1.55249,3.75,2.51
8badcb2134c1cdaf,1.625,2.36,2.4,1.60976
47a157222b2c9092,1.90909,1.55556,1.90909,2.49
8522bc62e8d942ab,1.55556,1.4878,2.55,2.7
e3ecb94228c2739f,1.76923,2.53,2.1,1.54348
6671b567c4eb9982,2.4,1.65789,1.625,2.26
9eef9b7967991296,2.7,3.12,1.5,1.37879
12ceec9431fb0827,2.5,3.52,1.57143,1.30864
69397bbebdfa41d9,1.90909,1.9901,1.90909,1.81967
96c51bc6316a4b47,2.2,2.33,1.71429,1.625
1978b44503c3d9ff,2.2,2.14,1.71429,1.71942
fb9095887dca34c7,2.6,2.4,1.54054,1.5988
7d4c160dab6eae73,1.2,1.11976,4.75,6.49
f0b83b05f3dd9580,2.15,1.53191,1.74074,2.55
72105dd82d964e7a,1.58824,1.39216,2.45,3.06
813444e109995c97,1.47619,1.44053,2.8,2.83
940701effe1d2b6c,1.74074,2.3,2.15,1.64103
8151659b2bc16f0e,1.44444,1.28986,2.75,3.7
c5e71fbf22f669f7,1.4,1.17857,3.1,5.04
93d5452726f5f364,2.3,2.18,1.66667,1.6993
7d0874323bd1f768,3.75,3.92,1.27397,1.26385
214b268e4a92f950,2.36,2.7,1.60976,1.48309
4bb77b1d8efc53a9,2.3,3.43,1.66667,1.32258
1bde9cb65d31cc76,1.66667,2.33,2.3,1.625
7c3ad06a520b8716,1.47619,2.3,2.8,1.63694
43c391b251337c9b,1.58824,1.42373,2.45,2.9
4911094a4ee26868,2.85,1.97087,1.45455,1.8547
dff1dbb8fe1f31cb,1.95238,2.32,1.86957,1.63291
1be65a0d2c1383f6,2.3,2.46,1.66667,1.56818
cade0268dec56f3d,1.55556,1.4717,2.55,2.74
c13474b85d3ced32,1.44444,1.23923,2.9,4.15
40ce202eaa78860c,2.6,1.90909,1.51282,1.90909
50cae63d530ede7c,1.90909,2.26,1.90909,1.65789
a83ebbf013905949,1.30769,1.44643,3.75,2.79
d3c0dfa57950aefd,2.1,1.66667,1.76923,2.23
bb1ac382e0277b3f,2.45,1.8,1.58824,2.02
2bdf774dc8b17504,2.6,2.6,1.54054,1.50505
744627aec853874e,3.15,3.02,1.36364,1.39063
53ed3f8f653b37b2,1.8,1.71429,2.05,2.14
87c8e086c29ae543,1.66667,1.6135,2.3,2.34
e8fd128286788a6d,1.74074,1.64935,2.15,2.25
1e9f081a84e7ec18,1.74074,2.11,2.15,1.73529
d684d8b02ab53031,2.5,2.4,1.57143,1.5814
78294f5d5e0f2b13,2.05,2.15,1.74074,1.8
5254658d4e4126c9,1.41667,1.37736,2.8,3.45
db690563ae7fa070,1.30769,1.44444,3.5,3.05
0f22781ab4635414,1.68966,1.57143,2.15,2.65
f0666193c544be4a,4.2,4.48,1.23529,1.25641
bc7743819590b193,1.38462,1.38462,3.0,3.4
8208afe1e52b02e9,1.86957,1.95238,1.86957,1.95238
42a353676554ecf2,1.33333,1.33333,3.4,3.7
48c6c45d9628bb79,1.66667,1.83333,2.2,2.1
9eed1b277c76f576,3.0,3.48,1.38462,1.37037
7fda79ba69b06c0b,1.47619,1.31746,2.6,3.7
77d82e8a220053ea,1.47619,1.33333,2.6,3.55
ca8e482388e7ac82,1.37736,1.57143,2.85,2.55
6fdcd1caa0e9d239,1.76923,1.79365,1.90909,2.08
6a7f68feb5c0755d,2.75,2.71,1.40816,1.50505
97ad3419f2029ba1,1.32787,1.20619,3.25,4.85
80cb366cd1e54aec,1.43478,1.52083,2.7,2.65
df7cf7ef41eccbe6,1.35714,1.29499,3.0,3.88
3f1d1bd33a296f26,1.47619,1.41667,2.6,3.05
ea0f7fe570c1533f,2.85,3.45,1.37736,1.34843
e53c8a20819f9be6,2.8,4.4,1.38462,1.24272
a9660625bab5d4a3,2.6,2.98,1.47619,1.44444
e446c5e4a8b8d189,1.60606,1.52083,2.25,2.7
4e3ccffe18641d9c,1.71429,2.55,2.0,1.5814
f5445d367e7dbb2b,1.71429,2.34,2.0,1.67114
9d1722fb8b83a92a,1.57143,1.32573,2.35,3.68
220aa11288e919c6,1.28571,1.1996,3.5,5.17
f8c9a597f719d75c,1.52632,1.36765,2.5,3.43
3808db1e982cb103,2.25,2.0,1.60606,1.86957
7fe2f0213d641540,1.35714,1.33113,3.0,3.63
73f72edb86c82eef,1.25974,1.23041,3.65,4.63
b36362f5db72abee,1.46512,1.65789,2.65,2.38
70e0e57a6755e31e,2.35,1.70922,1.57143,2.26
a283975bf9355757,1.31746,1.33898,3.35,3.55
677910683d0fd88b,1.38462,1.3125,2.8,3.8
1f63949591ad61bd,1.21053,1.15898,4.25,5.95
1258b6f1cb5eed64,1.54054,1.59524,2.45,2.48
23124e6f3e7aa37d,2.8,4.38,1.38462,1.2551
17dc833cda860933,1.33333,1.44053,3.2,3.0
2e23e7ab6217c034,1.52632,1.44444,2.5,2.98
35cdd5e50d30f26e,1.32787,1.52356,3.25,2.71
fe6b45e7210bfa8e,2.0,2.7,1.71429,1.52632
55b3724a98c0469c,3.1,2.85,1.34483,1.47619
5da651d5867cbdfe,1.76923,1.68027,1.90909,2.33
f29ba17d818d4fac,1.35714,1.30581,3.0,3.83
2ab2753040f455e0,1.37037,1.23256,2.9,4.6
d4bfe75b61d2cbc6,1.52632,1.36364,2.5,3.43
002921976d27b7da,1.40816,1.4717,2.75,2.88
5a346087f4120fa3,1.66667,1.8,2.1,2.1
64f5c4f3f3d8ad2c,1.25,1.17857,3.8,5.5
70d69cf33984d7d1,2.6,3.45,1.47619,1.34483
1cf53a0b9db52ac6,1.36364,1.4,2.95,3.2
deaeb2383bbd32bf,3.5,4.88,1.28571,1.21645
7ab72866ff2a6a7e,3.1,2.83,1.34483,1.48309
a4816be2c49e3942,1.54054,1.41667,2.45,3.1
383f0de18e7ab9c5,1.46512,1.41494,2.65,3.03
1b23096378482313,3.35,3.42,1.31746,1.36765
f47a32ec7dfda660,2.5,3.48,1.52632,1.35461
c910d2fe570b368a,1.28571,1.21645,3.5,4.83
c3544bce29be1281,2.65,2.73,1.46512,1.51282
eb0775cf8ee7a4e6,2.0,2.1,1.71429,1.8
eab6e19a2a2a67f0,1.74074,1.65789,1.95238,2.38
c565bf49fce2a4cd,1.8,2.6,1.86957,1.56497
9c1d4f57a997a490,1.86957,2.54,1.8,1.56818
b2398418be9a3442,1.83333,1.76923,1.83333,2.1
ee65977baeca3c85,1.19802,1.09524,4.35,8.88
96f09d5db68951ef,2.8,4.63,1.38462,1.23697
c740ceb0427b6317,1.28571,1.10965,3.5,7.63
f88fefd5df0ba06c,2.7,2.77,1.43478,1.47619
5965800d88e0677c,1.71429,1.68027,2.0,2.28
f4717203e762d780,1.09524,1.0625,6.5,10.75
f22d193f3ab42bc5,2.5,2.38,1.52632,1.63694
e2b4130c7b1ff8bc,1.57143,1.8,2.35,2.05
2bcb878e9d02b8f7,1.71429,1.58824,2.0,2.48
c19f394f3c237789,2.0,1.95238,1.71429,1.86957
6b92396d42918366,2.7,4.28,1.43478,1.25
2230a5dbc0907859,1.47619,1.28571,2.6,3.88
bd246b9789f88e1c,1.64516,1.65789,2.15,2.33
4785bf265d05d85f,1.58824,1.72993,2.3,2.18
642a8cc1195c5198,3.6,4.1,1.26316,1.26882
f963d716384153ff,1.46512,1.5,2.65,2.7
05065fa2bc3693b4,1.47619,1.52083,2.6,2.65
c97e99ca5422f03b,1.57143,1.63694,2.35,2.38
bb56f4e502512ad0,1.38462,1.32787,2.8,3.53
cd55220a7b1378c4,2.3,2.8,1.58824,1.46512
6275b448b6c35f1f,1.625,1.71429,2.2,2.2
e8f499827178a321,1.64516,2.13,2.15,1.75758
23fd9d50a99665fe,2.3,2.23,1.58824,1.70423
da7d7b4f20cd2af5,2.65,2.73,1.46512,1.49505
23a75c0338d25abc,2.4,2.38,1.55556,1.63694
53efc226c8eaf768,1.86957,1.68027,1.8,2.28
c1bfbf5447f21f37,1.28571,1.25641,3.5,4.35
81f287d035190506,1.35088,1.5814,3.05,2.5
1f0254eeb2025e4f,2.85,2.94,1.37736,1.4329
4942323a5d5a6594,3.25,4.08,1.32787,1.27027
95ead23dc0c73285,2.35,2.45,1.57143,1.5988
164f56eb25d6a9b4,2.3,2.45,1.58824,1.60976
3fc9fea36fc7ec37,3.5,4.53,1.28571,1.22371
b26ec098a5a57401,2.7,1.95238,1.43478,1.86957
7c883cf0b5eedc59,2.25,2.78,1.60606,1.4717
0ad5c6752e679de5,1.76923,1.71942,1.90909,2.2
b2857e799319f931,1.83333,1.89286,1.83333,1.93458
2f0bfdc3c325662d,1.71429,1.43103,2.0,2.95
e1ec8774466db669,1.86957,1.7874,1.8,2.08
f7fd4b82e827c9c4,2.1,1.71429,1.66667,2.2
4c7390e4d169f6ff,1.28571,1.38911,3.5,3.18
6c1dba8a3ba4f42e,2.45,2.18,1.54054,1.72993
4ce0a62cdad7bf32,1.71429,1.5988,2.0,2.47
d2591df4fa9cc44e,2.85,3.3,1.37736,1.37037
44c6d87116bb3a10,1.58824,1.38462,2.3,3.2
b810951e39a0af1b,2.75,3.2,1.40816,1.38462
7bb335510a749419,1.58824,1.56497,2.3,2.55
fa5244817650f401,2.7,3.35,1.43478,1.36364
6eb4b84c4b10854a,1.95238,1.95238,1.74074,1.86957
6066dc40bb3ce8db,1.28571,1.35088,3.5,3.43
df8391ca39160d8c,3.0,3.85,1.35714,1.29499
15f48dd8cf8ae455,1.43478,1.70423,2.7,2.23
318449b3f9346566,1.64516,1.64516,2.15,2.35
e5a88d0e816fd0f1,1.52632,1.46083,2.5,2.83
781b4b6951df64fe,1.14184,1.1056,5.35,7.25
613a288e8819fead,2.6,2.44,1.47619,1.6135
377c8eb085bb8e00,1.37736,1.46512,2.85,2.8
110e1d794443b736,2.0,1.83333,1.71429,2.01
43e416795dbd10e9,1.74074,1.87719,1.95238,1.95238
249b75a787dccfe6,1.19802,1.21097,4.35,4.93
8d9c71e110196262,1.625,1.67568,2.2,2.29
3daf1c5fb854e626,2.3,2.58,1.58824,1.54945
e0df5f84686586a1,1.64516,1.52356,2.25,2.76
81c5c897717a1ef6,1.22727,1.26316,4.5,4.4
ba75be28158d424c,1.60606,1.65789,2.35,2.42
e7861d4e2b29193f,1.28571,1.28169,3.5,4.2
c63a050af0692daf,1.47619,1.95238,2.6,1.95238
7a4e5bcd7336d203,1.19608,1.17857,4.4,5.75
ca263e46051261e2,1.58824,2.1,2.3,1.76923
7a37fd92b26d15c8,1.47619,1.68966,2.6,2.35
fd230ba169b3f2b6,2.65,2.6,1.46512,1.58824
e8a167bb84082832,2.65,3.25,1.46512,1.40816
9e90800495c1d607,3.5,2.6,1.28571,1.54054
b1dee00c3052e65e,1.37736,1.40816,2.85,3.08
5a09a7a3f2792d1a,1.76923,2.27,1.90909,1.68493
9d2f46b677246e41,1.14184,1.16949,5.35,5.5
8167500af262bba5,2.45,2.4,1.54054,1.61728
1eb0491642f276ed,1.40816,1.4,2.75,3.1
e09d17f97d6fc6b8,1.40816,1.3663,2.75,3.3
adb86e0206cba97d,1.38462,1.45045,2.8,2.85
3aace29fcc65ec51,1.37736,1.43668,2.85,2.92
435c93cb89016fd1,2.9,2.08,1.37037,1.7874
f19d1c8ca5660240,1.76923,2.1,1.90909,1.76923
51d3be5e8aee5cd9,1.52632,1.58824,2.5,2.48
0bf8bb9b4ef329f9,1.40816,1.4717,2.75,2.8
e15b393a27c07043,1.76923,2.23,1.90909,1.70423
70ab91b37be75408,1.52632,1.36101,2.5,3.38
df33799f117000cb,1.54054,1.70423,2.45,2.23
f8df4cb5f22656c0,1.37736,1.3012,2.85,3.73
c64537874352793a,2.05,2.41,1.68966,1.62112
00742aea8da72a35,1.37037,1.31546,2.9,3.78
f7114bf73eec4022,1.54054,1.68966,2.45,2.25
23bc29f1b6baacad,1.71429,1.625,2.0,2.41
2cdf841a057d9039,1.25,1.28571,3.8,3.88
473b9b56cdaedba3,2.0,2.24,1.71429,1.6993
01f396a7372dc8ff,3.2,2.98,1.33333,1.42553
4b35edc671de861f,1.71429,1.9434,2.0,1.88496
677588ea237aa5c0,1.31746,1.29762,3.35,3.83
30f6cf4253b13b76,2.1,2.15,1.66667,1.74074
7979888b1fb5eb39,1.43478,1.52632,2.7,2.64
d77ace7aadb2383e,2.7,3.48,1.43478,1.34014
ca6d4239726931f9,1.40816,1.5814,2.75,2.5
88c712be47805d63,2.3,1.81967,1.58824,2.03
1ca4274019680d23,2.6,2.41,1.47619,1.62112
ab79fe7b35ccc3dc,1.58824,1.53476,2.3,2.63
b91756d955e14d2e,2.4,2.5,1.55556,1.5814
a45596cda51a1816,1.28571,1.24876,3.5,4.28
43682a646b9b956f,1.64516,1.74627,2.15,2.15
3c8eb8ad5e98876f,1.54054,1.70423,2.45,2.23
637f561cd731fb44,1.83333,1.68027,1.83333,2.28
c5865afc31cb6c59,1.58824,1.75758,2.3,2.13
1cd0ce0e2312ad52,1.60606,1.52632,2.25,2.65
481aef2d2802ec68,2.15,1.90909,1.64516,1.90909
99373dc33dfbf6e0,1.58824,1.72993,2.3,2.18
0094d2ed98819f7a,1.71429,2.01,2.0,1.82645
6eb382e2c51fc4f5,2.25,2.09,1.60606,1.78125
f63961f9d14bc33d,1.09524,1.10428,6.5,7.63
0459297e86a14981,2.5,3.28,1.52632,1.37453
d764ef3e078c96c8,2.25,2.48,1.60606,1.5988
b0552b065ca7f401,1.71429,1.64103,2.0,2.37
20be16a1db95156c,1.25974,1.09542,3.65,8.13
f24c296256faeff2,1.38462,1.28818,2.8,3.85
41cef92a01e7ff3c,1.43478,1.55866,2.7,2.55
4291b38643547fa7,1.66667,1.68966,2.1,2.25
0673d8ab0add7a05,2.6,3.78,1.47619,1.29412
677e98ae5834ba70,1.46512,1.2584,2.65,4.18
2a0d4dd0997bd712,1.35714,1.17422,3.0,5.38
94ce682e4a3e556a,2.3,2.5,1.58824,1.5814
5be97c1fa222093d,1.74074,2.33,1.95238,1.65789
8028d5de087755dc,2.5,2.8,1.52632,1.46512
76d6789779d3721c,1.76923,2.73,1.90909,1.4878
7c23770c639dcd22,1.4878,1.51546,2.6,2.67
657fd7ab7bdf9f15,2.7,2.29,1.43478,1.67568
7e2bc09d866b3bd7,1.83333,1.86957,1.90909,1.95238
d0e5487f55c57ad2,2.6,2.5,1.47619,1.59172
4f07c6724682cd00,1.43478,1.42194,2.7,3.0
bcf842992f9accdc,1.40816,1.33445,2.75,3.52
573908b71b361312,2.5,2.9,1.52632,1.44053
d83ae4a2e117b775,2.75,3.43,1.40816,1.35461
9f114a219523bf7d,1.29851,1.14286,3.45,6.13
b2297232b9310ba5,1.37037,1.2907,2.9,3.85
d9375ede2ec2f924,2.2,1.79365,1.625,2.07
6f350d91fb07a819,2.6,3.38,1.47619,1.35714
11b8d7e801713abc,1.60606,1.63694,2.25,2.38
e83046dd074ec0fa,1.64516,2.3,2.15,1.66667
01619207a811ef01,2.65,2.62,1.46512,1.53763
535b8e5494cbc580,1.37037,1.29674,2.9,3.78
5b8d693bd1780102,1.66667,1.71429,2.1,2.2
71dc4379c738450f,1.64516,1.64103,2.15,2.37
9a1a57b0abcd4599,2.35,2.25,1.57143,1.68966
1e3c67921162561d,1.74074,1.66667,1.95238,2.31
a6fbd8964400dd89,1.64516,1.625,2.15,2.41
3a94bf34e62ae5fd,1.66667,2.24,2.1,1.69444
27901ef9e82d5690,2.5,2.31,1.52632,1.66667
d571486369996a39,1.24691,1.18018,3.85,5.28
f23e2bed86b62462,1.52632,1.71429,2.5,2.21
04a1c5b7993fe4d5,1.625,1.5618,2.2,2.56
b8648b32caf36c5a,1.17699,1.17094,4.75,5.5
5a096f2acb44c776,1.66667,1.63694,2.1,2.38
6e65bec924996b5a,2.7,2.42,1.43478,1.62112
ce4314886c57718b,2.1,2.13,1.66667,1.75758
4fcbee643660d679,1.54054,1.27624,2.45,4.0
fa7cde1e2d3ae338,1.52632,1.5102,2.5,2.69
519dcb290e6db845,1.76923,1.76923,1.90909,2.1
9c79433a4686f3fc,1.95238,2.44,1.74074,1.60976
424a20da52b4f956,2.7,3.6,1.43478,1.32258
e22a887ce4ab30eb,2.2,2.41,1.625,1.62112
037c68d03c970609,2.0,1.66225,1.71429,2.31
093ebd3375591101,1.46512,1.4,2.65,3.1
04970dfa4d531e39,3.0,2.82,1.35714,1.46296
bf8f747e57d6d1c7,1.35088,1.46512,3.05,2.8
0f2611c3ec4661dd,1.625,2.1,2.2,1.77519
0328754c15ecd37c,1.40816,1.56497,2.75,2.55
3cf4582b48302bb6,2.6,2.65,1.51282,1.52632
bfae2fb50efbdb0f,1.76923,1.80645,1.90909,2.04
e18a8b333529cc09,1.625,1.54945,2.2,2.6
b8b9a8e504d51ba5,1.38462,1.41494,2.8,3.04
5164f1c4103616fd,1.38462,1.4,3.2,3.13
17c53d93d549cb03,1.38462,1.48309,2.8,2.75
15aee8ad5d9e9d58,2.45,2.0,1.58824,1.83333
01c9acf719298187,1.52632,2.09,2.65,1.78125
59363451049c929d,1.21053,1.16892,4.25,5.45
85060e6e71ed14e4,1.52632,1.625,2.5,2.4
418a7100e490e791,1.83333,1.79365,1.83333,2.06
47fc0736929125bd,2.1,3.7,1.66667,1.30303
bd1e01de1f24962b,1.66667,1.89286,2.1,1.93458
4210f9b11debf1fc,1.32258,1.22727,3.3,4.48
db51d17ea03da745,3.0,2.48,1.38462,1.61728
c7be6a466d1d0a1e,2.8,2.4,1.41667,1.64516
a5fa3bf3dc91eb88,2.05,1.74627,1.74074,2.19
704a089fde021153,3.65,2.95,1.25974,1.44643
0387bc11a0a0c325,1.52632,1.89286,2.5,1.98039
1f290005cc147afb,2.7,3.78,1.43478,1.31546
a28c80463d7d0c03,1.86957,2.13,1.86957,1.75758
539e0008bb634f1b,3.5,3.35,1.30769,1.37736
920665daa1261dbc,1.41667,1.53476,2.8,2.68
c039953c2f438832,1.71429,2.35,2.1,1.66667
e257f0f5224ef6ab,1.23529,1.19802,4.2,5.23
151f9966cae7682c,2.8,3.43,1.41667,1.35088
bd1fc4ff619f4e61,1.68966,1.64935,2.05,2.35
6b47093b62155478,1.74074,1.9901,1.95238,1.84746
ef2c7bfced561374,1.83333,1.9434,1.83333,1.87719
77be83973766e104,1.76923,1.67114,1.90909,2.29
e54c16d867875738,1.2381,1.17094,4.0,5.45
11c851a73ffb55ba,1.25,1.20619,3.8,4.8
95f37dc43e808ebf,2.05,1.74627,1.68966,2.14
3249bbbb7ce837ef,1.47619,1.44053,2.6,2.9
09ab925c4cfe0cc5,2.45,2.7,1.54054,1.50761
d441715577c5934c,1.95238,1.70423,1.74074,2.23
b9c82dfde8b66e37,2.95,3.9,1.36364,1.27548
920b6f739a36e721,1.95238,1.97087,1.74074,1.84034
4da4c5ef6a4ffc5b,2.35,1.6135,1.57143,2.4
f3e289f1423c0e6f,1.40816,1.30864,2.75,3.58
b69d3d55c84f5dd6,1.40816,1.4,2.75,3.07
c0ab927864bb6e98,3.25,3.37,1.32787,1.35211
92fd2127f46b0cb7,2.15,1.9901,1.64516,1.83333
986f0b480389ad25,1.54054,1.64516,2.45,2.31
bf41783b9446891e,1.54054,1.30395,2.45,3.67
1b6e5363eb81c409,1.54054,1.58824,2.45,2.47
05f1e8ff81dbe05b,2.65,1.9901,1.46512,1.8547
c4f443509308dec6,1.37736,1.2079,2.85,4.77
1cbffe3a467d0ded,1.35714,1.25641,3.0,4.38
957b7c74ce120a32,1.34483,1.34364,3.1,3.55
4c4e1f7521c27900,1.66667,1.8547,2.1,2.03
7e27d9f37c217b63,1.14815,1.13966,5.25,6.73
1e2677e481a587fd,1.41667,1.45045,2.8,2.98
758ec6b5d55c1b09,1.4878,1.46512,2.75,2.9
d2ea9181abacc2ee,2.1,2.3,1.76923,1.68966
3e6dfafb8aa780f9,1.71429,1.51282,2.2,2.75
9a85303025a077b5,2.5,2.9,1.58824,1.4717
08bd9e03c187f66b,3.0,2.18,1.41667,1.76336
bc72dac46f0383f1,1.58824,1.4717,2.3,2.8
2adfc6444d1adc01,1.35088,1.3012,3.4,3.75
3b1aed7d00a775c6,1.71429,1.36101,2.0,3.35
405cbbcaa79db24b,2.0,2.28,1.71429,1.68027
41d1e163b930426b,1.33333,1.33898,3.2,3.48
b57345c34f6d2ab3,1.57143,1.43478,2.35,2.95
5c36d760c7e272f5,1.71429,1.5988,2.0,2.48
f0cf2ca8e5c621a8,1.38462,1.35088,2.8,3.43
b3e520f1092401c1,2.6,3.48,1.47619,1.33898
9caaca5748ea9086,2.4,2.95,1.55556,1.43478
ed8944898353b526,2.45,2.23,1.57143,1.70423
9b9591a4f7febe32,1.43478,1.41322,2.7,3.03
bddf441908777c0c,1.95238,1.65789,1.74074,2.38
638093bc4f69f639,1.38462,1.42194,2.8,3.08
e8c24a1754599237,1.83333,1.53476,1.83333,2.68
4e87af7e5156bbf7,2.2,3.03,1.625,1.44053
76690fbdcaa85c21,1.40816,1.44643,2.75,2.95
856e171bdfc98cb5,1.38462,1.36101,2.8,3.43
ca28f69fa42f88ed,2.5,2.23,1.52632,1.72993
97cec48c97e7ea31,1.19802,1.18622,4.35,5.25
83f6a6fc79036749,2.75,3.05,1.40816,1.42553
df0d3dec831e2142,1.37736,1.41322,2.85,3.13
6599a94704d56719,1.35714,1.30864,3.0,3.83
4dd561df1ca58ab8,1.28571,1.26667,3.5,4.25
56ce29bdb1fe9abf,2.2,2.3,1.625,1.68966
704adfae22d0dfb8,1.43478,1.46512,2.7,2.9
d13ea6559225991f,1.22472,1.16393,4.15,5.83
3566c8e9d3a9caa8,1.8,1.86957,1.86957,2.0
004885f7983f4658,2.9,3.83,1.37037,1.30769
786033c27fdaa020,1.60606,1.83333,2.25,2.0
56ad1de1924984ad,1.47619,1.55556,2.6,2.65
c8a48abe3263f796,1.86957,1.5814,1.8,2.58
a6797238f9f98644,1.19802,1.17094,4.35,5.65
b229ee2997b70d16,1.33898,1.2994,3.15,3.9
edc00a33666b0b59,1.26316,1.23041,3.6,4.63
3f14c96ea899321d,1.58824,1.4065,2.3,3.08
c543563958093446,1.14184,1.18182,5.35,5.35
7ec61e2b0728e6d4,1.71429,1.625,2.0,2.4
900ae72adbf7c49f,1.47619,1.35088,2.6,3.43
f747701638da90ae,1.28571,1.27027,3.5,4.08
dbab923a090fe93f,2.15,1.54054,1.64516,2.63
9cb8fe20b05d886e,2.35,2.93,1.57143,1.45045
c5603628f7ae84d3,1.28571,1.53476,3.5,2.63
b616969d55fb2d7a,1.52632,1.41322,2.5,3.08
dbd0ffc84699ad6b,1.60606,1.36101,2.25,3.38
cf6b9a001b0824de,1.60606,1.54945,2.25,2.55
e6663b2c16df6191,1.71429,1.71429,2.0,2.2
00566b4d89565373,1.625,1.64516,2.2,2.3
631f0721b3fc56dc,1.26316,1.11111,3.6,7.0
319d75c21fbb5d3f,1.47619,1.56497,2.6,2.58
c1d2ce95229cdbd9,2.2,1.8,1.625,2.05
a5c76ead1a2767b6,1.31746,1.35088,3.35,3.43
f5fb4435faf1ca04,2.7,2.3,1.43478,1.66667
5ffccdf4af20dc0d,2.45,2.9,1.54054,1.45455
5929c539190c8a07,1.37736,1.37037,2.85,3.3
4618dcef2dc6250f,1.83333,2.28,1.83333,1.68027
0f215b143e08f425,1.47619,1.43478,2.6,3.0
3e50773520e7a218,1.38462,1.28169,3.0,4.2
e93d07a18ca847c8,2.05,2.01,1.74074,1.9009
796a7e1fa80af990,1.25641,1.19417,4.0,5.1
5f7a1ba6e016b249,1.38462,1.39216,3.0,3.35
f10d3d4ffd5a4922,2.55,1.71429,1.54054,2.3
74e92a66b29674a9,1.35714,1.41667,3.0,3.2
2341651d1043e2c0,1.40816,1.60606,2.75,2.55
adb35d212e716b8a,1.66667,1.71429,2.1,2.3
638a999dab6fe310,2.6,2.15,1.47619,1.8
8857bf28823b1b2d,1.55556,1.37037,2.4,3.3
bd9100f5d4ee6823,1.37736,1.64516,2.85,2.35
2692ac9853970e08,2.1,2.83,1.66667,1.4717
0e272af30a23e09b,1.32787,1.23981,3.25,4.45
c25c2000aa99832c,1.32787,1.29674,3.25,3.85
8c1787fe568f1ca6,1.37037,1.22472,2.9,4.7
401a21d881a1f26a,2.45,2.1,1.54054,1.76923
291bebbbf4f9128f,1.90909,1.63694,1.76923,2.38
66b295262ef7ee91,1.43478,1.40486,2.7,3.13
f5ebfe526cf409e8,1.2381,1.23419,4.0,4.53
b6d027c60f879e4a,1.66667,1.57143,2.1,2.55
93096cfccdbf4fe8,1.47619,1.38462,2.6,3.4
990bf4ef60890853,1.25641,1.26316,4.0,4.4
2dc181c1473eb269,2.7,2.7,1.43478,1.54054
8757fbfa0857415f,3.7,2.4,1.25641,1.66667
3368c2419e259992,1.71429,1.54054,2.2,2.7
806761834799c352,1.45455,1.35714,2.8,3.55
a2308473bcd77da8,3.1,2.7,1.37037,1.54054
8aa637fc26a01581,2.6,2.77,1.51282,1.52083
a90cabf2913fc6ef,1.41667,1.34483,2.8,3.6
589fd70f6f8b747c,1.34483,1.30769,3.3,3.95
a7e1e349980063c9,1.44444,1.4,2.75,3.3
0890d21317c9aa2d,2.5,1.58824,1.55556,2.6
a8ec9c513d28c25c,3.5,3.84,1.28571,1.29326
49818fb1520ce956,1.35714,1.43478,3.0,3.0
0b4ac9bcf5dbb382,1.625,1.83333,2.2,2.08
303db84673492cd6,2.4,2.25,1.58824,1.71429
e0e41464c1bc7ee1,1.38462,1.3367,3.0,3.6
57bbe424b0d6837c,1.44444,1.43103,2.75,2.95
3b1461ff02a3f98e,1.4878,1.63694,2.64,2.43
4655930eb83446c7,1.25641,1.23697,4.0,4.63
fc95c49b69a8d476,2.15,1.83333,1.68966,2.05
ade59be2e9bc1108,1.38462,1.29586,3.0,3.97
df5ab14481442365,1.68966,2.73,2.15,1.51546
b4407dd3627c1675,1.46512,1.42194,2.7,3.08
8d2f3e0abb22689f,1.625,1.70423,2.2,2.28
d37660fceaa8125a,1.58824,1.48309,2.4,2.83
1eb7733d880a0b8f,1.35714,1.29412,3.2,3.95
0d63a7d3e08df3db,1.28571,1.25641,3.6,4.35
7287b029f4596be7,1.23529,1.23529,4.2,4.65
34e67c2b110f6b6a,1.58824,1.50251,2.4,2.78
d6dcbf543d7e303d,2.25,1.90909,1.68966,1.97087
0ae4889892f21738,1.66667,1.68966,2.3,2.3
1085f281dd966d96,1.29851,1.28409,3.75,3.93
a914df32b95a1abc,1.5,1.52632,2.7,2.7
831957c67bfc4486,1.26316,1.25189,4.15,4.4
a97a7707d5021181,2.8,2.55,1.38462,1.58824
cc6934588298958e,2.2,2.35,1.625,1.66667
4c54ca018e70ed04,1.47619,1.42553,2.6,3.05
26f876a7fb1020e1,1.71429,1.4,2.0,3.2
29cd6bee493a8662,1.83333,1.98039,1.83333,1.89286
1332dc236a3fd3b2,1.51282,1.43478,2.55,3.05
e0a69c1f4a019727,1.74074,2.08,1.95238,1.81967
e34d313fbe1c28f1,1.57143,1.60606,2.35,2.5
91e4da6ecf28a7a3,1.35714,1.38462,3.0,3.3
21392a61a2cf24a3,1.38462,1.63291,2.8,2.43
ddf768753c8030c1,1.43478,1.28986,2.7,4.0
1a113ac3255f3ac3,3.2,4.7,1.33333,1.2331
346875f19aefc88d,1.30769,1.28409,3.5,4.08
0fad42b9ab3f31be,2.45,2.73,1.57143,1.52083
dd875196c446fdf0,1.46512,1.32258,2.7,3.7
dd440cb166329a82,1.34483,1.37453,3.1,3.35
b79a0b9c1f729c0d,1.58824,1.45455,2.3,2.95
e881ba0a28fffb6e,1.28571,1.22727,3.5,4.78
01993fb1d4b34b21,1.71429,1.45455,2.0,2.95
3dbf17b9946d26db,1.38462,1.33113,2.8,3.63
493b7a8e3253b133,2.05,1.98039,1.68966,1.89286
2968840a5f24ce9f,1.55556,1.49505,2.4,2.8
635ef1f12a60e9d7,1.60606,1.44444,2.25,2.9
287c71b9017c5769,1.71429,1.90909,2.0,1.95238
7549887ba7ae86e6,1.3125,1.30769,3.4,3.85
e27a9b4b4a46f091,3.5,4.1,1.28571,1.28011
530558f01ac425af,1.83333,1.9434,1.83333,1.92593
d607908be8b19273,2.7,2.38,1.43478,1.65789
22a574162e2ebcf6,1.83333,1.86957,1.83333,2.0
f509d5ffcc3f46fe,1.55556,1.74074,2.4,2.21
16ba92318ff66d4a,2.8,2.8,1.38462,1.49505
e2b547e64f6532bb,2.7,3.6,1.43478,1.33333
c996b2ff10a915b1,2.4,2.84,1.55556,1.48309
1acde2739237c4f8,1.26316,1.45455,3.6,2.96
e0bdef2580715030,1.54054,1.53763,2.45,2.68
e830cb1df07f3466,2.7,2.8,1.43478,1.49505
1dcc880fc80e6332,1.76923,2.38,1.90909,1.65789
c79c00f5443c2f6e,1.83333,1.81967,1.83333,2.08
8666332154fc6f4a,1.68966,1.8547,2.05,2.03
7af713ee9e3006eb,1.57143,1.46512,2.35,2.9
be70a2f68f6ad3e7,2.15,1.98039,1.64516,1.89286
68e1a69423360900,1.43478,1.36765,2.7,3.39
3509779ebe302d06,1.05,1.14728,11.0,6.38
4e69c86d09c9f782,1.55556,1.65789,2.4,2.38
fa520c5834cda94e,1.34483,1.28571,3.1,4.05
a89b9eeacdb85ec1,1.28571,1.38168,3.5,3.3
f3ebaf9af44c1e6d,1.46512,1.46512,2.65,2.9
53467e6296c2e5e6,3.5,5.1,1.28571,1.2004
bc0779b232828e67,2.55,3.6,1.51282,1.33333
24393bea0c4cf49a,1.58824,1.64516,2.3,2.4
9eb1ce435cc1536e,1.64516,1.52083,2.15,2.73
8b0ff8defc1a14f4,1.83333,1.36496,1.83333,3.43
438f5404c43303b8,1.68966,1.72993,2.05,2.23
7047b70f28c2d2fd,1.28571,1.4,3.5,3.2
e67e15cc6578d1c3,1.58824,1.8,2.3,2.1
90d50fb7e2bf789e,1.55556,1.66667,2.5,2.4
d391ca8154bcf507,2.2,1.60606,1.66667,2.55
fc91f1e448f35797,1.55556,1.5,2.5,2.85
77c1e127c1be9983,1.27778,1.23256,3.7,4.8
8360accf6f70ebc4,2.05,1.90909,1.74074,2.0
0071c5d16e6e07f6,2.35,2.35,1.60606,1.68966
be7b9301e7c689c1,1.33333,1.27778,3.4,4.25
26cdaf7cf575f656,1.4,1.36364,2.9,3.5
37e0251af7b18742,1.28571,1.32258,3.6,3.8
f4bdf10856c1760e,1.74074,1.71429,2.05,2.3
b42d4c3c701945bf,2.05,2.35,1.74074,1.68966
5c55530a258a9e41,1.25,1.30769,3.8,3.95
058d32372a2271fd,1.14815,1.11494,5.25,7.8
01e5e4099f03f20e,1.58824,2.15,2.3,1.8
3a2bd4fe6f08bc17,1.90909,1.71429,1.90909,2.2
54b7b3378e394070,3.9,5.1,1.28571,1.21739
b218d6a420abb67b,2.15,2.35,1.74074,1.68966
33f0817701e49bf1,1.32258,1.28986,3.55,4.15
a00b98f41c05ae6c,3.2,3.35,1.38462,1.39216
60f53ad3f114da6e,2.5,2.35,1.58824,1.68966
6ba485fc7b8f38ee,1.54054,1.45455,2.6,3.0
2cf065874bcc4144,1.47619,1.86957,2.6,2.0
be6024894ebcb360,1.54054,1.50761,2.45,2.75
77b6fd5d0b8c60b4,1.60606,1.52083,2.25,2.73
ed697b0ef9d455e4,2.55,2.53,1.51282,1.5988
13a6496a09ae821e,1.38462,1.45045,3.0,2.88
2ccecfdd7683043e,2.25,2.5,1.64516,1.60606
2771872dd02e5d19,1.8,1.84034,1.95238,2.06
a6d07c32a1cb9730,2.3,2.23,1.625,1.73529
1984570de7f0c89e,1.66667,1.71429,2.2,2.26
873886ee1dee4c9a,1.8,1.75758,1.95238,2.18
d1ad8d6ef48f7835,1.51282,1.42194,2.6,3.08
d08a7d4de3c760ec,2.35,2.43,1.60606,1.63694
18efcec3c51750e9,1.35714,1.38168,3.0,3.35
756cae177016ebf1,1.47619,1.30488,2.6,3.88
40fa0bf9783cdc2e,2.55,2.8,1.51282,1.49505
69fd05c73b645a62,1.43478,1.40984,2.7,3.05
f4af2b4349b7b589,2.75,2.9,1.40816,1.47619
ecb9c5ae7fd7a5cc,1.21053,1.26247,4.25,4.38
8a1678a54dc82206,2.8,2.55,1.41667,1.60606
cd055be419f77f3e,1.83333,2.1,1.83333,1.83333
a497d4a83afe6f2d,1.38462,1.64516,2.8,2.45
2d3cbfb47faf717d,1.28571,1.27027,3.5,4.3
179426f56818a1c9,2.85,2.4,1.40816,1.66667
00731068c3195f7f,1.51282,1.66667,2.6,2.4
0cced3b02b6b1b95,3.0,2.68,1.35714,1.53476
8802182074bf4a3a,1.28571,1.3125,3.5,3.78
28990faebda68fa8,1.43478,1.62893,2.7,2.45
b56d1822b9f9a35f,3.5,3.65,1.28571,1.33003
5e69e2fa8421ce5e,1.71429,1.61728,2.0,2.48
a6548a1e188c53fb,1.43478,1.49751,2.7,2.79
147c04a6798a69c3,1.26316,1.32051,3.6,3.7
3195350c98c9491d,1.625,1.54054,2.2,2.68
a80162f4c8842da3,1.47619,1.55866,2.6,2.63
e2bacdc395aa7b40,1.95238,1.4878,1.74074,2.83
6834ae686aa0c588,1.40816,1.44444,2.75,3.0
d6b3c56a4cf14c1a,1.71429,1.42194,2.2,3.08
ddf2eff896475431,2.1,1.8547,1.76923,2.03
e57b884785848624,1.46512,1.42194,2.65,3.08
f82c414666fe934c,1.43478,1.43103,2.7,3.08
4eda704823ccfb71,1.83333,2.28,1.83333,1.70423
d4c85298623130de,1.34483,1.25,3.1,4.43
61d89fc97e7b145c,1.27397,1.39683,3.55,3.23
a6097fd4e77cb881,1.06667,1.06601,8.0,12.63
b51d691b9f5603a8,1.625,1.86957,2.2,2.01
2eeb1656692bd967,2.35,1.8547,1.57143,2.03
4d231d5d5f815085,1.55556,2.3,2.4,1.68966
7651b2e09ea2c420,1.66667,1.51282,2.1,2.75
302ce74d8b0d12a6,2.2,2.28,1.66667,1.70423
dff7ce155b47442c,1.37736,1.31056,3.05,3.8
470f6fdd47f671fd,1.30769,1.32258,3.5,3.7
7601245171a28da1,1.22222,1.17094,4.3,5.65
c7ad34973f9d1cf6,3.2,2.95,1.35714,1.45455
110d18c0953bde1d,1.71429,1.90909,2.0,1.95238
05f8696303709939,1.55556,1.47619,2.4,2.85
ac269f99e4e53634,1.14815,1.17036,5.25,5.63
cf5f9da861c5e63f,1.64516,1.92593,2.15,1.93458
91f33ac24fb39eca,1.25974,1.3125,3.65,3.8
edc4e54d5258eea8,1.38462,1.39683,2.8,3.23
59bb17087b12ad35,1.28571,1.32258,3.5,3.7
8aff100107d0ba11,1.52632,2.08,2.5,1.81967
11249454ed5fd71f,1.40816,1.37736,2.75,3.35
eacfc05c3e5ead5e,1.58824,1.31056,2.3,3.8
019b88d4ac875ae4,1.25974,1.18622,3.65,5.25
4b4c4df2778538d9,1.47619,1.51282,2.6,2.75
43f0495855470427,1.38462,1.42553,3.0,3.15
7aa7b0c5706a0492,1.35088,1.4,3.25,3.3
d215c4e6dc1346ae,1.18868,1.28986,4.5,4.15
dd56acbfb08aa6b2,1.51282,1.38462,2.6,3.2
2270b89b17067838,1.51282,1.60606,2.6,2.45
9368a80ba62d87e2,1.26316,1.2381,3.9,4.35
9f6f356a56e4fe6f,1.60606,1.625,2.35,2.4
eb62bfcd3d96a182,1.41667,1.47619,2.8,2.75
a41be337367884e6,1.26316,1.2381,3.9,4.35
f63a647b74359194,2.5,2.35,1.55556,1.64516
275c22a93bdd84d8,2.2,1.83333,1.66667,2.0
7949430ebc47f31b,1.16393,1.13298,5.25,7.02
743f9df5bdfbcb95,1.625,1.5,2.3,2.85
c0dc7511452ed0f8,1.64516,1.5102,2.25,2.81
a01524699dfa3526,2.6,3.9,1.47619,1.3125
71cb15f6dbdaccd8,1.83333,1.86957,1.90909,1.95238
860954fbe26b867a,1.55556,1.45455,2.5,2.8
26800d759ba50371,2.6,2.4,1.51282,1.625
a3902e22c10725c4,2.05,2.8,1.74074,1.45455
db1c5b5a710fbdb0,1.25,1.41667,4.1,3.0
92dea6ff8f0c1b10,1.44444,1.51282,2.75,2.68
42536a8cf2eda678,2.1,2.25,1.71429,1.74074
08602f790f09d949,1.44444,1.58824,2.75,2.6
16b0e962beb6d15e,2.0,1.86957,1.76923,2.05
4186686dbd9957cd,2.8,1.43478,1.41667,2.9
f06030bf27ebe337,1.37736,1.32258,3.05,3.55
67afd8e69820ffa0,1.71429,2.25,2.1,1.68966
bbbb4c62c35f5390,2.0,2.1,1.76923,1.76923
de2513c984996c8c,1.41667,1.44444,2.8,2.85
3ce9e07f51239edd,1.41667,1.42553,2.8,2.95
1fa6d636d283ac84,1.57143,1.625,2.45,2.4
d59b40be94d5a609,1.46512,1.44444,2.7,2.85
4d6f492092d827cf,1.60606,1.5,2.35,2.85
5ad0a7ec5e99955b,2.8,3.35,1.38462,1.39216
41f186bffee2bb29,1.35714,1.39216,3.0,3.35
daa06084bcc66645,1.21505,1.17857,4.4,5.3
6b3038fe26a57b80,1.33333,1.3125,3.4,3.6
4289bcb551b07bc1,2.55,2.5,1.54054,1.58824
70ddd13934e6c0e9,1.4878,1.39216,2.65,3.15
16da233dcf7fecc8,1.60606,1.60606,2.35,2.45
91daeeeea0a83e49,2.85,2.45,1.40816,1.60606
6cc8c21becd17ffa,1.76923,1.90909,2.0,1.90909
0212461ac95ae690,3.2,5.15,1.33333,1.21277
aa4aa75f0065a687,1.74074,1.9434,2.05,1.96154
5169aaf0ce80d1f8,2.4,2.6,1.58824,1.58824
295c2e1ae2d54287,1.625,2.04,2.2,1.87719
09c1d4c96efd0545,3.5,4.5,1.30769,1.25316
475c55534f9e08ee,1.2439,1.22727,4.15,4.9
03938272fb7c3971,1.95238,1.83333,1.8,2.0
74773b56e0b31c6b,3.0,3.2,1.38462,1.41667
0fd5485e64712df9,1.44444,1.33898,2.75,3.65
a39286bf0a443ff0,2.75,3.0,1.44444,1.45455
23243c27deb4d596,2.35,2.22,1.60606,1.75758
345f0bd50451a321,1.29851,1.2381,3.55,4.75
096d656048f85b18,1.33333,1.25974,3.4,4.45
e2433610f128d963,1.23529,1.18182,4.2,5.25
f914dd2414f9a0ae,1.54054,1.5,2.55,2.85
3542b1fd47163fcd,1.46512,1.45455,2.7,3.0
008d1123cc90f003,2.6,2.55,1.51282,1.60606
765a1fde5ee12784,1.57143,1.64516,2.45,2.45
425e856cac6f521b,1.38462,1.38462,3.0,3.4
d7f151f529543431,1.27027,1.25641,3.8,4.2
6aa873e65d880322,2.55,2.63,1.54054,1.57803
cdedc8f026307dd7,2.65,2.64,1.4878,1.57471
8bd1f8cb9aa06dcf,1.90909,2.0,1.83333,1.90909
8c082a3c69e2d192,1.4878,1.45455,2.65,2.8
a754766050409638,3.55,3.8,1.29851,1.32258
13fa791f0772250c,1.625,1.66667,2.3,2.4
9b38456520395242,2.6,2.65,1.51282,1.52632
a9da6a31229b136c,1.54054,1.52632,2.55,2.65
76ca3d1cefd6945a,1.35714,1.5,3.2,2.7
256c9a39386f94a9,1.86957,1.71429,1.86957,2.2
3eb829eb77256ac0,1.41667,1.45455,2.8,2.8
3657196c2f624138,1.54054,1.57143,2.55,2.55
c3e49cc87bd262c8,1.76923,1.625,2.0,2.4
dca2a0eb4cd3deac,1.34483,1.43478,3.3,2.9
dee976dde74e7e05,1.20408,1.33898,4.3,3.65
dca074896265f816,2.9,2.67,1.4,1.5618
a2be3b3f9739d0af,1.4,1.41667,2.9,3.2
d2287a9cfb6b9b07,2.15,2.0,1.74074,1.83333
ee85a66d86490f83,3.3,3.35,1.37037,1.36364
7206d0aa1d53e518,2.5,2.65,1.58824,1.52632
3d16f99de58b9d0e,1.60606,1.625,2.45,2.4
6e574bd614afffd9,1.76923,1.52632,2.0,2.65
a1b035662f43aae2,1.58824,1.58824,2.4,2.5
f5686732b85adafc,1.58824,1.90909,2.4,1.90909
e9fc9dcc549c7f3b,2.3,3.0,1.625,1.45455
2ebfb072b178649e,4.0,4.35,1.25641,1.2381
57622ac93e8d8900,1.22989,1.21739,4.25,4.65
a1f9a28339f5e1b2,1.95238,1.76923,1.8,2.1
07df55cb3cc0ec30,1.46512,1.43478,2.7,2.9
35e23b1917b59132,1.51282,1.52632,2.6,2.65
7240a9432bf2af67,1.28571,1.27778,3.6,4.0
cd0bc692a7bce9e7,2.1,1.86957,1.71429,1.95238
33005a28b1226d15,2.65,2.7,1.4878,1.5
ba0b95898baad200,1.37037,1.33333,3.1,3.5
1b0887e7533b9b49,2.45,2.55,1.57143,1.57143
f182b13c6e07dfb1,1.41667,1.52083,2.8,2.77
6e85d8d17c3eed58,1.28571,1.3125,3.6,3.9
381b2df85ac06615,1.33333,1.28571,3.4,4.18
9a3908ab337c5f3f,2.8,2.95,1.41667,1.46512
25783a9abbfee4fc,1.41667,1.44444,2.8,3.05
9821faf6a5d6fd0d,2.2,2.04,1.66667,1.87719
c302f24082239f82,2.0,1.95238,1.76923,1.86957
21ebc940f3dfde82,1.60606,1.625,2.35,2.5
72481ce1897251cd,3.25,3.05,1.35088,1.44444
b28aad0fdc0b8cc0,1.25641,1.24691,4.0,4.6
8422c70a72eb9291,2.65,2.61,1.4878,1.56818
0b5c7c95b0316276,1.33333,1.49505,3.2,2.8
1c245dc63a0b9d51,3.0,3.33,1.35714,1.38168
fe1ce9e3a38a734b,1.68966,1.68966,2.05,2.3
64e7c4ee81d46900,1.28571,1.28818,3.5,4.03
e8bb812cd91d9c28,1.34483,1.34483,3.1,3.53
2a7cf1a89de3709e,1.3125,1.31546,3.4,3.75
06a28491fe26baa6,1.47619,1.56497,2.6,2.62
fa8c1f3d27fc349c,1.47619,1.49751,2.6,2.79
8e4439cdc98d0644,2.7,2.75,1.43478,1.50761
5bcc7204a43cf34e,1.44444,1.53476,2.75,2.68
e88c59ad88e9dc27,1.41667,1.34965,2.8,3.52
cade8a4e97911e89,2.4,3.15,1.58824,1.40816
99c12cc04b4261bf,2.85,3.63,1.40816,1.33113
1d20bba4aca5f81a,1.44444,1.72993,2.75,2.23
6b83234360b3ca62,1.74074,1.93458,2.05,1.93458
12d17a837caeae63,1.41667,1.33898,2.8,3.55
6463a48c9347a9f3,1.8,2.13,1.95238,1.7874
452a9728317893d7,1.38462,1.37037,3.0,3.38
b43c83505edcd8fa,1.58824,1.52083,2.4,2.73
8935fc5943a78c20,1.58824,1.95238,2.4,1.90909
b4d0659f60c8aa7c,1.2381,1.22472,4.0,4.83
f286aad7b3558b21,3.2,3.59,1.33333,1.3367
5ba1e6f5519074c9,1.47619,1.42553,2.6,3.1
2594287e8fa31404,2.35,1.86957,1.57143,2.0
4f850f7e35d85bb8,2.5,2.35,1.52632,1.66667
ae0fdb792308b0f8,1.86957,1.89286,1.8,1.98039
0a5a021cb11299bf,1.37736,1.5,2.85,2.78
dc85144d1d945076,1.46512,1.4717,2.65,2.88
5067fe22dbc4baff,1.33333,1.2008,3.2,5.03
8c8468ed2878dc0a,1.90909,1.8547,1.76923,2.03
adf590055f922f5b,1.625,1.74074,2.2,2.2
40a43ffdd1624bed,1.74074,1.67114,1.95238,2.35
f0815638f558968d,1.71429,2.05,2.0,1.8
a072ec605bebe5a8,1.37736,1.48309,2.85,2.8
e9ec16e4e7cfb120,2.3,1.89286,1.58824,1.93458
2b5058614b56a898,1.43478,1.4,2.7,3.15
b186f4778257ca6d,2.9,2.74,1.37037,1.49751
64e1197b8d5d0706,1.37736,1.42194,2.85,3.03
c9ebbba18e4e1e84,1.8,1.8547,1.86957,1.98039
1b7bc992c26ac10f,1.46512,1.39683,2.65,3.13
2a940fac11da404d,1.43478,1.22222,2.7,4.75
bdcb43bf1daa790b,1.28571,1.25575,3.5,4.38
8c5785de472dd9b2,1.625,1.36364,2.2,3.45
14a59abb3160ddaa,2.75,2.38,1.40816,1.65789
e7081f3a0a982f9d,1.38462,1.51546,2.8,2.73
de17a01ce8a0c654,3.5,3.53,1.28571,1.34843
94371d1af8aab471,1.46512,1.46083,2.65,2.93
8fd355e482806ca7,1.90909,1.7874,1.76923,2.13
2f91307892d163ce,1.25,1.23041,3.8,4.63
1117f90ee81e0bbf,2.7,3.05,1.43478,1.43103
e7318f41bce58b8c,2.5,2.95,1.52632,1.45455
a6245f48fc60bc6a,1.11696,1.12771,5.85,6.98
73c70a628f0ef14b,1.76923,1.96154,1.90909,1.86207
18ba44e67d5c5f38,1.86957,2.58,1.8,1.56497
da3210cd829fceb7,2.25,2.93,1.60606,1.45455
d417609ea9670fb3,1.43478,1.38168,2.7,3.33
fa2bed87e5d6c568,1.83333,2.25,1.83333,1.71429
e1cfe75b3a8fe709,1.26316,1.27624,3.6,4.0
54afe8c42e2062d6,2.9,2.73,1.37037,1.51282
a2c28daf0be59fa7,1.35088,1.44444,3.05,2.98
d643fc29c147d33c,1.60606,1.55556,2.25,2.63
54a15700ab185420,1.52632,1.41322,2.5,3.05
d4e3baff532df842,1.54054,1.43103,2.45,2.95
43b9e58ebf4a75ea,1.95238,2.63,1.74074,1.53476
11aac355349ecc94,1.33333,1.50761,3.2,2.7
8410fb6d495a2cc2,1.64516,2.55,2.15,1.56497
b823aa523c9618b5,2.25,1.9901,1.60606,1.84034
c8ec30a470f08748,3.85,4.75,1.24691,1.21186
44e3a7b4f4c7d95d,1.95238,1.86957,1.74074,1.95238
b2eccc1b75633d3d,1.76923,1.40816,2.1,3.08
96740aa476055413,2.25,1.88496,1.60606,2.02
18292c8eb20ae045,1.66667,1.72993,2.2,2.18
1123fceef316106e,2.5,2.45,1.55556,1.60606
c64c2ca5d4d2c7b8,1.76923,1.64516,1.90909,2.35
991680cd8d0b7900,1.55556,1.54054,2.4,2.6
465707233fa9cf7c,1.76923,1.4717,1.90909,2.78
ce82f34bc14f7af0,1.37736,1.36101,2.85,3.38
a99c3328e25c51c7,1.76923,2.23,1.90909,1.70423
c5ce4f39269c842c,1.83333,1.8,1.83333,2.05
1362ccc16713d404,1.71429,2.05,2.1,1.8
b22dbe21c21060b9,1.54054,1.68966,2.55,2.25
6ab9d2d334f613c8,1.57143,1.81301,2.45,2.04
f8b9b5ee3d4a8ac3,1.24691,1.27397,3.85,4.03
1299f04f429bcc0e,1.19802,1.27624,4.35,4.0
febbd4eb209b4579,1.58824,1.4717,2.3,2.78
36388dce4a8cc18f,1.74074,1.625,1.95238,2.4
6c4b3cca92fcb9c7,2.1,2.1,1.66667,1.76923
9275134accfb1adc,2.75,2.25,1.40816,1.68966
f990e8b2a08053db,1.60606,2.2,2.25,1.71429
0c703bf17c04fee4,1.83333,1.89286,1.83333,1.93458
b319a24919106555,2.45,2.4,1.54054,1.625
b3b5bd50fa34342c,1.28571,1.32787,3.5,3.53
02822c35ffef5a50,1.11111,1.10823,6.0,7.25
5e1370a92ce8abb0,1.38462,1.52083,2.8,2.62
27ff7028ec8c2161,1.37037,1.48309,2.9,2.75
9cad47cdd6351e50,2.5,2.95,1.52632,1.43103
a716172939767cab,1.55556,1.64516,2.4,2.35
36830f6eb3c847f5,1.57143,1.52632,2.35,2.65
019983faebec6d64,1.76923,1.5988,1.90909,2.45
63b35df1276b3d64,1.47619,1.36101,2.6,3.38
c5d48ca7c22f857e,1.90909,1.60976,1.76923,2.43
5ae45d20a60dc109,2.3,2.03,1.58824,1.81967
163fbb2185730846,1.68966,1.87719,2.05,1.9434
fe132ef2ab8ae9d2,1.95238,1.86957,1.74074,1.96154
0d5356c506111a57,1.83333,2.39,1.83333,1.63291
5934de85b9c53e7c,1.37736,1.58824,2.85,2.48
e97b609eefc5fd61,1.26316,1.29412,3.6,3.8
c94c3e4bbed24421,1.40816,1.29851,2.75,3.75
c7c7be3b0d65a7da,1.28571,1.19084,3.5,5.05
7f3bd3b913df61f4,1.64516,1.65789,2.15,2.33
88c2da7b33cca8d4,3.0,3.85,1.35714,1.2907
6f836a82a0530884,3.5,3.0,1.28571,1.41841
6ec0a046de95fe16,2.35,1.86957,1.57143,1.95238
3e5a3ecd2b123fc2,1.37037,1.51282,2.9,2.68
2f1f16c86a8cc6e2,1.60606,1.49505,2.25,2.73
c11b2cbe2460db0c,1.31746,1.43478,3.35,2.93
52db9c816eb99800,1.52632,1.61728,2.5,2.43
37835a0f9bbb4d4e,1.43478,1.5814,2.7,2.5
b40bed83fc062380,4.25,5.88,1.21053,1.1548
c4785ee94698e532,1.25,1.18182,3.8,5.23
f9830f1c23ac92d0,1.26316,1.25641,3.6,4.28
8b79a80f775d9f03,1.33333,1.26178,3.2,4.3
f0e0effb1b2de6ae,1.47619,1.53476,2.6,2.63
1eccf793b54b84f8,2.45,2.6,1.54054,1.54054
dd0c8e9880c6fa24,2.5,3.05,1.52632,1.40816
247f9e56965a1c07,1.83333,1.88496,1.83333,1.93458
1d8e2e8e3bd28cad,1.83333,2.28,1.83333,1.68027
1901d27ea35ae733,1.68966,1.38168,2.05,3.23
674f3fa16e717ff1,1.74074,1.76336,1.95238,2.11
7c2b219fe208c565,2.3,2.32,1.58824,1.66225
760b90b0805e0fbf,2.6,2.16,1.47619,1.73529
b3caae587e956f54,1.83333,1.68027,1.83333,2.27
4caa0dcdaa253612,1.34483,1.26667,3.1,4.1
9fc03704a10977b3,1.90909,1.78125,1.76923,2.09
ca3963b76a38c408,2.2,1.70922,1.66667,2.21
4d549f33c0711a7a,2.4,2.04,1.55556,1.80645
363b72bf7f75091c,2.65,2.84,1.46512,1.45249
0d077813b6164fe1,1.46512,1.30675,2.65,3.62
cc73c73e6e3412d4,2.3,1.56497,1.58824,2.53
d99b2abf50e9a03e,2.65,1.91743,1.46512,1.89286
aa7d691fc6385acb,2.95,1.32573,1.36364,3.48
5b2835ac76f05993,1.76923,1.8547,1.90909,1.96154
c2fd3d874f558408,1.25974,1.35714,3.65,3.33
4e6bbc5832e55f64,1.60606,2.06,2.25,1.78125
1785c7fb722d3007,1.51282,2.02,2.55,1.80645
86046081e767437e,1.54054,1.71942,2.45,2.18
6abf4f61a1e11d34,1.40816,1.49505,2.75,2.71
d2ef04d5f384c05a,1.54054,1.29762,2.45,3.68
c7df07266a9597d9,1.54054,1.27624,2.45,3.88
e3f31cdd33b4ca92,1.40816,1.18727,2.75,5.03
09f9849d363433a7,1.19802,1.15106,4.35,6.18
c16454a3205506c6,1.55556,1.49505,2.4,2.8
bd0497a410822291,1.57143,1.50761,2.35,2.78
f9109d1e7c4ff9aa,1.2381,1.21882,4.0,4.83
a104c62f69ce47de,2.5,3.78,1.52632,1.31546
16216dcec4a48768,1.31746,1.30769,3.35,3.8
4041e280dc113323,1.28571,1.20534,3.5,5.05
c16b1dc7577fc31c,2.6,2.68,1.47619,1.53476
c556a9d615f11483,1.19802,1.30581,4.35,3.83
ab27a211bcb9550b,1.55556,1.64516,2.4,2.4
e64310b89b54db3f,1.28571,1.30769,3.5,3.8
f132535656f28648,1.37736,1.3367,2.85,3.58
e38d7761a92e1bf9,1.35714,1.33333,3.0,3.6
82448697e7a44028,1.71429,1.8547,2.0,2.03
57ab45aa1ebd087e,1.28571,1.18868,3.5,5.35
c53a5dca56870ea5,1.55556,1.49505,2.4,2.8
3fa2e753afa0bdbb,2.4,2.5,1.55556,1.5988
36d4e8f650539bf0,1.71429,1.71429,2.0,2.25
2ebe2ae9b4812f0a,2.7,4.7,1.43478,1.22472
3a5b53d1123d9f7e,2.25,2.8,1.60606,1.49505
1a6e7e7c98886198,1.76923,2.83,1.90909,1.4878
273f9520d75f3dac,1.37037,1.50761,2.9,2.75
0dd560fbcae2244f,1.66667,2.45,2.1,1.61728
3e6b5cb3c37bef3b,1.19802,1.08696,4.35,9.48
3406cf3e28e30d1b,2.25,1.89286,1.60606,1.97087
2e8d68b14dde981e,1.37037,1.38168,2.9,3.33
f0b117394e52996b,1.25974,1.14728,3.65,6.33
3427667c1a265fe5,2.0,1.63694,1.71429,2.43
a7aac5f6b470ddaa,1.24691,1.14728,3.85,6.33
01c67a3990800dc3,1.37037,1.42194,2.9,3.1
e532ef88b8cb26d2,1.47619,1.42553,2.6,3.08
d2519c169f3039ee,1.36364,1.31056,2.95,3.78
