fighter_id,name,record,height_in,reach_in,stance,dob
001eb2ab0f30e7ea,Mark Choinski,8-1-0,68,69,Orthodox,1995-10-22
002ca196477ce572,Gabriel Silva,8-2-0,66,71,Orthodox,1994-08-26
003d82fa384ca1d0,Aalon Cruz,8-4-0,72,78,Switch,1989-09-20
0052de90691d4a93,Davi Ramos,10-4-0,66,70,Orthodox,1986-11-05
008dc37cca279def,Sean McCorkle,17-7-0,79,81,Orthodox,1976-07-17
008ea710276c9606,Jeff Molina,11-2-0,66,69,Orthodox,1997-07-17
009341ed974bad72,Jiri Prochazka,32-6-1,75,80,Orthodox,1992-10-14
009c4420727149ea,AJ Dobson,7-3-0 (1 NC),73,76,Orthodox,1992-01-18
00a3ff40c4b2cf21,Glaico Franca Moreira,15-5-0,72,77,Orthodox,1991-02-28
00debc804e2b1cd4,Dylan Andrews,18-7-0 (1 NC),73,74,Switch,1979-11-15
00e11b5c8b7bfeeb,Luke Rockhold,16-6-0,75,77,Southpaw,1984-10-17
010986ee359fb863,John Salter,14-3-0,73,74,Southpaw,1985-03-21
0112352cb32f5026,Denis Tiuliulin,10-10-0 (1 NC),73,77,Orthodox,1988-05-17
013da757877044a2,Joe Brammer,7-3-1,68,,Orthodox,1983-08-23
01641ba5df0c69b0,Gabriel Bonfim,20-1-0,73,72,Orthodox,1997-08-20
016a8d958883167c,Gina Mazany,7-6-0,66,68,Southpaw,1988-08-19
01784fbc27c68b14,Rachael Ostovich,4-6-0,63,62,Orthodox,1991-02-25
01afe0916a40c7c5,Shavkat Rakhmonov,19-0-0,73,77,Orthodox,1994-10-23
01b352b6a9074d5c,Chase Sherman,16-12-0,76,78,Orthodox,1989-11-16
01b39decaf0abf6a,Benji Radach,21-7-0 (1 NC),70,,Orthodox,1979-04-05
01c9e4013afce141,Michael Aswell Jr.,11-5-0,68,69,Orthodox,2000-09-27
01d2ed8c502e3828,Caros Fodor,11-6-0,69,74,Orthodox,1984-01-07
01daf32100ed7517,Koji Oishi,25-10-10,68,,Orthodox,1977-05-31
01f022fa494188e2,Josh Bryant,15-4-0,70,,Orthodox,1980-04-23
01fcef7e3d051722,Henry Briones,16-8-1,68,69,Orthodox,1980-10-22
01fed6f61ebea01f,Jay Perrin,10-7-0,67,67,Switch,1993-06-15
0232cabbc30a2372,Adrian Yanez,18-6-1,67,70,Orthodox,1993-11-29
02500fb9fd79a974,Jason Reinhardt,20-3-0,66,,Orthodox,1969-10-31
025f0b1b58fbad01,Darko Stosic,13-4-0,72,76,Orthodox,1992-02-09
029880cdbf5ca089,Sean Sherk,36-4-1,66,67,Orthodox,1973-08-05
029afd138865d20a,Rafael Alves,20-12-0,68,68,Orthodox,1990-11-14
029e1293e609fd74,Abubakar Nurmagomedov,17-4-1,71,72,Orthodox,1989-11-13
029eaff01e6bb8f0,Dustin Poirier,30-10-0 (1 NC),69,72,Southpaw,1989-01-19
02bb48869eb7ac8f,Rayanne dos Santos,14-9-0,62,62,Orthodox,1995-06-08
02d276b7d62b3472,Rudyard Moncayo,0-3-0,70,,Orthodox,1973-05-17
02e52b3a595f0786,Kevin Jordan,11-9-0,75,,Orthodox,1970-12-31
02f2a9702ba3d167,Artem Lobov,13-15-1 (1 NC),69,65,Southpaw,1986-08-11
02f484417a6fa69d,Uran Satybaldiev,9-1-0,76,79,Orthodox,1994-08-10
02f8fedc18cbd26c,Emily Ducote,13-9-0,62,63,Orthodox,1994-01-01
02fc8f50f56eb307,Trent Jenkins,0-4-0,74,,,
030f08370fd1c2bb,Kerry Schall,24-13-0 (1 NC),74,,Orthodox,1971-08-09
032cc3922d871c7f,Khabib Nurmagomedov,29-0-0,70,70,Orthodox,1988-09-20
0359313549d230a1,Pete Sell,10-7-0,71,75,Orthodox,1982-08-05
03688dc3c3af3ac1,Bas Rutten,28-4-1,73,,Orthodox,1965-02-24
036e96c1c12b8a59,Nick Fiore,6-2-0,70,72,Orthodox,1997-12-10
03c9994c5b8958ec,John Cholish,8-3-0,71,74,Orthodox,1983-12-17
03dee485905dbc9f,Zachary Scroggin,7-1-0,75,74,Orthodox,1996-03-09
03f982ca3735070c,Walt Harris,13-10-0 (1 NC),77,77,Southpaw,1983-06-10
040426baba8a45e8,Nate Schroeder,11-10-0,73,,,1973-06-02
040a74bb0a465c54,Arnold Allen,21-4-0,68,70,Southpaw,1994-01-22
045f25b3a4c08e81,Jack Marshman,23-10-0,72,73,Orthodox,1989-12-19
04643fd03d9159cc,Marcus Aurelio,22-10-0,70,74,Orthodox,1973-08-18
047a91d3d9c79b05,Collin Anglin,8-3-0,69,71,Orthodox,1993-02-20
04835018f90b118c,Casey O'Neill,11-2-0,66,69,Orthodox,1997-10-07
049d698d773eb3e1,Matt Horwich,30-25-1,73,,Orthodox,1978-10-02
04b39f4e8eb59d7c,Oluwale Bamgbose,6-4-0,71,78,Switch,1987-08-04
04c15b52c3cc1cab,Nate Mohr,9-7-0,69,72,Orthodox,1983-03-03
04c8b08b16a5b99e,Tanner Boser,22-11-1,74,75,Orthodox,1991-08-02
04d5718ed2661e8c,Jorge Gurgel,14-10-0,67,69,Orthodox,1977-01-25
04f9fe830cf13482,Gerald Strebendt,9-7-0,69,,Orthodox,1979-03-01
04ff3a711504d6b3,Magomed Zaynukov,9-0-0,70,68,Orthodox,1995-01-02
052ceb8976695342,Chase Gormley,14-6-0 (1 NC),75,,Orthodox,1983-08-11
05339613bf8e9808,Rob Font,22-10-0,68,71,Orthodox,1987-06-25
0541480fbf719d86,Houston Alexander,17-15-1 (2 NC),72,72,Orthodox,1972-03-22
054defd5420a551f,Rob Kimmons,25-9-0,70,73,Orthodox,1981-01-30
05560764359161e4,Constantinos Philippou,13-5-0 (1 NC),71,73,Orthodox,1979-11-29
056c493bbd76a918,Henry Cejudo,16-6-0,64,64,Orthodox,1987-02-09
0577808d22dfe79c,Jon Olav Einemo,6-3-0,78,,Orthodox,1975-12-10
05866d8c3a321856,Marvin Eastman,18-15-1,69,73,Orthodox,1971-06-08
058e4e08a1ad8aba,Dale Hartt,6-3-0,70,69,Orthodox,1979-04-04
0597a4528ebd1307,Chris Price,19-4-0,74,,Southpaw,1982-11-09
05b43e0ead3df345,Kailin Curran,4-5-0,64,65,Orthodox,1991-04-11
05fa626cb33d15b8,Andrea Lee,13-11-0,66,69,Orthodox,1989-02-11
0641c21bec209472,Mike Jackson,1-2-0 (1 NC),74,74,Orthodox,1985-03-22
064b7dc68d786254,Cain Carrizosa,10-3-0,68,,Orthodox,1986-07-22
065eb44700e641a4,Devin Powell,9-4-0,72,73,Orthodox,1988-03-01
06626b6287e1ae1e,Chris Padilla,17-6-1,69,74,Orthodox,1995-09-14
06734ca9d88dec3a,Shara Magomedov,17-1-0,74,73,Orthodox,1994-05-16
06827d70c53ff0d9,Scott Askham,14-4-0,75,75,Southpaw,1988-05-20
068f8a189a47fea6,Maurice Greene,9-7-0,79,80,Orthodox,1986-07-05
06a80a685ea98573,Irwin Rivera,10-6-0,66,67,Southpaw,1989-02-14
06e4245d16fc5315,Ailin Perez,13-2-0,65,66,Switch,1994-10-05
06f0ffa6446c5b6d,Branden Lee Hinkle,17-11-0 (1 NC),75,,Orthodox,1973-07-29
06f36cf4bd97ec77,Ed Herman,27-16-0 (1 NC),73,77,Orthodox,1980-10-02
07047eb7d17fb0a2,Daria Zhelezniakova,10-3-0,69,68,Orthodox,1996-01-23
07225ba28ae309b6,Charles Oliveira,37-11-0 (1 NC),70,74,Orthodox,1989-10-17
072a10e85f7d4bff,Milana Dudieva,11-6-0,63,,Orthodox,1989-08-04
0749d968e932df53,Tarec Saffiedine,16-7-0,70,70,Switch,1986-09-06
0778f94eb5d588a5,Joey Gomez,6-2-0,70,73,Orthodox,1986-07-21
07797f10b9569cfc,Angel Pacheco,7-4-0,68,70,Orthodox,1992-01-13
077e3ace32b72be9,CJ Vergara,12-7-1,66,68,Orthodox,1991-06-18
078695e385ec2f57,Victor Valenzuela,14-4-0,69,71,Orthodox,1994-02-09
07a18ae55dfc3cd9,Paul Varelans,9-9-0,80,,Orthodox,1969-09-17
07a2bdaa0afdd831,Rogerio Bontorin,16-4-0 (2 NC),65,67,Orthodox,1992-04-25
07a74004d964c7f4,Billy Elekana,10-2-0,75,77,Southpaw,1995-05-28
07bc580bdf3eb9c8,Lance Gibson Jr.,10-2-0,69,72,Switch,1995-02-02
07f72a2a7591b409,Jon Jones,28-1-0 (1 NC),76,84,Orthodox,1987-07-19
07f959e6596307bb,Carlos Vera,12-4-0,66,69,Orthodox,1987-11-05
082eba4cd80f736f,Jarno Errens,14-6-1,71,73,Orthodox,1994-11-17
084532da3d25f3b8,Cezary Oleksiejczuk,17-3-0,75,75,Southpaw,2000-01-06
0845c81e37d3bcb3,Volkan Oezdemir,21-8-0,74,75,Orthodox,1989-09-19
0859524157a19045,Ty Miller,7-0-0 (1 NC),74,77,Orthodox,2000-06-04
0871254cd790c250,Tommy Hayden,11-3-0,69,,Southpaw,1986-03-11
0876d21328cf4a45,Dave Galera,5-1-0,71,,Orthodox,1978-01-12
08a7080ff5904661,Rafael Carino,2-1-1,80,,Orthodox,
08ae5cd9aef7ddd3,Kimo Leopoldo,10-7-1,75,,Orthodox,1968-01-05
08af939f41b5a57b,Beneil Dariush,23-8-1,70,72,Southpaw,1989-05-06
08e908ed6d18d6a0,Myles Jury,17-4-0,70,73,Orthodox,1988-10-31
093e1f5bb73850be,Anthony Hernandez,15-3-0 (1 NC),72,75,Orthodox,1993-10-18
0941df56f6ac954b,Johny Hendricks,18-8-0,69,69,Southpaw,1983-09-12
095854a135e6db55,Marcus Buchecha,5-3-1,74,77,Orthodox,1990-01-08
0978385b2bd9ef9b,Nick Aguirre,7-2-0,69,74,Southpaw,1996-01-15
09a4447655fd4b7b,Rafael Cerqueira,11-4-0,75,76,Southpaw,1990-03-15
09c44b317c98bf96,David Velasquez,10-10-0,65,,Orthodox,1966-10-19
09e62c450e754913,Jimmy Flick,17-9-0,67,68,Orthodox,1990-09-07
09f579be4520394a,Diego Rivas,10-2-0,68,69,Orthodox,1991-11-11
0a1942069c9ad6b6,Jack Hermansson,24-10-0,73,77,Orthodox,1988-06-10
0a73acff6325c1e2,Shayilan Nuerdanbieke,39-12-0,68,69,Orthodox,1994-05-04
0a95c474e61a6c44,Adam Yandiev,9-1-0,69,74,Orthodox,1988-08-07
0a97691039c4bbfb,Mark Hominick,20-12-0,68,68,Orthodox,1982-07-22
0aa92558424ced9e,Randy Couture,19-11-0,73,75,Orthodox,1963-06-22
0abcf6bc47191219,Bruno Lopes,14-3-0,74,74,Orthodox,1993-04-24
0b31f87be71ebbb1,Ben Askren,19-2-0 (1 NC),71,73,Orthodox,1984-07-18
0b362247806341e5,JP Buys,9-6-0,65,67,Orthodox,1996-04-30
0b5b6876c2a4723f,Steve Steinbeiss,9-4-0,75,75,Orthodox,1981-05-05
0b64d0fed453ef7f,Scott Jorgensen,15-12-0,65,66,Orthodox,1982-09-17
0b8d512c79b4baf3,Matt Bessette,22-9-0 (1 NC),70,70,Orthodox,1984-12-28
0bc697c5936a2d0a,Trevor Peek,9-3-0 (1 NC),69,70,Switch,1995-01-09
0bc7e61d204f2137,Fabiano Scherner,11-10-0 (3 NC),75,,Orthodox,1972-06-30
0bcfe2513cb3bc39,Tom DeBlass,9-2-0,72,,Orthodox,1982-05-14
0be6776db31d98ec,Mitch Raposo,11-3-0,65,64,Switch,1998-10-16
0c258d1d8e16e5f1,Kevin Natividad,9-4-0,66,70,Orthodox,1993-04-02
0c25d0a5e8cdbf19,Lukasz Brzeski,9-7-1 (1 NC),75,78,Orthodox,1992-05-17
0c5c66ddd1886b83,Caio Magalhaes,10-3-0,73,73,Orthodox,1987-12-14
0c670b443c3d269f,Jim Wallhead,29-11-0,70,,Orthodox,1984-03-14
0c6d9ea8306c029e,Brad Tavares,21-13-0,73,74,Orthodox,1987-12-21
0c9c0a43d3f3f49d,Marcelo Guimaraes,9-2-1,72,73,Orthodox,1983-06-25
0ccab7c889ede9ea,Fredy Serrano,3-2-0,63,65,Orthodox,1979-09-22
0cd0456d6029cec2,Robert Valentin,12-6-0 (1 NC),74,77,Orthodox,1995-03-31
0cf935519d439ba6,Enson Inoue,12-8-0,70,,Orthodox,1967-04-15
0d0351c20169a499,Jon Delos Reyes,8-5-0,66,67,Orthodox,1987-08-19
0d1c163b206e8c5f,Rocky Lee,3-2-0,69,,Orthodox,1987-04-08
0d506315895efffc,Sean Pierson,14-6-0,72,76,Southpaw,1976-03-10
0d5cc0170c1a7e71,Mick Parkin,10-1-0,76,79,Orthodox,1995-10-02
0d62719b1dcf7c40,Sheymon Moraes,11-4-0,68,72,Orthodox,1990-10-11
0d65c432720accb9,Michal Oleksiejczuk,22-10-0 (1 NC),72,74,Southpaw,1995-02-22
0d7b51c9d2649a6e,Dricus Du Plessis,24-3-0,73,76,Switch,1994-01-14
0d8011111be000b2,Sean Strickland,31-7-0,73,76,Orthodox,1991-02-27
0d980975001ae3d8,Shamil Gamzatov,14-1-0,74,76,Orthodox,1990-08-09
0db70ca89e1c7374,Dieusel Berto,0-3-0,69,,,
0dba4df5f34d5ff0,Rafael Natal,21-9-1,72,77,Orthodox,1982-12-25
0de720c0f1d4ab9c,Danny Chavez,11-5-1,68,67,Orthodox,1987-03-14
0e041d43a47d2e4b,Matt Lindland,22-9-0,72,74,Southpaw,1970-05-17
0e21976afc92e4d1,Magnus Cedenblad,14-5-0,77,79,Orthodox,1982-04-10
0e31bfd26cc8c503,Chris Liguori,15-10-0,69,,Orthodox,
0e46690e55a8df75,Timmy Cuamba,10-4-0,69,71,Orthodox,1999-02-08
0e5c4e72237461bb,Bruno Souza,10-3-0,70,70,Orthodox,1996-03-07
0e6b611451a9a7d8,Mark Vologdin,12-4-2,63,65,Orthodox,2000-04-18
0e6bc8d1d6c0ad90,Abdul Hussein,16-2-0,67,67,Orthodox,1997-08-02
0e9869d712e81f8f,Sam Adkins,7-20-2,75,,Orthodox,1965-04-26
0ec821423baa26bd,Scott Fiedler,0-1-0,76,,Orthodox,
0ee783aa00e468f0,Vitor Belfort,26-14-0 (1 NC),72,74,Southpaw,1977-04-01
0f1efce7d2571d10,Nikolay Veretennikov,14-8-0,73,74,Orthodox,1989-12-22
0f3a990526c5e706,Sean Sharaf,4-2-0,75,77,Orthodox,1993-07-11
0f6528b461e47462,Joao Roque,7-2-4,66,,Orthodox,1971-07-22
0fb1e2694a39a02f,Yuri Villefort,10-5-0,72,73,Orthodox,1991-03-23
0fd5f4b838e890cc,Said Nurmagomedov,18-5-0,68,70,Orthodox,1992-04-05
0ff11cc094e887bc,Cain Velasquez,14-3-0,73,77,Orthodox,1982-07-28
102a8fdf8cbf7467,Kleydson Rodrigues,8-4-0,65,67,Orthodox,1995-10-22
103b06d8707895a9,Emil Meek,9-5-1 (1 NC),71,74,Switch,1988-08-20
103e2e33a60683e1,Irina Alekseeva,5-4-0,68,67,Orthodox,1990-06-27
10559c53de0b950e,Joey Gambino,9-2-0,67,,Orthodox,1988-10-26
10657c60ce349e0f,Shunichi Shimizu,30-18-11 (1 NC),65,,Orthodox,1985-01-31
108afe61a26bcbf4,Igor Zinoviev,4-1-2,73,,Orthodox,1966-05-23
1091d4d957141094,Nikita Krylov,31-12-0,75,77,Orthodox,1992-03-07
10f3ba6cd2f44a97,Dominick Cruz,24-4-0,68,68,Orthodox,1985-03-09
113df4fde64735c6,Davey Grant,18-8-0,68,69,Orthodox,1985-12-18
11583163f45c7b31,Lucas Alexander,8-5-0,71,73,Orthodox,1995-07-28
117a06469813e4ef,ChangHo Lee,11-2-0,68,69,Orthodox,1994-05-09
11f8860028b68fcf,Aaron Rosa,18-6-0,76,77,Orthodox,1983-05-28
1208ffc5be6e31ad,Samy Schiavo,10-6-0,68,,Orthodox,1975-12-24
1209b5134401ca53,Mario Neto,13-5-0,72,,Orthodox,
122ac9b816d8b71c,Shana Dobson,4-5-0,66,69,Orthodox,1989-03-30
1235b31de15d0c6e,Montserrat Conejo Ruiz,10-5-0,60,61,Southpaw,1993-02-03
12458872d6afae1b,Vernon White,26-33-2,72,,Southpaw,1971-12-03
12585614e0ed2626,Nick Maximov,8-2-0,72,76,Southpaw,1997-12-23
1291edf2d566a71a,Julio Arce,19-6-0,67,70,Southpaw,1989-10-27
129537073431e52e,Garett Whiteley,7-3-0,72,72,Orthodox,1980-12-13
12e0fdc606f7e274,Luis Saldana,16-7-1,71,73,Orthodox,1991-01-27
12ebd7d157e91701,Bruno Silva,23-13-0,72,74,Orthodox,1989-07-13
12f1b140e248bdb9,Jerrod Sanders,16-3-0 (1 NC),68,72,Orthodox,1979-10-01
12f91bfa8f1f723b,Joanne Wood,17-8-0,66,65,Orthodox,1985-12-23
132505067f08c54d,Bubba Bush,8-3-0 (1 NC),72,,Orthodox,1985-07-24
132deb59abae64b1,Valentina Shevchenko,26-4-1,65,66,Southpaw,1988-03-07
132f860d02953f4c,Goran Reljic,15-8-0,75,81,Southpaw,1984-03-20
1338e2c7480bdf9e,Israel Adesanya,24-6-0,76,80,Switch,1989-07-22
135d124172a0bea3,Damir Ismagulov,24-3-0,70,74,Orthodox,1991-02-03
13a0275fa13c4d26,Jared Cannonier,18-10-0,71,77,Switch,1984-03-16
13b2f59210dda9cc,Kevin Jackson,4-2-0,70,,Switch,1964-11-25
13c4313ed0f744f3,Brad Kohler,12-15-0,69,,Orthodox,1964-05-26
13e62d766b709aa6,Steve Nelmark,2-1-0,72,,Orthodox,
140567899d98978a,Robelis Despaigne,5-2-0,79,84,Orthodox,1988-09-09
140745cbbcb023ac,Mauricio Rua,27-14-1,73,76,Orthodox,1981-11-25
1411c630ba711b64,Tommy Speer,21-7-0,70,71,Orthodox,1984-08-20
147e70aa6cc48cfc,Tresean Gore,7-4-0,72,75,Switch,1994-06-21
148bb103cfbf123e,Toshiomi Kazama,11-5-0,67,69,Orthodox,1997-05-15
1497e735d9f2560a,Ange Loosa,10-5-0 (1 NC),70,74,Orthodox,1993-03-18
14aa21bc82cac57d,Iliarde Santos,30-13-1 (1 NC),65,67,Orthodox,1980-09-25
14ff46596ad80609,Norman Parke,23-6-1,71,70,Southpaw,1986-12-22
150ff4cc642270b9,Max Holloway,28-9-0,71,69,Orthodox,1991-12-04
1536a25e16fc299b,Anna Elmose,3-2-0,63,,Orthodox,1984-10-06
155bfc7ed36622df,Solomon Hutcherson,11-7-0 (1 NC),71,,Southpaw,1972-08-31
1562b12763cc8d67,Alex Andrade,10-5-0,71,,Orthodox,1974-05-14
1588b787bda7b540,Tom Breese,12-3-0,75,73,Southpaw,1991-09-26
159da492e000afbf,Leandro Silva,20-6-1 (1 NC),69,72,Orthodox,1985-11-11
15b1b21cd743d652,Rafaello Oliveira,17-8-0,68,71,Orthodox,1982-01-26
15df64c02b6b0fde,Danny Abbadi,4-6-0,71,,Orthodox,1983-07-03
15ea371202eb25e1,Roberto Romero,8-5-1,68,70,Orthodox,2000-01-30
15ec018d144710db,Nathan Coy,15-7-0,70,69,Southpaw,1978-07-24
15edcf67ccf5be84,Brian Geraghty,26-18-1,67,,Orthodox,1980-11-04
1641ef250e9de19b,Sarah Frota,9-2-0,66,69,Southpaw,1987-04-14
1652f3213655b935,Phil Baroni,15-18-0,69,72,Orthodox,1976-04-16
165c244bcca3ed26,Seo Hee Ham,17-8-0,62,62,Southpaw,1987-03-08
16690d100f995f8f,Omari Akhmedov,21-6-1,72,73,Orthodox,1987-10-12
16a64f93f6678b7b,Martin Sano,4-3-1,71,75,Orthodox,1991-05-30
16af2d5a6f28bee2,Quinn Mulhern,18-4-0,75,,Orthodox,1984-09-20
16b89be2f5c16fba,Larissa Pacheco,10-2-0,67,,Orthodox,1994-09-07
16bf6a73bdd302cd,Collin Hart,6-3-1,73,,Orthodox,1989-10-12
172c2135e70f87b7,Luke Barnatt,13-4-0,78,77,Orthodox,1988-04-13
173acb3f920082b8,Roland Delorme,9-5-0 (1 NC),69,71,Orthodox,1983-12-18
175852708cb55776,Cristina Stanciu,5-2-0,63,,Orthodox,1994-03-29
17734443a833cdf7,Quillan Salkilld,12-1-0,72,75,Orthodox,1999-12-28
1788eee370f077b7,Blagoy Ivanov,19-6-0 (1 NC),71,73,Southpaw,1986-10-09
17923f676f100e16,Tallison Teixeira,9-2-0,79,83,Orthodox,1999-12-07
179f1948dc234f1f,Mark Munoz,14-6-0,72,71,Orthodox,1978-02-09
17cb6d8e8187f304,Nyamjargal Tumendemberel,10-1-0,67,71,Orthodox,1998-03-22
17e97649403ba428,Joshua Van,17-2-0,65,65,Orthodox,2001-10-10
182f2b78582de3d8,Marcus LeVesseur,22-7-0,69,70,Southpaw,1982-07-17
184b955181bdef52,Wes Albritton,0-1-0,70,,Orthodox,
18524b46c570730b,Mark Hall,5-6-0,72,,Orthodox,1961-01-26
185fb0200a4605e6,Steve Kennedy,24-8-0,71,,Orthodox,1983-03-07
18968f97ad34f15c,Jeremy Stephens,29-23-0 (1 NC),69,71,Orthodox,1986-05-25
1897b7b913736a7c,Alatengheili,17-10-2,65,66,Orthodox,1991-12-14
18aecaf50f52e4c3,Phillip Miller,16-0-0,71,,Orthodox,1979-02-20
18b602842a24f7c5,Mike Rodriguez,11-7-0 (1 NC),76,82,Southpaw,1988-11-28
18d01f7f8338ae72,Vinicius Oliveira,24-4-0,69,70,Switch,1995-11-30
18e8b7070228e728,Darrell Horcher,13-4-0,70,70,Southpaw,1987-07-28
192520689012c7e4,Suman Mokhtarian,8-5-0,68,72,Orthodox,1992-06-13
193b9d1858bc4df3,Dan Hooker,24-14-0,72,75,Switch,1990-02-13
196ed28337adc630,Pat Audinwood,11-2-1,72,,Orthodox,1986-04-16
1971869b7e054261,Mike de la Torre,14-7-0 (1 NC),71,71,Orthodox,1986-09-22
1975c2272ba40e71,Nick Serra,7-3-0,69,,Orthodox,1978-03-27
198994b47f395af0,Carlo Pedersoli Jr.,11-3-0,71,75,Southpaw,1993-06-08
1999ffb5cebc314f,Brian Camozzi,7-5-0,74,78,Orthodox,1991-06-24
199eb7cf6ae90294,Naoki Inoue,11-1-0,69,71,Orthodox,1997-06-14
19a8cce18a1cef9e,James Head,9-4-0,73,73,Orthodox,1984-02-09
19b7738321cfae42,Mallory Martin,7-5-0,64,63,Orthodox,1994-01-29
19c591115a58982c,Viacheslav Borshchev,8-7-1,71,69,Orthodox,1992-01-08
19db7ac26308178f,Ivan Jorge,27-7-0,69,73,Orthodox,1980-11-07
19f8a2f6eecd92ac,Puja Tomar,9-6-0,61,59,Southpaw,1993-12-05
19ffeb5e3fffd6d5,Joe Charles,6-13-0,73,,Southpaw,
1a08b01fdabb6ae2,Tony Kelley,8-3-0,69,70,Switch,1987-01-21
1a1a4d7a29041d77,Colin Robinson,10-12-0,76,,Orthodox,1968-11-27
1a225f04aa6e0739,Kelly Dullanty,4-2-0,68,,Orthodox,1977-11-04
1a2bf44edb8055b6,Serhiy Sidey,12-2-0,71,72,Switch,1996-07-04
1a31ef98efce7a79,Matheus Nicolau,19-6-1,66,66,Orthodox,1993-01-06
1a49e0670dfaca31,Jim Mullen,0-2-0,73,,Southpaw,
1a54231796e24a3f,Liudvik Sholinian,9-4-1,70,71,Orthodox,1990-01-20
1a7745388839e52b,John Maguire,24-9-0,69,69,Southpaw,1983-05-19
1a9480fc288e55d7,Don'Tale Mayes,11-9-0 (1 NC),78,81,Orthodox,1992-01-16
1a97a3ef4c758fae,Gokhan Saricam,12-2-0,75,75,Orthodox,1991-02-28
1a98c9dbb7fc3959,Jocelyn Jones-Lybarger,6-4-0,67,64,Orthodox,1985-10-04
1abfb658cd4f8533,Nandor Guelmino,11-5-1,75,,,1975-12-20
1ad381c8994c4e5b,Ben Wall,8-7-1,70,,Orthodox,1989-03-25
1ae8f3c723aacff4,Ricardo Ramos,17-8-0,69,72,Orthodox,1995-08-01
1af1170ed937cba7,Kayla Harrison,19-1-0,68,66,Southpaw,1990-07-02
1b35af4d1529adf6,Stephanie Luciano,7-2-1,66,65,Orthodox,1999-12-16
1b38a2b897f6209c,Felipe Silva,8-2-0,72,77,Orthodox,1984-05-08
1bcaac2d99b90fce,Sergio Moraes,14-6-1,72,72,Orthodox,1982-07-23
1c061eb6e29eaa0a,Bob Cook,5-0-0,69,,Orthodox,
1c23ec2f1b71be40,Iwo Baraniewski,9-0-0,72,73,Orthodox,1998-11-20
1c2f2571b18791b6,Laverne Clark,27-21-1,71,,Orthodox,1973-12-02
1c3f5e85b59ec710,Brian Johnston,5-5-0,75,,Orthodox,1968-07-28
1c86754617d9813a,Roan Carneiro,21-11-0,71,76,Orthodox,1978-06-02
1ccf4e7caff270df,Dan Henderson,32-15-0,71,74,Orthodox,1970-08-24
1cecc8fe6748a532,Stephen Bass,11-2-0,69,,Orthodox,1982-11-14
1cf1310684a841f5,Mostapha Al-Turk,6-6-0,74,77,Orthodox,1973-07-14
1cf7ccf64a5bf24e,Oskar Piechota,11-3-1 (1 NC),72,76,Southpaw,1990-01-24
1d00756835ca67c9,Donald Cerrone,36-17-0 (2 NC),73,73,Orthodox,1983-03-29
1d147d4163a6989b,Nick Sanzo,1-1-0,69,,,1963-01-16
1d1b85389a05df69,Chris Tickle,9-9-0,69,,,1982-02-01
1d239d571e342453,Germaine de Randamie,10-5-0,69,71,Orthodox,1984-04-24
1d2d98ddd05b38fb,Axel Sola,12-1-1,72,74,Southpaw,1997-09-17
1d36f1ac66cf689d,Josh Shockley,11-4-0,73,,Orthodox,1989-11-15
1d4bbaabd8b60173,Stanislav Nedkov,12-2-0 (1 NC),71,71,Orthodox,1981-12-09
1dab0d1d81dd06db,Tra Telligman,7-5-1,74,,Orthodox,1965-02-07
1dafccb62a0f98ec,Robert Whiteford,14-4-0,69,69,Southpaw,1983-04-12
1dc56b59cb28425d,Oleg Taktarov,17-5-2,72,,Orthodox,1967-08-26
1dd1a3aacde66f72,Sulangrangbo,10-4-0,69,66,Southpaw,2005-07-17
1ddb480b601cefb1,Chance Rencountre,14-4-0,74,75,Southpaw,1986-12-31
1de9ad94de18eeaf,Nicco Montano,5-3-0,65,65,Southpaw,1988-12-16
1e1dbd1cc5a7469e,Jimi Manuwa,17-6-0,73,79,Orthodox,1980-02-18
1e327b281ef6a745,Adlan Amagov,14-2-1,74,76,Orthodox,1986-10-30
1e35aa8955794580,Ulysses Gomez,9-5-0,66,,Orthodox,1983-05-25
1e38bba6738b7b10,Alfonso Alcarez,1-3-1,63,,,1970-06-10
1e4f273069fb9e85,Fares Ziam,18-5-0,73,75,Orthodox,1997-03-21
1e719d4b676dc19a,Brunno Ferreira,15-4-0,70,72,Orthodox,1992-11-04
1e7483dbff40b84b,Vik Grujic,6-6-0,71,73,Orthodox,1977-02-06
1ea8df62b3f8fea6,Justin James,13-7-0,70,,Orthodox,1976-11-08
1eacf73d6a0055dc,Cheick Kongo,27-10-2,76,82,Orthodox,1975-05-17
1ebdcb7488d0ebee,Pearl Gonzalez,6-3-0,64,,Orthodox,1986-08-12
1ebe20ebbfa15e29,Zhang Weili,26-4-0,64,63,Switch,1989-08-13
1ed32eaaba9ffe10,Jumabieke Tuerxun,19-4-1,67,,Orthodox,1986-04-17
1efa064872f089d0,David Bielkheden,24-12-0,70,71,Orthodox,1979-06-06
1eff7bc0f815b270,Yorgan De Castro,6-3-0,72,74,Orthodox,1986-12-19
1effd880e1f1bb30,Garrett Armfield,10-5-0,66,70,Orthodox,1996-10-09
1f454354805b6f75,Anderson Silva,34-11-0 (1 NC),74,77,Southpaw,1975-04-14
1f4b04a926ef1287,Johnny Case,22-6-0,70,72,Orthodox,1989-06-28
1f5f75658551f2d3,Sam Fulton,0-2-0,,,,
1f77fce698e80488,James Hammortree,6-3-0,75,,Orthodox,1983-11-29
1f9c371c93dfd3a9,Ryan McGillivray,12-0-1,71,,,1986-09-27
1fb80f46d3c105d9,Fabio Maldonado,23-11-0,73,75,Orthodox,1980-03-17
1fc64507a0cb38cf,Rostem Akman,6-2-0,70,72,Switch,1991-12-19
1fcfc3709fe58151,Peter Sobotta,17-7-1,72,75,Southpaw,1987-01-11
1fd4fbdcc67de844,Drew McFedries,12-7-0,72,72,Southpaw,1978-07-27
1fe7adb23b3eedfb,Yuki Kondo,60-33-9,71,,Southpaw,1975-07-17
1ff9589f9065a9ed,Frank Mir,18-11-0,75,79,Southpaw,1979-05-24
1ffc38f67785797b,Lowell Anderson,0-1-0,66,,Orthodox,
20205040232ed0f3,Tyson Griffin,16-8-0,66,68,Orthodox,1984-04-20
202b0467521c9d6f,Viktor Pesta,10-4-0,75,77,Orthodox,1990-07-15
203c957eac95dd87,Hyun Gyu Lim,13-7-1,75,77,Orthodox,1985-01-16
2067a177a2842fbf,Sammy Morgan,18-12-0,70,,Orthodox,1981-09-28
207773daeb4afa7b,Devonte Smith,11-4-0,69,76,Orthodox,1993-07-30
20999e27ddd94bda,Ryan Benoit,10-8-0,65,68,Orthodox,1989-08-25
20a0e4cc5227c117,Jose Souza,9-1-0,75,79,Orthodox,2002-05-23
20bcc9966affb19c,Jake O'Brien,15-4-0,75,76,Orthodox,1984-09-25
20bccc9bb4ceb23e,Melquizael Costa,26-8-0,70,71,Southpaw,1996-09-14
20bd6c3e03c46ee6,Townsend Saunders,0-2-0,65,,Orthodox,
20d37922ba85e6fc,Artur Minev,7-1-0,69,69,Orthodox,2003-09-27
20ec0061400178ca,Roberto Traven,6-4-1,75,,Orthodox,1968-09-16
210935fd21670f6d,Rich Attonito,10-5-0,70,72,Orthodox,1977-06-16
21321cdfba797c52,Derrick Noble,27-15-1,69,,Southpaw,1978-08-14
2153a7f8396a46cc,Luiz Dutra,13-6-1,71,,Orthodox,1982-05-06
215a70f073a7b726,Jordan Espinosa,15-9-0 (1 NC),66,69,Orthodox,1989-11-08
219a254e15d60135,Tim Hague,21-13-0,76,76,Orthodox,1983-05-09
21b1132949f2a9b0,Steve Berger,21-23-2 (1 NC),71,,Orthodox,1973-05-20
21b5c82c1b89dab1,Yusaku Kinoshita,6-3-0,72,71,Southpaw,2000-08-21
21b813b919776d90,Erik Silva,9-4-0,69,71,Orthodox,1987-03-16
21b8a0f5c231096f,Mark Coleman,16-10-0,73,75,Orthodox,1964-12-20
21f2974fd08085e3,Saeed Hosseini,0-1-0,,,,
22061ff217907c78,Konstantin Erokhin,9-3-0,71,,Orthodox,1983-01-31
2244d9a2b64b8c3b,Hannah Cifers,10-7-0,61,62,Orthodox,1992-06-26
225def29ecfe0fc1,Carlos Huachin,10-5-1,64,67,Southpaw,1996-06-04
2284092f8b63273b,Luke Zachrich,14-4-0,74,74,Orthodox,1981-12-19
2296125b6c362355,Wulijiburen,20-9-0,69,69,Orthodox,1989-03-01
2299605af59fd309,Emmanuel Yarborough,1-2-0,80,,Open Stance,1960-09-05
22a92d7f62195791,Tony Ferguson,26-11-0,71,76,Orthodox,1984-02-12
22aa91e402d0fe1f,Ramsey Nijem,9-6-0,71,75,Orthodox,1988-04-01
22d1e00e1aabb7c9,Mike Whitehead,27-8-0,73,,Orthodox,1981-06-29
22e07d3da1aa3475,Andrey Pulyaev,10-5-0,76,78,Southpaw,1997-09-10
22e47b53e4ceb27c,David Loiseau,23-11-0,72,76,Orthodox,1979-12-17
22edaf53ad59a967,Daniel Roberts,15-7-0,70,74,Southpaw,1980-08-05
22ee260735da0d58,Richard Crunkilton,19-4-0,67,,Orthodox,1979-11-25
23024fdfc966410a,Gilbert Burns,22-10-0,70,71,Orthodox,1986-07-20
231926533134ec1f,Justin Buchholz,15-10-0,72,73,Orthodox,1983-08-22
231cae8b77fbbcc1,Khalid Murtazaliev,14-2-0,72,76,Orthodox,1993-07-15
232c582f29f8f65e,Gegard Mousasi,42-6-2,74,76,Orthodox,1985-08-01
23459ee7e373b98f,Jared Hamman,14-6-0,75,75,Orthodox,1982-03-07
234f3767ff0e5701,Kendall Grove,23-17-0 (1 NC),78,79,Orthodox,1982-11-12
236a37d96d476164,Mike Pierce,17-7-0,68,71,Orthodox,1980-09-01
237187ed9f419285,Jack McGlaughlin,1-4-0,,,Orthodox,
23725c826c481e7f,Paul Daley,39-15-2,69,76,Orthodox,1983-02-21
239d8e5359022f3b,Kevin Vallejos,18-1-0,67,68,Switch,2001-12-08
23a16ebe733e3041,Rory Markham,17-6-0,72,71,Orthodox,1982-03-25
23a6e307077c6ccc,Enrique Marin,10-4-0,70,,,1986-09-02
23ab42947c1990e3,Ron van Clief,0-1-0,70,,Orthodox,1943-01-25
23dec7c47cb418f8,Zach Reese,10-4-0 (1 NC),76,77,Switch,1994-03-24
24174a3f44ce8e03,Chan-Mi Jeon,5-2-0,65,,Orthodox,1997-08-28
242d36d241b43c12,Kron Gracie,5-3-0,69,70,Southpaw,1988-07-11
24656ef4d605c96f,Aiemann Zahabi,14-3-0,68,68,Orthodox,1987-11-19
24b033b3daf1c9df,Luiz Cane,17-7-0 (1 NC),74,77,Southpaw,1981-04-24
2525a853486ee670,Sirwan Kakai,12-5-0,65,,Orthodox,1989-10-03
2526be54e6a0e62a,Denys Bondar,14-5-0,66,69,Orthodox,1992-06-27
253076a23d03dcd0,Allan Nascimento,22-7-0,68,69,Orthodox,1991-09-11
253de74457bd6374,Tony Fryklund,14-9-1,72,,Orthodox,1971-03-26
25433871e4eee0f4,Alberto Crane,15-5-0,65,,Orthodox,1976-07-14
2549d63da9c456cb,Rick Davis,3-1-1,69,,Orthodox,
2558ae2e5671e318,Khaos Williams,16-5-0,72,77,Orthodox,1994-03-30
257b0c8d6f199895,Impa Kasanganay,9-2-0,71,75,Orthodox,1994-01-17
25af5e832f17b474,Jesus Pinedo,16-5-1,70,,Southpaw,1996-06-22
25f9a5f3e8a52618,Jhonata Diniz,9-2-0,76,79,Orthodox,1991-06-23
260bd4cef10b033f,Ihor Potieria,20-8-0,75,75,Southpaw,1996-05-29
260e9e0d4954aea6,Rodolfo Vieira,11-5-0,72,73,Orthodox,1989-09-25
2620f3eb21c79614,Scott Adams,8-1-0,72,,Southpaw,
262a7d06203657e6,Alexander Hernandez,18-9-0,69,72,Orthodox,1992-10-01
262d32ebda89efc4,Natalia Silva,20-5-1,64,65,Southpaw,1997-02-03
263ebd4a669e1e98,Fabiano Iha,9-5-0,68,,Orthodox,1970-07-28
2650e2f846a30f64,Amir Sadollah,6-5-0,70,75,Orthodox,1980-08-27
265589bdd93e7ce5,Lodune Sincaid,15-9-0,69,,Orthodox,1973-05-07
2676b28836a5a836,Benson Henderson,24-7-0,69,70,Southpaw,1983-11-16
267f4a6568abe245,Landon Quinones,7-3-1,69,70,Southpaw,1995-11-21
26b63bc5c0c1f65d,Alex Chambers,5-5-0,63,63,Southpaw,1978-10-25
26e3f3928b1891d9,Hannah Goldy,6-4-0,64,61,Orthodox,1992-05-18
26eddcda9d6b2ffe,Paul Rodriguez,10-9-2,67,,Orthodox,1975-05-18
270b89c00ef0c55c,Gabriel Gonzaga,17-11-0,74,76,Orthodox,1979-05-18
271fe91f4ba9d2c5,Don Frye,20-9-1 (1 NC),73,,Orthodox,1965-11-23
2721bb808bb2523c,Curt Warburton,13-6-0,72,73,Orthodox,
2747c60e42d9d75f,David Teymur,8-2-0,69,73,Southpaw,1989-05-01
27541033b97c076d,Kevin Ferguson,5-2-0 (1 NC),74,77,Orthodox,1974-02-08
275aca31f61ba28c,Islam Makhachev,28-1-0,70,70,Southpaw,1991-10-27
275cafc9de131c83,Dave Menne,45-17-2,70,,Orthodox,1974-07-29
276c60b14b571dd4,Takenori Sato,19-11-7 (1 NC),70,,Southpaw,1985-06-08
279566840aa55bf2,Alexander Volkov,40-11-0,79,80,Orthodox,1988-10-24
27b164b0d1833df0,Kalindra Faria,18-8-1,67,,Switch,1986-07-23
27b388f0aab49780,Dione Barbosa,10-4-0,66,66,Orthodox,1992-05-08
27d65e9d0fba61ea,Roger Hollett,13-5-0,71,,Orthodox,1978-10-08
27fc9218a3653e3c,Justin Eilers,19-7-1,73,,Orthodox,1978-06-28
2804ce8dadab5770,Marcelo Rojo,16-10-0,68,71,Orthodox,1988-07-02
2816ced060a21be3,Nick Hein,14-5-0 (1 NC),66,66,Southpaw,1984-04-24
282fa667ff9c51ed,Cole Miller,21-11-0 (1 NC),73,73,Orthodox,1984-04-26
2844b047183a1adb,Luis Pena,9-3-0,75,75,Southpaw,1993-07-05
285ae0b4a68221f4,JunYong Park,19-7-0,70,73,Orthodox,1991-02-27
288aaa8f82040e02,Dante Rivera,16-7-0,73,,Southpaw,1974-12-08
28ba5f27e473420c,Alexandre Ferreira,18-6-0,67,,Orthodox,1979-04-25
28c55b4087a6f136,Elvis Mutapcic,15-6-1,72,72,Orthodox,1986-07-19
28d421729451c8ca,Carlos Leal,23-7-0,71,74,Orthodox,1994-05-04
28f3c2258a1d8874,John Hathaway,17-2-0,73,75,Orthodox,1987-07-23
28f62d866c59c709,Waylon Lowe,16-7-0 (2 NC),67,,Southpaw,1980-10-31
29162be25ebef5f0,Luis Gurule,11-4-0,65,64,Orthodox,1993-11-16
2924886ee9c4c527,Thiago Silva,19-6-0 (2 NC),74,74,Orthodox,1982-11-12
2937cb502dda0808,Anistavio Medeiros,19-10-0,66,,Orthodox,1988-05-01
294aa73dbf37d281,Bruno Silva,15-9-2 (1 NC),64,65,Orthodox,1990-03-16
2961be02cfb0d2c1,Roman Mitichyan,8-3-0,70,,Orthodox,1978-09-04
296a120cb880477b,Kiru Sahota,12-3-0,70,73,Orthodox,1995-05-28
2975297f505e9447,Jonny Parsons,9-3-0,69,69,Orthodox,1991-09-06
297a2b35444c245b,Mandy Bohm,8-2-0 (1 NC),67,71,Orthodox,1989-07-30
2997e7fe3c9d3d4a,Wang Cong,10-1-0,66,65,Southpaw,1992-05-15
29af297d9f1de0f8,Damon Jackson,23-8-1 (1 NC),71,71,Switch,1988-08-08
29f935654825331b,Chris Sanford,5-1-0,71,,Orthodox,1968-03-12
2a4200ead401a9ce,Carls John De Tomas,6-2-0,65,71,Southpaw,1996-08-28
2a542ee8a8b83559,Tim Sylvia,31-10-0 (1 NC),80,80,Orthodox,1976-03-05
2a6f8136da1e52c0,Koji Kitao,1-2-0,79,,Southpaw,1963-10-12
2a7afe14b3a0a058,Asbel Cancio,0-1-0,70,,,
2a8502954f49e682,Vinicius Queiroz,8-4-0,79,,Orthodox,1983-08-29
2aa49b3766a59bcd,Jordan Mein,31-12-0,72,73,Orthodox,1989-10-10
2ac4628c08ec5125,Markus Perez,12-5-0,73,73,Orthodox,1988-06-22
2adb11835acd815b,Tom Blackledge,10-7-0,,,Orthodox,
2af2f2e26c4c0402,Hunter Azure,9-2-0,68,69,Orthodox,1992-03-02
2b06b6ad5db63348,Brandon Melendez,25-25-0,71,,Southpaw,1983-03-24
2b074403b7c6cdb4,Thomas Almeida,22-5-0,67,70,Southpaw,1991-07-31
2b1587a3376ab743,Ernie Verdicia,0-1-0,71,,Orthodox,
2b266e623e20737a,Rodrigo Vera,22-1-1,68,68,Orthodox,1995-10-18
2b4faacc16d66898,Eiji Mitsuoka,18-9-2,67,,Southpaw,1976-01-01
2b68d9f125d07b42,Jared Vanderaa,12-10-0,76,80,Orthodox,1992-05-12
2b6d855c6e280fb1,Alex Nicholson,7-4-0,76,77,Orthodox,1990-05-02
2b6fc1c02736833d,Umar Nurmagomedov,20-1-0,68,69,Orthodox,1996-01-03
2b93ebd9f5417ad2,Michael Bisping,30-9-0,73,75,Orthodox,1979-02-28
2bd98ab77a8daa75,Stewart Nicoll,8-4-0,65,65,Orthodox,1994-11-04
2be6596a9db33bf5,Jason MacDonald,25-16-0,75,80,Orthodox,1975-06-03
2c010b26a3306969,Orion Cosce,8-2-0,71,71,Switch,1994-07-15
2c1170b825f58e57,Guangyou Ning,5-4-1,64,64,Southpaw,1981-12-15
2c2caf2f2bab9df5,Humberto Bandenay,14-7-0 (1 NC),71,71,Southpaw,1994-09-04
2c483cf443f38ece,Vanessa Demopoulos,11-8-0,62,59,Orthodox,1988-09-22
2c5a0b8317f8f27a,Roque Martinez,15-8-2,70,72,Orthodox,1986-03-04
2c5f5749569eef66,Tainara Lisboa,7-4-0,67,67,Orthodox,1991-03-02
2c64c035485906aa,Nah-Shon Burrell,15-7-0 (1 NC),71,,Orthodox,1990-02-05
2c6e81426dd7573c,Jack May,9-3-0,80,,Switch,1981-04-14
2c99576fefe53c7c,Renan Barao,34-9-0 (1 NC),66,70,Orthodox,1987-01-31
2c9d00968f818270,Hakeem Dawodu,13-4-1,68,73,Orthodox,1991-07-02
2caf993f53541fa1,Andreas Gustafsson,12-3-0,73,73,Orthodox,1991-02-20
2cd428e9606856fd,Jairzinho Rozenstruik,15-6-0,74,78,Orthodox,1988-03-17
2cdb479a0ef0ee1d,Xiong Jingnan,19-3-0,64,63,Switch,1988-01-12
2cfba6c837c03ed0,Patchy Mix,20-3-0,71,70,Southpaw,1993-08-16
2d447cc91bdaa545,Joachim Christensen,14-6-0,75,76,Orthodox,1978-11-07
2db0c114414d4f06,Karine Gevorgyan,3-3-0,64,63,,1989-03-09
2db7fa8db6bc9632,Shane Nelson,16-7-0,69,70,Southpaw,1984-11-29
2dbc60c52de126d8,Harry Hardwick,13-5-1,68,71,Switch,1994-09-29
2dc1bc1a02961656,Manny Bermudez,14-2-0,70,71,Orthodox,1994-07-16
2de91c2244ad7e89,Dominic Waters,9-5-0,73,79,Orthodox,1989-04-11
2e04a3b4a2011b97,Roland Payne,0-1-0,69,,Orthodox,
2e19380f34871c6a,Dominick Reyes,16-5-0,76,77,Southpaw,1989-12-26
2e25c1d983c26311,Colton Smith,7-4-0,72,71,Orthodox,1987-08-14
2e45d08b3f2f02c8,Malcolm Wellmaker,10-2-0,70,71,Switch,1994-06-04
2e585c701f72fe55,Ian Heinisch,14-5-0,71,72,Orthodox,1988-08-05
2e5c2aa8e4ab9d82,Paulo Costa,16-4-0,73,72,Orthodox,1991-04-21
2e7878927067fdca,Manuel Torres,17-4-0,70,73,Switch,1995-03-25
2ebfbe72ed703925,Tristan Connelly,14-8-0,70,68,Orthodox,1985-12-12
2ee09ec2a0695eb9,Mike van Arsdale,8-5-0,74,,Switch,1965-06-20
2eeaefbfc7f9fcff,Lina Lansberg,10-8-0,67,65,Orthodox,1982-03-13
2efbc83a6b9b7f86,Tai Bowden,1-1-0,71,,,
2f13e4020cea5b38,Raphael Assuncao,28-10-0,65,66,Orthodox,1982-07-19
2f1700b3a4a09bc7,Paul Georgieff,6-2-0,74,,Orthodox,1982-09-22
2f181c0467965b98,Brendan Allen,27-7-0,74,75,Orthodox,1995-12-28
2f1a257d6777096d,Luigi Vendramini,9-3-0,68,73,Orthodox,1996-01-16
2f3f12002564bb55,Steve Bruno,15-6-0,70,,Orthodox,1981-11-03
2f43a3e82661fa99,Rei Tsuruya,11-1-0,66,68,Orthodox,2002-06-22
2f5cbecbbe18bac4,Shamil Abdurakhimov,20-8-0,75,76,Orthodox,1981-09-02
2f6a993c7f547c13,Sergey Morozov,19-5-0,66,67,Orthodox,1989-06-14
2f732dd9210d301f,Tito Ortiz,19-12-1,75,74,Orthodox,1975-01-23
2f815ed5f8278ba6,Ateba Gautier,11-1-0,76,81,Switch,2002-04-10
2f95a3c6d58b2aad,Iuri Alcantara,35-10-0 (1 NC),69,71,Southpaw,1980-08-04
2fc7e9701642ca38,Matthew Lopez,10-4-0,67,69,Southpaw,1987-01-21
2fe9032955c2e013,Joseph Morales,15-2-0,66,69,Switch,1994-08-22
2fee10d5cf86bfca,Maia Stevenson,6-5-0,64,62,Orthodox,1982-03-19
2ff2e6e5abea3e53,Lewis Gonzalez,11-3-0,70,,Orthodox,1987-09-19
3033c1c080672475,Dakota Bush,8-4-0,70,73,Orthodox,1994-06-09
303a05a7aa3ff761,Richard Walsh,9-5-0,72,73,Orthodox,1988-12-01
304a21d0595e1a08,Justin Jaynes,16-8-0,67,68,Orthodox,1989-08-10
304fcd812f12c589,Geza Kalman,4-9-0,73,,,
3058888c33149a53,Yusuke Kasuya,9-3-0,67,,Southpaw,1989-11-16
305d73ede05e31ad,Austin Lingo,9-3-0,70,70,Orthodox,1994-07-10
30a09e43f15f1d75,Paulo Thiago,18-9-0,71,74,Orthodox,1981-01-25
30b577b112bef42d,Vernon Ramos Ho,3-1-0,66,,Orthodox,1992-06-03
30cad5a751adcb48,Alibi Idiris,11-1-0 (1 NC),66,68,Orthodox,1994-10-22
30cd319d39ee689b,Gerry Harris,1-4-0,80,,Orthodox,
30ea504870f8597b,Josh Stansbury,4-8-0,74,74,Orthodox,1984-11-19
31123249b0bbf52e,Matt Brown,26-19-0,72,75,Orthodox,1981-01-10
312f47c3d2f83ffa,Houston Dorr,1-2-0,73,,Orthodox,
312f7d7b2b2f7de4,Djorden Santos,11-3-0,72,75,Orthodox,1997-08-01
3138fab619faf4d1,Brian Cobb,20-9-0,71,,Orthodox,1980-09-03
3143bf892608139a,Yana Santos,17-8-0 (1 NC),66,68,Orthodox,1989-11-11
31652c9267606d54,John Lober,5-9-4,71,,Orthodox,1968-02-26
318572f6f74b760d,Charlie Ontiveros,11-9-0,74,74,Switch,1991-07-04
318e629d1eb7aa49,Richie Hightower,8-4-0 (1 NC),68,,Orthodox,1974-11-26
319fa1bd3176bded,Johnny Rhodes,2-1-0,72,,Orthodox,
31a13532e724ca2b,Stevie Ray,23-9-0,70,70,Southpaw,1990-03-25
31bb0772f21cabd8,Daniel Lacerda,11-6-0 (1 NC),66,70,Switch,1996-06-05
31bbd39c0a075d4e,Pingyuan Liu,13-7-0,66,72,Orthodox,1993-02-13
31bbd46d57dfbcb7,John Campetella,0-1-0,69,,Orthodox,
31c01fbc2586a5eb,Dwayne Cason,1-1-0,70,,Orthodox,
31ceaf0e670c1578,Gil Castillo,8-5-0,69,,Southpaw,1965-10-21
31d7446b184e3305,Magomed Mustafaev,14-4-0,68,71,Orthodox,1988-08-02
31dbfbe4e7a6727c,Trey Waters,9-2-0,77,77,Orthodox,1995-02-21
31ee470ef5dc8d7f,Thiago Alves,23-15-0,69,70,Orthodox,1983-10-03
31ef8b67e13495b3,Tecia Pennington,15-8-0,61,60,Orthodox,1989-08-16
31f8081c7600da93,Kyle Nelson,17-7-1,71,71,Switch,1991-04-20
32016899d0a222a3,Lee Murray,8-2-1 (1 NC),75,,Orthodox,1977-09-12
320edfb0332b7073,Fredson Paixao,10-5-0 (1 NC),66,66,Orthodox,1979-05-13
322a56923b396b4d,DaMarques Johnson,15-15-0,73,75,Orthodox,1982-06-28
3236bf606fe9fa5b,Travis Browne,18-7-1,78,79,Orthodox,1982-07-17
323d4ca260dfa0ba,Esteban Ribovics,15-3-0,70,69,Orthodox,1996-04-27
32490e80ddab1e5a,Song Kenan,22-9-0,72,71,Orthodox,1990-03-10
3253b16d38ae087d,Julianna Pena,13-6-0,66,69,Orthodox,1989-08-19
325ad0dd9126d3df,Randy Costa,6-4-0,69,73,Switch,1994-07-06
3261aa79bf6caa64,Ben Johnston,5-2-0,76,76,Orthodox,1990-10-11
326a001926ffb7ec,Darian Weeks,5-3-0,71,72,Orthodox,1993-11-23
326f94d6cfb1bf25,Ben Sosoli,7-3-0 (2 NC),72,72,Southpaw,1989-12-10
327d5f279895110d,Roman Dolidze,15-5-0,74,76,Orthodox,1988-07-15
329e403448756217,Nathaniel Wood,23-6-0,66,69,Orthodox,1993-05-08
32a3025d5db456ae,Jon Hess,1-1-0,79,,,
32ab52e5de93092d,Steve Erceg,14-5-0,68,68,Orthodox,1995-07-27
32ba186f4b0e3267,Brian Ebersole,51-18-1 (1 NC),72,73,Southpaw,1980-11-27
32be4b7f7de1c905,Chico Camus,17-7-0 (1 NC),66,66,Orthodox,1985-01-26
32c03df3c9760069,Wendell Oliveira Marques,29-10-0,70,,Orthodox,1983-06-01
32c355b04fc57f3a,Marc Diakiese,17-7-0,70,73,Orthodox,1993-03-16
32c3ee378671a5d9,Austin Vanderford,13-3-0,71,74,Orthodox,1990-03-21
32feae6d9a1e5047,Quang Le,9-3-0,67,70,Orthodox,1991-10-18
33011768c3c4dc9a,Terry Etim,16-5-0,73,73,Orthodox,1986-01-11
330bafba312face4,Oliver Enkamp,7-2-0,72,77,Switch,1991-08-10
330ec26453c44a59,Mike Nickels,9-5-0,76,,Orthodox,1971-12-13
3329d692aea4dc28,Hamdy Abdelwahab,7-1-0 (1 NC),74,72,Southpaw,1993-01-22
333b9e5c723ac873,Aleksandar Rakic,14-6-0,76,78,Orthodox,1992-02-06
3351aa64aa83c4d9,Cory McKenna,8-4-0,63,58,Orthodox,1999-07-11
338a11d3674eb2d4,Aaron Wilkinson,11-7-0,70,,Orthodox,1987-01-31
33a331684283900f,Eddie Alvarez,29-6-0 (1 NC),69,69,Orthodox,1984-01-11
33a86e839ad202d8,Luis Felipe Dias,18-5-0,70,74,,1995-01-17
33a8708747b7f943,Lucas Brennan,11-3-0,70,72,Southpaw,2000-06-03
33b2f68ef95252e0,Miguel Torres,44-9-0,69,76,Orthodox,1981-01-18
33e00249ef08d3a4,Jake Lindsey,12-7-0,71,,Switch,1986-06-21
33e33d51f289d2a1,Maurice Smith,12-14-0,74,,Orthodox,1961-12-13
33efaf2d0941cfcf,Andre Fialho,16-8-0 (1 NC),72,74,Orthodox,1994-04-07
3410cf010558dc8b,Scott Smith,18-11-0 (1 NC),72,70,Orthodox,1979-05-21
3414b50b08a10600,Antonio McKee,29-6-2,68,,Southpaw,1970-03-12
34218661c44ed55d,Michel Batista,4-1-0 (1 NC),75,,Orthodox,1984-04-20
348dff4e03bd18c6,Stefan Sekulic,12-4-0,72,75,Southpaw,1992-02-12
349aaa3da11eb587,Karo Parisyan,24-11-0 (1 NC),70,72,Orthodox,1982-08-28
34b96d52db1d26e6,Kevin Borjas,11-5-0,65,68,Orthodox,1997-12-06
34c2b3656f88f7ef,Aaron Phillips,12-5-0,69,71,Southpaw,1989-08-05
34e516ab361afb1c,Darrick Minner,26-14-0,67,69,Orthodox,1990-04-28
34e552520a934063,Brad Scott,11-6-0,73,76,Orthodox,1989-06-24
34f88592c0ab7a54,Elias Theodorou,16-3-0,73,75,Orthodox,1988-05-31
34ff304266360297,Manon Fiorot,13-2-0,67,65,Orthodox,1990-02-17
351c4ec637380ad5,Karol Rosa,19-8-0,65,67,Orthodox,1994-12-30
353de740bb6c7e75,Mike Russow,15-3-0 (1 NC),73,73,Orthodox,1976-09-11
35673bf5204524ee,Bo Nickal,9-1-0,73,76,Southpaw,1996-01-14
3591d0d5d382a381,Francis Carmont,25-12-0,75,78,Orthodox,1981-10-11
35b3772629e27a49,Kevin Croom,21-15-0 (1 NC),71,73,Orthodox,1987-07-15
35dc6220b113b7ec,Ryan Roberts,21-12-1 (1 NC),66,,Orthodox,1978-07-16
35e1f9984ed64206,Ryan MacDonald,10-2-0,71,71,Switch,1993-03-18
35faad160d346839,Mizuto Hirota,18-10-2,67,67,Orthodox,1981-05-05
3618e0632ecdba9c,Keiichiro Nakamura,8-1-0,70,70,Southpaw,1998-12-02
361d49960a196976,Daniel Pineda,28-17-0 (3 NC),67,69,Orthodox,1985-08-06
36207c58e854cae5,Dashon Johnson,9-2-0,67,,Orthodox,1988-01-25
3623bd267a2eef2e,Yaotzin Meza,21-11-0 (1 NC),69,71,Orthodox,1981-02-04
36541f1e6c5d4955,Viviane Araujo,13-7-0,64,68,Orthodox,1986-11-21
36549928f90f1d36,Jose Quinonez,9-5-0,68,69,Southpaw,1990-07-28
365fee2da473b177,Anthony Johnson,22-6-0,74,78,Orthodox,1984-03-06
369e1ce458ef50a6,Ruslan Magomedov,14-1-0,75,78,Orthodox,1986-11-26
369ea36e450ae62a,Armen Petrosyan,9-5-0,75,71,Orthodox,1990-11-03
36a432f22144843e,Neil Grove,12-8-1,78,,Orthodox,1971-01-18
36b8f265bcd1b7a4,Abus Magomedov,29-7-1,74,78,Orthodox,1990-09-02
36df8e119aec6175,Sarah Kaufman,18-4-0 (1 NC),65,66,Orthodox,1985-09-20
36e78278a77006d4,Connor Matthews,7-4-0,68,71,Switch,1992-05-31
36fbaa49a09ff997,Brian Houston,4-6-0,74,,Orthodox,1981-04-26
37098a6e6c27fb66,Vince Morales,16-11-0,67,70,Orthodox,1990-11-12
3738e68d2261e60f,Andrei Arlovski,34-24-0 (2 NC),75,77,Orthodox,1979-02-04
3753714927f18437,Mohammad Yahya,12-6-0,69,73,Switch,1994-05-23
3795fca327cbcf23,Antonio Mendes,18-13-0,75,77,Southpaw,1981-04-19
37b1696e6d115957,Rolando Delgado,11-6-1,75,77,Orthodox,1981-11-22
37c5366d18ed6c05,Roosevelt Roberts,12-6-0 (1 NC),74,73,Orthodox,1994-02-11
37cc294027f55e4d,Austin Springer,12-4-0,68,71,Orthodox,1987-05-12
37d5b176d438d2a5,Karl Roberson,9-6-0,73,74,Southpaw,1990-10-04
37d752ec41ed84bb,Maria Oliveira,13-7-0,66,69,Orthodox,1996-12-12
37e03538c960bac6,Abdul-Kerim Edilov,17-4-0,74,,Orthodox,1991-11-25
37ed1ab2f8b819f4,Brad Riddell,10-4-0,67,71,Orthodox,1991-09-30
37f560436d745c18,Nikolas Motta,15-6-0 (1 NC),69,70,Orthodox,1993-02-08
388abbf8832b5adf,Jeff Joslin,5-3-0,72,,Orthodox,1975-04-30
38b50fd1e1b5b656,Razak Al-Hassan,13-5-0,74,,Orthodox,1982-05-14
38c5817ade8a8014,Ivana Petrovic,7-3-0,68,70,Southpaw,1994-06-11
38c626ca912c7bac,Damir Hadzovic,14-8-0,69,70,Orthodox,1986-08-08
38c7f72747f4f712,Gillian Robertson,17-8-0,65,63,Orthodox,1995-05-17
38ed5a2299230227,Filip Pejic,12-2-2,68,,Orthodox,1992-07-21
3920d0cc288f9b0d,Francisco Prado,12-5-0,70,69,Orthodox,2002-06-16
39330403ad27c2bb,Patrick Williams,8-6-0,68,73,Orthodox,1981-09-07
394f55ebca199124,Ivan Salaverry,14-9-0,72,,Orthodox,1971-01-11
3956bdc8ab2e54b3,John Gunther,5-1-0,69,72,Orthodox,1985-11-24
396fe87b84ac2e1c,Lerone Murphy,17-1-1,69,73,Orthodox,1991-07-22
3974fa35c917af1d,Ricardo Lamas,20-8-0,68,71,Orthodox,1982-05-21
399afbabc02376b5,Tom Aspinall,15-3-0 (1 NC),77,78,Orthodox,1993-04-11
39cc64bf0a269db9,Niklas Backstrom,11-3-0 (1 NC),73,,Orthodox,1989-08-22
39d309957c5c210d,Mario Pinto,12-0-0,77,79,Orthodox,1998-03-14
39d91e95949de3d9,Felicia Spencer,9-3-0,66,68,Orthodox,1990-11-29
3a12a2f096a6d975,Roger Narvaez,8-3-0,75,,Southpaw,1983-09-09
3a24769a4855040a,Diego Nunes,19-7-0,66,67,Orthodox,1982-11-30
3a314d9fa7c6825d,Douglas Silva de Andrade,29-7-0 (1 NC),67,68,Orthodox,1985-06-22
3a46b268013afede,Kevin Holland,29-15-0 (1 NC),75,81,Orthodox,1992-11-05
3a524c6700addc24,Tateki Matsuda,13-8-0,67,,Orthodox,1986-02-27
3a8176e15b9887c1,Chris Weidman,16-8-0,74,78,Orthodox,1984-06-17
3aa794cbe1e3484b,Josh Copeland,12-4-0,73,,Orthodox,1982-10-20
3ae10ac4df3df05c,Jesse Lennox,14-4-0,69,72,Orthodox,1982-03-10
3b0a516d2921e0d6,Batgerel Danaa,12-5-0,67,70,Orthodox,1989-07-04
3b9f723e2720a238,Roger Bowling,12-6-0 (1 NC),69,68,Orthodox,1982-12-05
3ba3b5cc94498437,Johnny Rees,13-5-0 (1 NC),72,,Orthodox,1982-10-21
3bad7ef643840f67,Joe Lauzon,28-16-0,70,71,Orthodox,1984-05-22
3bb2dc8e87b10a46,David Zawada,17-7-0,72,75,Orthodox,1990-08-01
3bbcd63a016d9715,Cameron Dollar,11-5-0,71,,Orthodox,1987-05-12
3bc3f60b21cddc6a,Azamat Bekoev,20-5-0,72,72,Orthodox,1995-12-30
3be081c29bf734d9,Takanori Gomi,35-14-0 (1 NC),67,70,Southpaw,1978-09-22
3be16d817b36098b,DongHun Choi,9-0-0,65,66,Switch,1999-01-02
3c0437fbeda06962,George Roop,15-13-1,73,72,Orthodox,1981-11-10
3c241737a6069b9f,Denis Kang,35-16-2 (2 NC),71,77,Orthodox,1977-09-17
3c26c420584d912d,Hailey Cowan,7-5-0,68,67,Southpaw,1992-02-12
3c48019bc387b80c,Billy Miles,2-2-0,70,,Orthodox,1978-04-28
3c5005b66696d790,Anthony Ivy,8-4-0,74,74,Orthodox,1990-01-23
3c660c90d48fc80d,Tim Kennedy,18-6-0,71,74,Orthodox,1979-09-01
3c6976f8182d9527,Alexander Gustafsson,18-8-0,77,79,Orthodox,1987-01-15
3c8a5200436e19f3,Cameron Saaiman,9-3-0,68,67,Southpaw,2000-12-20
3c921b1a30fdcbdd,Mike Ricci,11-5-0,72,76,Southpaw,1986-03-18
3cc506f115cbb9d5,Mantas Kondratavicius,9-1-0,74,75,Orthodox,1999-07-17
3cf18e01cb6cbde3,Sumudaerji,19-7-0 (1 NC),68,72,Southpaw,1996-01-20
3cf66c62d9069f43,Lucie Pudilova,14-10-0,68,67,Orthodox,1994-06-13
3d074044a33825e7,Ramiz Brahimaj,13-6-0,70,72,Orthodox,1992-11-17
3d5b1ce6097dbb49,Augusto Mendes,6-2-0,66,65,Orthodox,1983-03-03
3d6749c4267da18f,Joanna Jedrzejczyk,16-5-0,66,65,Orthodox,1987-08-18
3da19339ee7051d5,Justin Martin,4-3-0,72,,,
3dc3022232b79c7a,Brian Foster,27-10-0,69,71,Orthodox,1984-04-03
3dd92ff9fb0412b3,Ali Bagautinov,15-6-0,64,65,Orthodox,1985-06-10
3dd949593346dbc3,Craig White,14-9-0,74,76,Orthodox,1990-07-01
3df5493bb279226f,Amanda Lemos,15-6-1,64,65,Southpaw,1987-05-22
3e03cec9767d37e6,He-Man Gipson,1-2-0,,,,
3e514f437c51ce0a,Steven Graham,2-1-0,73,,Orthodox,
3e61082025db8137,Yosdenis Cedeno,10-6-1,68,69,Orthodox,1985-02-12
3e708ce33b6b18e6,Victor Martinez,13-7-0,67,70,Orthodox,1991-07-17
3e8118c1ab52f211,Tuco Tokkos,11-6-0,76,76,Orthodox,1990-06-30
3eb4dc9a7d4ac906,Ramona Pascual,6-5-0,67,66,Southpaw,1988-09-23
3ec1e4ba98c9c85a,JC Cottrell,17-5-0,69,,Orthodox,1989-11-04
3ecd936bd8814108,Cat Zingano,10-4-0,66,68,Southpaw,1982-07-01
3eeec2f53cebdf12,Jackson McVey,7-2-0,76,77,Southpaw,1999-03-25
3f11b5d4bd76a6d9,Damian Grabowski,20-5-0,73,75,Orthodox,1980-05-12
3f11fd1751fa83b1,Yizha,26-6-0,67,71,Orthodox,1997-01-08
3f1d23b01c552a13,Michael Graves,6-0-1,70,71,Orthodox,1991-01-08
3f24c96753dbd9f9,Scott Bessac,4-6-0,76,,,1965-10-05
3f4c3bc822bea45d,Melissa Martinez,8-2-0,62,66,Southpaw,1997-08-18
3f52ce18fb98008f,Akira Corassani,12-6-0 (1 NC),68,68,Orthodox,1982-08-27
3f56b99447f00607,Paul Redmond,12-7-0,70,,Orthodox,1986-10-20
3f7c14c7eca7195d,Roy Nelson,22-14-0,72,73,Orthodox,1976-06-20
3f7dab21b6c971bc,Dequan Townsend,21-12-0,75,79,Orthodox,1986-05-11
3fa7688bfe48a493,Yoshinori Horie,8-2-0,68,70,Orthodox,1995-05-10
3fa97913cfd205d3,Alessandro Costa,17-5-0,64,67,Orthodox,1996-01-28
3fed746acfd026dd,Todd Butler,1-4-0,73,,Southpaw,
40093d1d2d78394e,Charles Rosa,14-8-0,69,69,Switch,1986-08-24
404ecb2700844072,DeAnna Bennett,8-3-1,64,68,Orthodox,1984-11-18
40a456a25d52ee65,Rolando Bedoya,14-5-0,71,74,Orthodox,1997-01-13
40a604761ca7d64d,Din Thomas,26-9-0 (1 NC),69,,Orthodox,1976-09-28
40a7ec5d1ad6ffa8,Anna Melisano,6-2-0,64,68,Orthodox,1997-05-20
40cb680ae1cd331f,Yazmin Jauregui,11-2-0,63,64,Orthodox,1999-02-28
40d8b74488743800,Carlton Minus,10-3-0 (1 NC),70,75,Orthodox,1993-04-26
40f3cb27fc7305a1,Themba Gorimbo,14-7-0,73,77,Orthodox,1991-01-23
40ff198adda94b9f,Mark Eddiva,6-3-0,68,68,Orthodox,1986-02-16
4100c7a09497ad41,Kay Hansen,7-6-0,62,63,Orthodox,1999-08-14
411539901068522f,Jodie Esquibel,6-6-0,61,64,Orthodox,1986-05-07
411d012af19ecb59,Chris Spang,6-3-0,74,,Orthodox,1987-11-26
4123fd4dcc1fe937,David Terrell,6-2-0,73,,Southpaw,1978-01-09
4126a78111c0855a,Caio Borralho,18-2-0 (1 NC),73,75,Southpaw,1993-01-16
4130a743d9d22163,Alan Belcher,18-8-0,74,75,Orthodox,1984-04-24
4144798612ef96e5,Edmen Shahbazyan,16-6-0,74,74,Orthodox,1997-11-20
4148802ae4a50768,Daniel Zellhuber,15-4-0,73,77,Switch,1999-07-07
41498c2d1a87b154,Zviad Lazishvili,13-1-0,66,69,Orthodox,1991-10-25
41cc71cbf210e0fe,Hyder Amil,11-3-0,69,70,Switch,1990-05-28
41e77dc504a192c6,Chris Condo,0-1-0,72,,Orthodox,
41e83a89929d1327,Jailton Almeida,22-5-0,75,79,Orthodox,1991-06-26
41f90012b86a11bf,Raphael Pessoa,10-2-0,75,78,Orthodox,1989-03-09
42078a86d3dd037b,Rob Yundt,9-5-0,73,,Orthodox,1980-05-05
4234f0097c83fa62,Sijara Eubanks,8-7-0,64,67,Orthodox,1985-04-27
427b5953ac8e3a27,Demian Maia,28-11-0,73,72,Southpaw,1977-11-06
429e7d3725852ce9,Royce Gracie,15-2-3,73,,Southpaw,1966-12-12
42a7e90605df3c8a,Damian Stasiak,10-6-0,65,70,Orthodox,1990-02-20
42ac4020cba261ad,Caolan Loughran,10-2-0,66,68,Orthodox,1996-05-18
4304992c2acc187b,Bart Palaszewski,36-17-0,69,70,Orthodox,1983-05-30
4333a8e70a672eb7,Brogan Walker,8-5-0,64,67,Switch,1988-08-02
43563a32c3f10e95,Cyrille Diabate,19-10-1,78,81,Southpaw,1973-10-06
43612456979e5d5e,Steve Byrnes,6-1-0,72,,Orthodox,1979-08-26
436f970c9ea9169c,Gabriel Benitez,23-13-0,68,71,Southpaw,1988-06-15
43a59ce3bb40449e,Mizuki,16-6-0,63,65,Orthodox,1994-08-19
440c9dbab63528fb,Paul Herrera,1-1-0,70,,Orthodox,1964-02-21
4417980b3e798abf,Reuben Duran,11-7-1,67,71,Orthodox,1983-07-02
441eacbe20e0e80b,Augusto Sakai,16-5-1,75,77,Orthodox,1991-05-09
44260175069b6276,Jens Pulver,27-19-1,67,70,Southpaw,1974-12-06
442c9011034ae1fd,Ian Machado Garry,17-1-0,75,74,Orthodox,1997-11-17
443f60bec7c3c3d5,Michael McBride,8-3-0,73,,Orthodox,1986-03-09
44470bfd9483c7ad,Katsunori Kikuno,24-8-2,68,66,Orthodox,1981-10-31
445a98acb8985970,Falaniko Vitale,30-11-0,70,,Orthodox,1974-07-14
4461d7e47375a895,Tatsuro Taira,18-2-0,67,70,Orthodox,2000-01-27
447f9858ae78f921,Muslim Salikhov,22-6-0,71,70,Orthodox,1984-06-09
4498b382c65a7faa,Roxanne Modafferi,25-21-0,67,69,Orthodox,1982-09-24
449c890bd90f3374,Hector Sandoval,14-4-0,62,64,Orthodox,1986-07-19
44aa652b181bcf68,Marcelo Aguiar,2-3-1,70,,Orthodox,1969-01-20
44bc27bfa76dcd9e,Renee Forte,8-4-0,67,71,Orthodox,1987-03-27
44f9c777fed7ca03,Frank Caracci,2-3-0,,,,1970-02-16
450bcab0968562c4,John Yannis,10-5-0,67,70,Southpaw,1994-07-07
45230be0641f3f53,Leonardo Morales,6-2-0,68,,Southpaw,1992-12-22
453ee00c3e1ae9dd,Ron Faircloth,33-20-0 (1 NC),69,,Orthodox,1979-08-16
4565d435005319c0,Minoki Ichihara,0-1-0,67,,Orthodox,1968-06-30
459e4dc69ec669b2,Jason Novelli,11-3-1,72,,Orthodox,1979-06-08
45bc8f98d62bd096,Jordan Radev,23-5-0,67,,Southpaw,1976-09-28
45e738622ea2c02c,Timur Valiev,18-3-0 (1 NC),66,67,Orthodox,1990-01-19
45f0cc9d18f35137,Chris Gutierrez,22-7-2,69,67,Orthodox,1991-04-22
45f7cb591c3ab00b,Sean Brady,19-2-0,70,72,Orthodox,1992-11-23
4604ab1de9058474,Mark Robinson,1-0-0 (1 NC),72,,Orthodox,
4638cc6479cc0afe,Masio Fullen,11-7-0,70,70,Orthodox,1986-10-06
4665cbf36b08193b,Chris Avila,5-4-0,70,,Orthodox,1993-01-16
4665f9f909cd7214,Shinsho Anzai,10-3-0,67,70,Orthodox,1985-12-01
4679a38cced7c64a,Yuri Vaulin,0-1-0,76,,Southpaw,1963-09-13
4682bc59d5f55145,Sean Woodson,13-2-1,74,78,Orthodox,1992-06-07
4690d47bf725fd98,Gokhan Saki,1-2-0,72,73,Orthodox,1983-10-19
46a2f24feb258ae0,Valerie Letourneau,8-6-0,67,68,Orthodox,1983-04-29
46baf0f57edfa4df,Joey Beltran,17-14-0 (1 NC),73,75,Orthodox,1981-12-08
46c8ec317aff28ac,Patrick Smith,20-17-0,74,,Orthodox,1963-08-28
46d0a888d87d91ac,Abu Azaitar,14-4-1,69,76,Orthodox,1986-03-10
46e0d677f91bacc0,Miles Johns,15-5-0 (1 NC),67,68,Orthodox,1994-03-30
46e2011d92463b7e,Oumar Sy,12-2-0,76,83,Orthodox,1995-11-21
46e2ca71fd5089cb,Reese Andy,7-3-0,72,,Orthodox,1973-03-31
46f11d15c0134fe3,Larry Cureton,0-2-0,74,,Orthodox,
46fd223e3ced39b3,Ryan Couture,11-5-0,70,73,Orthodox,1982-08-27
470fedbc8563ac47,Daniel Omielanczuk,19-8-1 (1 NC),72,74,Southpaw,1982-08-31
4729c93ba705a3bf,Kiefer Crosbie,10-6-0,71,70,Switch,1990-04-05
472f6f6e6d962f40,Barb Honchak,10-4-0,64,65,Orthodox,1979-08-30
473ce3aa581251a2,Dan Hardy,25-10-0 (1 NC),72,74,Orthodox,1982-05-17
476414d2f18cd059,Andy Wang,7-8-1 (1 NC),66,,Orthodox,1977-05-28
476fe566d2df676e,Modestas Bukauskas,20-7-0,75,76,Switch,1994-02-10
4798e823ada58fe9,Veronica Hardy,10-5-1,64,64,Southpaw,1995-10-30
47b63240018d5d86,Rose Namajunas,15-8-0,65,65,Orthodox,1992-06-29
47b9e0e7703a4868,Jorge Masvidal,35-17-0,71,74,Orthodox,1984-11-12
47cd337b86b1af92,Zak Ottow,17-7-0,71,72,Orthodox,1986-12-22
480779d7f9a424d3,Mairon Santos,18-1-0,67,72,Orthodox,2000-06-10
480b702debcb5433,Dan Cramer,11-4-0,74,,Orthodox,1985-10-31
4834ff149dc9542a,Norifumi Yamamoto,18-6-0 (2 NC),64,66,Southpaw,1977-03-15
483a953b18d73bb3,Deron Winn,7-3-0,66,70,Orthodox,1989-06-13
484acc7b0f856ce9,Ben Saunders,22-13-2,74,77,Orthodox,1983-04-13
48812daf291a4e23,Mateus Mendonca,10-3-0,66,71,Orthodox,1999-01-17
48a9a128784d53d1,Elves Brener,16-6-0,70,72,Orthodox,1997-09-27
48d1f690b763934c,Chael Sonnen,29-15-1,73,73,Southpaw,1977-04-03
48e093ea1f43a053,Takeya Mizugaki,21-11-2,67,69,Orthodox,1983-12-16
48e96d9cea6d4ab0,Josh Clopton,6-2-1,66,,Orthodox,1981-07-11
4908c5ee68a50ee5,Brad Imes,13-7-0,79,,Orthodox,1977-03-13
492b202d2064e7a9,Fabricio Werdum,24-9-1,76,77,Orthodox,1977-07-30
4948e412fa6ab67d,Ravena Oliveira,7-4-1,65,65,Orthodox,1997-02-20
494b0bfdbac74502,Brendan O'Reilly,6-3-0 (1 NC),67,69,Orthodox,1987-06-24
49590e0508b2c19f,David Levicki,1-3-0,77,,,
4959f10a62f3fec3,Cheyanne Vlismas,7-3-0,63,63,Switch,1995-06-25
497ba5b12a4bfc47,Jason Brilz,22-6-1,71,71,Orthodox,1975-07-07
4985113c0928aa62,Jackie Lee,0-1-0,,,,
49858bf46dabf6fb,Nordine Taleb,15-7-0,73,74,Orthodox,1981-06-10
49a74b9fb2e45fdf,Neil Seery,16-13-0,64,64,Orthodox,1979-08-30
49b130de1da2e1bf,Sarah Alpar,9-6-0,64,63,Southpaw,1991-06-01
49d2a08964c5eb11,Nursulton Ruziboev,37-9-2 (2 NC),77,76,Orthodox,1993-11-19
49e49b54e5901d0d,Eddie Mendez,8-3-1 (1 NC),70,,,1984-01-16
49e96ff8ab781589,Tyson Pedro,10-5-0,75,79,Orthodox,1991-09-17
49edd0d90f60fb7d,Brendson Ribeiro,17-11-0 (1 NC),75,81,Orthodox,1996-09-08
49ee5024966efc0d,Mounir Lazzez,11-3-0,73,76,Orthodox,1987-11-16
49efbdc6c9f650c4,Icho Larenas,6-5-0,75,,Orthodox,1980-03-12
49f4b511932f71e9,David Michaud,11-3-0,69,,Orthodox,1988-11-10
49f78022126bf4a4,Cesar Arzamendia,8-3-0,71,,Orthodox,1991-01-31
4a01dc8376736ef5,John Lewis,3-4-3,72,,Southpaw,
4a043165cf47cab2,Juancamilo Ronderos,4-2-0,63,64,Southpaw,1995-02-17
4a07b1988477502c,Seokhyeon Ko,13-3-0,70,71,Southpaw,1993-09-24
4a1329cc8eb0928a,Maximo Blanco,12-8-1 (1 NC),68,71,Orthodox,1983-10-16
4a28cb716c19157a,Stephen Thompson,17-9-1,72,75,Orthodox,1983-02-11
4a574b8512fc1b30,Javier Reyes,23-6-0,67,73,Orthodox,1993-10-13
4a57ebb14315b251,Randa Markos,11-12-1,64,63,Orthodox,1985-08-10
4a6dff1b260bcf61,Aleksandre Topuria,7-1-0,67,68,Orthodox,1996-01-28
4aa58269d0664b5b,Matthew Semelsberger,11-8-0,73,75,Switch,1992-11-23
4ac1ecf8ce59ef23,Jason Saggo,12-4-0,71,71,Orthodox,1985-11-23
4ae4049426e0161d,Alexis Dufresne,6-3-0,69,,Orthodox,1990-08-31
4b1d46a1b5c0fd11,Alberto Mina,13-1-0,72,77,Orthodox,1982-05-02
4b4753d19489297f,Anthony Perosh,15-10-0,75,75,Orthodox,1972-10-05
4b47e71384a9522f,Tim Means,33-17-1 (1 NC),74,75,Orthodox,1984-02-20
4b4fc3ddc307bc73,James Zikic,21-10-2,74,,Orthodox,1977-03-01
4b85abc5abbe657c,Jefferson Nascimento,13-1-0,68,70,Orthodox,1998-11-19
4b8fb0453a596b8e,Hector Urbina,17-10-1,71,73,Orthodox,1987-09-17
4b93a88f3b1de35b,Michael Chandler,23-11-0,68,71,Orthodox,1986-04-24
4ba8d454f762005d,Zak Cummings,25-7-0,72,75,Southpaw,1984-08-02
4bcb6eb12b4ad4aa,Vitor Miranda,12-5-0,73,77,Orthodox,1979-03-10
4bd6b4800070b069,Chas Skelly,19-3-0 (1 NC),71,72,Orthodox,1985-05-11
4bdedbdeedff7d1d,Bolaji Oki,10-4-0,70,73,Orthodox,1995-11-15
4bf6b225ff6099c4,Domingo Pilarte,8-3-0 (1 NC),72,73,Southpaw,1990-01-05
4c288a2b250bb576,Luke Jumeau,13-5-0,71,72,Orthodox,1988-02-12
4c2d90e335e6df19,Alexis Davis,21-11-0,66,68,Orthodox,1984-10-04
4c7781da8c6cae93,Ryan LaFlare,14-3-0,73,74,Southpaw,1983-10-01
4c805f5f58a75df0,Mikey Burnett,5-2-0,66,,Orthodox,1974-04-12
4c88a1db5a46c6a4,Jai Herbert,14-6-1,73,77,Orthodox,1988-05-13
4c8d6fde2dde07c4,Dan Lauzon,17-6-0,70,,Orthodox,1988-03-30
4cd8b03aee1d0138,Shane Young,13-8-0,68,72,Orthodox,1993-07-31
4d44f37107f01b9b,Tom Lawlor,10-6-0 (1 NC),72,74,Southpaw,1983-05-15
4d5197f331c47290,Paige VanZant,8-5-0,64,65,Orthodox,1994-03-26
4d74641fac830182,Brad Gumm,10-6-1 (1 NC),71,,Orthodox,
4d8fa64202cee4c1,Jalin Turner,15-9-0,75,77,Southpaw,1995-05-18
4dc496aa0cfc0d95,Harry Moskowitz,6-12-0,77,,Orthodox,
4dcfb28c011c11b2,Wellington Turman,18-8-0,72,72,Orthodox,1996-07-22
4e06913c91da5200,Krzysztof Jotko,24-6-0,73,77,Southpaw,1989-08-19
4e0692ad070976e4,Lyman Good,21-6-0 (1 NC),72,74,Orthodox,1985-05-26
4e30e4250cb08b61,Loma Lookboonmee,10-5-0,61,61,Orthodox,1996-01-18
4e6738062d469256,Sedriques Dumas,10-5-0 (1 NC),74,79,Orthodox,1995-08-06
4e9fb05d7e5e61b8,Wesley Correira,20-16-0,75,,Orthodox,1978-11-11
4f11e9ce318ffbcb,Anthony Christodoulou,12-7-0,69,,Orthodox,1987-07-30
4f140403000158b5,Herbert Burns,11-6-0,69,73,Orthodox,1988-02-02
4f2fcbefb668689d,Jake Rosholt,12-5-0 (1 NC),73,,Orthodox,1982-02-09
4f3064faf17aa711,Tamires Vidal,7-4-0,66,68,Orthodox,1998-07-27
4f4dac51adc1af4f,Diego Saraiva,22-20-1,66,,Orthodox,1982-04-23
4f732e58ed907eff,Ross Pearson,20-16-0 (1 NC),68,69,Orthodox,1984-09-26
4f736494fc733095,Carlos Eduardo Rocha,9-4-0,70,73,Orthodox,1981-07-12
4f74c8be51db8a37,Daiju Takase,12-15-2,72,,Southpaw,1978-04-20
4f853e98886283cf,Carlo Prater,31-18-1,71,72,Switch,1981-06-25
4f95f74620a6b7a4,David Heath,18-7-0,71,72,Orthodox,1976-02-10
4fcf6e0c4e0e6664,Izabela Badurek,6-3-0,65,,Orthodox,1991-07-11
501b07aec9b8fc2d,Sam Stout,20-12-1,69,70,Orthodox,1984-04-23
505934897b8b4824,Thaddeus Luster,0-1-0,75,,,
5078e1dacf9d25f4,Luana Santos,11-2-0,66,67,Orthodox,2000-04-16
5095b0920a3602aa,Blake Bilder,8-2-1,68,68,Switch,1990-07-12
50a28b9f8314e008,Saidyokub Kakhramonov,10-3-0,68,69,Orthodox,1995-11-14
50cc91ce2982785d,Ricco Rodriguez,53-25-0 (1 NC),76,,Orthodox,1977-08-19
50d2f0018bcf9eef,Pat Healy,34-23-0 (1 NC),72,72,Orthodox,1983-07-20
50db8711c70196cd,Ovince Saint Preux,27-18-0,75,80,Southpaw,1983-04-08
51018a31ddf31eb2,Molly McCann,14-8-0,64,62,Orthodox,1990-05-04
5114f1b5ad4cdf72,Shane Primm,5-5-0,75,,Orthodox,1984-07-30
511e82663651438d,Michael Johnson,25-20-0,70,73,Southpaw,1986-06-04
513c6f1715e547a8,Brock Lesnar,5-3-0 (1 NC),75,81,Orthodox,1977-07-12
5140122c3eecd307,Daichi Abe,6-2-0,71,71,Orthodox,1991-11-27
519e4fe37ce9ff75,Drew Dober,29-15-0 (1 NC),68,70,Southpaw,1988-10-19
51a0c09cbe9b8472,Liz Carmouche,13-7-0,66,66,Orthodox,1984-02-19
51b0bb73a1da34bc,Mike Ciesnolevicz,19-4-0 (1 NC),72,,Orthodox,1979-10-28
51b1e2fd9872005b,Mackens Semerzier,8-4-0 (1 NC),69,72,Orthodox,1980-11-03
51c655162e462ceb,Shannon Ross,13-9-0,66,66,Switch,1989-05-12
51e2f44a8dbf6984,Melissa Croden,8-3-0,69,68,Orthodox,1991-04-12
51e86de150ee8be6,Thibault Gouti,12-5-0,70,72,Orthodox,1987-02-27
51ec9dc3b4964f19,Gianni Vazquez,13-5-1,67,71,Orthodox,1994-07-17
523af801b3429015,Allan Zuniga,13-1-0,67,70,Orthodox,1992-04-04
523f6ad11dbe9b53,Hans Stringer,22-8-3,75,,Orthodox,1987-07-06
523fa774700d7d3f,Court McGee,23-14-0,71,75,Orthodox,1984-12-12
528b071cf3da7c56,Luana Carolina,11-5-0,66,69,Orthodox,1993-06-11
528c24b99fbaab79,Johnny Eduardo,28-13-0,67,71,Orthodox,1978-08-03
52b6bf4528130e86,Shem Rock,12-3-1,71,73,Southpaw,1993-11-05
52ba464d9068d871,Elias Silverio,13-3-0,71,73,Orthodox,1986-09-22
52c2ae6d2f2d2613,Youssef Zalal,18-6-1,70,72,Switch,1996-09-04
52cae54377b433b7,Nate Quarry,12-4-0,72,72,Open Stance,1972-03-18
52e76bb4b3e852f3,Antonio Carlos Junior,11-5-0 (1 NC),74,79,Orthodox,1990-03-16
52ef95b5860fb28c,Jean Silva,17-3-0,67,69,Orthodox,1996-12-27
530af2900b5a1693,Dom Mar Fan,9-3-0,71,75,Orthodox,2000-03-19
53278852bcd91e11,Igor Pokrajac,28-13-0 (1 NC),72,74,Orthodox,1979-01-02
5330fe7e4c3af81c,Floyd Sword,12-3-0,72,,Orthodox,1976-08-24
5331b25a60417ffb,Anthony Rocco Martin,17-6-0,72,73,Orthodox,1989-12-11
539ed332b3078821,Sarah Moras,6-8-0,67,67,Orthodox,1988-04-30
53bb0d40905b87c0,Jay Silva,10-11-1,74,,Southpaw,1981-05-25
53c10176e3bc7416,Felipe Bunes,14-9-0,67,69,Orthodox,1989-10-29
53c943c873cffe90,Philipe Lins,18-5-0,74,78,Orthodox,1985-08-17
53e533db1b8e9712,Jack Nilson,2-6-0,,,,
53ec9cb470e1a4ea,Jon Tuck,10-5-0,71,73,Orthodox,1984-08-28
53f84637dfffab7a,Eric Wisely,26-9-1,68,,Southpaw,1984-07-25
5431dccc09118234,Lance Benoist,7-2-0,71,72,Southpaw,1988-08-26
5442f1bc4b47eaf3,Chris Curtis,32-13-0 (1 NC),70,75,Orthodox,1987-07-15
5444c5a201d3ee5a,Jamahal Hill,12-4-0 (1 NC),76,79,Southpaw,1991-05-19
544d7460b3e44393,Albert Morales,7-4-1,69,72,Orthodox,1991-05-25
545092d13c67aa49,Alexia Thainara,14-1-0,64,67,Orthodox,1995-11-20
54578e5927adea53,Richie Vaculik,10-4-0,66,69,Orthodox,1983-06-19
546015aa2ad945fd,Rory Singer,11-9-0,74,77,Orthodox,1976-05-28
546f8599a63c29da,Robert Sanchez,8-2-0,66,66,Orthodox,1986-03-05
547afe1017e72dbe,Phil Hawes,12-6-0,72,77,Orthodox,1989-01-08
54ed8dc6f8c31207,Gilbert Smith,12-6-0,69,,Southpaw,1981-10-19
54f64b5e283b0ce7,Ilia Topuria,17-1-0,67,69,Orthodox,1997-01-21
5537efc6e496dd84,Aaron Pico,14-5-0,68,70,Orthodox,1996-09-23
5580771f383e141f,Jesse Ronson,21-12-0 (1 NC),70,70,Southpaw,1985-12-24
55a7b2d4e54ffac9,Ryo Chonan,22-13-0,69,70,Orthodox,1976-10-08
55ed59d541f8b90c,Rolando Dy,9-7-1 (1 NC),68,69,Orthodox,1990-08-11
55ee431411ccf07a,Olivier Aubin-Mercier,11-5-0,69,70,Southpaw,1989-02-23
55f446032177b119,Chris Beal,10-5-0,67,69,Orthodox,1985-08-06
55f80a8aeffcdb33,Dustin Pague,12-11-0,69,74,Orthodox,1987-08-05
55fa6ce3e522c8bb,Zhalgas Zhumagulov,14-9-0,64,66,Switch,1988-08-29
56116a79e4deed06,Claude Patrick,14-2-0,71,75,Orthodox,1980-06-14
563a1d42bb0e3cef,Tre'ston Vines,10-4-0,73,79,Orthodox,1996-06-18
564c2f5f9eb45d67,Mike King,5-1-0,75,,,1983-08-04
5669b828e7e11329,David Kaplan,3-4-0,67,,Orthodox,1979-11-16
56709e66f1c6008f,Cole Smith,7-2-0,71,67,Orthodox,1989-04-05
568bbad0eaced57c,Shanna Young,9-6-0,67,65,Orthodox,1991-02-20
56b8b24f65f9f057,Mike Kyle,22-14-1 (2 NC),76,77,Orthodox,1980-03-31
56bc9ccb609df534,Chuck O'Neil,17-9-0,74,,,1985-09-22
56c9acc4e86046a2,Chris Kelades,9-3-0,67,68,Orthodox,1981-02-21
56f4b81ec4db61af,Courtney Turner,0-3-0,74,,,
56f7d7ee06be4aab,Zac Pauga,7-3-0,74,76,Orthodox,1988-02-25
56fcb2c4d99f9d1b,Mike Grundy,12-4-0,67,72,Orthodox,1987-01-03
5713c1d2fac539ac,Cody East,12-3-0,75,,Orthodox,1988-06-29
57186c150c645200,Jeka Saragih,14-5-0,68,69,Orthodox,1995-01-01
5731cc327790b731,Matt Veach,17-5-0,71,,Orthodox,1981-05-31
575360be653ad6a6,Hernani Perpetuo,18-5-0 (1 NC),72,,Orthodox,1985-05-24
5755960ebd0b16f6,Ivan Menjivar,25-12-0,66,64,Orthodox,1982-05-30
577ec7e108b94be3,Rainy Martinez,0-2-0,72,,Orthodox,
57887765f831e228,Roldan Sangcha'an,4-2-0,64,,Orthodox,1990-12-04
578ef12674df1e6a,Irene Aldana,15-8-0,69,68,Orthodox,1988-03-26
579fcdfcabd23a7b,Brian Stann,12-6-0,73,74,Orthodox,1980-09-24
57ab4d7c0bc09a30,Zach Makovsky,20-8-0,64,64,Southpaw,1983-04-19
57b10fca4f9c9a7a,Alex Oliveira,22-12-1 (2 NC),71,76,Orthodox,1988-02-21
57bad6a84230f0c9,Tony Sims,12-4-0,71,70,Southpaw,1985-10-14
57bf89d42364d39e,Issei Tamura,10-8-0,65,63,Orthodox,1984-03-12
5823ceab56741617,Jonathan Meunier,8-1-0,75,,Switch,1987-08-04
583ee11abddfc581,Nate Landwehr,18-8-0,69,72,Orthodox,1988-06-06
5866fc86183a9fb8,Erick Silva,19-9-0 (1 NC),72,74,Orthodox,1984-06-21
5870c541798124ae,Manoel Sousa,14-1-0,69,70,Orthodox,1997-06-04
5898357a45a73674,Sione Latu,1-0-0,72,,,
58bbef3770bb2dfc,Joel Alvarez,23-4-0,75,77,Orthodox,1993-03-02
58bc81376286b3d3,Per Eklund,14-5-1,70,72,Orthodox,1980-11-12
5904b0b38dc6718d,Cody Pfister,13-6-1,70,73,Orthodox,1990-07-12
59279a7c978f7da0,Al Iaquinta,14-7-1,70,70,Orthodox,1987-04-30
59583ff832fe9d68,Krzysztof Soszynski,26-12-1,73,77,Open Stance,1977-08-02
595db60957de51d3,Michel Pereira,32-15-0 (2 NC),73,73,Orthodox,1993-10-06
597499ac7a5aac62,Abdul-Kareem Al-Selwady,16-4-0,68,69,Orthodox,1995-04-10
597db668b01c442c,Marco Ruas,9-4-2,73,,Orthodox,1961-01-23
5987b2458f4b5290,Ricky Simon,22-7-1,66,69,Orthodox,1992-08-31
598a58db87b890ee,Kevin Rosier,2-6-0,76,,Orthodox,
59a27d2e6d0802ac,Max Rohskopf,5-1-0,73,71,Orthodox,1994-09-27
59aaf2730b84698a,Jesse Sanders,23-7-0,72,,Orthodox,
59c438c81fbf3ece,Tereza Bleda,7-2-0,69,71,Orthodox,2001-11-30
5a558ba1ff5e9121,Darrill Schoonover,14-8-0,74,,Orthodox,1985-07-18
5a6e4d2f0c76a242,Manuel Rodriguez,11-5-0,69,,Orthodox,1985-04-25
5abf827d62f98fee,Clifford Starks,13-3-0,72,78,Orthodox,1981-04-25
5aedf14771ca82d2,Wilson Reis,23-10-0,64,65,Southpaw,1985-01-06
5af480a3b2e1726b,David Hood,1-3-0,72,,,
5b03b61f9d90125e,Morgan Charriere,21-12-1,68,69,Orthodox,1995-10-26
5b2325cd70dbe2ea,Talita Bernardo,6-4-0,64,68,Orthodox,1987-03-04
5b2d7906aa894274,Mike Massenzio,13-9-0,74,73,Southpaw,1982-11-01
5b407acfe0ef9b76,Nick Osipczak,6-3-0,74,76,Orthodox,1984-12-30
5b43d68174b6e2ab,Losene Keita,16-2-0,67,72,Orthodox,1997-12-30
5b5307450405abf0,Rick Story,19-9-0,69,71,Southpaw,1984-08-28
5b5b9c6f6f270369,Kristof Midoux,6-10-0,73,,Orthodox,1974-07-30
5b86d491d63890c5,Ludovit Klein,24-5-1,67,72,Southpaw,1995-02-22
5b8ba8f5512893b1,Matt Sayles,8-4-0,67,68,Orthodox,1994-02-21
5bb0a618ad03ac64,Jay Hieron,23-7-0,72,75,Orthodox,1976-07-29
5bd533d50c8e7b8a,Chris Haseman,20-17-0,71,,Orthodox,1969-06-02
5be86bb2f78fef2f,Jason Lambert,26-13-0,75,75,Orthodox,1975-06-03
5bf31a46becc1204,Michael Trizano,11-3-0,71,71,Orthodox,1991-12-31
5c10da56d712ac9c,Khusein Askhabov,23-1-0,68,69,Orthodox,1995-02-13
5c126c6aac3ef364,Poliana Botelho,8-5-0,68,67,Orthodox,1988-12-15
5c1ca0c72b599a3c,Rafael Cavalcante,12-7-0 (1 NC),73,74,Orthodox,1980-04-14
5c2ce761399dc9c5,Marcin Bandel,15-7-0,70,,Orthodox,1989-10-10
5c637af9472ae7cc,Jamey-Lyn Horth,9-3-0,67,66,Orthodox,1990-03-30
5c84f673b7bb7c15,Cameron Smotherman,12-7-0,69,69,Orthodox,1997-09-17
5ca158b1cc9cb242,Jason Godsey,16-16-0,74,,Orthodox,1964-01-01
5cafbc97dba2e797,Robert McDaniel,28-10-0,75,75,Southpaw,1983-05-03
5cdf5339728f580d,Felipe dos Santos,8-3-0 (1 NC),67,70,Orthodox,2000-09-11
5d1b7e3dd9e11074,Manel Kape,23-7-0,65,68,Southpaw,1993-11-14
5d495dec23d7c68e,Francis Marshall,10-3-0,69,72,Orthodox,1999-03-03
5d7bdab5e03e3216,CB Dollaway,17-9-0,74,76,Orthodox,1983-08-10
5d7c18191b8aa432,Zach Light,9-11-0,68,,Orthodox,1974-02-06
5d8006587d6a6711,Isaac Thomson,9-3-0,70,69,,2002-05-03
5da33b8fbfa5ee95,William Knight,11-5-0,70,73,Orthodox,1988-04-03
5dd180c8b3196786,Gloria de Paula,6-5-0,65,67,Orthodox,1995-06-10
5df17b3620145578,Cole Escovedo,17-9-0,67,72,Orthodox,1981-08-30
5dfe71ade71f3a4b,Rosi Sexton,13-5-0,63,,Orthodox,1977-07-16
5e4eec08896c9423,Corey Anderson,14-5-0,75,79,Orthodox,1989-09-22
5e6294b37bbef029,Stephanie Egger,8-5-0,66,68,Orthodox,1988-08-12
5e84a859c6a82288,Michel Quinones,8-3-0,70,73,Orthodox,1984-12-22
5e9ca8dd7d783a75,Alden Coria,13-3-0 (1 NC),68,67,Orthodox,1998-04-24
5ea918ea81b7dee2,Yao Zhikui,2-4-0,65,64,Orthodox,1991-02-07
5eb50529a8418b77,Gabe Green,12-5-0,70,73,Switch,1993-05-02
5ec591b78349ba7e,Christian Rodriguez,13-4-0,67,71,Orthodox,1997-12-17
5eedbf1e9601be35,Brock Larson,42-10-0,71,71,Southpaw,1977-08-23
5ef0088c1b19beeb,Bryan Caraway,21-9-0,68,68,Orthodox,1984-08-04
5ef94841c4bc3f86,Edgar Chairez,14-6-0 (1 NC),67,71,Orthodox,1996-01-27
5f04e3d58d9ce982,Yves Edwards,42-22-1 (1 NC),69,73,Southpaw,1976-09-30
5f179af5fffeb9f6,Cortney Casey,10-10-0,67,67,Orthodox,1987-05-05
5f2f0da6fd6a84fd,Andrei Semenov,34-9-2,72,,Orthodox,1977-06-17
5f3805dda9661cba,Jason Witt,19-9-0,70,70,Orthodox,1986-11-07
5f3da9a9610d8969,Cameron Else,10-6-0,69,71,Switch,1987-04-27
5f6038bcdb95e3e4,John Kolosci,15-9-0,71,,Orthodox,1974-11-26
5f61780fe5e9b6d0,Andre Petroski,13-6-0,72,73,Switch,1991-06-12
5f6f049d54728e88,Andre Ewell,17-9-0,68,75,Southpaw,1988-01-21
5f87a5c00b3d17ed,Dennis Siver,23-11-0 (1 NC),66,70,Orthodox,1979-01-13
5f99b2bafb10305f,Daron Cruickshank,18-10-0 (1 NC),68,72,Switch,1985-06-11
5fa2974cbd18e05c,John Castaneda,21-8-1,66,71,Switch,1991-12-18
5fceb45939fc0c8a,Tom Niinimaki,22-8-1,69,69,Orthodox,1982-07-25
60029bcf496bd707,Soa Palelei,22-5-0,76,81,Orthodox,1977-07-12
6014d25e73b669c9,Keiichiro Yamamiya,45-35-10,71,,Southpaw,1972-07-12
60193e707634e560,Montse Rendon,7-2-0,68,68,Orthodox,1989-03-16
601964f9654f911a,Tony Gravely,23-9-0,65,69,Orthodox,1991-09-28
601cf40c09090853,Josh Stuart,1-4-0,69,,,
60425d07ef4b91a7,Kyler Phillips,12-5-0,68,72,Orthodox,1995-06-12
6085ceb59087514b,Steve Lopez,13-6-1,71,,Orthodox,1984-07-30
60884f31ead1609c,Jonathan Wiezorek,11-2-0,75,,Southpaw,1978-02-10
60a42bf82447c919,Jake Hadley,11-4-0,67,70,Southpaw,1996-08-03
60ba33c3f555a7a3,Josh Grispi,14-5-0,71,74,Orthodox,1988-10-14
60c72f7459827881,Julio Paulino,23-5-0,72,,Orthodox,1975-12-04
6142edbd477d20c9,Dakota Hope,11-2-0,66,68,,1997-01-29
61fb8098ccf81c7f,Antonio Arroyo,9-5-0,75,73,Orthodox,1989-07-01
621a6c59f88a44fe,Matt Hughes,45-9-0,69,73,Switch,1973-10-13
6224e8d0a34264eb,Edward Faaloloto,2-5-0,,70,Orthodox,1984-07-15
622f015c81a9b13a,Travis Lutter,10-6-0,71,75,Orthodox,1973-05-12
6256b2b1562cb8e1,James Vick,13-5-0,75,76,Orthodox,1987-02-23
62918a2118de08b2,Tom Murphy,8-0-0,74,,Southpaw,1974-11-19
6291ac0a3726732f,Pete Williams,12-6-0,75,,Orthodox,1975-07-10
62f7097c04311193,Niklas Stolze,12-6-0,73,74,Switch,1992-12-28
633a45d131192ffe,Kajan Johnson,23-13-1,71,75,Orthodox,1984-04-21
634bb0de2eb043b4,Cristiane Justino,21-2-0 (1 NC),68,68,Orthodox,1985-07-09
634e2fb70bde3fd5,Holly Holm,15-7-0 (1 NC),68,69,Southpaw,1981-10-17
6370c1c1e12723d5,Marcin Prachnio,17-9-0,75,73,Orthodox,1988-07-14
637bd06c32219f0b,Jacob Kilburn,8-4-0,69,72,Orthodox,1995-06-28
638cfec7ec559d6e,Brandon Thatch,11-5-0,74,74,Switch,1985-07-11
63b65af1c5cb02cb,Ken Shamrock,28-17-2,73,72,Orthodox,1964-02-11
63def5a5662a6917,Junior Dos Santos,21-9-0,76,77,Orthodox,1984-01-30
63eedfcc73071d41,Lance Gibson,4-5-0,69,,Orthodox,1970-11-20
640a0f838f057a81,Lerryan Douglas,14-5-0,69,72,Orthodox,1995-04-27
641ca2c2ed91b93c,Zygimantas Ramaska,9-3-0,71,71,Orthodox,1996-12-27
6420efac0578988b,Yoshiki Takahashi,30-27-3 (1 NC),71,,Southpaw,1969-03-13
64360e618823a8e4,Phillipe Nover,11-8-1,69,72,Orthodox,1984-02-03
6448e57a9533b7e4,Abner Lloveras,20-9-1,71,,,1982-09-04
64788ee44b062ded,Michinori Tanaka,11-3-0,65,67,Orthodox,1990-10-04
64959f90b6dd9759,Brock Jardine,12-6-0,71,,Orthodox,1985-07-10
64a50dad704d1d49,Edson Barboza,24-14-0,71,75,Orthodox,1986-01-21
64ad3e3b0efa30bb,Ivan Erslan,15-6-0 (1 NC),74,72,Orthodox,1991-11-15
64b12fe31be7560c,Eric Nolan,8-5-0,74,74,Orthodox,1997-09-13
64d47ef881a437a4,Cesar Almeida,7-3-0,73,74,Orthodox,1988-03-28
64facb6cc564262d,Punahele Soriano,13-4-0,71,72,Southpaw,1992-11-22
6506c1d34da9c013,Georges St-Pierre,26-2-0,71,76,Orthodox,1981-05-19
6546af7ab545b90c,Darren Uyenoyama,10-6-0,66,65,Orthodox,1979-10-15
654ae722109a0d31,Joe Duffy,16-5-0,70,73,Orthodox,1988-02-18
6551c64fbcd1a467,Ariane da Silva,17-11-0,66,67,Orthodox,1994-01-26
65578a75fa7900e3,Uriah Hall,18-11-0,72,79,Orthodox,1984-07-31
658c3465581ae46b,Pat Barry,8-7-0,71,74,Orthodox,1979-07-07
65adf3856c4d9256,Jafel Filho,17-5-0,67,68,Orthodox,1993-05-05
65cdf4ec31143d86,Vinicius Salvador,14-7-0,67,70,Southpaw,1996-07-24
65db4065e2bc107d,Darrius Flowers,13-8-1,69,71,Orthodox,1994-08-25
65ddc8a9ac4e8531,Keita Nakamura,34-10-2 (1 NC),71,73,Southpaw,1984-05-22
65f09bacd3957381,Cory Sandhagen,18-7-0,71,70,Switch,1992-04-20
663b76da637402c3,Victor Valimaki,18-10-0,72,,Orthodox,1981-12-17
668222c99c5c311d,Matt Lucas,15-3-0,73,,,1973-12-27
669970f7feba8ecd,Erin Blanchfield,14-2-0,64,66,Orthodox,1999-05-04
669a3cb6e394f515,Royce Alger,3-2-0,70,,Orthodox,1965-03-06
66ab58d0b3783607,Andrew Holbrook,12-3-0,71,70,Southpaw,1986-02-06
66e98b3bb5fc5250,Dan Moret,13-6-0,72,73,Southpaw,1986-11-21
672ef06fd9f41f7d,Marcelo Mello,1-0-0,67,,Southpaw,
673ea7dcc786b1b3,Bethe Correia,11-6-1,65,64,Orthodox,1983-06-22
6747ccd6d1acd266,Shamil Gaziev,14-3-0,76,78,Orthodox,1990-02-10
6751eacd16bd59bc,Josh Culibao,11-4-1,70,73,Orthodox,1994-05-24
6776260cb0aef647,Logan Clark,18-6-0,74,,Orthodox,1985-02-16
679a9054e2815943,Tomasz Drwal,21-5-1,73,76,Orthodox,1982-01-22
67a992d4cff22466,Ericka Almeida,7-3-0,66,,Orthodox,1989-03-05
67c1d46f4ed16f9e,Matt Schnell,17-11-0 (1 NC),68,70,Orthodox,1990-01-15
67f272324a030d00,Misha Cirkunov,15-9-0,75,77,Orthodox,1987-02-27
6803d4d6908354ac,Brad Morris,10-6-0,74,,Orthodox,1979-11-01
6809c31286b08d97,Tom Watson,17-9-0,73,73,Orthodox,1982-07-13
681399317dbf4701,Uros Medic,13-3-0,73,71,Southpaw,1993-04-25
683ea28a198936fe,Jay Cucciniello,8-1-0,67,,Orthodox,1986-07-23
684d3aee255a3d09,Gadzhi Omargadzhiev,13-2-0,73,71,Switch,1993-02-24
6859f67468ba8489,Kevin Randleman,17-16-0,70,,Orthodox,1971-08-10
687c15b2eddfaa63,Danilo Marques,11-4-0,78,77,Orthodox,1985-12-26
6888e31ce88f5b17,Steve Vigneault,12-6-0,70,,Orthodox,1978-02-14
68b8ebdfce9dbb61,Charalampos Grigoriou,8-5-0,67,67,Orthodox,1992-03-31
68c11c27d4d56572,Dominique Steele,14-9-0,70,74,Orthodox,1988-01-27
68c6cd5287b473a7,Dean Lister,13-7-0,73,75,Orthodox,1976-02-13
68c7ad953455c73f,Don Madge,9-3-1,72,72,Southpaw,1990-11-12
68d35296f566792b,Josiane Nunes,10-4-0,62,67,Southpaw,1993-12-23
68d4a891e5cf2029,Tracy Cortez,12-4-0,65,65,Orthodox,1993-12-10
68d76fd9ecf7431d,Luke Caudillo,17-17-0,67,,Orthodox,1980-11-30
68dd7b3783c19f9c,Shane Carwin,12-2-0,74,80,Orthodox,1975-01-04
68f6e96c5fa6e044,Jeremy Kennedy,11-1-0,71,71,Orthodox,1992-09-16
6902fcf0610dd303,Jakub Wiklacz,18-3-2,70,72,Orthodox,1996-09-10
69037fc7730e4225,Steven Nguyen,10-2-0,71,73,Switch,1993-05-19
6905d45bd71b50a9,Leo Kuntz,18-4-1,70,,Orthodox,1983-10-03
696002b59f09d73b,Joseph Sandoval,7-7-0,67,,Southpaw,1986-05-11
6967153c7edb4d87,Ozzy Diaz,10-4-0,76,79,Orthodox,1990-11-22
69888118d968ba52,Joshua Weems,11-3-0,68,69,Orthodox,1994-05-05
69898645d600abdb,Rodolfo Bellato,13-3-1 (1 NC),75,75,Orthodox,1996-02-05
69a400af4420cd6a,Andreas Stahl,10-4-0,71,,Orthodox,1988-05-20
69b69c0178c4004d,Antoni Hardonk,8-6-0,76,78,Orthodox,1976-02-05
69e8c632135af48b,Anying Wang,2-1-0,72,,Orthodox,1991-04-04
69f01b25dfabaf6b,Mads Burnell,9-3-0,68,69,Orthodox,1994-03-06
6a0b80a24f22e152,Ryan Parker,0-1-0,75,,Southpaw,
6a11e325aa60ad02,Jeff Hughes,10-4-0 (1 NC),74,77,Orthodox,1988-05-17
6a1901c62ab3870f,Jessica Andrade,26-15-0,61,62,Orthodox,1991-09-25
6a2f7c151031653d,Rafael Dos Anjos,32-17-0,68,70,Southpaw,1984-10-26
6a311920edd73c85,Max Gimenis,6-2-0,74,75,Orthodox,1993-04-14
6a740daf1b279661,Maycee Barber,15-3-0,65,65,Switch,1998-05-18
6a8928652fc01bee,Brandon Jenkins,15-9-0,72,71,Switch,1991-09-30
6a92caba39b64752,Terry Martin,23-11-0,68,71,Orthodox,1980-10-10
6a96ad1bc34fb113,Ismail Naurdiev,25-8-0,70,74,Orthodox,1996-08-18
6aa1cbc1466e9a0b,Marcio Cruz,8-3-0,76,,Orthodox,1978-04-24
6aae253467e8f9ce,Tafon Nchukwi,6-4-0,72,77,Orthodox,1994-10-14
6ac9bc2953c47345,Gerald Meerschaert,37-22-0,73,77,Southpaw,1987-12-18
6ad8e4296f7522d9,Igor Severino,8-1-0,67,69,Orthodox,2003-04-21
6ad9058b7c7898b0,Tony DeSouza,11-4-0,72,70,Southpaw,1974-07-26
6add18754930182b,Julius Walker,7-3-0,76,78,Orthodox,1999-07-16
6b0a6def604de298,Tommy McMillen,11-0-0,72,74,Orthodox,1997-12-15
6b453bc35a823c3f,Jack Della Maddalena,18-4-0,71,73,Switch,1996-09-10
6b56e94a59b7b134,Oban Elliott,12-4-0,72,72,Orthodox,1997-12-19
6b5b9be990774f0e,Maciej Jewtuszko,12-3-0,72,,Southpaw,1981-01-31
6b7bc7eaf2465387,Neil Wain,13-4-0,70,,Orthodox,
6b7c7460855dbbb9,Albert Duraev,16-5-0,71,75,Orthodox,1989-01-05
6bb1d2b714d4b3bc,Joey Gilbert,2-3-0,71,,Orthodox,1976-06-05
6bd02119599741a4,Pedro Munhoz,20-10-0 (2 NC),66,65,Orthodox,1986-09-07
6bf5a7d3e081ade2,Anthony Njokuani,16-12-0 (1 NC),73,75,Orthodox,1980-03-01
6c011be66326ad97,Bruno Korea,7-3-0,66,65,,1991-06-28
6c2030e0a143a94b,Chris Camozzi,24-13-0,74,75,Orthodox,1986-11-20
6c3b2525436cf5d4,Tom Nolan,11-1-0,75,73,Southpaw,2000-03-08
6c7020b859c7a3ce,Edimilson Souza,15-5-0,72,74,Orthodox,1984-10-17
6c7e25571490aa3b,George Sullivan,17-7-0 (1 NC),72,73,Orthodox,1981-03-13
6c8072b61c276e67,Jessica-Rose Clark,11-9-0 (1 NC),65,64,Orthodox,1987-11-28
6c9b66b43663f2f7,Viktoriia Dudakova,8-2-0,65,67,Orthodox,1999-01-26
6cadfd8f1d9e7685,Che Mills,16-10-0 (3 NC),73,76,Orthodox,1982-09-29
6cbb7661c3258617,Felix Lee Mitchell,2-7-0,,,Orthodox,
6ceff86fae4f6b3b,Jason DeLucia,33-21-1,71,,Southpaw,1969-07-24
6d1bffff14897645,Santiago Ponzinibbio,31-10-0,72,73,Orthodox,1986-09-26
6d35bf94f7d30241,Amir Albazi,17-3-0,65,68,Orthodox,1993-10-27
6d38e41efa47a72d,Jordan Vucenic,13-4-0,70,73,Orthodox,1996-03-02
6d48a2df51749d91,Antonio Trocoli,12-7-0 (1 NC),77,80,Orthodox,1990-12-06
6d4b63c767106d3a,Vicente Luque,24-12-1,71,75,Orthodox,1991-11-27
6d68c1afe954f121,Ode Osbourne,13-9-0 (2 NC),67,73,Southpaw,1992-01-09
6d7886b094b471ac,Sean Gannon,2-1-0,75,,Southpaw,
6da99156486ed6c2,Joshua Burkman,28-16-0 (1 NC),70,72,Orthodox,1980-04-10
6dd758d34da8d254,Ron Stallings,14-8-0 (1 NC),74,75,Southpaw,1983-01-25
6ded9184b2284645,Willie Gates,12-7-0,68,72,Orthodox,1987-01-21
6e00cfffd54653c4,Tyson Nam,21-14-1,67,68,Orthodox,1983-10-06
6e0273f9478be71e,Kenny Robertson,15-5-0,70,74,Orthodox,1984-02-14
6e02c318762f52f1,Alberta Cerra Leon,0-1-0,68,,,
6e0e977beb909837,Sung Bin Jo,9-1-0,72,72,Orthodox,1992-07-17
6e15f63b6c2e2c15,Brandon Royval,18-9-0,69,68,Southpaw,1992-08-16
6e344b71421103da,Magomed Gadzhiyasulov,9-1-0,74,75,Orthodox,1993-11-04
6e743a33d56bdaa4,Payton Talbott,11-1-0,70,70,Switch,1998-09-09
6e7506127408aa9e,Nadia Kassem,5-2-0,65,66,Southpaw,1995-11-15
6e7c758f5cdec01a,Paddy Holohan,12-2-1,70,69,Orthodox,1988-05-03
6e8349a0a0476d60,Imanol Rodriguez,7-0-0,64,64,Orthodox,1999-11-15
6e8f1bcdda94ff45,Ibo Aslan,14-4-0,75,77,Orthodox,1996-04-23
6e92eb1242b46636,Steve Montgomery,9-5-0,76,,Southpaw,1990-12-19
6e9f40c706f91f32,Nate Maness,16-3-0,70,72,Orthodox,1991-06-27
6eaec40f724852f4,Jessin Ayari,16-6-0,72,73,Orthodox,1992-05-31
6ebe96a116e79e52,John Allan,13-7-0 (1 NC),73,75,Orthodox,1993-02-22
6ece1d2ab1bed31d,Steve Judson,0-2-0,71,,Orthodox,
6eedb757f13b9978,Marwan Rahiki,9-0-0,68,72,Orthodox,2002-05-10
6ef58dabef8beb15,Josh Haynes,14-11-0,69,,Orthodox,1977-07-30
6ef65b6a152e49d5,Philip De Fries,12-6-0 (1 NC),77,79,Orthodox,1986-04-21
6f018c039b4d5d80,Jon Fitch,30-7-1 (1 NC),72,74,Orthodox,1978-02-24
6f242453c91a5af0,Dennis Bermudez,17-9-0,66,66,Orthodox,1986-12-13
6f4ec5aa3eced219,Zhu Kangjie,21-5-0 (1 NC),66,70,Orthodox,1996-01-16
6f7c616b98e18c29,Claudio Silva,14-4-0,71,71,Southpaw,1982-09-06
6f81b6de2557739a,Jacob Volkmann,19-7-0,69,71,Southpaw,1980-09-05
6fb1ba67bef41b37,Nik Lentz,30-12-2 (1 NC),68,68,Orthodox,1984-08-13
6fc506e1099afe20,Luan Lacerda,13-4-0,67,71,Orthodox,1993-01-07
6fd953151d981979,JJ Aldrich,15-7-0,65,67,Southpaw,1992-09-29
700a674c042b7a96,Cody Gibson,22-13-0,70,71,Orthodox,1987-09-11
701e057d63c124d9,Ian McCall,13-5-1,65,64,Orthodox,1984-05-07
7026eca45f65377b,Jared Gordon,21-9-0 (1 NC),69,68,Orthodox,1988-09-06
70380ccdc81915b8,Yadier del Valle,10-1-0,69,69,Southpaw,1996-07-29
706404da0775dcbc,Hugo Duarte,6-3-0,72,,Orthodox,1968-08-09
706f8e2b34e8e18b,Anton Kuivanen,24-10-0,68,72,Orthodox,1984-05-01
709fadb644ee3f51,Diyar Nurgozhay,11-2-0,74,74,Southpaw,1997-04-22
70d2329a92864fdb,Sabina Mazo,9-4-0,67,70,Orthodox,1997-03-25
70dd69b6a703257e,Daniil Donchenko,15-2-0,71,71,Orthodox,2001-08-04
70e1f8a821b72c8b,Jimmy Crute,14-4-2,74,74,Orthodox,1996-03-04
70fa1c64a2c439ef,Alen Amedovski,8-4-0,70,74,Orthodox,1988-04-06
70fc8214822b5a85,Shane Collins,8-0-0,69,71,Orthodox,2000-03-08
71002dbc1743b9a7,Felipe Arantes,18-10-1 (2 NC),68,73,Orthodox,1988-02-09
710d93f1508f7104,Stevie Lynch,5-2-0,70,,Orthodox,
710f0f8c5d5c9d41,Lucas Almeida,15-5-0,71,71,Orthodox,1991-01-31
71171fc96445bf65,Vitor Petrino,14-2-0,74,77,Orthodox,1997-08-28
712c4db78b9373d1,Joe Jordan,49-14-2,66,,Orthodox,1978-07-27
7138a15258dabf20,Bruna Brasil,11-7-1,66,65,Orthodox,1993-09-07
714e1e0681ddb703,Derrick Krantz,22-12-0,70,72,Orthodox,1988-01-13
71505842fb6455c3,Dustin Stoltzfus,16-8-0,72,75,Orthodox,1991-11-15
7195e2a932686f82,Nick Roehrick,7-1-0,74,,Orthodox,1987-07-06
71df36d6d8cf0d74,Kiichi Kunimoto,18-7-2 (1 NC),70,71,Orthodox,1981-05-01
71f048adbfed5b49,Sabah Homasi,11-8-0,72,72,Orthodox,1988-10-19
7215953cd5c6254d,Ross Pointon,6-17-0,68,,Orthodox,1980-02-18
723b64c0e9a8f348,Josias Musasa,8-2-0,68,74,Southpaw,1998-10-10
725a834930c2b5bf,Troy Mandaloniz,3-2-0,69,,Orthodox,1980-02-01
725b1abc9a39d873,AJ Fletcher,10-3-0,70,67,Switch,1997-02-18
7269329bd87eb479,Christophe Leninger,3-4-0,72,,Southpaw,
7279654c7674cd24,Klidson Abreu,15-4-0 (1 NC),72,74,Orthodox,1992-12-24
729d4bd5a6cd0a97,Lauren Murphy,16-7-0,65,67,Orthodox,1983-07-27
72c4b253d2f5ebf2,Roman Salazar,10-6-0 (1 NC),67,,Orthodox,1988-02-21
72db2a14ffa73ece,Mateusz Gamrot,26-4-0 (1 NC),70,70,Southpaw,1990-12-11
72e5e5a6edfa8223,Marcos Mariano,6-6-0,73,76,Switch,1986-10-12
72ea1984c52019b5,Saimon Oliveira,18-7-0,64,72,Orthodox,1991-04-21
72f890c5d421e705,Matheus Camilo,11-3-0,70,69,Orthodox,2001-01-02
72ffecf712673af1,Adam Milstead,8-4-0,75,76,Orthodox,1987-07-03
7339d340aa2889cb,Kyle Noke,22-10-1,73,76,Southpaw,1980-03-18
7342fcc41a4817fa,Ansar Chalangov,14-5-0,69,,Orthodox,1979-10-30
738acab0c6934dd8,Dmitri Stepanov,0-1-0,75,,Orthodox,
739fd4fbb5d862f4,Rizvan Kuniev,14-3-1 (1 NC),76,76,Orthodox,1992-03-10
73a78713bd899f4c,Allen Frye Jr.,6-1-0,77,80,Orthodox,1998-04-15
73c7cfa551289285,BJ Penn,16-14-2,69,70,Orthodox,1978-12-13
73e09f837f3b5ecc,Rogerio Nogueira,23-10-0,74,75,Southpaw,1976-06-02
73ef22f25d0f70e2,Romie Aram,7-1-0,70,,Orthodox,1977-12-02
7413b80dbb0f8f9f,Lucas Martins,19-3-0,72,72,Southpaw,1988-11-11
7447e9f28508106a,Mackenzie Dern,16-5-0,64,63,Orthodox,1993-03-24
744e098e065cfdbe,Ricardo Romero,11-3-0,72,76,Orthodox,1978-04-15
7450525c7ba032a0,Heath Herring,28-16-0 (1 NC),76,78,Orthodox,1978-03-02
745fa7b605f8e2da,Fatima Kline,10-1-0,66,67,Orthodox,2000-07-12
7478b7f959ba61f5,Elijah Smith,10-1-0,69,71,Orthodox,2002-09-05
74939a16c7b56f33,Juan Diaz,16-1-1,68,69,Orthodox,1998-06-03
749685d24e2cac50,Remco Pardoel,9-6-1 (2 NC),75,,Southpaw,1969-05-23
7498b3ac79a3b948,Taiyilake Nueraji,12-1-0 (1 NC),74,75,Southpaw,2001-01-12
749f572d1d3161fb,Khalil Rountree Jr.,15-7-0 (1 NC),73,76,Southpaw,1990-02-26
74d35fbc9c6a61bd,Alvaro Herrera Mendoza,9-6-0,72,74,Orthodox,1990-05-14
74f9448b97bf8bec,Da Woon Jung,15-6-1,76,78,Orthodox,1993-12-07
74fefd43f073cd2f,Joe Pardo,4-6-0,73,,Southpaw,
751de04455cfaac0,Calvin Kattar,23-10-0,71,72,Orthodox,1988-03-26
75353550928a7921,Muhammad Mokaev,13-0-0 (1 NC),67,70,Orthodox,2000-07-30
7559395ad833c074,Miranda Granger,7-3-0,67,68,Orthodox,1992-04-13
75a6a390fd5dca46,Juliana Lima,9-5-0,65,65,Orthodox,1982-03-15
75afb06215a07341,Dmitrii Smoliakov,9-3-0,74,74,Switch,1982-08-05
75bbd2206a15319f,Edwin DeWees,38-17-0 (1 NC),73,,Orthodox,1982-08-07
75e0d3cc2262b732,Shane Roller,11-7-0,70,72,Orthodox,1979-07-14
75e5fec9f72910ef,Gleison Tibau,33-14-0,70,71,Southpaw,1983-10-07
75f871836d41f90f,Justin McCully,11-5-2,73,73,Orthodox,1976-02-18
760a55d5b6098cbe,Carlos Candelario,8-3-0,68,68,Southpaw,1991-06-04
764342d39cdaa54a,Frank Camacho,22-10-0,70,73,Orthodox,1989-05-18
7649c4c95b824488,Josh Hendricks,19-11-0 (1 NC),74,,Southpaw,1976-08-28
764d39074a352e33,Thomas Petersen,11-5-0,73,74,Southpaw,1995-03-30
76729a829623e266,Henry Martinez,9-4-0,67,69,Southpaw,1983-08-07
7674b836ce0698a0,Yousri Belgaroui,10-3-0,78,79,Orthodox,1992-06-02
767755fd74662dbf,Khamzat Chimaev,15-1-0,74,75,Orthodox,1994-05-01
7691a80e6ca3e55b,Jon Madsen,8-2-0,72,72,Orthodox,1980-02-12
76984112f697631f,Leslie Smith,10-7-1,69,66,Orthodox,1982-08-17
76e2870ffafbe38f,Movsar Evloev,20-0-0,67,72,Orthodox,1994-02-11
76ee3d666c648f6b,Charles Byrd,10-7-0,70,73,Orthodox,1983-10-11
771b60ff889661c8,Mark Scanlon,9-2-0,69,,Orthodox,
77350fd0e6d1dba8,Lisa Ellis,15-11-0,64,,,1982-11-15
773f7feacf96153e,Benito Lopez,10-2-0,70,73,Switch,1994-04-06
775bad6d700d2302,David Roberts,5-8-0,73,,Orthodox,1975-11-15
776a58a67665a171,Nad Narimani,12-4-0,68,70,Orthodox,1987-04-14
776d4262c4da38bf,Pete Rodriguez,5-2-0,69,71,Switch,1996-11-13
7772b283d288dbe2,Guram Kutateladze,13-5-0,71,72,Orthodox,1992-01-08
777dea713da2441d,Valmir Lazaro,15-5-0,72,73,Orthodox,1985-08-15
77d7295d1b22c694,Alessio Di Chirico,13-7-0,72,74,Orthodox,1989-12-12
78114b7199cef90c,Urijah Faber,35-11-0,66,67,Orthodox,1979-05-14
7826923b47f8d72a,Paddy Pimblett,24-4-0,70,73,Orthodox,1995-01-03
782a2a17d3e38fdf,Keigo Kunihara,3-2-0,72,,Orthodox,
7832f2f62f04178f,Tucker Lutz,12-4-0,68,72,Orthodox,1994-07-12
784285b7ae7dd85f,Shane Campbell,14-6-0,72,71,Orthodox,1987-01-21
787bb1f087ccff8a,Ciryl Gane,14-2-0 (1 NC),76,81,Orthodox,1990-04-12
78863e4a28204a6b,Justin Frazier,10-3-0,72,75,Southpaw,1989-06-15
78a68f1dade6aaf7,Fabio Cherant,7-4-0,73,74,Southpaw,1994-11-25
78d48d3874dacafd,Azunna Anyanwu,14-5-0,73,,Orthodox,1981-08-05
78e501478a36a018,Khama Worthy,16-9-0,71,74,Orthodox,1986-10-15
78f485f851891d68,Journey Newson,10-5-0 (1 NC),65,67,Orthodox,1989-03-07
791c8437b341fba5,Joanderson Brito,19-5-1,68,72,Orthodox,1995-02-11
792be9a24df82ed6,Brandon Moreno,23-10-2,67,70,Orthodox,1993-12-07
79325a3c1a5c3bf4,Andreas Michailidis,13-6-0,72,76,Orthodox,1988-07-18
79899ecf62020f6d,Joe Stevenson,33-16-0,67,70,Orthodox,1982-06-15
798e48f9e7f6ba22,Carlos Hernandez,10-5-0,68,67,Orthodox,1993-10-25
79cb2a690b9ba5e8,Zarrukh Adashev,4-4-0,65,65,Southpaw,1992-07-29
7a15f3694c5cbc02,John Alessio,35-17-0 (2 NC),70,72,Orthodox,1979-07-05
7a359ef685a304a7,Amaury Bitetti,5-2-0,69,,Orthodox,1969-04-14
7a39bbac8cc0fa70,Gasan Umalatov,17-4-2,71,71,Orthodox,1982-09-11
7a47e068f8017019,Val Woodburn,7-2-0,68,74,Orthodox,1993-08-10
7a5e8c94a86f9895,Chris Barnett,23-10-0,69,75,Orthodox,1986-06-14
7a613f78dd7ee8f8,Bernardo Magalhaes,13-4-0,69,,Orthodox,1981-04-08
7a703c565ccaa18f,Jacare Souza,26-10-0 (1 NC),73,72,Orthodox,1979-12-07
7aa3d6964eff4877,Alex Caceres,21-15-0 (1 NC),70,73,Southpaw,1988-06-20
7aa88401f93ce836,Amar Suloev,24-7-0,69,,Orthodox,1976-07-01
7ab478c397cd68ef,Aliaskhab Khizriev,14-0-0 (1 NC),69,74,Southpaw,1990-08-24
7abe471b61725980,Fabricio Camoes,14-9-1,70,71,Orthodox,1978-12-23
7acbb0972e75281a,Marvin Vettori,19-10-1,72,74,Southpaw,1993-09-20
7af33fc4435017f1,Brady Hiestand,9-2-0,68,71,Orthodox,1999-04-30
7b143a54451263d9,Paul Sass,14-2-0,72,73,Orthodox,1988-08-04
7b310409440c9102,Zhang Lipeng,23-9-1,71,71,Southpaw,1990-03-10
7b3503352cd53abb,Westin Wilson,17-10-0,73,73,Southpaw,1989-01-24
7b39035fae7268b8,Matt Van Buren,7-6-0,77,,,1986-06-12
7b433309b0fd12aa,Brad Katona,16-5-0,66,64,Orthodox,1991-12-19
7b6ce3a9460565b5,Valeri Ignatov,1-2-0,69,,Orthodox,
7b6e40a73b567072,Shonie Carter,51-31-7 (1 NC),70,,Southpaw,1972-05-03
7b9aa973e5c04624,Eddie Ruiz,1-1-0,67,,Orthodox,1967-06-10
7bc475b0fc2020ab,Luis Ramos,20-10-2,68,,Orthodox,1981-01-18
7bc96507e4b38d3b,Cody Donovan,8-5-0,75,74,Orthodox,1981-02-20
7bd94b60d7521e4a,John Albert,6-5-0,68,68,Orthodox,1986-10-13
7bde387d50829adf,Eduardo Garagorri,13-2-0,69,70,Orthodox,1989-05-28
7be14eaed4c74856,Brian Kelleher,24-16-0,66,66,Switch,1986-08-19
7be63795363029e8,Cody McKenzie,16-10-0,72,72,Switch,1987-12-16
7be74a12d7352df2,Sara McMann,13-6-0,66,66,Orthodox,1980-09-24
7c0847d3854a95f2,Sean Salmon,18-21-0,70,,Southpaw,1977-09-11
7c35f869033901ae,Riki Fukuda,24-9-0 (1 NC),72,73,Southpaw,1981-01-06
7c3c48cf54a2848e,Yuta Sasaki,21-6-2,70,71,Southpaw,1989-10-07
7c6e87729e824ef4,Ildemar Alcantara,21-11-0,74,78,Orthodox,1982-11-18
7c7332319c14094c,Marlon Vera,23-12-1,68,70,Switch,1992-12-02
7c9c6a884be167fe,Jin Soo Son,9-4-0,66,69,Orthodox,1993-04-01
7c9f96f9a6a5cd50,Brok Weaver,15-6-0,72,73,Southpaw,1991-12-05
7ca4c3f8aa8bacae,Paulo Santos,0-3-0,,,,
7cbf7c78d3b34218,Drakkar Klose,16-3-1,69,70,Orthodox,1988-03-09
7cdd3e5d3aa9cb39,Yan Cabral,13-3-0,71,73,Orthodox,1983-05-13
7cec3c4a5e7b6d68,Daniel Frunza,9-4-0,73,73,Orthodox,1994-04-13
7cf20446453f852b,Milton Vieira,13-8-2,72,,Orthodox,1978-10-04
7d09200f6a77b20e,Colin Fletcher,14-8-0,74,,Orthodox,1983-01-08
7d0a1968b38ca439,Ramazan Temirov,20-3-0,64,63,Orthodox,1997-01-31
7d21de9c6d7c98b2,Rich Clementi,45-23-1,69,72,Southpaw,1976-03-31
7d3caf0f96f1b33d,Nick Thompson,38-14-1,73,74,Orthodox,1981-06-23
7d420039bbfe7c1a,Aoriqileng,26-13-0 (1 NC),67,69,Orthodox,1993-06-25
7d5b12de1625984e,Scott Baker,1-1-0,72,,,
7d6ceff6747f2de2,Jose Delgado,12-2-0,71,73,Switch,1998-04-21
7d8435c56043b0ae,Ante Delija,26-8-0,75,78,Orthodox,1990-08-07
7d96bc577e5178b2,Gray Maynard,13-7-1 (1 NC),69,70,Orthodox,1979-05-09
7dcf06c1967801c1,Adriano Martins,28-9-0,70,72,Southpaw,1982-12-16
7dda2cf308f24a02,Virna Jandiroba,23-4-0,63,64,Orthodox,1988-05-30
7debc13b36343605,Cristian Quinonez,19-5-0,68,70,Orthodox,1996-04-26
7dfb56f24fe5ddea,Bobby Nash,8-4-0,72,74,Orthodox,1990-03-26
7e208569469c8bc8,Ruan Potts,11-6-0,74,75,Orthodox,1978-02-23
7e47047d0971d566,Daniel Sarafian,10-6-0,69,73,Orthodox,1982-08-21
7e511f8d842a109d,Arjan Bhullar,9-1-0,73,75,Orthodox,1986-05-13
7e69a4b0961aa555,Brad Blackburn,18-13-1 (1 NC),70,73,Orthodox,1977-05-25
7e9b36a9847db116,Kevin Christian,9-4-0,79,80,Orthodox,1995-01-21
7ea1f74cef32f906,Rashid Magomedov,20-2-0,69,70,Orthodox,1984-11-29
7ea4a9f07df33a45,Francisco Rivera,11-7-0 (1 NC),68,70,Orthodox,1981-10-08
7eaa5e31c2dd86aa,Nick Klein,6-3-0,73,77,Orthodox,1995-09-08
7ee0fd831c0fe7c3,Carlos Prates,24-7-0,73,78,Switch,1993-08-17
7f0b4a75ef3039a3,Eddie Sanchez,15-8-0,74,74,Orthodox,1982-11-04
7f0f171414d0a287,Zelim Imadaev,8-3-0,72,76,Orthodox,1995-01-25
7f1bf0c255ec8756,Azat Maksum,15-3-0,67,70,Southpaw,1995-02-02
7f6ed67d3ed3c036,Cody Durden,18-11-1,67,67,Southpaw,1991-03-29
7f6ef4e1227600bc,Wagner Prado,12-3-0 (1 NC),72,74,Southpaw,1986-12-30
7f955f71fa2ce7ac,Alessio Sakara,19-11-0 (2 NC),72,72,Orthodox,1981-09-02
7f9f528cb72a6ed1,Travis Wiuff,75-21-0 (1 NC),75,,Orthodox,1978-03-15
7facc9c45d792985,Kaan Ofli,15-4-1,67,66,Orthodox,1993-06-19
7ff97850e8c32bda,Glover Teixeira,33-9-0,74,76,Orthodox,1979-10-28
803bebcfb6d6f506,Alex Gorgees,6-1-0,74,74,Switch,1995-08-11
8061a3136026a673,Jeisla Chaves,8-0-0,66,68,Orthodox,1997-02-02
80779d7441af1b52,Christian Morecraft,8-3-0,78,81,Orthodox,1986-09-08
809bd1a871491508,Terrance McKinney,18-9-0,70,73,Switch,1994-09-15
80c0bed43da0e27b,David Baron,17-4-1,66,,Switch,1973-02-15
80d8aed0ca9b00f3,Montana De La Rosa,13-9-1,67,68,Orthodox,1995-02-14
80d918336163b80c,Tatsuya Kawajiri,36-11-2,67,69,Orthodox,1978-05-08
80daefbed11ce998,Alejandro Perez,23-9-1,66,67,Orthodox,1989-09-02
80dbeb1dd5b53e64,Nam Phan,21-17-0,66,70,Orthodox,1983-03-13
80e6d71e14c1d356,Joe Slick,16-5-3,72,,Orthodox,1977-10-17
80eacd4da0617c57,Joseph Benavidez,28-8-0,64,65,Southpaw,1984-07-31
80fa8218c99f9c58,Amanda Nunes,23-5-0,68,69,Orthodox,1988-05-30
813550bc53b15fb0,Yancy Medeiros,15-8-0 (1 NC),70,75,Orthodox,1987-09-07
814e5233e2acf2ee,Charles Johnson,19-9-0,69,70,Switch,1991-01-10
814ff3018127e8fc,Ricky Glenn,22-9-2,72,70,Southpaw,1989-04-12
8163cd7de0342652,Erick Montano,7-5-0,72,73,Orthodox,1985-11-19
8173f134396cb971,Cortavious Romious,9-4-0,64,68,Southpaw,1994-01-06
817e0bdf08efce2e,Elvis Sinosic,7-11-2,75,77,Orthodox,1971-02-13
81801f57bd0a7c41,Marcus Brimage,7-7-0,64,71,Southpaw,1985-04-06
81b8b3fb019dc69d,Antonio Dos Santos,6-4-0,70,,Orthodox,1988-07-21
81ca2c245b19b3c5,Melton Bowen,0-1-0,72,,Orthodox,1969-07-16
81d2c551886bd5a1,Alice Pereira,7-1-0,68,71,Orthodox,2005-12-20
81d9df19e255b8b6,Jarred Brooks,13-2-0,63,62,Switch,1993-05-02
821cd80aab70d5f9,Josh Shockman,6-3-0,76,,Southpaw,1980-12-29
82529ce93cd9a2cf,Anton Turkalj,8-4-0,76,78,Orthodox,1996-06-10
826475cc758e60e6,Rob Wilkinson,11-2-0,75,80,Orthodox,1992-02-22
8270c00fae24c922,Dileno Lopes,19-3-0,65,,,1984-09-26
82a5152216251682,Dan Ige,19-11-0,67,71,Orthodox,1991-08-06
82b4e942781b1046,Raulian Paiva,21-5-0,68,69,Orthodox,1995-10-17
82cbb809d5ee565c,Mara Romero Borella,12-9-0 (2 NC),66,69,Orthodox,1986-06-03
82d4c957649faf9b,Miguel Baeza,10-4-0,74,74,Orthodox,1992-08-23
82e7929bf6c2b689,Diego Sanchez,31-13-0,70,72,Southpaw,1981-12-31
830f60497fab345a,Jamie Pickett,13-11-0,74,80,Orthodox,1988-08-29
83455a9d17f57dae,Rafael Estevam,14-1-0,68,69,Orthodox,1996-08-10
8349d55cdecd393a,Antonio Silva,19-12-1,76,82,Orthodox,1979-09-14
8355922d564b152c,Nate Diaz,22-13-0,72,76,Southpaw,1985-04-16
8377c5572cb356f3,Fabio Gurgel,3-2-0,72,,Orthodox,1970-01-18
837d30395faca41e,Sheila Gaff,9-7-0,65,,Orthodox,1989-12-29
83825fad27ab3581,Joseph Gigliotti,7-2-0,71,,Orthodox,1993-08-13
83a477a7dba1ca58,Clay Harvison,13-6-0,73,74,Orthodox,1980-09-25
83b00f7597e5ac83,Juan Adams,5-3-0,77,80,Orthodox,1992-01-16
83b743fedde154fb,Joe Son,0-4-0,64,,Orthodox,1970-11-22
83c6c3e0f8bde8ee,Cory Walmsley,8-2-0,72,,Orthodox,
83d0de122f2f9664,Michael Patt,12-4-0,72,,Orthodox,
83fd97284f4bb4a4,Efrain Escudero,28-12-0,69,71,Orthodox,1986-01-15
840d2c82ea68b9aa,Ben Nguyen,16-8-0,65,65,Switch,1988-08-03
841695e02c99a521,Mansur Abdul-Malik,9-1-1,74,80,Orthodox,1997-10-07
84512339473dd300,Steven Koslow,6-1-0,67,69,Switch,1997-01-22
849c5d9979df5357,Mateusz Rebecki,20-5-0,67,66,Southpaw,1992-10-03
84a067c46306a737,Sam Hoger,10-4-0,74,,Orthodox,1980-06-28
84ac950d4c1722dd,Duane Ludwig,21-14-0,70,70,Orthodox,1978-08-04
84b3e7d38f2d2ec5,Neil Magny,31-15-0,75,80,Orthodox,1987-08-03
84f727cf0166d6f2,Jose Johnson,16-10-0,72,71,Orthodox,1995-05-20
84ff027394f7e470,Gregor Gillespie,14-1-0,67,71,Orthodox,1986-11-13
850266b3dc4e506e,Daniel Marcos,18-1-0 (1 NC),67,69,Orthodox,1993-03-07
85073dbd1be65ed9,Greg Hardy,7-5-0 (1 NC),77,80,Orthodox,1988-07-28
852454c572675334,James Wilks,7-4-0,73,75,Orthodox,1978-05-04
85248da6e9e2f7e7,Jamie Yager,8-4-0,73,,Orthodox,1983-11-29
853eb0dd5c0e2149,Kai Kara-France,25-12-0 (1 NC),64,69,Orthodox,1993-03-26
85497ffd934ecf7e,Jacobe Smith,12-0-0,70,72,Southpaw,1996-01-17
85980f5da429c0a6,Shane del Rosario,11-2-0,76,,Southpaw,1983-09-23
85d0fafb8b75d634,Juan Manuel Puig,11-4-0,69,,Orthodox,1989-04-23
85d905f7c4f5a1af,Murilo Bustamante,15-8-1,74,,Orthodox,1966-07-30
85e26e2468b4e82f,Hayato Sakurai,38-13-2,67,,Orthodox,1975-08-24
85ff1b9471d35238,Dmitry Sosnovskiy,11-0-0,75,77,Orthodox,1989-07-06
86061eaba822bfea,John Teixeira,21-2-2,67,,Orthodox,1986-11-18
8614b7134913f5d5,Jarjis Danho,7-1-1 (1 NC),75,74,Orthodox,1983-10-15
862b0b3375aa4b6e,Zarah Fairn,6-6-0,68,72,Orthodox,1983-12-10
863d06a7ef8bc98c,James Lee,15-3-0 (1 NC),71,,Southpaw,1973-09-22
8667caa0451d245b,Kennedy Nzechukwu,14-6-1,77,83,Southpaw,1992-06-13
866fd7b1a6c90e7f,Dusko Todorovic,13-6-0,73,74,Orthodox,1994-05-19
8677e67a75d65b8e,Baergeng Jieleyisi,18-7-0,69,71,Orthodox,1995-11-24
86bace9e4ad85542,Xiao Long,27-11-0,68,70,Orthodox,1998-04-13
86d9dbe1bfcbade7,Julia Avila,9-4-0,67,68,Orthodox,1988-05-11
86dfed7cc24a9fa7,Matt Serra,11-7-0,66,68,Orthodox,1974-06-02
86f582852a5b240a,Mac Danzig,21-12-1,68,70,Orthodox,1980-01-02
873626e5547b5235,Kyle Prepolec,18-10-0,70,70,Southpaw,1989-08-30
8738eacd62e82a32,Matt Andersen,14-8-1,74,,Southpaw,1971-05-29
8765559b6a29a421,Gaetano Pirrello,15-7-1,67,65,Orthodox,1992-04-29
876f478f796495f7,Josh Quinlan,6-3-0 (1 NC),72,72,Orthodox,1993-02-06
8788beb528894f33,Donnie Chappell,0-1-0,71,,Southpaw,
879b8df81523d91b,Nick Penner,11-3-0,76,,Southpaw,1980-03-26
879f6cae48d25baa,Justin Lawrence,10-4-0,68,67,Orthodox,1990-05-15
87a1dc546b1c5caf,Makwan Amirkhani,17-9-0,70,72,Southpaw,1988-11-08
87aa9fb63d6b51a1,Zabit Magomedsharipov,18-1-0,73,73,Orthodox,1991-03-01
87c0b1c696ddfb43,Jonathan Pearce,14-7-0,72,71,Switch,1992-05-01
87e2468b986ebb79,Cameron VanCamp,15-7-1 (1 NC),74,74,Switch,1993-04-27
87e4a3a5080ee7ce,Elisha Ellison,5-3-0,72,78,Orthodox,1997-03-05
87f19d19f4cb73f8,Magomed Bibulatov,14-2-0,65,65,Orthodox,1988-08-22
87f3bbf52e6c9dc9,Daniel Spohn,15-6-0,76,79,Southpaw,1984-10-12
87f8699fdcc2c404,Alice Ardelean,12-7-0,63,62,Orthodox,1992-04-19
881bf86d4cba8578,Nassourdine Imavov,17-4-0 (1 NC),75,75,Orthodox,1996-03-01
882d62561063a927,Jamie Moyle,4-3-0,61,65,Orthodox,1989-03-17
886264a0c9f4ea5e,Andre Muniz,24-8-0,73,78,Southpaw,1990-02-17
8866c6f509c19089,Ryan Hall,9-2-0,70,70,Southpaw,1985-02-22
887961364be5ceb3,King Green,36-17-1 (1 NC),70,71,Orthodox,1986-09-09
88a9bc81271ccd89,Vinny Magalhaes,14-9-0 (1 NC),75,75,Orthodox,1984-07-02
88be62d6c1e6dadb,Jose Ochoa,9-2-0 (1 NC),67,67,Southpaw,2000-12-31
88c8f47241d90040,John Halverson,16-8-0 (1 NC),69,,Southpaw,1972-09-08
88cd34d836b4ebcd,Teruto Ishihara,10-7-2,67,69,Southpaw,1991-07-23
88d7b6d8230e1f3f,Saparbeg Safarov,9-3-0,73,78,Orthodox,1986-10-14
893d51aaf024eddd,Jimy Hettes,11-3-0,69,71,Southpaw,1987-06-09
896c322f56b8be5a,George Sotiropoulos,14-7-0,70,71,Orthodox,1977-07-09
89839250eb25c9c1,Caio Machado,8-4-1,76,78,Southpaw,1994-07-20
899923ff6ab13917,Bevon Lewis,7-3-0,75,79,Orthodox,1991-05-05
89a407032911e27e,Brendan Schaub,10-5-0,76,78,Orthodox,1983-03-18
89b8d1bf1ff09d1d,Tim Credeur,12-4-0,75,75,Orthodox,1977-07-09
8a0be41c0380188d,Charlie Valencia,12-7-0,63,64,Orthodox,1974-10-31
8a1f3b5c526cd6e6,Daniel Rodriguez,20-5-0,73,74,Southpaw,1986-12-31
8a304bfd6bf04a57,Demetrious Johnson,27-3-1,63,66,Orthodox,1986-08-13
8a56ea383fd26e52,Galore Bofando,5-3-0,71,72,Switch,1982-05-22
8a59d346dc976a10,Thiago Tavares,21-7-1,67,70,Orthodox,1984-11-08
8a65fd9ba31fd3f7,Zhang Mingyang,19-8-0,74,75,Orthodox,1998-08-16
8a70ceb3edbe757b,Andrew Craig,9-4-0,73,76,Orthodox,1986-01-15
8a8a84b743ae7699,Dennis Hallman,53-20-2 (1 NC),69,72,Orthodox,1975-12-02
8a9c6c4301f6d088,Danny Martinez,21-8-0,66,67,Orthodox,1985-06-14
8abac218746e04ca,Takashi Sato,16-7-0,70,73,Southpaw,1990-06-09
8abf70f79e9e27c2,Tor Troeng,16-7-1,74,,Orthodox,1983-01-25
8adcbd525fab8d9b,Elizeu Zaleski dos Santos,25-10-1,71,73,Orthodox,1986-12-11
8b1ed83b02303075,Taylor Lapilus,21-4-0,66,73,Southpaw,1992-04-08
8b260672a21d1fd6,John Cofer,8-4-0,69,,Southpaw,1984-04-29
8b5f9ea38184ded3,Nicholas Musoke,13-5-0 (1 NC),72,75,Orthodox,1986-04-05
8b69839f3555a67b,Martin Kampmann,20-7-0,72,72,Orthodox,1982-04-17
8b6e5dc2ba1edbe7,Sam Patterson,15-3-1,75,78,Orthodox,1996-04-30
8bb6f4479685bbcc,Vaughan Lee,14-13-1,66,66,Orthodox,1982-10-15
8bbc0cfc01bc1ba1,Leonardo Mafra,13-4-0,70,70,Orthodox,1989-04-25
8bd4200561c77a62,Ketlen Souza,17-6-0,63,63,Orthodox,1994-08-18
8bdac25ce0bb874d,Ronda Rousey,12-2-0,67,66,Orthodox,1987-02-01
8be158ca1e5ea6a0,Dwight Grant,11-6-0,73,76,Switch,1984-09-14
8c020156779f7888,Melinda Fabian,4-4-2,66,66,Orthodox,1987-06-25
8c0580d4fff106c1,Kelvin Gastelum,21-11-0 (1 NC),69,71,Southpaw,1991-10-24
8c169fbe1ac33637,Loik Radzhabov,18-6-1,71,69,Orthodox,1990-09-17
8c1ca54b5089d199,Maheshate,10-5-0,72,71,Orthodox,1999-12-01
8c39367b53eadf8a,Jesse Strader,5-3-0,67,70,Orthodox,1991-05-29
8c3f3c43c8ceb778,Justin Levens,10-7-0,71,,Orthodox,1980-04-18
8c57c7b8c3bab0eb,Nicolae Negumereanu,13-2-0,72,78,Orthodox,1994-09-04
8c822811eedc11ad,Anton Zafir,7-3-0,71,,Orthodox,1987-05-10
8c8c92a12621d7e0,Chris Cope,8-4-0,72,72,Orthodox,1983-03-05
8caca5857ce0e30b,David Lee,12-10-0,70,,Orthodox,1978-04-12
8cad40a75e5c97f5,Eddie Gordon,8-4-0,72,76,Orthodox,1983-07-22
8cb76103cd8a1562,Nick Pace,8-3-0,67,68,Orthodox,1987-04-17
8cb78f3a6c2a08f7,Leah Letson,5-3-0,67,71,Southpaw,1992-08-21
8ce87f7e3a9baed2,Tiago dos Santos e Silva,20-7-2 (1 NC),69,70,Orthodox,1987-04-12
8d03ce87ca14e778,Francis Ngannou,17-3-0,76,83,Orthodox,1986-09-05
8d11d9c13e2ccdf7,Muhammad Naimov,13-4-0,69,70,Orthodox,1994-08-07
8d20d76af3f213ce,Joseph Holmes,8-4-0,76,80,Orthodox,1995-07-04
8d26912cd2aeb366,Jeremy Horn,91-22-5 (1 NC),73,74,Orthodox,1975-08-25
8d3273573b85be09,Asu Almabayev,24-3-0,64,65,Orthodox,1994-01-25
8d49545dadf9b919,Edgar Garcia,14-5-0,70,71,Orthodox,1984-02-22
8d5350fa18b79e9a,James Mulheron,11-2-0,70,73,Orthodox,1988-02-20
8d5daf67983b65ba,Fred Ettish,1-1-0,72,,Southpaw,1955-10-12
8d9586726252dbf7,Kevin Casey,9-5-2 (2 NC),71,77,Southpaw,1981-06-15
8dc46e9a7895ce1a,Alexandre Dantas,0-3-0,74,,Orthodox,1979-03-01
8ddf9c51c5fdea75,Rousimar Palhares,19-8-0,68,71,Orthodox,1980-02-26
8e1f36476ef02a6a,Jennifer Maia,21-10-1,64,64,Orthodox,1988-10-06
8e382b585a92affe,Phil Rowe,11-7-0,75,80,Orthodox,1990-07-18
8e5bfd4e82352340,Pablo Garza,12-4-0,73,73,Orthodox,1983-09-16
8e5d953bdb9ae5e7,Loopy Godinez,14-6-0,62,61,Orthodox,1993-09-06
8e6654e9f0461b8f,Cody Haddon,9-1-0,67,69,Orthodox,1998-09-08
8e893f269d5696b2,Tyler Toner,15-7-0 (1 NC),68,70,Orthodox,1983-03-31
8e8e4487c621aa1c,Joe Ellenberger,15-2-0,69,72,Orthodox,1985-03-28
8e9eb3fc86db0f7d,Marc-Andre Barriault,17-11-0 (1 NC),73,74,Orthodox,1990-02-18
8eb046f83e82bf26,Martin Buday,16-2-0,76,77,Orthodox,1991-11-11
8ebc3a8da015d70c,Cam Rowston,15-3-0,75,78,Orthodox,1995-01-19
8ef4a91ac694b7ce,Shayna Baszler,15-11-0,67,,Orthodox,1980-08-08
8f0d576beba1cfcd,Matt Dwyer,9-4-0,76,76,Orthodox,1989-12-17
8f2939f5fd9cca1e,TJ Waldburger,16-9-0,71,75,Orthodox,1988-04-25
8f2d9ee27f206f1f,Evan Tanner,32-8-0,72,74,Orthodox,1971-02-11
8f2deefe8c5dfb5d,Alberto Uda,12-2-0,75,,Orthodox,1984-08-08
8f382b3baa954d2a,Jessica Aguilar,20-8-0,63,63,Orthodox,1982-05-08
8f3df4c579cfbb69,David Mitchell,22-7-0,72,75,Orthodox,1979-10-24
8f4528c10bd34fab,Mandel Nallo,14-4-0 (1 NC),72,75,Orthodox,1989-07-26
8f4eeaf7a0df7c1a,Teemu Packalen,8-3-0,73,75,Orthodox,1987-05-22
8f5c8850b2484173,Mairbek Taisumov,27-6-0,69,73,Orthodox,1988-08-08
8f6a18831a120817,James Krause,28-9-0,74,73,Orthodox,1986-06-04
8f765fd5775a8873,Rinat Fakhretdinov,24-1-1,72,74,Orthodox,1991-09-28
8fa2b06572365321,Marcus Jones,4-2-0,78,,Orthodox,1973-08-15
8fc9ae9c7527dfcb,Callan Potter,18-9-0,72,72,Orthodox,1984-06-09
8fd1f27e86661ede,Alexandre Barros,22-11-0,69,,Southpaw,1976-11-19
8fd808923cffff82,Andre Fili,25-14-0 (1 NC),71,74,Orthodox,1990-06-25
9014c02eff8b3d62,Carlos Ulberg,15-1-0,76,77,Orthodox,1990-11-07
901cddcbfa079097,Will Campuzano,14-6-0,69,70,Orthodox,1986-05-27
902ab9197b83d0db,Phil Davis,17-4-0 (1 NC),74,79,Orthodox,1984-09-25
902ec2cc48c8ae8a,Julian Erosa,31-14-0,73,74,Southpaw,1989-07-31
907e60fd13407e1e,Bec Rawlings,7-8-0,66,64,Orthodox,1989-02-11
90da09db03e41748,Sergey Khandozhko,28-6-1,73,74,Orthodox,1992-05-19
90e0985df05e51bc,Ray Rodriguez,16-8-0,67,70,Orthodox,1987-12-10
91181b29be041f1c,Greg Stott,0-1-0,67,,Southpaw,
91186547a7f3f758,Ricardo Almeida,13-5-0,72,74,Orthodox,1976-11-29
911fb265462f0d94,Travis Fulton,253-53-10 (1 NC),72,,Orthodox,1977-05-29
9123c54d0a2b72dd,Christian Colombo,8-3-1,77,,Orthodox,1980-07-01
9147679e1a4ad4a3,Richardson Moreira,7-4-0,74,,Orthodox,1984-03-31
914a897455693650,Carl Deaton,17-7-0 (2 NC),67,69,Orthodox,1989-11-24
915c8d39d4a0e7d1,Ramiro Hernandez,19-9-0,69,,Orthodox,1986-07-22
91720876db0ee468,Jason Gilliam,14-9-0,72,,Orthodox,1972-10-31
917a5cb9821df261,Jeremy Kimball,15-8-0,72,72,Switch,1991-01-03
917e53fa0adea0d3,Leonard Garcia,18-13-1,70,68,Orthodox,1979-07-14
918d9d89d4d52acc,Anthony Torres,5-3-0,68,,Orthodox,1978-07-31
918db42c3637916f,Leigh Remedios,18-10-2,67,,Orthodox,1976-01-13
9199e0735b83dd32,Andy Anderson,0-1-0,66,,,1974-07-16
91acd6910b802a9e,Chris Lytle,31-18-5,71,68,Orthodox,1974-08-18
91d73ee59347ac16,Brodie Farber,16-7-0,73,,Orthodox,1980-07-05
91dac5e69e28d5b5,Pannie Kianzad,17-9-0,67,66,Orthodox,1991-12-08
91ea901c458e95dd,Jared Rosholt,14-4-0,74,75,Orthodox,1986-08-04
92437c6775b3f7d1,John Moraga,19-7-0,66,66,Orthodox,1984-03-20
9256f591b30c073e,Felipe Lima,14-2-0,66,68,Orthodox,1998-05-07
928ae2e5b5f7a9ec,Justine Kish,7-4-0,65,64,Orthodox,1988-04-13
92a9aa9c93192871,Darren Elkins,29-12-0,70,71,Orthodox,1984-05-16
92aafa8f4b26269b,Walel Watson,14-10-0,71,75,Orthodox,1984-07-16
92aed9d16794f42b,Robert Ruchala,11-3-0,68,72,Switch,1998-05-15
92b36014314b028b,Peggy Morgan,4-4-0,73,,,1979-12-16
92b62174c175ce19,Clint Hester,11-6-0,74,77,Orthodox,1986-11-21
92fa1401b7927da3,Jake Collier,13-10-0,75,78,Orthodox,1988-10-25
9310418684bc896f,Pawel Pawlak,12-3-0,72,73,Orthodox,1989-02-08
934de214814b8ff4,Jesse Bongfeldt,16-5-1,72,,Orthodox,1980-08-28
9384e71bca6c409d,Marco Tulio,14-3-0,72,74,Orthodox,1994-06-13
93892752c5fc23ca,Jerry Bohlander,11-4-0,71,,Orthodox,1974-02-12
938ad489fb7a1f31,Levan Makashvili,15-2-1,68,68,Orthodox,1989-01-07
93b2b7caa457cbea,James Llontop,14-5-0,72,73,Orthodox,1999-08-02
93b62c5f2ba18e51,Gustavo Lopez,12-6-1,65,67,Orthodox,1989-06-27
93b9496275bbbf80,Seth Petruzelli,14-8-0,72,76,Orthodox,1979-12-03
93ce4ac89e3d7652,Luke Cummo,6-6-0,72,74,Orthodox,1980-04-27
94070f6544c4b2a5,Rodrigo Ruas,4-5-1 (1 NC),70,,Orthodox,1977-10-06
94426bb170c88115,Sodiq Yusuff,13-5-0,69,71,Orthodox,1993-05-19
9450848a71d53776,Lorenz Larkin,18-6-0 (1 NC),71,72,Orthodox,1986-09-03
94508d80e1f885fc,Augusto Montano,15-3-0,73,73,Orthodox,1984-10-25
94527830000ab715,Rani Yahya,28-12-1 (1 NC),66,67,Orthodox,1984-09-12
94609dd91731d428,Jeff Newton,4-2-0,74,,Sideways,1966-12-11
946db8a378903cc3,Joe Giannetti,6-1-0,72,74,Southpaw,1995-07-05
946f341df6472ee0,Guy Mezger,30-14-2,73,,Orthodox,1968-01-01
947eccadb72f4f6f,Jesse Forbes,15-5-0,74,75,Southpaw,1984-10-24
948880beac71f028,Felipe Olivieri,14-5-0 (1 NC),69,,Orthodox,1985-04-12
9508cc6184cb2450,Eric McConico,11-4-1,72,77,Southpaw,1990-05-09
950d0ef5c17157c5,Maxim Grishin,32-10-2,75,78,Orthodox,1984-05-02
952f6fa06f25a0ec,Carlos Newton,16-14-0,69,,Orthodox,1976-08-17
955da1675ad58a50,Josh Hokit,10-0-0,73,73,Orthodox,1997-11-12
9560ff14eb3129f7,Giga Chikadze,15-6-0,72,74,Orthodox,1988-08-25
9583662df31d943f,Luigi Fioravanti,26-15-0,68,70,Orthodox,1981-01-22
95aff2fd8d09a5f0,Abdul Rakhman Yakhyaev,10-0-0,74,78,Orthodox,2001-01-03
95eb112a85601a0a,Jutaro Nakao,25-19-4,69,,Southpaw,1970-11-30
96087e90d900f0ef,Robert Lucarelli,0-1-0,74,,,
960d6cae8879ba2b,Robert Peralta,18-8-0 (1 NC),68,71,Orthodox,1986-03-14
96428b9e9bd048ea,Luke Sanders,13-5-0,66,67,Southpaw,1985-12-12
9673a497a9da119a,Polyana Viana,13-9-0,65,67,Orthodox,1992-06-14
96924b0019b3aff1,Gaston Bolanos,9-5-0,67,69,Orthodox,1992-09-14
96c336b463e0662c,Frankie Perez,10-4-0,71,73,Orthodox,1989-05-11
96d173b7f92aa520,Onassis Parungao,2-1-0,71,,,
970beed85bc46b63,Delson Heleno,29-10-0,71,,Orthodox,1977-11-16
971246648e162f0d,Chase Hooper,17-5-1,73,74,Southpaw,1999-09-13
971dba22c622af12,Josefine Knutsson,8-1-0,63,60,Orthodox,1996-01-16
972c456ff38b2015,Claudio Ribeiro,11-5-0,73,77,Orthodox,1992-07-17
977081bc01197656,Scott Ferrozzo,4-2-0,71,,Orthodox,1965-04-26
979f7edbb6980b0d,CJ Fernandes,14-8-3,74,,,1977-11-13
97a6bbe6e6566a94,Francisco Trevino,13-3-0,69,70,Orthodox,1981-12-17
97a8f39186f489db,Jeff Hougland,10-6-0,67,68,Orthodox,1978-08-02
97cf1a2c7c5e7889,Steve Garcia,19-6-0,72,75,Southpaw,1992-05-22
980b4e712489098e,Dave Strasser,25-8-0,70,,Orthodox,1969-07-13
981ab7a0576f76a0,Julie Kedzie,16-13-0,65,,Orthodox,1981-03-18
98215d037be5bcb7,Cynthia Calvillo,9-6-1,64,64,Orthodox,1987-07-13
984d15d5dc7bfcf9,James Bochnovic,8-3-0,76,81,Orthodox,1989-02-13
98a58c26c5b1ed17,Patricio Pitbull,37-9-0,66,67,Orthodox,1987-07-07
98a6b2361045898f,Dong Hyun Ma,16-11-3,71,70,Orthodox,1988-09-09
98aa60cf58071fd6,Kyoji Horiguchi,36-6-0 (1 NC),64,63,Orthodox,1990-10-12
98b80a717b9bda17,Matt Hamill,12-8-0,73,76,Orthodox,1976-10-05
98c23cb6da5b3352,Aleksei Oleinik,60-17-1,74,80,Orthodox,1977-06-20
98d961097baaf308,Shane Burgos,15-3-0,71,75,Orthodox,1991-03-19
98e946879ba20c0f,Boston Salmon,6-3-0,69,69,Southpaw,1990-11-20
98ec9f385cca47fc,Besam Yousef,7-4-0,71,,Orthodox,1985-03-25
98f6da59d765ec94,Charlie Brenneman,19-8-0,70,70,Orthodox,1981-02-09
990bd63726a577f8,Tim Williams,15-5-0,74,76,Orthodox,1986-07-03
99223fbb4a05326b,Damian Rzepecki,10-1-0,70,71,Orthodox,2001-11-23
993d385f5a475375,Andy Enz,10-4-0,75,78,Orthodox,1991-08-15
99506df1af6c8b3b,John Dodson,22-12-0,63,66,Orthodox,1984-09-26
99bcdf5eac39898f,Jordan Johnson,10-0-0,74,79,Orthodox,1988-11-18
99bd51917728c25d,Grant Dawson,24-3-1,70,72,Switch,1994-02-20
99bd87a300079ed9,Erik Koch,16-6-0,70,71,Southpaw,1988-10-04
99c7610aa74995d3,Cathal Pendred,17-4-1,73,75,Orthodox,1987-09-02
99dd0147dc4ef80c,Genki Sudo,15-4-2,69,,Orthodox,1978-03-08
99df7d0a2a08a8a8,Jan Blachowicz,29-11-2,74,78,Orthodox,1983-02-24
9a2d3567abc02e34,Tae Hyun Bang,18-10-0,69,71,Switch,1983-04-15
9a967e8e43dcef63,Joao Pierini,4-1-0,73,,Switch,1971-12-11
9a97acbfd5a08bfa,David Martinez,14-1-0,65,67,Orthodox,1998-08-03
9ab9912e0f8fa6d6,Cory Hendricks,3-1-0,75,,Switch,1988-05-10
9abc648e76c4493a,Bill Algeo,18-9-0,72,73,Switch,1989-06-09
9ac4e43ed56429ed,Levi Rodrigues Jr.,5-1-0 (1 NC),72,76,Orthodox,1996-10-15
9ada30894bf04e19,David Dvorak,20-6-0,65,68,Orthodox,1992-06-05
9b198c73e3d0d289,Justin Salas,12-7-0,68,70,Southpaw,1982-03-13
9b1e3fb4f8cbd5b7,Ricky Rainey,12-6-0,73,77,Switch,1983-06-29
9b5b5a75523728f3,Kazushi Sakuraba,26-17-1 (2 NC),72,,Southpaw,1969-07-14
9b68bf67c5695185,Todd Brown,16-4-0 (1 NC),71,,Orthodox,1976-12-13
9b74de674c355425,Paul Taylor,11-6-1 (1 NC),72,72,Orthodox,1979-12-15
9b75954db8db2a08,Justin Jones,9-2-0,71,,Orthodox,1987-09-06
9b7694d064a8a0ad,Rustam Khabilov,24-4-0,68,73,Orthodox,1986-11-04
9b7dfb3b7d99926a,Vanessa Melo,11-8-0,65,65,Orthodox,1988-03-27
9ba2226646046b63,Frankie Saenz,13-7-0,66,66,Orthodox,1980-08-12
9bad58fa651d6196,Jermaine Andre,14-4-0,67,,Orthodox,1973-07-16
9bcf8603ceb25680,Dong Hyun Kim,22-4-1 (1 NC),74,76,Southpaw,1981-11-17
9be6020024133293,Cyril Asker,9-4-0,72,74,Orthodox,1985-12-24
9c27f3217891f3f0,Kris Moutinho,14-8-0,67,68,Southpaw,1992-08-09
9c393e836a852f30,Mauricio Ruffy,14-2-0,71,75,Orthodox,1996-06-17
9c42a0de8e012870,Kelly Faszholz,4-2-0,68,,Orthodox,1985-04-09
9c442aaf149ea982,Shauna Bannon,7-3-0,65,65,Switch,1993-10-23
9c44f290f5726d95,Martin Bravo,11-3-0,68,71,Southpaw,1993-09-21
9c65736747ca92ec,Leonardo Santos,18-7-1,72,75,Orthodox,1980-02-05
9c669abd35b2522f,Greg Soto,9-4-0,71,73,Orthodox,1986-06-03
9c907996820d2d69,Jimmie Rivera,23-5-0,64,68,Orthodox,1989-06-29
9ca265dfe8323db3,Tim McKenzie,14-9-0,72,74,Orthodox,1982-07-21
9ccdd2ce45903f34,Mark Weir,21-18-1,74,,Southpaw,1967-09-19
9ccf8371fd80d45d,Luan Chagas,15-3-1,72,75,Orthodox,1993-06-17
9cd047a828dd7515,KB Bhullar,8-2-0,76,78,Switch,1991-10-12
9cdd2da1a9104a0b,Macy Chiasson,11-6-0,71,72,Orthodox,1991-07-27
9ce6d5a03af801b7,Darren Till,18-5-1,72,74,Southpaw,1992-12-24
9cfbfae5fa1fdd93,Geraldo de Freitas,12-6-0,67,72,Orthodox,1991-09-30
9d19d9e4aa2662e8,Nicolas Dalby,24-6-1 (2 NC),71,74,Orthodox,1984-11-16
9d4522df6fc49a47,Kuniyoshi Hironaka,23-9-0,70,70,Orthodox,1976-06-17
9d51798e61f2e0c7,Kurtis Campbell,8-1-0,69,72,Switch,2002-07-29
9d62c2d8ee151f08,Karine Silva,19-7-0,65,67,Orthodox,1993-12-02
9d83f6da776ff7d6,Roman Kopylov,15-5-0,72,75,Southpaw,1992-05-04
9ddfb3369a3b0394,Antonio Banuelos,20-11-1,65,63,Orthodox,1979-09-23
9dedfdd91070ddd8,Victoria Leonardo,9-7-0,65,64,Orthodox,1990-02-16
9deff9e3e8d94d47,Josh Samman,13-4-0,75,79,Orthodox,1988-03-14
9e50097a89442158,Mickey Gall,7-7-0,74,74,Switch,1992-01-22
9e8f6c728eb01124,Justin Gaethje,28-5-0,71,70,Orthodox,1988-11-14
9e92e1ca498d7244,Fernie Garcia,10-5-0,67,67,Orthodox,1992-04-12
9eb069062a0cfc13,Nolan Ticman,4-3-0,66,,Orthodox,1988-05-17
9edf2c9082cc2cd8,Blood Diamond,3-3-0,71,76,Switch,1988-07-10
9eed2bcc9e0b92af,Leon Shahbazyan,12-5-0,76,74,Orthodox,1995-11-18
9eef6584fab21fbb,Cindy Dandois,8-3-0,67,,Orthodox,1984-10-26
9f1641c08cf8fbe2,Shannon Gugerty,15-7-0,70,71,Orthodox,1981-12-30
9f488f520ed25bbf,Kenichi Yamamoto,5-12-2,72,,Orthodox,1976-07-11
9f5609dba6584ab2,Regina Tarin,8-0-0,67,66,Southpaw,2004-10-19
9f5e3c20ce40b344,Klaudia Sygula,8-2-0,68,69,Orthodox,1998-12-30
9f755fb04cc21499,Noad Lahat,11-2-0,69,69,Orthodox,1984-06-08
9f7787e56a6bc0f4,Sako Chivitchian,8-1-0,71,,Orthodox,1984-03-11
9f842be1a5337be6,Michihiro Omigawa,17-14-1,66,68,Orthodox,1975-12-19
9fa3bd637edd9aa2,Patrick Cote,23-11-0,71,75,Orthodox,1980-02-29
9fa568ad2bf2cb0b,Justin Scoggins,11-5-0,67,66,Southpaw,1992-05-02
9fd1f08dd4aec14a,Dave Beneteau,6-5-1,74,,Orthodox,
9fe7af8b3fbe00a0,Preston Parsons,11-6-0,71,71,Orthodox,1995-07-15
9fe85152f351e737,Mike Swick,15-6-0,73,77,Orthodox,1979-06-19
a00ec21cfbba17b6,Yui Chul Nam,18-8-1,69,,Orthodox,1981-07-16
a01a62132460a98d,Adam Fugitt,10-6-0,73,77,Southpaw,1989-01-12
a01e84abefd85ec0,Pascal Krauss,11-2-0,73,,Orthodox,1987-04-19
a0602dd050bebefc,Jon Manley,9-4-0,73,,Orthodox,1986-07-07
a08d909a5be6f410,Eliot Marshall,10-4-0,74,77,Orthodox,1980-07-07
a08ddd04eaffd81d,Mariya Agapova,10-5-0,66,68,Southpaw,1997-04-07
a09ed60aa67a3f67,Farid Basharat,16-0-0,68,71,Orthodox,1997-08-02
a0b91014e9d16a76,Cale Yarbrough,8-3-0,73,,Orthodox,1986-12-27
a0c139b34f11421a,John Gunderson,35-16-2,69,69,Orthodox,1979-01-05
a0c64f272b65d441,Eric Shelton,12-6-0,66,68,Orthodox,1991-02-02
a0e6753c42698f13,Omar Morales,11-4-0,71,73,Orthodox,1985-10-17
a0e75f4a13eb73f1,Megan Anderson,11-5-0,72,72,Orthodox,1990-02-11
a0f0004aadf10b71,Alexandre Pantoja,30-6-0,65,67,Orthodox,1990-04-16
a112097ad877a48f,Alberto Montes,12-2-0,67,69,Orthodox,1994-05-31
a12a8314adc1c1c9,Laureano Staropoli,9-5-0,73,71,Orthodox,1993-02-27
a13d755965a4ec9f,Rongzhu,28-6-0,69,70,Orthodox,2000-03-07
a149d6bc670cdb60,Dustin Hazelett,12-7-0,73,76,Orthodox,1986-04-29
a17322f99ddfd8e9,Bristol Marunde,16-10-0,73,75,Orthodox,1982-04-20
a17ad5a5048e8c3f,Darren Stewart,12-8-0 (2 NC),72,74,Orthodox,1990-12-30
a1ad35b98a9136e5,Lawrence Lui,8-1-0,67,72,Orthodox,1996-08-04
a1b0715c4fd2dbd3,Azamat Gashimov,8-3-0,66,,Orthodox,1990-04-07
a1f6999fe57236e0,Wanderlei Silva,35-13-1 (1 NC),71,74,Orthodox,1976-07-03
a20d7dfaba74c067,Rodrigo Damm,13-9-0,67,71,Orthodox,1980-02-03
a20f234df70f2182,Ji Yeon Kim,9-7-2,67,72,Orthodox,1989-10-18
a220be6d41d6f97d,Carlos Barreto,14-9-0,76,,Orthodox,1968-07-22
a24e080000fa7a35,Darrel Gholar,5-6-0,68,,Orthodox,1962-11-07
a26198ba5093147e,TJ Grant,21-5-0,70,72,Orthodox,1984-02-26
a264d4e9a4d6bfe4,Sangwook Kim,13-4-0,72,71,Orthodox,1993-10-17
a29db9cd4f9ccea5,Natan Levy,8-2-0,69,71,Southpaw,1991-09-30
a2b06ca02bca14c0,Harold Howard,1-3-0,74,,Orthodox,
a2b12c3f3d60ff69,Alex Garcia,15-6-0,69,72,Orthodox,1987-07-14
a2ccf35a88346a91,Erick Gonzalez,14-8-0,71,75,Orthodox,1992-01-20
a2d342ffc83913ed,Nathan Fletcher,9-3-0,67,70,Orthodox,1998-01-03
a2ea77e974c5889f,Carlos Felipe,11-2-0,72,75,Orthodox,1995-01-12
a331233f597090a5,Bryan Barberena,18-12-0,72,72,Southpaw,1989-05-03
a36556bb1565e32d,Joe Proctor,11-5-0,70,72,Orthodox,1985-08-10
a390eb8a9b2df298,Chuck Liddell,21-8-0,74,76,Orthodox,1969-12-17
a3a542074109b347,Luana Pinheiro,11-5-0,62,62,Orthodox,1992-11-18
a3be148af5c7b088,Piotr Hallmann,18-6-0,69,71,Orthodox,1987-08-25
a3dda21be645be93,Jean-Paul Lebosnoyani,11-2-0,71,72,Switch,1999-01-27
a421465acbe59c77,Denis Stojnic,13-3-0 (1 NC),72,,Orthodox,1980-02-02
a44020ea2e8cd026,JooSang Yoo,9-1-0,67,71,Orthodox,1994-01-21
a474aade8eb3a8f0,SuYoung You,16-4-0 (2 NC),66,65,Orthodox,1995-12-11
a495f599e787614f,Alonzo Menifield,18-6-1,72,76,Orthodox,1987-10-18
a4a80dd7336ffd59,Melissa Gatto,9-3-2,65,69,Orthodox,1996-05-02
a4dc0f2b95df4cc1,Bekzat Almakhan,12-4-0,67,68,Orthodox,1997-10-08
a4dc47001f202bcd,Rodrigo de Lima,8-3-1,67,,Orthodox,1991-03-12
a4de54ea806fb525,Ray Borg,13-5-0,64,63,Orthodox,1993-08-04
a4e85a58fbce64b2,Joe Soto,18-7-0,66,65,Orthodox,1987-03-22
a52bc1e62cf0b7c6,Melsik Baghdasaryan,8-4-0,69,70,Southpaw,1992-01-28
a53d30163304aa6e,Carlston Harris,19-8-0,72,76,Orthodox,1987-07-09
a54660deb6a8489c,Muin Gafurov,20-7-0,67,68,Orthodox,1996-05-17
a54a35a670d8e852,Andre Roberts,14-2-1,74,,Orthodox,1965-02-24
a54b961a1f8be1d5,John Garza,6-2-0,67,68,Orthodox,2002-10-30
a54fc2d6fc224dc3,Jamie Varner,21-11-1 (2 NC),68,71,Orthodox,1984-10-12
a56607a451e4c70d,Chris Wilson,18-10-0 (1 NC),73,75,Orthodox,1977-06-07
a566371ba2ad7152,Josh Thomson,22-9-0 (1 NC),70,71,Orthodox,1978-09-21
a57cb948c4c70a47,Isaac Dulgarian,7-2-0,67,71,Orthodox,1996-07-04
a66395395b5f1394,Danny Downes,8-3-0,72,72,Orthodox,1986-04-08
a67d071163962af8,Michael Page,25-3-0,75,79,Switch,1987-04-07
a67f5afa8d6a1b80,Ryan Spann,24-11-0,77,79,Orthodox,1991-08-24
a683f9ddb70aa4bd,Sean Daugherty,0-2-0,72,,,1975-12-04
a68575214ecad140,SeungWoo Choi,11-8-0,72,74,Orthodox,1992-11-03
a6959da32f0e6b5d,Kyle Bradley,19-12-0 (1 NC),69,71,Orthodox,1982-08-19
a69a7120cf26669d,Levan Chokheli,15-3-0 (1 NC),71,72,Orthodox,1996-10-02
a6a9ab5a824e8f66,Joel Sutton,2-4-1,71,,Orthodox,1969-07-07
a6bbd3df469c6bea,Roger Gracie,8-2-0,76,79,Orthodox,1981-09-26
a6c20202c701e5ca,Sasha Palatnikov,6-4-0,73,72,Switch,1989-03-15
a6c2f5381d575920,Orlando Wiet,1-5-0,70,,Southpaw,1965-10-24
a6cba6bb66c1a8c9,Danny Roberts,18-8-0,73,74,Southpaw,1987-07-14
a6d8bfe9e0c8153b,Kevin Burns,12-7-0,70,74,Orthodox,1980-03-03
a6eb54ae17a551be,Gabriella Fernandes,11-4-0,66,66,Southpaw,1993-08-13
a6f3d15cb84334bb,Dean Barry,4-2-0,70,72,Orthodox,1992-07-03
a6fd2173d5e2d7f0,Jason Day,19-12-0,72,72,Orthodox,1981-05-19
a7151778b3381036,Kurt Holobaugh,22-10-0 (1 NC),71,70,Orthodox,1986-09-08
a72a2a769fa5a2be,Anshul Jubli,7-2-0,72,69,Switch,1995-01-13
a75a48bfe776b2c2,Jesse Butler,12-6-0,70,73,Orthodox,1992-05-24
a780d16cf7eed44d,Lucio Linhares,19-8-0,74,,Orthodox,1973-12-08
a7897d200692ab64,Kyung Ho Kang,19-11-0 (1 NC),69,73,Orthodox,1987-09-09
a78a87d8c2bbb1cb,Julija Stoliarenko,11-10-2,67,66,Orthodox,1993-04-08
a7b48e18ca27795d,Mark Kerr,15-11-0 (1 NC),75,,Switch,1968-12-21
a7d687e6ecb30981,Rob Broughton,16-7-1,74,74,Orthodox,1983-03-03
a7ddae0be8b78147,Jessamyn Duke,3-5-0 (1 NC),71,73,Orthodox,1986-06-24
a7de976620f2ed13,Shane Howell,13-10-0,68,,Orthodox,1983-11-28
a7e3f02fe2b2fe30,Danyelle Wolf,1-1-0,71,70,Orthodox,1983-09-08
a7f4d0902bb64092,James Irvin,17-10-0 (2 NC),74,75,Orthodox,1978-09-12
a817e238b2747404,Dylan Budka,7-5-0,72,75,Switch,2000-01-14
a8283a4f415e1eb9,Francisco Trinaldo,28-9-0,69,70,Southpaw,1978-08-24
a845f0735bc67405,Jake Matthews,23-8-0,71,73,Orthodox,1994-08-19
a851c35f58199231,Syuri Kondo,6-3-0,64,66,Orthodox,1989-02-08
a85998eb79650b2c,Wes Combs,20-6-0,74,,Orthodox,1973-06-18
a8aba6fd8a463043,Jess Liaudin,20-11-0,69,72,Orthodox,
a8c9d16fe2a14d72,CM Punk,0-1-0 (1 NC),73,73,Orthodox,1978-10-26
a8d521d913df4e31,Ryan Madigan,5-3-0,72,,Orthodox,
a8e6a69796280f17,Nate Marquardt,35-19-2,72,74,Orthodox,1979-04-20
a8ea84cbe1655f0a,Jeff Curran,36-18-1,66,69,Orthodox,1977-09-02
a8fa0c4e95512806,Phil Johns,30-14-1,62,,Southpaw,1968-10-22
a93f94c923c3a9cb,Christian Leroy Duncan,15-2-0,74,79,Switch,1995-07-24
a9a314cc77d90b6e,Wade Shipp,11-5-0,75,,Orthodox,1975-02-09
a9bcf8717dd12532,Mats Nilsson,11-4-1,73,,Orthodox,1983-12-05
a9d6e047ce48ab63,Allen Crowder,10-4-0 (1 NC),75,76,Orthodox,1989-11-08
a9da3158dd2c2b5a,Jack Jenkins,14-4-0,67,68,Switch,1993-11-03
a9e260472d321361,Jasmine Jasudavicius,15-4-0,67,68,Orthodox,1989-03-01
aa03a3ca00ac6827,Carmelo Marrero,16-6-0 (1 NC),72,73,Orthodox,1981-01-26
aa0c573da7119292,Juliana Miller,5-4-0,67,66,Orthodox,1996-05-07
aa171d55d4b5208f,Billy Quarantillo,18-7-0,70,70,Orthodox,1988-12-08
aa1952ec0b3dd8e1,Kurt Pellegrino,16-7-0,68,70,Orthodox,1979-05-07
aa5b4eff51bdc7d1,Gilbert Melendez,22-8-0,69,73,Orthodox,1982-04-12
aa6e591c2a2cdecd,Ricardo Abreu,5-1-0,71,,Orthodox,1984-04-27
aa72b0f831d0bfe5,Deiveson Figueiredo,25-7-1,65,68,Orthodox,1987-12-18
aa79d5399571068e,Brandon Wolff,7-5-0,69,,Orthodox,1975-10-18
aac5ac38148f0528,Paul Kelly,14-5-0,69,70,Orthodox,1984-09-12
aac6edb0d5e0b7e9,Marcin Wrzosek,12-4-0,69,,,1987-10-14
aae0897825336b1a,Renzo Gracie,13-7-1 (1 NC),70,,Orthodox,1967-03-11
aae99701b21554e4,Ryan Jensen,21-8-0,73,76,Orthodox,1977-09-20
ab2a4b5e04dc5fe9,Alvin Hines,7-2-0,74,74,Orthodox,1991-10-20
ab2b4ff41d6ebe0f,Alex Perez,26-10-0 (1 NC),66,65,Orthodox,1992-03-21
ab35634d1a8c7a11,Flavio Luiz Moura,19-7-0,71,,Open Stance,1976-01-26
ab850a77a0fa487d,Sean Spencer,12-6-0,70,74,Orthodox,1987-06-25
ab8900ae1f1dfd4c,Yoshiyuki Yoshida,18-9-0,71,70,Southpaw,1974-05-10
ab943cd2c3c17825,Marcos Rogerio de Lima,22-10-1,73,75,Orthodox,1985-06-25
abb68e3c7ca128f2,Julia Polastri,14-6-0,62,63,Orthodox,1998-03-05
abbc4fc02e0d84b3,Eric Martin,0-1-0,,,,
abbc737317f66b81,Corey Hill,6-9-0,76,80,Orthodox,1978-10-03
abcf2cc6efc42031,Iasmin Lucindo,18-6-0,63,66,Orthodox,2002-01-08
abd2109bc4cb0291,Bentley Syler,5-1-0,64,,Orthodox,1982-12-22
abd5fb12437eda21,Ramazan Emeev,20-6-0,70,76,Southpaw,1987-05-23
ac026518a9b4dc0f,Jordan Leavitt,13-4-0,69,71,Southpaw,1995-06-02
ac0874309da489b9,Marek Bujlo,6-1-0,76,77,Orthodox,1992-10-10
ac29d508d78384c9,Marcelo Golm,6-3-0,75,75,Orthodox,1992-09-15
ac40f7e3cbecdda4,Parker Porter,14-9-0,72,75,Orthodox,1985-04-22
ac5a7400da3a9a41,Elias Garcia,6-2-0,65,67,Southpaw,1992-09-13
ac70a4f1db1b8c40,Scott Junk,8-3-1 (1 NC),73,,Orthodox,1978-12-17
ac7c765882f2c68c,Elise Reed,8-5-0,63,63,Orthodox,1992-12-05
acb36c908d415c4a,Vinicius Moreira,9-5-0,76,76,Orthodox,1989-02-28
acd9513399a8b09b,Ednaldo Oliveira,17-3-1 (1 NC),77,,Orthodox,1984-02-19
aceffa19749c4dc0,Zubaira Tukhugov,20-6-1,68,68,Orthodox,1991-01-15
acff437707625fc7,Yushin Okami,34-12-0,74,75,Southpaw,1981-07-21
ad047e3073a775f3,Steve Jennum,2-3-0,70,,Orthodox,1963-09-23
ad3041e61896b975,Jason Tan,5-3-0,70,,Orthodox,1981-12-17
ad32471f01e7b1a5,Jeremy Jackson,9-5-0,70,,Orthodox,1982-09-19
ad3f53c454cbbead,Josh Barnett,35-8-0,75,78,Orthodox,1977-11-10
ad56b3f00ca38dfd,Mark Godbeer,13-4-0,76,77,Orthodox,1983-11-22
ad5cb64af10fc946,Donte Johnson,8-0-0,68,74,Southpaw,1999-01-25
adccbc19b22e19af,SeungGuk Choi,7-3-0,66,64,Orthodox,1996-12-26
adea9f0090aa8e14,Jason Fairn,4-5-0,73,,,
ae071698e1a3ccd4,Christian Aguilera,14-8-0,69,72,Switch,1991-11-25
ae58685caf8e4a0d,Bill Mahood,20-7-1 (1 NC),75,,Orthodox,1967-02-01
ae7fe94f117f98cf,Joaquim Silva,14-6-0,68,69,Southpaw,1989-02-05
ae81a3ac7b260411,Tofiq Musayev,23-6-0,69,69,Orthodox,1989-12-15
aebaa8cec15b083d,Kody Steele,8-1-0,69,71,Orthodox,1995-04-21
aebfb84d1f6d2d8c,Allen Berube,4-3-0,68,,Orthodox,1974-08-25
aec185309b4843d0,Siyar Bahadurzada,24-8-1,71,73,Orthodox,1984-04-17
aed06011bf62237b,Dongi Yang,13-3-0,70,73,Southpaw,1984-12-07
aee8eecfc4bfb1e7,Bobby Southworth,10-6-0 (1 NC),74,,Orthodox,1969-12-16
af49a6c491ca22a3,Kristian Rothaermel,4-3-0,72,,Open Stance,1972-01-31
af5b208e97f5d382,Wilson Gouveia,14-8-0,73,76,Orthodox,1978-10-03
af62f99eb7606308,Erik Perez,17-6-0,68,68,Orthodox,1989-11-19
af65aa688d13eedf,Joe Solecki,13-6-0,69,70,Orthodox,1993-08-27
af90b10c785ced3e,Mike Rio,10-5-0,70,70,Orthodox,1981-07-06
af997f7611673880,Gadzhimurad Antigulov,20-8-0,71,70,Orthodox,1987-02-09
af9efbfd63d39734,Chelsea Chandler,7-4-0,68,68,Southpaw,1990-11-23
af9f42e6894047fc,Jamie Mullarkey,18-9-0,72,74,Orthodox,1994-08-17
afaad7d6a581e307,Bobby Hoffman,36-10-1 (2 NC),74,,Orthodox,1968-10-28
afc2a7ce0c763bd5,Yoislandy Izquierdo,10-4-0,71,,Southpaw,1984-01-09
afdb76fbd86f6d11,Edilberto de Oliveira,29-15-2,72,,Orthodox,1982-11-22
afe8d5b39ff7fca2,Louis Cosce,7-2-0,69,71,Orthodox,1995-08-27
b01a5e0dcd9f231d,Muhammad Saidov,10-0-0,74,73,Orthodox,1996-01-10
b034747dc1d15491,Kazuhiro Nakamura,21-13-0,71,70,Orthodox,1979-07-16
b05086131c6f5dc5,Derek Downey,11-4-0,73,,Orthodox,1980-04-27
b0550072e5f0afa7,Yoshihiro Akiyama,14-6-0 (2 NC),70,75,Orthodox,1975-07-29
b07aed698fba8624,Ikram Aliskerov,18-2-0,72,76,Southpaw,1992-12-07
b08012bbe542592a,Tatiana Suarez,13-1-0,65,66,Southpaw,1990-12-19
b0a6124751a56bc4,Jonathan Brookins,16-10-0,72,74,Southpaw,1985-08-13
b0bd0c5425668b8f,Henrique da Silva,14-5-0,75,76,Orthodox,1989-09-01
b0d6a1d8ac3d563d,Max Griffin,20-13-0,71,76,Orthodox,1985-11-29
b0f316c60f8d3b47,Josh Ferguson,10-5-0,65,,Orthodox,1988-05-13
b102c26727306ab6,Jussier Formiga,23-8-0,65,67,Orthodox,1985-04-14
b12a1d19ee383b7c,Tonya Evinger,19-8-0 (1 NC),67,70,Orthodox,1981-06-04
b12fb759e02378de,Gilbert Urbina,7-5-0,75,75,Orthodox,1996-04-05
b12fc8a41e82d3a2,Joby Sanchez,11-4-0,66,68,Orthodox,1991-06-24
b13da0b1a3aed3e7,Nick Ring,14-4-0,72,74,Southpaw,1979-02-10
b14a68c533f4a4aa,Dokonjonosuke Mishima,21-7-2,67,,Southpaw,1972-04-19
b15862fcd6ded451,Carlos Mota,8-2-0,64,69,Orthodox,1995-04-15
b18fb36a4aa00093,John Polakowski,2-2-0,70,,Orthodox,1981-06-21
b19fc66613dc75b9,Chris Brennan,21-13-1,68,,Orthodox,1971-10-12
b1a3e0aca758b322,Derek Brunson,23-9-0,73,77,Southpaw,1984-01-04
b1b0729d27936f2f,Belal Muhammad,24-6-0 (1 NC),71,72,Orthodox,1988-07-09
b1d19449397541dc,Askar Askarov,14-1-1,66,67,Orthodox,1992-10-09
b1de86d835638319,Luke Riley,14-0-0,69,69,Orthodox,1999-06-30
b1e5bcaad32a3cac,Priscila Cachoeira,13-9-0,67,65,Orthodox,1988-08-19
b1f21ce050035d58,Andre Lima,11-1-0,67,67,Orthodox,1999-02-04
b23fca14c7b79935,Ivan Serati,12-4-0,72,,Orthodox,
b26d3e3746fb4024,Brian Bowles,10-3-0,67,70,Orthodox,1980-06-22
b27a1fcb56a3035a,Trevin Giles,16-7-0,72,74,Orthodox,1992-08-06
b27b8881d7444114,Adam Cella,6-8-0,74,,,1985-06-26
b2a2da86546ddb19,Buddy Roberts,12-3-0,74,,Orthodox,1982-10-17
b2a78df161bd67f9,Gauge Young,11-3-0,69,70,Orthodox,2000-07-14
b2acebbef8da14ea,Akihiro Gono,35-21-8,67,68,Switch,1974-10-07
b2e3aca4cd363477,Chris Cariaso,17-8-0,63,64,Southpaw,1981-05-27
b2f743746e8dcfa2,Jason Black,23-4-1,68,,Orthodox,1972-07-15
b2f88c04c4dd43ce,Jason Miller,23-10-0 (1 NC),73,,Orthodox,1980-12-24
b35a159f525764eb,Chris Saunders,16-8-0,68,,,1986-03-11
b35ba64b6a2bbcb3,Jose Maria,37-7-0 (2 NC),65,,Orthodox,1982-01-04
b361180739bed4b0,David Abbott,10-15-0,72,,Switch,1965-04-26
b369533a577fa97c,Dan Christison,20-7-0,80,,Orthodox,1972-04-26
b39f7a6c2be17ee8,Charlie Campbell,9-3-0,72,72,Orthodox,1995-07-03
b3bbe88fecd6a0d2,Dave Berry,0-1-0,,,,
b3d21b2610dcfaeb,Emily Whitmire,4-5-0,65,63,Orthodox,1991-05-24
b406da701c479076,Ernest Chavez,10-2-0,68,70,Orthodox,1983-06-27
b4192a975027aab6,Maryna Moroz,11-6-0,67,67,Orthodox,1991-09-08
b4443fae47e7eb9d,Wes Schultz,9-3-0,73,77,Orthodox,1996-08-09
b44f39a5c6596953,Pedro Rizzo,20-11-0,73,,Orthodox,1974-05-03
b4537562f88ac582,Khalid Taha,13-5-0 (1 NC),65,69,Orthodox,1992-02-15
b45d6b73f4ca4467,Andre Winner,21-11-2,71,73,Orthodox,1981-11-09
b4880ef2f838d4e1,Silvana Gomez Juarez,11-5-0,63,65,Orthodox,1984-12-06
b4ad3a06ee4d660c,Alistair Overeem,47-19-0 (1 NC),76,80,Orthodox,1980-05-17
b4b496ec2197ee3e,Navajo Stirling,10-0-0,76,79,Orthodox,1997-11-07
b4bc2e3353a770b5,Ian Freeman,20-7-1,71,,Orthodox,1966-11-10
b4c57a8c2b773e82,Michal Figlak,8-2-0,70,70,Orthodox,1996-08-15
b4c6c904a9ffc5e8,Ashley Yoder,8-9-0,67,69,Southpaw,1987-10-20
b4c96c3d9139bf0e,Patrick Walsh,10-3-0,71,,,1988-11-28
b4eeac608fc82f88,Yves Jabouin,20-11-0,67,68,Orthodox,1979-05-30
b50a426a33da0012,Sean O'Malley,20-3-0 (1 NC),71,72,Switch,1994-10-24
b51841e7c594090d,Mike Wessel,15-8-0,72,,Orthodox,1977-12-02
b53c46f613f6f248,Brianna Fortino,9-3-0,60,62,Southpaw,1993-08-04
b57edace7b647f07,Matt Hobar,9-3-0,70,70,Southpaw,1987-01-07
b59037262c8fe060,Ryan Janes,10-3-0,75,76,Orthodox,1981-08-22
b5b684eac99ae0a3,Chad Mendes,18-5-0,66,66,Orthodox,1985-05-01
b5c19c34f12c917e,Denzel Freeman,7-2-0,73,77,Southpaw,1991-11-10
b5da8f7d05e85a55,Josh Parisian,15-8-0,76,79,Orthodox,1989-06-28
b5ea750025697880,Rex Holman,4-2-0,75,,Southpaw,
b60391da771deefe,Todd Medina,11-9-0 (1 NC),70,,Southpaw,1970-04-30
b60c980f79b87ce8,Bea Malecki,4-1-0,69,74,Orthodox,1991-08-23
b6203e0492a9336c,Marnic Mann,6-3-0,60,64,Southpaw,1993-03-05
b62d5280966b2460,Clayton Carpenter,8-3-0,66,66,Orthodox,1996-06-09
b63e800c18e011b5,Tedd Williams,7-1-0,73,,Orthodox,1969-12-19
b6452706b373eea1,Renato Moicano,21-7-1,71,72,Orthodox,1989-05-21
b671bdf981ad527d,HyunSung Park,10-2-0,67,66,Orthodox,1995-11-04
b67d6bacc68d4c92,Daniel Santos,14-3-0,67,67,Orthodox,1995-03-12
b6850671a008bf9a,Felice Herrig,14-10-0,64,65,Orthodox,1984-09-18
b69f24c500d783e7,Francimar Barroso,19-7-0 (1 NC),73,75,Orthodox,1980-02-28
b6b12014698cc345,John Marsh,8-7-0,72,,Orthodox,1970-09-15
b6c37948cb226e8c,Benardo Sopaj,13-3-0,66,66,Orthodox,2000-09-25
b6c4451cb13c9303,Andy Ogle,9-6-0,68,69,Orthodox,1989-02-16
b6e6c3b1dcaae0a1,Will Brooks,18-4-0,70,72,Orthodox,1986-10-08
b701f095e6ccb149,Ollie Schmid,4-3-0,72,71,Orthodox,2000-12-28
b71ce838b01f2cad,Rony Jason,14-7-0 (1 NC),67,73,Orthodox,1984-03-21
b72a60a0cadff408,Louis Gaudinot,8-4-0 (1 NC),63,63,Orthodox,1984-08-28
b732b326c362fb62,Ryan Thomas,20-8-0,72,,Orthodox,1984-11-05
b76c6268dc1d3c05,Danielle Taylor,9-4-0,60,60,Orthodox,1989-10-25
b76ed59283d3559c,Tsuyoshi Kohsaka,27-19-2,71,,Orthodox,1970-03-06
b788862dd1c11eac,Brendan Loughnane,17-3-0,70,70,Switch,1989-12-05
b7ad576b8ae115e6,Mike Rhodes,10-5-0,73,74,Orthodox,1989-12-04
b7b84ccd221be298,Nasrat Haqparast,18-6-0,70,72,Southpaw,1995-08-22
b7c5eb7cdbac6a63,Danny Barlow,9-2-0,74,79,Southpaw,1995-08-02
b7d524c77c27389b,Marcus Davis,22-11-0 (1 NC),70,70,Southpaw,1973-08-24
b7f38813485745da,Michael Kuiper,15-5-0,72,73,Orthodox,1989-06-07
b7ffa72aa148599a,KJ Noons,13-9-0 (1 NC),70,70,Orthodox,1982-12-07
b852ad2b35354fcb,Ezra Elliott,8-0-0,69,72,Orthodox,2000-05-18
b8592b4a383696cd,Mitch Gagnon,12-5-0,65,65,Southpaw,1984-10-10
b8a85389d115e35a,Jack Shore,17-3-0,68,71,Orthodox,1995-02-06
b8aef0faf4ce9b31,Sam Sicilia,15-8-0,68,67,Orthodox,1986-02-01
b8bbdeff718dbb7d,Pat Sabatini,22-5-0,68,70,Orthodox,1990-11-09
b8c0f30ee9a98b69,Fernando Bruno,15-4-0,66,,,1982-02-24
b909a9a9688b5284,Gabriel Miranda,17-8-0,71,71,Orthodox,1990-03-25
b9124c308671e303,Otari Tanzilovi,10-2-0,69,70,Orthodox,1998-04-09
b93c06d09d1c4ac0,Steven Peterson,19-11-0,70,70,Orthodox,1990-05-29
b9415726dc3ec526,Rodney Wallace,26-15-1,69,72,Switch,1981-11-21
b9437600497350f3,Joaquin Buckley,21-8-0,70,76,Southpaw,1994-04-27
b959e8c7fd8390d2,Kyle Kingsbury,11-6-0 (1 NC),76,79,Orthodox,1982-03-22
b96619b3acd7d9da,Miesha Tate,20-10-0,66,65,Orthodox,1986-08-18
b9664eae2ac75262,Eric Spicely,12-6-0,73,73,Orthodox,1986-09-29
b96939f2b8d88e82,Ariel Beck,4-5-0,66,66,Southpaw,1990-09-16
b9706f80d005036c,Ketlen Vieira,16-5-0,68,68,Orthodox,1991-08-26
b997be68943010fc,Geoff Neal,16-8-0,71,75,Southpaw,1990-08-28
b9c03e7a4557e542,Royston Wee,4-1-0,67,67,Orthodox,1986-11-15
b9d0fd83bb8a147a,Keith Jardine,17-11-2,74,76,Orthodox,1975-10-31
b9e871af730f826c,Ronald Jhun,24-26-2,71,,Orthodox,1970-09-21
b9f28e7045fdfce7,Raoni Barcelos,22-5-0,67,67,Orthodox,1987-05-01
ba043b03eb799063,Phil Harris,22-12-0 (2 NC),64,65,Orthodox,1983-09-04
ba15006c804a8de0,Guilherme Pat,6-1-0,78,81,Orthodox,1994-04-20
ba1e6cb3d43f7430,Justin Ledet,9-4-0 (1 NC),76,80,Orthodox,1988-09-28
ba280572acfba13f,Matt Mitrione,12-5-0,75,82,Switch,1978-07-15
ba5e253af86db1a8,Terrion Ware,17-9-0,68,71,Orthodox,1986-03-31
baa5358456803df8,Alex Hunter,2-0-0,69,,Orthodox,
baa9be02c3e3e038,Jose Daniel Medina,11-7-0,72,74,Orthodox,1991-05-17
bad28b7b34f334de,Tony Halme,0-4-0,75,,Orthodox,1963-01-06
bad8be5827ea1bf1,Chris Heatherly,9-4-0 (1 NC),69,,Orthodox,1987-11-24
baed16f18348908e,Kris McCray,8-5-0,72,76,Orthodox,1981-09-24
baf942f4bcb09894,Moti Horenstein,1-6-0,76,,Orthodox,1964-03-23
bb1a2cdad6ff34db,Jason Knight,20-5-0,70,71,Orthodox,1992-07-14
bb2c3c3a466224af,Lone'er Kavanagh,10-2-0,66,67,Orthodox,1999-06-09
bb61823f76361297,Kyle Stewart,11-3-0,72,76,Orthodox,1989-01-31
bba678d312590087,Andre Pederneiras,1-1-2,68,,Orthodox,1967-03-22
bbab3baf66128ae2,Javid Basharat,15-2-0 (1 NC),69,69,Orthodox,1995-09-07
bbc9ab95fa766493,Anderson Dos Santos,21-9-0,65,70,Orthodox,1985-07-24
bbfca6d5c27d9cd8,Edwin Figueroa,9-5-0,67,69,Orthodox,1984-07-31
bc3ec52ef70fc155,Ryan Jimmo,19-5-0,73,73,Orthodox,1981-11-27
bc5a51159ec2fdf2,Magomed Tuchalov,7-0-0,75,78,Orthodox,1999-12-30
bc656db347f31e19,Mike Santiago,19-12-0,70,69,Orthodox,1989-07-28
bc711b6dd95c1af6,Mario Bautista,18-3-0,69,69,Switch,1993-07-01
bc7230f231701d66,Mike Easton,13-6-0,66,70,Southpaw,1984-01-25
bc7d1ad49fcb2d08,Jaqueline Amorim,11-2-0,63,68,Orthodox,1995-06-24
bc7f4b2d4c2724a2,Tyrell Fortune,18-4-0 (2 NC),75,75,Orthodox,1990-07-04
bc8f6b42767e28df,Naoyuki Kotani,34-14-7,68,66,Southpaw,1981-12-08
bcad7223af3c19da,Martin Svensson,15-6-0,73,,,1985-04-25
bd21a1e3d41c97ee,Ronny Markes,17-5-0,73,75,Orthodox,1988-04-21
bd532e9a2b93870c,Melissa Mullins,7-3-0,67,68,Orthodox,1991-07-23
bd5403efbaa445c0,Sean Soriano,14-8-0,69,70,Orthodox,1989-10-06
bd58d34e39b7b12a,Ben Rothwell,39-14-0,76,78,Orthodox,1981-10-17
bd878a638e0e3be3,Angela Magana,11-9-0,61,65,Orthodox,1983-08-02
bda04c573563cc2e,Todd Duffee,9-3-0 (1 NC),75,78,Orthodox,1985-12-06
bdcbb976816fd256,Daniel Kelly,13-4-0,72,70,Southpaw,1977-10-31
be0b310a12eb80b4,Enrique Barzola,17-5-2,67,70,Orthodox,1989-04-28
be4076c9e8d791e3,Joao Zeferino,21-9-0,71,,Orthodox,1986-01-15
be5cfd73617a5b1a,Javier Vazquez,16-5-0,67,69,Southpaw,1977-07-16
be68b375707dcb85,Spike Carlyle,9-3-0,68,71,Switch,1993-05-06
be9bdec19b7e9ffe,Austen Lane,13-8-0 (1 NC),78,80,Orthodox,1987-11-09
be9d259be012e8a4,Scott Morris,2-1-0,70,,Orthodox,
bebb4ae55ac2bf6f,Chris Fishgold,18-4-1,68,68,Orthodox,1992-06-06
beecb672a279223e,Amanda Ribas,13-7-0,64,66,Orthodox,1993-08-26
bf0e700106d00e55,Austin Arnett,16-6-0,72,72,Orthodox,1991-10-22
bf12aca029bfcc47,Keith Hackney,2-2-0,71,,Sideways,1958-04-15
bf2c8e01b07d3eb1,Myktybek Orolbai,16-2-1,70,74,Orthodox,1998-02-10
bf41b5131545da12,Crafton Wallace,18-6-1,72,,Orthodox,1975-11-10
bf43fed8f29e1671,Marcin Held,23-7-0,69,71,Orthodox,1992-01-18
bf7ad5628363eec9,Cody Stamann,21-8-1,66,64,Orthodox,1989-11-09
bf9bc96336922271,Alex Ricci,10-5-0,71,,Orthodox,1982-07-21
bfc2fc38a0e20211,Matt Grice,15-5-0,68,70,Orthodox,1981-07-29
bffeb123b21c9aad,Darrell Montague,13-5-0,66,67,Southpaw,1987-11-03
c03520b5c88ed6b4,Merab Dvalishvili,21-5-0,66,68,Orthodox,1991-01-10
c0386644627a7ee5,Mana Martinez,10-4-0,70,70,Orthodox,1996-03-25
c03a5022f8439f2a,Chad Laprise,13-4-0,70,71,Orthodox,1986-07-23
c051c2e12d692b8a,Jesus Aguilar,12-4-0,64,62,Orthodox,1996-03-13
c058823a2595ab09,Joey Roberts,4-3-0,74,,,1977-11-11
c06a9b48d4132c8e,James Moontasri,9-5-0,70,71,Switch,1988-04-10
c06d554ce1713fd3,Danny Mitchell,19-9-1,74,,Orthodox,1986-08-08
c06d6b18862f9a53,Rodrigo Sezinando,9-2-0,69,71,Orthodox,1997-12-11
c07efc18b231f170,Jordan Rinaldi,14-7-0,70,72,Orthodox,1987-09-25
c0ab242c40decc55,Ryan Bader,23-5-0,74,74,Orthodox,1983-06-07
c0ac37a4a1133da9,Marcus McGhee,11-2-0,68,69,Orthodox,1990-05-07
c0badf3243907e59,Alexandr Romanov,18-3-0,74,75,Southpaw,1990-12-11
c0c36a5b3d5bbdd5,Mike Stumpf,11-4-0,70,,,1986-08-01
c0d5c0c95c59050b,Ariane Carnelossi,15-5-0,62,61,Orthodox,1992-11-17
c0eecd851dbf3146,CJ Keith,8-4-0,72,,Orthodox,1986-08-09
c1085e1701b13eca,Joe Pyfer,16-3-0,74,75,Orthodox,1996-09-17
c10eb2f12c489f6d,Tim Gorman,9-4-0,65,,Southpaw,1983-04-29
c11f50e9c1513ce9,Mark Holst,12-6-0,72,,Orthodox,1985-08-14
c13042265355a290,Kwan Ho Kwak,9-2-0,65,,Switch,1989-06-18
c136b2a8852da5bd,Akbarh Arreola,23-11-1,70,71,Southpaw,1983-01-14
c15fa95b9a12fde4,Junior Tafa,7-6-0,75,75,Orthodox,1996-09-21
c1684f00c626f4c0,Mark Schultz,1-1-0,69,,Orthodox,1960-10-26
c169545ab0825f44,Geane Herrera,9-3-0,65,66,Orthodox,1990-05-27
c17041f1bb5768d8,Alex White,13-6-0,72,71,Southpaw,1988-10-22
c1a5d3843596df92,Thiago Perpetuo,9-4-1,70,,Orthodox,1987-12-14
c1ea9d56cd953586,Emily Kagan,3-3-0,63,,,1981-07-14
c21a036b4e012f1c,John Makdessi,18-9-0,68,68,Orthodox,1985-05-03
c21f26bbde777573,Johnny Walker,22-10-0 (1 NC),78,82,Orthodox,1992-03-30
c2299ec916bc7c56,Benoit Saint Denis,17-4-0 (1 NC),71,73,Southpaw,1995-12-18
c23e3d4875340d8d,Zhang Tiequan,15-4-0,68,69,Orthodox,1978-07-25
c24b1db4b809d41b,Renato Verissimo,7-5-0 (1 NC),73,,Orthodox,1973-08-03
c268b2cfebccf652,John Lineker,31-9-0,63,67,Orthodox,1990-06-12
c295de4e10acd4c9,Isaac Vallie-Flagg,16-7-1,68,70,Orthodox,1978-04-08
c2a670b22d2e196f,Aleksa Camur,6-3-0,73,74,Orthodox,1995-09-25
c2a7623f398d9bd7,David Dodd,4-7-0,74,,Orthodox,1973-09-22
c2e3e67b5911bfb7,Diego Brandao,22-11-0,67,64,Orthodox,1987-05-27
c3218c810959d279,Khadis Ibragimov,8-4-0,75,78,Orthodox,1995-05-21
c32aeb1a59e6272d,Michael Morales,19-0-0,72,79,Orthodox,1999-06-24
c32fb8c0f6471a4d,Mirko Filipovic,35-11-2 (1 NC),74,73,Southpaw,1974-09-10
c34e5849184b08c3,Yasuhiro Urushitani,21-8-6,65,,Southpaw,1976-09-08
c3bd649a9194e50c,Jeremy Larsen,8-5-0,70,70,Orthodox,1984-05-18
c3c23c99477c041b,Frank Hamaker,1-0-0,,,,
c3d2b9bcb4cead6b,Yuneisy Duben,6-2-0 (1 NC),64,65,Orthodox,1996-07-08
c3ded6f7155f9ea4,Alex Da Silva,21-4-0,68,73,Orthodox,1996-02-04
c3ea8deeba00462b,Pete Spratt,25-23-0,69,,Orthodox,1971-01-09
c3f6db17cea09ca7,Danilo Belluardo,12-5-0,72,74,Southpaw,1994-07-21
c41d426cc7326d1b,Yan Xiaonan,19-5-0 (1 NC),65,63,Orthodox,1989-06-16
c451d67c09c55418,Chan Sung Jung,17-8-0,67,72,Orthodox,1987-03-17
c4731f43693b96b8,Rodolfo Rubio Perez,10-16-1,65,,Orthodox,1987-01-29
c47df9303d318c67,Clay Guida,38-22-0,67,70,Orthodox,1981-12-08
c482c8605455a213,Junior Albini,14-6-0,75,74,Orthodox,1991-03-15
c487223b0289bda9,Hector Aldana,4-3-0,71,72,Orthodox,1988-08-17
c4af2feb4b58bc3b,Kazuki Tokudome,18-7-1,71,73,Southpaw,1987-03-04
c4b6099f0d25f75e,Jared Rollins,8-4-0,69,,Orthodox,1977-01-26
c4b81cdecd5d6abe,Gerald Harris,23-5-0,71,77,Southpaw,1979-11-19
c4b9296214f4c09c,Jason Von Flue,14-12-1,72,,Orthodox,1975-08-01
c4d039123e62f6a9,Dennis Buzukja,12-6-0,69,70,Switch,1997-10-01
c4fe2e9a06ea5bcb,Ben Alloway,18-8-0,71,76,Orthodox,1981-02-19
c549573c0df4d676,Maki Pitolo,13-9-0,70,75,Orthodox,1990-11-24
c575ab451e3c5b1d,Mickael Lebout,16-7-1 (1 NC),71,73,Orthodox,1987-08-16
c58f51dedb310998,Michael Chiesa,20-7-0,73,75,Southpaw,1987-12-07
c5a126ace82a6025,Anthony Birchak,16-8-0,68,69,Orthodox,1986-05-16
c5af5750e8bae4f0,Kyle Bochniak,8-5-0,67,70,Orthodox,1987-02-05
c5ccd878231c5407,Ramon Taveras,10-4-0,68,70,Southpaw,1994-01-09
c61f66d8c3fd5f07,Tony Petarra,2-3-1,71,,Orthodox,1966-11-08
c62fbc117d57b943,Tai Tuivasa,15-10-0,74,75,Southpaw,1993-03-16
c670aa48827d6be6,Dan Severn,101-19-1,74,,Southpaw,1958-06-08
c68c68efaa5ca6ef,Chidi Njokuani,25-12-0 (1 NC),75,80,Orthodox,1988-12-31
c6a33ff198aaaeeb,Stephan Bonnar,15-9-0,76,79,Orthodox,1977-04-04
c6aee362c7a7d482,Randy Brown,20-8-0,75,78,Orthodox,1990-07-08
c6d8ae3b016d5ad5,Joe Veres,4-3-0,67,,Orthodox,1977-11-09
c6da1c24fe473418,Julian Sanchez,0-1-0,75,,Orthodox,
c6e6926a81adcd00,Adriano Santos,0-1-0,,,,
c7011de4765d2497,Paul Bradley,23-8-0 (2 NC),69,,Orthodox,1983-06-13
c727c7d31c50c4cf,Anthony Hamilton,15-9-0,77,76,Orthodox,1980-04-14
c730a0be691dc081,Jared Gooden,23-10-0,72,77,Orthodox,1993-12-05
c739c2995a275314,Yanal Ashmouz,8-2-0,69,69,Orthodox,1995-03-31
c742287ed86a09bc,Jessica Penne,14-9-0,65,67,Orthodox,1983-01-30
c75b99887c8c3f5a,Keith Rockel,12-4-1,72,,Orthodox,1965-08-28
c76ec2bc3a57666a,Mitch Clarke,11-5-0,70,73,Orthodox,1985-11-24
c77a953488e5607d,Vinc Pichel,14-5-0,70,72,Orthodox,1982-11-23
c7be22a47a58365a,Christina Marks,8-9-0,67,69,Orthodox,1985-11-08
c7c39e2fb70248b3,Chad Anheliger,13-8-0,66,64,Orthodox,1986-12-01
c7d297714d9ab1a4,Marion Reneau,9-8-1,66,68,Orthodox,1977-06-20
c7d7fda69ec410d3,Kamuela Kirk,12-6-0,70,75,Switch,1994-04-13
c7e9d15cfce52f1d,Tim Lajcik,7-6-1,73,,Orthodox,1965-06-21
c80095f6092271a7,Tim Boetsch,21-13-0,72,74,Orthodox,1981-01-28
c8097968da5e5f13,Chris Wade,12-3-0,70,70,Orthodox,1987-09-30
c8136ab8aa32c974,Kalib Starnes,17-11-1,75,74,Orthodox,1975-01-06
c814b4c899793af6,Rafael Fiziev,14-5-0,68,71,Switch,1993-03-05
c849740a3ff51931,TJ Dillashaw,18-5-0,66,67,Orthodox,1986-02-07
c85bad793cd14e28,Marcio Barbosa,18-2-0,66,70,Orthodox,1998-05-22
c878270af633eb11,Jordan Wright,12-5-0 (1 NC),74,77,Orthodox,1991-10-07
c88f8a9c1ea7165d,Farman Hasanov,6-0-0,71,74,Orthodox,1995-08-01
c8cca8f3de5be4b4,Jorge Patino,38-19-2 (2 NC),68,,Orthodox,1973-08-05
c933d423ebdbbbdb,John Matua,1-4-0,74,,Orthodox,
c940b42df95bbd28,Feng Xiaocan,11-5-0,66,67,Southpaw,2001-10-27
c945adc22c2bfe8f,Brad Pickett,25-14-0,66,68,Orthodox,1978-09-24
c9587d81e1d33925,Jerome Rivera,10-6-0,70,72,Southpaw,1995-04-22
c96518b7f6881004,Bob Gilstrap,5-7-0,75,,Orthodox,
c96d9178c9ed9e62,Tim Elliott,22-14-1,67,66,Southpaw,1986-12-24
c96e2ae6021144a1,Damacio Page,19-10-0,66,66,Orthodox,1982-09-30
c9a94278df042f46,Alan Baudot,8-3-0 (2 NC),75,79,Orthodox,1988-02-01
c9bbf1a0285a8076,Jeff Cox,10-7-0,70,,Orthodox,1968-08-02
c9cf753cfdf77fc2,Marcin Tybura,27-11-0,75,78,Orthodox,1985-11-09
c9f6385af6df66d7,Papy Abedi,10-4-0,71,,Southpaw,1978-06-30
ca28cdf526d6b6e9,Nurullo Aliev,12-0-0,70,72,Orthodox,2000-12-08
ca2efc9d7d523c43,Shawn Jordan,19-8-0,72,75,Southpaw,1984-10-21
ca36633b80be4a78,Kaynan Kruschewsky,15-3-0 (1 NC),72,73,Orthodox,1991-04-04
ca43de99b07b6b40,Josh Fremd,11-6-0,76,76,Orthodox,1994-01-15
ca80d72da81d7224,Michelle Montague,8-0-0,69,68,Southpaw,1993-11-25
cac08b8685387ca5,James McSweeney,15-15-0,76,77,Switch,1980-10-24
cad24459b28592ca,Eryk Anders,18-9-0 (1 NC),73,75,Southpaw,1987-04-21
cb139171ed1b69fe,Kenny Florian,14-6-0,70,74,Southpaw,1976-05-26
cb46dface0e28a2c,Jorge Rivera,20-9-0,73,73,Orthodox,1972-02-28
cb52f9490c2dc069,Sean O'Connell,17-9-0,73,74,Orthodox,1983-09-02
cb6783c39c01d896,Tiki Ghosn,10-7-1,70,,Orthodox,1977-02-09
cb696ebfb6598724,Aljamain Sterling,26-5-0,67,71,Orthodox,1989-07-31
cbb682f5fcc44bfc,Anthony Pettis,24-10-0,70,72,Orthodox,1987-01-27
cbd3e590a85b18c5,Mirsad Bektic,13-4-0,68,70,Orthodox,1991-02-16
cbd5d3cdd862e90e,Rory MacDonald,19-4-0,72,76,Orthodox,1989-07-22
cbd6f1abf955e628,Dave Herman,22-6-0,76,77,Orthodox,1984-10-03
cbe79765d44bd172,Alvin Robinson,15-9-0,69,68,Southpaw,1982-07-16
cbf1c7ba5408a66f,Salim Touahri,10-4-0,70,72,Orthodox,1989-09-28
cbf5e6f231b55443,Yair Rodriguez,21-6-0 (1 NC),71,71,Orthodox,1992-10-06
cbf94e4c4af4ff6d,Nate Loughran,11-2-0,74,,Orthodox,1980-07-28
cbfd1d34356a004c,Jeff Monson,60-26-1,69,74,Orthodox,1971-01-18
cc1a8b4b38b92c6d,Montel Jackson,15-4-0,70,75,Southpaw,1992-04-24
cc300e9aa3063431,Andre Gusmao,6-3-0,72,,Orthodox,1977-05-19
cc3147b49c7d7d92,Dan Stittgen,12-5-0,73,,Orthodox,1980-11-17
cc351e408bbb7d43,Brandon Davis,14-10-0,70,72,Orthodox,1990-05-08
cc6f9d1e89f3449a,Manvel Gamburyan,15-10-0 (1 NC),65,67,Orthodox,1981-05-08
cc7040fe76f0ef91,Devin Clark,14-9-0,72,75,Orthodox,1990-04-12
cc81c92fe2254935,Tom Gallicchio,19-10-0,70,,Southpaw,1986-09-23
cc84b68f862b466f,Eddie Yagin,16-7-1,67,,Orthodox,1979-03-23
cc8c623cca88f54f,Mayra Bueno Silva,10-7-1 (1 NC),66,66,Orthodox,1991-08-22
cc900af167fbedfd,Timothy Johnson,12-4-0,75,77,Southpaw,1985-03-13
cc900c6a71ed23f3,Clay Collard,14-7-0 (1 NC),71,73,Orthodox,1993-03-10
cc98d857b148e33a,Leonardo Guimaraes,11-5-0 (1 NC),72,,Orthodox,1982-04-15
ccba80d4820ef557,Gabe Ruediger,18-8-0,70,,Orthodox,1977-08-29
ccd1299e0345e0ce,Melvin Guillard,32-18-2 (3 NC),69,71,Orthodox,1983-03-30
ccdd90bd1fc7dab6,Vladimir Matyushenko,27-8-0,72,74,Orthodox,1971-01-04
cce79e827569f26e,Ronys Torres,35-5-0,67,,Orthodox,1975-08-13
ccf5dc41417e9daf,Juan Espino,11-2-0,75,80,Orthodox,1980-10-09
cd01f0b768a32475,Jonathan Wilson,7-3-0,74,75,Southpaw,1987-07-17
cd0dfd9846bd03b9,Julien Leblanc,10-3-0,74,74,Southpaw,1992-01-21
cd12227edd3f134b,Keith Wisniewski,28-15-1,72,,Orthodox,1981-10-25
cd13728ae1151f46,Ion Cutelaba,20-12-1 (1 NC),73,75,Southpaw,1993-12-14
cd2c4d30c6e13b47,Marina Rodriguez,17-6-2,66,65,Orthodox,1987-04-29
cd2e5a390821fb48,TJ Laramie,12-5-0,66,66,Orthodox,1997-10-15
cd3d7e37ff2d679c,Ricky Turcios,13-6-0,69,71,Orthodox,1993-06-05
cd7763bcadb5d4c8,Alan Patrick,15-4-0 (1 NC),71,74,Southpaw,1983-07-19
cd7bafbeee1f29a0,War Machine,14-5-0,71,,Orthodox,1981-11-30
cd85b48dc880fabd,Horacio Gutierrez,4-3-0,70,,,1990-09-15
cda1099995b46cc2,Genaro Valdez,10-3-0,69,72,Orthodox,1992-01-16
cdadae5363b66eef,Francisco Figueiredo,13-5-1 (1 NC),66,68,Southpaw,1989-10-23
cdb7b38b1b357f26,Louie Sutherland,11-5-0,75,76,Orthodox,1994-02-08
cdb96af67d096b1e,Alex Morono,24-13-0 (1 NC),71,72,Orthodox,1990-08-16
ce175eaafe867d1f,Micheal Gillmore,6-5-0,71,72,Orthodox,1987-03-28
ce1e867808ef5fce,Justin Willis,8-2-0,73,78,Southpaw,1987-07-19
ce47f49e5c386a9c,Kit Cope,6-7-0,72,,Orthodox,1977-03-17
ce6065baef021cf3,Ikuhisa Minowa,60-42-8,69,,Orthodox,1976-01-12
ce632027bf2a871b,Dalcha Lungiambula,11-6-0,68,76,Orthodox,1987-07-31
ce783bf73b5131f9,Eugene Jackson,15-9-1,68,,Orthodox,1966-09-23
cedfdf8d423d500c,Pat Miletich,29-7-2,70,,Orthodox,1968-03-09
cf1a88371c8cb690,Aaron Brink,26-26-0 (2 NC),75,,Orthodox,1974-11-12
cf615eb4b7862c76,Hayder Hassan,6-3-0,70,,,1982-10-20
cf65d56b0755ed3b,Alan Jouban,17-7-0,72,73,Southpaw,1981-11-25
cf946e03ba2e7666,Kevin Aguilar,17-5-0,67,73,Orthodox,1988-09-07
cf9d24e4bd0cf2ce,Mark Bocek,12-5-0,68,75,Orthodox,1981-10-24
cfaf010d5b389c09,Mike Wilkinson,9-4-0,67,66,Orthodox,1987-09-15
cfb65863d5099327,Thales Leites,28-9-0,73,78,Orthodox,1981-09-06
cfbb3edab781dfd2,Shanelle Dyer,7-1-0,66,65,Orthodox,2001-04-23
cfc3e7bb44685289,Trey Ogden,18-7-0 (1 NC),71,72,Orthodox,1989-11-14
cffb87059e645bd1,Denise Gomes,12-3-0,62,63,Orthodox,1999-12-30
d008d785f6347dc2,JeongYeong Lee,11-3-0,70,73,Orthodox,1995-11-13
d023ae89a2a4a41e,Matthew Riddle,8-3-0 (2 NC),73,76,Southpaw,1986-01-14
d024ed963e8bf7ea,Damien Brown,17-12-0,70,68,Orthodox,1984-12-25
d0314416a7f26527,Michael McDonald,17-4-0,69,70,Orthodox,1991-01-15
d05412b513b19621,Guido Cannetti,10-8-0,66,68,Southpaw,1979-12-19
d05cb1e8d1b885d8,Jinh Yu Frey,11-10-0,63,65,Southpaw,1985-05-20
d06f8869449ba7bd,Alexander Yakovlev,24-10-1,75,74,Southpaw,1984-07-18
d0a5ef38a7778ac2,Estevan Payan,16-12-0 (1 NC),70,,Orthodox,1982-03-14
d0aaedcf7ccd0b45,Chris Daukaus,12-7-0,75,76,Orthodox,1989-09-25
d0c29452d3272603,Dan Miller,14-8-0 (1 NC),73,74,Orthodox,1981-06-30
d0d7160824278840,Junior Assuncao,16-6-0,69,72,Orthodox,1981-06-24
d0e1b42d41dab603,Julian Marquez,9-6-0,74,72,Orthodox,1990-05-08
d0e50a3d1b250708,Andre Soukhamthath,13-8-0,69,70,Orthodox,1988-10-23
d0f3959b4a9747e6,Jose Aldo,32-10-0,67,70,Orthodox,1986-09-09
d0fd0d9ee560dae7,Brando Pericic,7-1-0,77,79,Orthodox,1994-08-03
d1053e55f00e53fe,AJ Cunningham,11-5-0,70,71,Orthodox,1994-09-07
d10b35152277cf98,James Toney,0-1-0,69,,Orthodox,1968-08-24
d1152823307d7e7c,Rameau Thierry Sokoudjou,18-18-0,70,78,Orthodox,1984-04-18
d1528ac5675558b1,Rashad Coulter,9-4-0,71,76,Orthodox,1981-11-27
d156513a19acf856,Sam Alvey,33-18-1 (1 NC),74,75,Southpaw,1986-05-06
d1759b2b7be9be56,Hector Ramirez,10-6-1,72,,Orthodox,1976-03-28
d188a3b817860ec6,Steven Siler,29-16-0,71,70,Orthodox,1987-02-15
d18dbcb0f8e2b55d,Alex Soto,8-3-1,68,,Southpaw,1984-02-15
d1941565abf50b16,Jim Miller,39-19-0 (1 NC),68,71,Southpaw,1983-08-30
d1a1314976c50bef,Josh Neer,36-16-1,71,72,Orthodox,1983-03-24
d1c65d2cf2925ddd,Gregory Rodrigues,19-6-0,75,75,Orthodox,1992-02-17
d1dcd4e96464a53d,Jules Bruchez,1-2-0,72,,Southpaw,1977-08-16
d1e1fdcea7c8a90a,Leandro Issa,13-6-0,67,69,Orthodox,1983-09-19
d1e6a6536ee62517,Tyrone Roberts,43-12-1,69,,Orthodox,1972-07-14
d1e7fc58d4225cdf,Danny Castillo,17-10-0,69,71,Orthodox,1979-08-25
d1feea7a4bdcd503,Baisangur Susurkaev,12-0-0,74,79,Orthodox,2001-01-08
d2036f31c035e0d1,Jose Torres,8-1-0,64,65,Orthodox,1992-08-02
d21113c9ff3788ae,Peter Barrett,11-5-0,70,73,Southpaw,1986-08-10
d221ee27afc7a60e,Viscardi Andrade,19-6-0,71,75,Orthodox,1984-03-08
d23ccf4a6c221284,Karlos Vemola,17-5-0,72,75,Orthodox,1985-07-03
d247691a6c0e9034,Cub Swanson,31-14-0,68,70,Orthodox,1983-11-02
d25240135aee03e5,Tabatha Ricci,12-5-0,61,61,Orthodox,1995-02-21
d25b93992f285953,TJ O'Brien,20-8-0,74,,Orthodox,1987-01-01
d26934530dc5b248,Gilbert Aldana,6-2-0,73,,Orthodox,1977-08-25
d28dee5c705991df,Stipe Miocic,20-5-0,76,80,Orthodox,1982-08-19
d29b5c4f22c6357d,Gilbert Yvel,39-16-1 (1 NC),74,77,Orthodox,1976-06-30
d2a9be6bf2de624c,Robert Drysdale,7-0-0 (1 NC),75,,Orthodox,1981-10-05
d2b1c1317a39f6c6,Satoshi Honma,4-6-3,73,,Orthodox,1968-05-19
d2bc285ead803db0,Louis Smolka,17-9-0,69,68,Orthodox,1991-07-16
d2c55d1d2e67773b,David Branch,22-6-0,73,78,Orthodox,1981-09-26
d2cd7a69cc55e7ed,Austin Hubbard,17-10-0,70,71,Orthodox,1991-12-22
d2d37e8eeb3abc8d,Frank Trigg,21-9-0,69,71,Southpaw,1972-05-07
d2f43cfaf8ca3560,Fernando Padilla,16-6-0,73,76,Orthodox,1996-12-15
d317a5e2b3f88c5f,Warlley Alves,15-8-0,71,72,Orthodox,1991-01-04
d31a5546c0e9b213,Rodrigo Nascimento,11-3-0 (1 NC),74,80,Orthodox,1992-11-26
d31cbcdd7d69536d,TJ Brown,17-11-0,69,72,Switch,1990-05-22
d33da8a3d82bdb62,Kai Asakura,22-6-0,68,69,Orthodox,1993-10-31
d343df8ba11f4c4e,Nina Nunes,11-7-0,65,64,Orthodox,1985-12-03
d34636a85f0f4c90,Motonobu Tezuka,28-12-7,67,,Southpaw,1987-08-29
d35298b6df168456,Talita Alencar,8-1-1,61,58,Orthodox,1990-10-17
d35c3ed553b71fa2,Joe Vedepo,18-9-0,72,,Orthodox,1983-01-01
d35f734c56a89103,Karl Williams,10-2-0,75,79,Orthodox,1990-01-06
d3711d3784b76255,Zane Frazier,4-11-0,77,,Orthodox,
d38e8c6ae2dfc051,Nazareno Malegarie,28-4-0,68,,,1986-05-16
d3b5ad3b15a64a18,Francesco Maturi,0-1-0,,,,
d3c554d6e11fc9d6,Jianping Yang,11-4-1,67,,Orthodox,1988-11-27
d3de4a24f7eefac8,Doug Evans,13-10-0,69,,Orthodox,1980-10-10
d3df1add9d9a7efb,Derrick Lewis,29-14-0 (1 NC),75,79,Orthodox,1985-02-07
d3f5d33d61cd00c9,Norma Dumont,13-3-0,67,67,Orthodox,1990-10-01
d3f89fa685bd8420,Austin Bashi,14-2-0,66,70,Orthodox,2001-09-29
d3fa5c5955397532,Grigory Popov,13-3-0,67,68,Switch,1984-04-18
d403b1a6f278c95e,Vagner Rocha,14-4-0,70,73,Orthodox,1982-06-06
d41937647eae9a34,Reza Nasri,0-1-0,71,,Orthodox,
d4270315cbcf2569,Jacob Malkoun,10-3-0,69,73,Orthodox,1995-08-26
d436f5d55156a521,Murtazali Magomedov,11-0-0,69,70,Orthodox,1999-08-26
d43a048a880efdff,Chris Leben,22-11-0,71,73,Southpaw,1980-07-21
d468288756ae3982,Renato Sobral,37-11-0,73,75,Orthodox,1975-09-07
d4691518d012b9e7,Aspen Ladd,9-3-0,66,66,Orthodox,1995-03-01
d4a31850a7457f1b,Amanda Cooper,3-5-0,63,64,Switch,1991-10-22
d4c9dcd330403612,Anthony Smith,38-22-0,76,76,Orthodox,1988-07-26
d4f364dd076bb0e2,Cung Le,9-3-0,69,70,Southpaw,1972-05-25
d50382dc0565a9e1,Viviane Pereira,13-2-0,61,63,Orthodox,1993-08-28
d512d9f204059f57,Joe Riggs,44-17-0 (1 NC),72,70,Southpaw,1982-09-23
d53482bef23235ba,Marcio Alexandre Junior,17-4-0,72,75,Southpaw,1989-05-05
d549cefc7c54ab78,Reinier de Ridder,21-4-0,76,78,Southpaw,1990-09-07
d56caaa5e123f518,Masutatsu Yano,2-4-1,69,,Orthodox,1975-07-11
d58478ded5534695,Maiquel Falcao,37-10-0 (1 NC),71,,Orthodox,1981-03-08
d5b7fac960e58920,Chris Indich,6-4-0,70,,,1987-04-22
d5bab53a1a603aac,Ryan Loder,8-3-0,74,76,Southpaw,1991-06-05
d5ed14b2153c6ed2,Semmy Schilt,26-14-1,82,,Orthodox,1973-10-27
d5f820c11a121050,Aaron Simpson,12-5-0,72,73,Orthodox,1974-07-20
d61316139d68dbe3,Roman Bogatov,10-1-0,68,73,Orthodox,1990-12-15
d6285cba1d1052e0,Bojan Mihajlovic,10-6-0,71,73,Orthodox,1980-03-30
d62bb4d84a7267ba,Mark Hughes,6-2-0,69,,Southpaw,1973-10-13
d62e280d0f7b6d6f,Luke Fernandez,6-1-0,73,76,Orthodox,1995-06-29
d632d156c0549e07,Nissen Osterneck,12-4-0,74,,Orthodox,1981-05-01
d661ce4da776fc20,Petr Yan,20-5-0,67,67,Switch,1993-02-11
d66a46de8d705353,Jeremiah Wells,13-4-1,69,74,Switch,1986-10-30
d683f4870742b273,Shi Ming,18-6-0,62,60,Orthodox,1994-11-14
d6a8edb7410223a0,Rafael Tobias,14-2-0,74,74,Orthodox,2003-03-20
d6c0cdd7e467c440,Kyle Daukaus,17-5-0 (1 NC),74,76,Southpaw,1993-02-27
d6d5da3c209884bc,Guilherme Vasconcelos,9-4-0,72,,Orthodox,1986-03-23
d6ead04919a894b1,Duda Santana,3-1-0,67,73,Orthodox,1996-01-10
d71d968dc6ecfdaf,Katsuhisa Fujii,9-18-1,72,,Orthodox,1972-08-15
d7338bcb141abd2c,Antonina Shevchenko,10-4-0,68,67,Southpaw,1984-11-20
d747eb273a40a920,Claudio Puelles,13-5-0,70,72,Southpaw,1996-04-21
d74cba8566291bfa,Junie Browning,5-6-0,69,,Orthodox,1984-05-12
d761b3766e38c5db,Marcel Fortuna,9-3-0,73,74,Orthodox,1985-10-22
d76ad9a08c4408ff,Bobby Moffett,13-5-0 (1 NC),70,73,Orthodox,1990-06-01
d776b5814f2400b4,Ethyn Ewing,10-2-0,66,69,Orthodox,1996-02-19
d7adfcfdf7c6c1f8,Ian Entwistle,9-3-0,65,,Orthodox,1986-11-19
d7b2c0b53883ee80,Kyle Watson,13-8-1,72,,Southpaw,1979-08-09
d7c3816669784109,Karolina Kowalkiewicz,16-10-0,63,64,Orthodox,1985-10-15
d7c4956d61ae76a9,Jose Delano,17-3-0,68,70,Orthodox,1996-09-11
d7e40dca3ae125be,Diana Belbita,15-10-0,67,68,Orthodox,1996-06-26
d7fe8c6b7d2872e5,Brendon Marotte,8-3-0,69,70,Orthodox,1996-01-12
d802174b0c0c1f4e,Magomed Ankalaev,22-2-1 (1 NC),75,75,Orthodox,1992-06-02
d8022d5526b1d937,Chad Reiner,33-18-0,71,,Orthodox,1981-06-29
d80ee110748171ac,Mike Breeden,11-6-0,70,70,Orthodox,1989-04-21
d814f5192e58fb2f,Drew Fickett,42-21-0,70,70,Orthodox,1979-12-14
d81ac739417d7f53,Jake Ellenberger,31-15-0,69,71,Orthodox,1985-03-28
d897897060f10a3a,Rich Franklin,29-7-0 (1 NC),73,76,Southpaw,1974-10-05
d8c7c61b176e3994,Cody Garbrandt,15-8-0,68,65,Orthodox,1991-07-07
d8c811df0386d5e8,Rinya Nakamura,10-1-0,67,68,Southpaw,1995-03-23
d8d7b24d276c8cb0,Albert Cheng,7-4-0,71,,Orthodox,1985-02-07
d8da10db80131bec,Niko Price,16-11-0 (2 NC),72,76,Orthodox,1989-09-29
d90b630e0561818b,Gan McGee,13-5-0,82,,Orthodox,1976-11-20
d910665038efc639,Carla Esparza,20-8-0,61,63,Orthodox,1987-10-10
d945aae53e3e54e6,Thiago Moises,19-10-0,69,70,Orthodox,1995-03-23
d964a59c48381cb6,Danny Silva,11-2-0,67,69,Switch,1997-01-30
d967f0128c323de6,Daniel Cormier,22-3-0 (1 NC),71,72,Orthodox,1979-03-20
d9a56ecb6e94f02e,Evan Elder,10-2-0,70,72,Switch,1997-04-11
d9c6f19f958643e9,Bryce Mitchell,19-4-0,70,70,Southpaw,1994-10-04
da0995f19b749cfa,Mark Madsen,12-2-0,68,72,Orthodox,1984-09-23
da1d8d76404bb6b5,Bruno Santos,15-2-0,69,,Orthodox,1987-07-17
da22387a0407a2dc,Da'Mon Blackshear,17-8-1,70,72,Switch,1994-08-12
da4628f173337902,Don Shainis,12-5-0,66,67,Orthodox,1990-09-16
da6dfd09cca1d705,Wallid Ismail,9-3-0,67,,Orthodox,1968-02-23
da7f113b5ea39c43,Mohammed Usman,12-4-0,74,79,Orthodox,1989-04-01
da816417a579a0bd,Gavin Tucker,13-3-0,66,66,Southpaw,1986-06-17
da97d6c97d09c030,Charles McCarthy,10-5-0,70,71,Orthodox,1980-08-06
dab8cfbb6b1db10a,Livinha Souza,14-4-0,63,63,Orthodox,1991-03-11
daf1b84aebd6602b,Roger Huerta,23-9-1 (1 NC),69,70,Orthodox,1983-05-20
db1f2ed63b54b9a7,Hector Lombard,34-10-1 (2 NC),69,71,Southpaw,1978-02-02
db5dc7cb80d7d418,Will Chope,34-13-0,76,,Switch,1990-09-08
db6d5f691aea3fd3,Wagner Campos,12-10-0,66,,Southpaw,1981-07-31
dbaaf42313af90fa,Joe Doerksen,51-16-0,72,75,Orthodox,1977-10-09
dbac0a413af64bbe,Felipe Colares,10-4-0,68,69,Orthodox,1994-03-31
dbc17725b887860a,Cezar Ferreira,13-8-0,73,78,Southpaw,1985-02-15
dbea8c1cb327ab3d,Igor Araujo,25-9-0 (1 NC),73,77,Orthodox,1980-12-06
dc07493a87dc0a6e,Alex Reyes,13-5-0,71,73,Orthodox,1986-10-02
dc0f07928009a127,Rob Emerson,18-12-0 (1 NC),69,70,Orthodox,1981-07-30
dc3b9cf7641b7ab6,Drako Rodriguez,7-3-0,68,69,Orthodox,1996-06-16
dc5a6b2fdb27e7dc,Amilcar Alves,15-12-0,72,,Southpaw,1988-08-08
dc7927cd622676a7,Victor Altamirano,12-5-0,68,70,Switch,1991-01-23
dc950d59dc590aca,Ebenezer Fontes Braga,13-7-2,72,,Orthodox,1969-04-14
dc9572dd6ec74859,Colby Covington,17-5-0,71,72,Orthodox,1988-02-22
dcbf01d605681ad1,Elizabeth Phillips,6-6-0,66,65,Orthodox,1986-08-20
dccb63727f2f5f74,Matt Frevola,11-6-1,69,71,Orthodox,1990-06-11
dcdd511ff757f15c,Oli Thompson,17-10-0,73,75,Orthodox,1980-01-02
dd12382f28296f7b,Wang Guan,20-1-1,69,71,Orthodox,1986-03-14
dd37fd509af89f15,Josh Koscheck,17-11-0,70,73,Orthodox,1977-11-30
dd4c16777fb2ccf9,Heather Clark,7-6-0,66,64,Orthodox,1980-09-19
dd6103dd7127db1d,Mike Malott,14-2-1,73,73,Orthodox,1991-11-07
dd8aec6de7035943,Dan Evensen,11-4-0,75,,Orthodox,1974-06-01
dd992d569aaebee6,Jesse Taylor,31-15-0,72,73,Orthodox,1983-01-02
dda15dbfafb792df,Kevin Jousset,10-4-0,74,75,Orthodox,1993-05-02
ddbe4fa2ea573393,Jimmy Quinlan,3-1-1,72,,Orthodox,1986-05-25
ddf3e0ea10ea6d8c,Jorge de Oliveira,9-2-0,68,,Orthodox,1980-01-22
de12bd65e2f46478,Pat Schilling,5-2-0,68,,Orthodox,1988-08-28
de26d906f2874dd4,Saygid Izagakhmaev,22-4-0,72,74,Orthodox,1994-09-03
de3ed2e152520c8d,Cal Worsham,13-10-0,71,,Orthodox,1963-06-11
de45aaae23dfa392,Christos Giagos,20-12-0,70,71,Orthodox,1990-01-23
de594b35c45c2e9a,Eduarda Moura,12-2-0,66,67,Orthodox,1994-02-28
de62052b2ede65ba,Matt Arroyo,3-3-0,70,72,Orthodox,1982-09-01
de75d1c45a39e221,Sergio Pettis,18-5-0,66,69,Orthodox,1993-08-18
de83f920fd302871,Tommy Gantt,12-0-0 (1 NC),71,76,Orthodox,1993-01-09
dea070ed4a2a8281,Thiago Santos,22-11-0,74,76,Orthodox,1984-01-07
dedc3bb440d09554,Anthony Macias,26-18-0,69,,Switch,1969-02-09
dee294e9717012c2,Malcolm Gordon,14-8-0,67,71,Switch,1990-05-19
def8166ff24bd237,Brian Ortega,16-5-0 (1 NC),68,69,Switch,1991-02-21
df05aa15b2d66f57,Chris Tuchscherer,21-4-0 (1 NC),74,76,Orthodox,1975-09-08
df1eb4354d18a906,Scott Holtzman,14-6-0,69,69,Orthodox,1983-09-30
df2bf09c99594848,Mario Miranda,14-7-0,75,74,Orthodox,1979-07-12
df2cf66d8c0123db,Noe Hernandez,5-5-0,,,Orthodox,
df5a77121ba84a5d,Alex Stiebling,19-11-1 (1 NC),74,,Southpaw,1976-12-26
df619b9a86ce0a9a,Damien Anderson,5-1-0,68,69,Southpaw,1997-01-04
df85d6ec3493d120,Joe Moreira,2-2-0,71,,Southpaw,1961-07-03
dfae5da5676e4194,Chris Dempsey,11-5-0,70,72,Orthodox,1987-09-08
e00a3dee329a51f7,Jamall Emmers,22-8-0,70,74,Orthodox,1989-07-24
e023fa2e648ea0f1,Steve Bosse,12-2-0,71,72,Orthodox,1981-07-29
e03187ec8b5b6abc,RJ Harris,6-0-0,75,78,Orthodox,1998-10-01
e047d3b541afd4a7,Tahir Abdullayev,20-3-0,68,73,Orthodox,1997-02-02
e0664abaa023fd6f,Ding Meng,35-10-0,74,73,Orthodox,1994-09-27
e06fd1260ac865a7,Yoji Anjo,0-5-1,71,,Orthodox,1967-03-28
e091482fa6648261,Assuerio Silva,16-8-0 (1 NC),70,,Orthodox,1974-06-18
e09dbbd5fe3f0fe2,Curtis Stout,11-12-1,73,,Southpaw,1973-11-07
e0b0cf71e0d69dd0,Kanako Murata,12-3-0,61,62,Orthodox,1993-08-10
e0b74df14f52cd15,Mike Brown,26-9-0,66,70,Orthodox,1975-09-08
e0c6edcb5b5d0b90,Chepe Mariscal,18-7-0 (1 NC),67,69,Orthodox,1992-10-27
e0d3d9b564f95635,Lucas Rocha,18-2-0,63,64,Orthodox,2000-08-12
e0ec3c3b6b611f7e,Hermes Franca,24-17-0 (1 NC),66,71,Orthodox,1974-08-26
e0f7c4f3f67bc808,Wes Sims,24-14-1 (2 NC),82,,Orthodox,1979-08-04
e0f959f65d0406b4,Isabela de Padua,5-2-0,63,64,Orthodox,1991-09-04
e1147d3d2dabe1ce,Robert Whittaker,28-9-0,72,73,Orthodox,1990-12-20
e1248941344b3288,Alexander Volkanovski,28-4-0,66,71,Orthodox,1988-09-29
e132d47bd9efbbe0,Rafa Garcia,19-4-0,67,70,Orthodox,1994-08-05
e13abac8089a801a,Justin Tafa,7-5-0 (1 NC),72,74,Southpaw,1993-12-13
e14b5aa06eea9653,Abel Trujillo,15-8-0 (1 NC),68,70,Orthodox,1983-09-18
e17ac6410c8377f4,Bartosz Fabinski,15-5-0,72,75,Orthodox,1986-04-26
e18a19001a3f7c7d,Alptekin Ozkilic,9-5-0,65,65,Orthodox,1986-03-27
e1d40e8782d80bc2,William Gomis,15-4-0,72,73,Southpaw,1997-06-13
e25bcbcdaf6537a1,Reza Madadi,14-6-0,71,73,Orthodox,1978-06-20
e26882820f9e8df5,Mike Lullo,8-3-0,68,,Orthodox,1979-07-24
e26bd53b751d61d9,Jordan Williams,9-6-0 (1 NC),73,75,Southpaw,1990-10-13
e2b8186b618b00c4,Shamar Bailey,16-11-0,69,75,Southpaw,1982-09-22
e2be0c1a9b886d92,MarQuel Mederos,11-1-1,70,69,Orthodox,1996-11-30
e2ccd9a9ace60de7,Aleksei Kunchenko,20-2-0,68,70,Orthodox,1984-05-02
e2f6b2769aaedd6c,Serghei Spivac,18-6-0,75,78,Orthodox,1995-01-24
e361e5c858af6ff1,Alex Karalexis,10-6-0,68,66,Orthodox,1977-09-20
e363b21261814830,Marcos Vinicius,23-11-1,69,,Orthodox,1979-12-05
e375cb5caf4717b6,Piera Rodriguez,12-2-0,63,63,Orthodox,1992-11-11
e3779ef06e98f185,Keith Berish,5-1-0 (1 NC),72,,Orthodox,1985-11-14
e3964ece586e0635,Jacqueline Cavalcanti,10-2-0,68,70,Orthodox,1997-08-29
e3b30b573e7f0d19,Adrian Luna Martinetti,17-2-0,68,71,Orthodox,1995-08-20
e4277e87a789d687,Dustin Jacoby,22-10-1,75,76,Orthodox,1988-04-04
e45cfa47f504033a,Jason Gonzalez,11-5-0,74,74,Southpaw,1990-02-28
e463ce0a2ca474f4,Ryan Gandra,10-1-0,73,74,Orthodox,1995-05-08
e4770d5ed44a3970,Brian Gassaway,29-20-2 (1 NC),73,,Orthodox,1972-08-07
e4a47b07044ddd72,Ignacio Bahamondes,17-7-0,75,75,Orthodox,1997-08-27
e4a9dbade7c7e1a7,Rolles Gracie,8-4-0,76,,Orthodox,1978-07-14
e4aaaa34535e32b6,Nick Denis,11-3-0,67,,Orthodox,1983-10-11
e4ba58725825412d,Dan Argueta,9-3-0 (2 NC),67,68,Southpaw,1993-08-13
e4bde462b043d3e1,Sanae Kikuta,31-9-3 (1 NC),69,,Orthodox,1971-09-10
e4d2564ea0e34e2b,Mehdi Baghdad,11-5-0,73,,Orthodox,1985-04-13
e4e0f310b3cf23a8,Alex Torres,5-4-0,70,,Orthodox,1988-05-29
e4faa79383c9f214,Ernesta Kareckaite,6-2-1,69,71,Orthodox,1998-07-05
e5010b1b94ca5755,Paul Felder,17-6-0,71,70,Orthodox,1984-04-25
e503aa5c252a1b4d,Dustin Neace,25-21-1 (1 NC),69,69,,1986-09-12
e50cd77732d39967,Aisling Daly,16-6-0,62,64,Orthodox,1987-12-24
e51e5cb722bd47a8,Patrick Cummins,10-7-0,74,76,Orthodox,1980-11-16
e51ee8ded927fc51,Chris de la Rocha,5-3-0,75,80,Orthodox,1979-05-15
e51fcd9cd84c0b93,Michel Prazeres,26-4-0,66,67,Orthodox,1981-07-25
e530df53922f413e,Luis Pajuelo,8-2-0,70,69,Orthodox,1994-12-18
e5549c82bfb5582d,Alex Pereira,13-4-0,76,79,Orthodox,1987-07-07
e564146b9cf6dbef,Felipe Franco,11-2-0,73,76,Orthodox,2001-01-22
e56cee1ad697db04,Steven Asplund,7-2-0,77,78,Orthodox,1998-07-16
e56daf7725a0b5ab,Justin Edwards,9-5-0,70,70,Orthodox,1983-01-26
e56df3c1d8b4b1cc,Homer Moore,26-9-2,70,,Orthodox,1971-11-27
e57fdbea1b828202,Jake Hecht,11-4-0,72,73,Orthodox,1984-02-09
e5864a42c80294f6,Josiah Harrell,11-1-0,67,68,Southpaw,1998-11-13
e5bda12faabfc850,Luis Henrique,10-5-0 (1 NC),74,74,Orthodox,1993-08-21
e5c38954c006f15c,Yuki Sasaki,25-22-2,74,,Orthodox,1976-09-12
e5c9de15bb58b1c6,Evan Dunham,18-9-1,70,70,Southpaw,1981-12-18
e5ca2bc2451a5956,Tina Lahdemaki,5-1-0,62,,Orthodox,1988-05-28
e5d03e4d966126bd,Jason High,21-6-0,68,73,Southpaw,1981-10-12
e5ecaf884b6da2bc,Chris Clements,12-6-0 (1 NC),70,70,Orthodox,1976-02-09
e6147d5ab3685899,Donny Walker,15-10-0,69,,,1980-01-04
e62b36885ecdac27,Allan Goes,10-5-2,72,,Orthodox,1971-04-20
e64b96c07d7ce999,Li Jingliang,19-9-0,72,71,Orthodox,1988-03-20
e6666480a830f764,YiSak Lee,8-2-0,72,72,Orthodox,2000-01-01
e6679e38e7fab7a8,Jamie Siraj,14-4-0,67,66,Orthodox,1994-06-28
e670f8cc2969a789,Sherman Pendergarst,11-18-0 (1 NC),73,,Orthodox,1967-08-01
e6c5908910cc26e4,Lavar Johnson,18-10-0,76,82,Orthodox,1977-06-11
e70de1859b7ee78e,Sultan Aliev,15-3-0,71,74,Orthodox,1984-09-17
e741536153227386,Sean Alvarez,4-3-0,72,,Orthodox,1971-07-14
e76d9f656ceb82ab,Aleksandra Albu,3-2-0,62,63,Orthodox,1990-07-14
e780ccc79a209985,John Dowdy,0-1-0,,,,
e78f601035d677f2,Justin Wren,13-2-0,74,,Orthodox,1987-04-27
e7bba7ce4d6c7b07,Casey Kenney,16-4-1,67,68,Southpaw,1991-03-20
e7e01e266a9d4342,Ronnie Lawrence,8-2-0 (1 NC),68,68,Switch,1992-06-13
e7ec11096eac0282,Adrian Serrano,56-29-4,68,,,1963-12-23
e7f51d9f9e9259e7,Thomas Gifford,14-9-0 (2 NC),73,75,Orthodox,1992-07-26
e7fe5315b1efeb92,Guto Inocente,7-4-0,75,,Orthodox,1986-05-29
e803242fb2e41112,Islam Dulatov,12-1-0,75,75,Orthodox,1998-08-02
e81dd0bb8a64b550,Charlie Ward,3-3-0,71,,Orthodox,1980-12-17
e82d5f54daa85a7e,Joe Merritt,7-2-0,72,,Orthodox,1984-03-07
e86bc32f5997a8f7,Forrest Petz,26-10-0,69,71,Orthodox,1975-09-22
e872e9a9a902c045,Katlyn Cerminara,18-6-0,69,68,Orthodox,1988-12-28
e87a13e02c01331d,Ali AlQaisi,8-5-0,66,68,Orthodox,1990-09-23
e8b731feff72294b,Alexa Grasso,17-5-1,65,66,Orthodox,1993-08-09
e8c170a64dc920ac,Tulio Palhares,2-16-0,,,,
e8efeb9cf33b1941,Cesar Marscucci,3-2-0,,,,
e8fb8e53bc2e29d6,Marcus Bossett,1-3-0,73,,Orthodox,
e8fe9c15d348e778,Daniel Barez,17-8-0,66,66,Orthodox,1988-12-10
e90a2f22417af68e,Azamat Murzakanov,16-1-0,70,71,Southpaw,1989-04-12
e9213f53ddeca978,Dhiego Lima,17-9-0,74,75,Orthodox,1989-01-31
e92901944ce91909,Askar Mozharov,19-13-0,75,74,Orthodox,1994-10-26
e93b04e308913c2e,Dooho Choi,17-4-1,70,70,Orthodox,1991-04-10
e94085e821bd81de,Sam Hughes,11-7-0,65,64,Orthodox,1992-06-28
e979c76341f19b22,Tom Duquesnoy,16-2-0 (1 NC),67,68,Orthodox,1993-06-21
e983c62faf677ab2,Pedro Nobre,18-4-2 (1 NC),65,,,1986-02-13
e99821959a840bb8,Lara Procopio,7-2-0,64,67,Orthodox,1995-11-14
e99eb0ef25885de5,Mitch Ramirez,8-4-0,71,70,Orthodox,1992-11-03
e9a3aeb207578eea,Ilir Latifi,17-9-0 (1 NC),70,73,Orthodox,1982-07-28
e9ac7bfb65c25497,John Phillips,22-11-0 (1 NC),71,75,Southpaw,1985-06-09
e9bc5748e6a76bb6,Ashkan Mokhtarian,13-3-0,66,67,Southpaw,1985-09-15
e9e1acc96536bb4f,Ricardo Funch,9-6-0,70,74,Southpaw,1980-08-14
e9e7e1c8ff289e1b,Humberto Brown Morrison,4-6-0,70,,,1984-11-03
ea0ad155451ed1f5,Ray Wizard,0-1-0,,,,
ea398c802d9998ee,Thomas Ramirez,0-1-0,73,,Sideways,
ea3dcc417c322064,Martin Day,8-6-0,70,73,Orthodox,1988-11-10
ea3ef6206c7907d5,Gideon Ray,17-15-1,70,,Southpaw,1973-05-27
ea7e5bc78d9de658,Makhmud Muradov,26-8-0 (1 NC),74,75,Orthodox,1990-02-08
eaa9402e5a7990ad,Braxton Smith,5-2-0,71,72,Orthodox,1990-01-01
eabf206b162b3b83,Paul Craig,17-10-1 (1 NC),75,76,Orthodox,1987-11-27
eae431e70064e046,Abdul Razak Alhassan,12-7-0 (1 NC),70,73,Orthodox,1985-08-11
eae48ff31db420c2,Arman Tsarukyan,23-3-0,67,72,Orthodox,1996-10-11
eae4aec1a5a8ff01,Tom Egan,7-5-0,71,,Orthodox,
eaea0fc7b76525a8,Mike Guymon,15-6-1,72,74,Orthodox,1974-09-17
eb04b9d31e938edb,Michelle Waterson-Gomez,18-13-0,63,62,Orthodox,1986-01-06
eb1723480fa2f96c,Caol Uno,33-19-5,67,70,Southpaw,1975-05-08
eb29176b03dfa888,Matt Wiman,16-10-0,70,68,Orthodox,1983-09-19
eb393afdbe3293d5,Ismael Bonfim,20-7-0,68,71,Orthodox,1995-12-28
eb70e786bbdf1d16,Yanis Ghemmouri,12-3-0,69,69,Orthodox,1995-01-24
eb8d8c2a95cfccb8,Victor Henry,25-7-0 (1 NC),67,68,Switch,1987-05-04
ebc1f40e00e0c481,Stefan Struve,33-13-0,83,84,Orthodox,1988-02-18
ebc5af72ad5a28cb,Nick Agallar,24-6-0,68,,Orthodox,1979-01-13
ebef46976554f975,Jordan Griffin,18-9-0,70,73,Southpaw,1990-02-28
ec0dcceace7d25a3,Liang Na,19-8-0,65,67,Orthodox,1996-07-27
ec13c393d029297d,Kaue Fernandes,11-2-0,69,73,Orthodox,1995-03-17
ec18eb918121787c,Kazula Vargas,12-5-0,68,71,Southpaw,1985-08-15
ec23c1be628d8057,Trevin Jones,13-10-0 (1 NC),67,70,Southpaw,1990-08-04
ec2d13a87d3d9541,Sheldon Westcott,10-3-1,73,71,Southpaw,1984-08-20
ec33146e43e58933,Xavier Foupa-Pokam,32-22-0,73,,Open Stance,1982-07-03
ec34349e7dffcde7,Claudia Gadelha,18-5-0,64,63,Orthodox,1988-12-07
ec3bd30378d63dd1,Hecher Sosa,15-1-0,69,70,Orthodox,1995-08-25
ec52462a1b41f714,Brett Johns,17-2-0,67,71,Orthodox,1992-02-21
ec664422b22d9787,Jenel Lausa,7-5-0,65,68,Orthodox,1988-08-01
ec71a892fada28c7,Marco Beltran,8-6-0,68,69,Orthodox,1986-05-18
ecdf14f4f8643d39,Byron Bloodworth,6-3-0,68,,Orthodox,1983-08-16
ece280745f8727b8,Kamal Shalorus,9-5-2,68,68,Orthodox,1972-08-27
ed209f6618c82e41,Hacran Dias,23-6-1,68,69,Orthodox,1984-06-16
ed2a8cc402173781,Vince Cachero,7-4-0,66,68,Orthodox,1989-11-07
ed73c85164a5f5a4,Paul Creighton,3-1-0,66,,Southpaw,1970-06-04
ed74afc8b5b47a61,William Macario,9-3-0,71,75,Orthodox,1991-07-01
ed7d329d7c29428d,Colby Thicknesse,9-1-0,67,69,Orthodox,1999-06-23
ed9d8ee3a4239b1c,Sage Northcutt,11-2-0,72,71,Orthodox,1996-03-01
edad57b3dddf2168,Jared Papazian,20-13-0 (1 NC),68,67,Southpaw,1988-02-01
edd02825c29028fe,Marco Polo Reyes,8-7-0,71,71,Orthodox,1984-11-07
edd8d5d8089a35f8,Frank Lester,11-6-0 (1 NC),71,,Orthodox,1984-06-10
ee18ff42063174df,Ottman Azaitar,13-3-0,68,71,Switch,1990-02-20
ee457ef1e1c326c1,Ben Earwood,12-3-0,68,,Orthodox,
ee4b670e159f4a33,Dorian Price,8-5-0,75,,Southpaw,1977-08-20
ee5df903f80c6816,Eldo Xavier Dias,0-1-0,71,,,1964-07-16
ee624ee2a18f2a43,Jorge Lopez,11-5-0,70,,Orthodox,1988-11-21
ee779c43a8926d52,Rashad Evans,19-8-1,72,75,Orthodox,1979-09-25
ee9d73f4fee9cbdd,Antonio Rodrigo Nogueira,34-10-1 (1 NC),75,77,Orthodox,1976-06-02
ee9ebceabfd16fa7,Kevin Lee,18-8-0,69,77,Orthodox,1992-09-04
eea0274e153256a0,Ian Loveland,18-10-0,68,,Orthodox,1983-09-07
eeabcd4dc6619129,Daniel Jolly,5-3-0,73,75,Orthodox,1984-09-03
eebc23626e38f5dc,Liana Jojua,8-5-0,64,62,Orthodox,1995-03-22
eee0ef3e2b14816b,Kai Kamaka III,18-8-1,67,69,Orthodox,1995-01-05
eee7dafac7d672b5,Brian Melancon,7-3-0,68,,Orthodox,1982-05-28
eef9b891edbd4604,Mark Hunt,13-14-1 (1 NC),70,72,Orthodox,1974-03-23
ef1182eb28c17d4e,Mark Striegl,18-4-0 (1 NC),68,70,Southpaw,1988-06-23
ef44e4ea9050f2ea,Te Edwards,6-3-0,68,72,Orthodox,1990-09-11
ef5dcb10d2bd4b0f,Bogdan Guskov,18-4-1,75,76,Orthodox,1992-09-12
ef7fa30364cbe7f2,Hatsu Hioki,29-10-2,71,73,Orthodox,1983-07-18
efa1f6b42c86793c,Adam Wieczorek,10-2-0,77,81,Orthodox,1992-02-05
efaf544314bb5c2e,Ron Waterman,16-6-2,74,,Orthodox,1965-11-23
efb96bf3e9ada36f,Song Yadong,23-9-1 (1 NC),68,67,Orthodox,1997-12-02
efb9a43415a56d34,Sai Wang,20-6-1,72,,Southpaw,1986-01-14
efc67b07eed39794,Istela Nunes,6-6-0 (1 NC),64,66,Orthodox,1992-07-23
efd2b3e9bb7965a4,Bharat Kandare,5-3-0,67,72,Orthodox,1987-06-20
eff47295daf721a6,Tamdan McCrory,14-5-0,76,76,Switch,1986-11-05
eff9074bc066f0f2,Bia Mesquita,8-0-0,64,67,Orthodox,1991-04-07
effd9de9937996f8,Tyron Woodley,19-7-1,69,74,Orthodox,1982-04-07
f00ac08ab056af5d,Tagir Ulanbekov,17-3-0,67,70,Southpaw,1991-08-07
f0264252e191da22,Jason Thacker,0-1-0,70,,Orthodox,1975-08-18
f046d724d2a84ac5,Desmond Green,23-8-0,70,73,Southpaw,1989-10-11
f0abbb6f3444dae7,Paul Buentello,35-17-0,74,77,Orthodox,1974-01-16
f0fad0e9f3b65752,Jamey Simmons,7-4-0,66,70,Orthodox,1992-09-11
f0feeb2192937424,Angela Hill,19-16-0,63,64,Orthodox,1985-01-12
f1175ea3aafbf351,Hu Yaozong,3-3-0,75,72,Orthodox,1995-04-07
f12f979b657ab876,Dan Barrera,3-1-0,69,,Orthodox,1980-12-23
f139d6836efd43dd,Yaroslav Amosov,30-1-0,72,75,Orthodox,1993-09-09
f14cf73e51b29254,Sergei Pavlovich,21-3-0,75,84,Southpaw,1992-05-13
f14f644d41ade29f,Cody Brundage,12-9-1 (1 NC),72,72,Orthodox,1994-05-16
f166e93d04a8c274,Diego Lopes,28-8-0,71,72,Orthodox,1994-12-30
f1928a52590c5532,Curtis Millender,17-5-0,74,76,Orthodox,1987-12-01
f1ab6f37492c630a,Carli Judice,6-2-0,67,68,Southpaw,1999-03-02
f1b2a4365799c48b,Christian Wellisch,8-5-0,74,77,Orthodox,1975-09-13
f1b2aa7853d1ed6e,Kamaru Usman,21-5-0,72,76,Switch,1987-05-11
f1d64ae34e088832,Charles Jourdain,18-8-1,69,69,Switch,1995-11-27
f1f37d667bcd0d27,Willamy Freire,26-6-0,68,,Orthodox,1987-07-28
f1f9e48a0d150757,Steve Cantwell,7-6-0,74,75,Orthodox,1986-12-08
f1fac969a1d70b08,Leon Edwards,22-6-0 (1 NC),74,74,Southpaw,1991-08-25
f201f21cf2c79eb2,Sebastian Szalay,10-2-0,66,66,Orthodox,1994-02-03
f215cfbd4ba3c270,Garreth McLellan,13-6-0,73,72,Southpaw,1982-09-01
f2477cf43c4975cc,Jonathan Martinez,19-6-0,68,70,Southpaw,1994-04-20
f264ba50b007f39e,Victor Hugo,25-5-0,67,71,Orthodox,1992-11-22
f2688492b9a525a3,Frankie Edgar,23-11-1,66,68,Orthodox,1981-10-16
f2900678e98f6d6a,Ronaldo Rodriguez,17-3-0,66,65,Orthodox,1999-05-07
f2925e6db404bf1d,Robbie Lawler,30-16-0 (1 NC),71,74,Southpaw,1982-03-20
f29a6350c69f4a33,Miranda Maverick,17-6-0,63,65,Southpaw,1997-07-01
f2ad06f1007c481a,Alan Omer,20-5-0,70,,Orthodox,1988-09-14
f2b3f4ef3f780168,Nora Cornolle,9-4-0,67,67,Orthodox,1989-12-06
f2b6fdb20675b11c,Mike Perry,14-8-0,70,71,Orthodox,1991-09-15
f2c8ebbeafd45f2b,Aaron Riley,30-14-1,68,69,Southpaw,1980-12-09
f2f140ce7532e327,Gabriel Santos,12-2-0,69,70,Orthodox,1996-11-28
f300763147320d12,Liliya Shakirova,8-2-0,64,65,Orthodox,1991-10-24
f3388d2cf7ab3f64,Rob MacDonald,5-4-0,75,78,Orthodox,1978-09-05
f341f9551ba744e2,Paul Jones,11-1-1,69,,Orthodox,1963-06-16
f34312c2ccfa0e00,Spencer Fisher,24-9-0,67,68,Southpaw,1976-05-09
f348d05403fad037,Dan Bobish,17-9-0,74,,Southpaw,1970-01-26
f3a078277b3b8ff4,Masanori Kanehara,26-12-5,67,67,Orthodox,1982-11-19
f3a853544e4413c4,Anthony Lapsley,23-7-0 (2 NC),69,,Southpaw,1980-02-13
f3ca6908f78efebe,Terrence Mitchell,14-4-0,70,74,Orthodox,1989-12-30
f40ec51dd4de47c3,Jonavin Webb,9-2-0 (1 NC),70,,Orthodox,1989-04-28
f41b9f5efc7162d6,Jamal Pogues,11-5-0,75,77,Orthodox,1995-12-01
f4c49976c75c5ab2,Conor McGregor,22-7-0,69,74,Southpaw,1988-07-14
f4d92416da98804b,Bassil Hafez,9-4-1,71,72,Orthodox,1992-01-31
f50d95223751e6ca,Russell Doane,15-8-0,67,70,Orthodox,1986-08-13
f53c1f4ceeed8c08,Dustin Ortiz,19-8-0,65,65,Orthodox,1988-12-25
f53d4f21d1b5f2dc,Diego Ferreira,19-7-0,69,74,Orthodox,1985-01-18
f5431394fb284bb9,James Te Huna,16-9-0,74,75,Orthodox,1981-09-29
f5779a2303ed76ec,Valter Walker,16-1-0,78,78,Orthodox,1997-12-14
f57a8a52ca401ed9,Nick Diaz,26-10-0 (2 NC),73,76,Southpaw,1983-08-02
f57dd0bfa8c17813,Mark De La Rosa,11-5-0,66,65,Orthodox,1994-08-31
f5990c11974d8e9c,Mike Pyle,27-14-1,72,74,Orthodox,1975-09-18
f59e9e49ef85b469,Jason Young,9-6-0,69,73,Orthodox,1986-06-28
f59f1d3a2ff13edd,Eric Schafer,14-8-2,75,76,Orthodox,1977-09-20
f5d82eccdea4e2dd,Christian Edwards,8-5-0,77,78,Southpaw,1998-11-05
f5f6419c5f00abad,Tyler Diamond,9-1-0,67,69,Orthodox,1991-03-18
f5ff7bcdcfeba3ad,Trevor Prangley,34-11-2,73,75,Orthodox,1972-08-24
f626118b6da0e020,Bryan Battle,13-2-0 (1 NC),73,77,Orthodox,1994-09-21
f62850b3c7480db9,Keith Mielke,0-5-0,68,,,
f65dcb22dada2223,Josh Sampo,11-5-0,64,64,Orthodox,1984-07-24
f6ad6a1e4d600e0d,Mason Jones,18-2-0 (1 NC),70,74,Orthodox,1995-04-26
f6bcbd91b114ff58,Johnny Munoz,12-4-0,69,71,Orthodox,1993-02-16
f6e5972c9d16c40e,Victor Rodriguez,7-4-0,65,67,Switch,1992-09-05
f70144caea5c4c80,Eugenio Tadeu,2-3-0 (1 NC),68,,Orthodox,1963-08-17
f703250471acaf96,Harry Hunsucker,7-6-0,74,75,Orthodox,1989-01-03
f717b6002486f73f,Marcus Silveira,6-4-0 (1 NC),75,,Orthodox,1964-12-09
f72465a784c1b084,Jessica Eye,15-11-0 (1 NC),66,66,Orthodox,1986-07-27
f7467152fd9f18a2,Taila Santos,19-3-0,66,68,Orthodox,1993-06-22
f748267c4ab6c127,Rhys McKee,14-7-1,74,78,Orthodox,1995-09-10
f74e037b97917027,James Giboo,13-5-0,71,,Orthodox,1978-01-06
f75c5ca0d91b9115,Richie Smullen,3-1-1,69,68,Orthodox,1991-08-17
f77c68bb4be8516d,Yoel Romero,13-5-0,72,73,Southpaw,1977-04-30
f782f953bfe7b5f2,Jonathan Micallef,10-1-0,72,77,Southpaw,1999-03-05
f797f0c57a83353e,Trevor Smith,15-10-0,75,75,Orthodox,1981-01-05
f7a7f7118d4b01b6,Lyoto Machida,24-8-0,73,74,Southpaw,1978-05-30
f7adc1fd115f8fdd,Abubakar Vagaev,25-4-0,71,73,Orthodox,1993-04-14
f7be1db194e03d7e,Pedro Falcao,16-5-0,66,66,Orthodox,1992-07-30
f7d73e452b064bf2,Danny Henry,12-4-0,72,73,Orthodox,1988-07-17
f7e856a73c96048e,Gable Steveson,4-0-0,71,74,Orthodox,2000-05-31
f86cb5f25d545e0e,Daniel Spitz,6-3-0,79,82,Orthodox,1990-07-31
f8dc544e7077d014,Jorge Santiago,25-12-0,73,75,Orthodox,1980-10-09
f8f1ec513bcfef43,Alexander Munoz,7-2-0,69,72,Switch,1990-02-27
f8fe2053d73d7bcf,Nick Catone,10-4-0,72,72,Southpaw,1981-09-01
f9081770e28ea2e1,Reginaldo Vieira,13-5-0,67,65,Orthodox,1982-11-26
f923e012414c883e,Lauren Mueller,5-3-0,65,67,Orthodox,1991-11-15
f95381efb3051d81,Hugo Viana,8-4-0,66,67,Orthodox,1982-09-26
f96856f9d69fd7e4,Robert Bryczek,18-7-0,72,75,Orthodox,1990-07-04
f97c5433c77522d3,Nohelin Hernandez,9-4-0,70,71,Orthodox,1994-03-01
f998f5c102250d6e,Yohan Lainesse,9-3-0,73,76,Orthodox,1992-08-14
f9a20a17d712ef7c,Cole Williams,11-3-0,72,73,Orthodox,1983-12-15
f9ab66e67240db7b,Joselyne Edwards,18-6-0,68,70,Orthodox,1995-09-29
f9ae6914f604aa9f,Rin Nakai,19-2-1,61,,Orthodox,1986-10-22
f9b200db02b488d9,Lando Vannata,12-8-2,69,71,Orthodox,1992-03-14
f9d0cae37dabfafc,Ike Villanueva,18-14-0,73,73,Orthodox,1984-04-04
f9f07bb5a43535ed,Carlos Condit,32-14-0,74,75,Orthodox,1984-04-26
fa07345cc9db5cc9,Billy Ray Goff,9-4-0,70,72,Switch,1998-06-18
fa315e6c77eee106,Brandon Vera,15-7-0 (1 NC),75,78,Orthodox,1977-10-10
fa37628269132d1a,Godofredo Pepey,13-6-0,67,73,Orthodox,1987-07-02
fa6796c55d6c5440,Curtis Blaydes,19-6-0 (1 NC),76,80,Orthodox,1991-02-18
fa8b9e6b0c2269f8,Jason Dent,22-13-0,70,71,Orthodox,1980-06-12
fae67903c4fe636b,Antonio Braga Neto,9-3-0 (1 NC),75,77,Orthodox,1987-10-29
faf317c665546a36,Santiago Luna,8-1-0,69,74,Orthodox,2004-08-06
fb1538b46877a695,Jonathan Goulet,23-12-0 (1 NC),72,73,Orthodox,1979-07-13
fb37795db81f93f3,Bogdan Grad,15-4-0,68,70,Orthodox,1995-09-28
fb3e61720be4690c,Mike Davis,12-4-0,72,72,Orthodox,1992-10-07
fb41432b622992a9,Lukasz Sajewski,13-3-0,68,71,Orthodox,1990-11-27
fb79582c410d049e,Wagner Silva,6-3-0,72,,Orthodox,1987-02-07
fb8a3025ae722e64,Bobby Voelker,19-13-0,72,74,Orthodox,1979-04-26
fba03cd6cc28dc41,Josh Emmett,19-7-0,66,70,Orthodox,1985-03-04
fbb60f24af5d5a02,Torrez Finney,11-1-0,68,75,Orthodox,1998-10-24
fbbde91f7bc2d3c5,Gary Goodridge,23-22-1,75,,Orthodox,1966-01-17
fbf0537e420e698e,Daniel Teymur,7-4-0,65,69,Orthodox,1988-02-03
fbf0947399d14323,Ken Stone,11-4-0,68,71,Southpaw,1982-10-08
fc08099550072fe4,Waldo Cortes Acosta,17-3-0,76,78,Orthodox,1991-10-03
fc0a4053eb8a3a59,Nicolle Caliari,9-4-0,63,62,Orthodox,1996-11-04
fc169c387b4b465d,Raquel Pennington,16-10-0,67,67,Orthodox,1988-09-05
fc31f896cde2bc2e,John Howard,24-13-0,67,72,Orthodox,1983-03-01
fc60ecf0671b9489,Chris Holdsworth,6-0-0,71,,,1987-10-24
fc6e681bf6658faf,Ashlee Evans-Smith,6-6-0,68,67,Orthodox,1987-07-09
fc9a9559a05f2704,Eddie Wineland,24-16-1,67,69,Orthodox,1984-06-26
fcaae0385b514f11,Frank Shamrock,23-10-2,70,,Orthodox,1972-12-08
fcce75a25c14a804,Bojan Velickovic,15-6-1,72,76,Southpaw,1988-12-18
fccf811c1e8b01c7,Andrew Sanchez,13-7-0,73,74,Orthodox,1988-04-08
fcd448a2fe1a23cc,Gian Villante,17-14-0,75,76,Orthodox,1985-08-18
fcffee71cff5530e,Forrest Griffin,19-7-0,75,77,Orthodox,1979-03-16
fd406a32a6fb3a29,Chris Duncan,15-3-0,70,71,Orthodox,1993-05-10
fd55393021a8c255,Gunnar Nelson,19-6-1,71,72,Switch,1988-07-28
fd5b6598a3b70c0a,Seth Baczynski,20-14-0,75,75,Orthodox,1981-10-26
fd7ab338e4953644,Manolo Zecchini,11-5-0,68,68,Orthodox,1996-10-22
fd87b1bbfcde9d5e,Danillo Villefort,15-5-0,73,,Orthodox,1983-05-08
fdbefee0827e1567,Wu Yanan,13-6-0,68,66,Orthodox,1996-04-18
fdd22e895a70e4a8,Damian Pinas,10-1-0,73,79,Orthodox,2002-03-12
fdf18227faa596dd,Chad Griggs,11-3-0,73,73,Orthodox,1978-05-15
fdfef29ba17ee525,Alex Schoenauer,15-10-0,75,,Orthodox,1976-05-05
fe2babf95de24fb1,Raul Rosas Jr.,12-1-0,69,67,Switch,2004-10-08
fe435e440b5de0ff,Jake Shields,31-9-1 (1 NC),72,72,Orthodox,1979-01-09
fe5a9547479396ab,Jim Alers,13-3-0 (1 NC),69,71,Orthodox,1986-10-14
fe5ca7ef93c3f6a7,Roger Zapata,4-2-0,71,,Southpaw,1986-05-09
fe91d254db77a7fc,Dustin Kimura,11-3-0,67,71,Orthodox,1989-05-21
fea79f9bc8c68769,Marlon Moraes,23-10-1,66,67,Orthodox,1988-04-26
fea8acf9bfcf09ec,Simeon Thoresen,17-6-1,73,79,Orthodox,1984-03-14
feaf00f3373435d6,Chris Gruetzemacher,15-5-0,68,68,Orthodox,1986-06-16
feedf3053472fe56,Charles Radtke,12-5-0,69,72,Orthodox,1990-07-09
feef5f8f5629e5e7,Theodor Berggren,8-4-0,71,75,Switch,2000-04-09
fef3d17e27e916e7,Antonio Carvalho,15-6-0,69,70,Orthodox,1979-05-30
ff2c606c8bc365e3,Josh Rafferty,9-8-0,72,,Orthodox,1981-01-06
ff4c3ab594c7fac3,Cristiano Marcello,13-6-0,69,72,Orthodox,1977-12-03
ff62013d2fce6d13,Nazim Sadykhov,11-3-1,70,69,Southpaw,1994-05-16
ff6a1f63c254127e,Albert Tumenov,18-4-0,71,73,Orthodox,1991-12-26
ffc088e64fab57e9,Quinton Jackson,37-12-0,73,73,Orthodox,1978-06-20
ffc3e6daaa6da0b7,Johnny Bedford,21-13-1 (1 NC),70,71,Orthodox,1983-01-06
ffd3224638c01b57,Jean Matsumoto,18-2-0,66,68,Orthodox,1999-09-09
ffdeb4fbea09ce75,Jessica Rakoczy,1-5-0 (1 NC),67,,Orthodox,1977-04-14
ffe9703408fb5964,David Onama,14-3-0,71,74,Orthodox,1994-06-07
