fight_id,p_market_a
43f0495855470427,0.6884445477795862
7aa7b0c5706a0492,0.7021276595744681
d215c4e6dc1346ae,0.7628879712268549
275c22a93bdd84d8,0.5217391304347826
9368a80ba62d87e2,0.7784405624201108
2270b89b17067838,0.6040343668285395
f63a647b74359194,0.4117884537747275
eb62bfcd3d96a182,0.6507042253521127
dd56acbfb08aa6b2,0.6979865771812079
a41be337367884e6,0.7784405624201108
9f6f356a56e4fe6f,0.5962732919254659
d0e4876ab954d27d,0.849246231155779
5755a68d39867abc,0.4098360655737705
e74e3c2a96fa9c55,0.662676822633297
d89e004e3992c5a4,0.7512801755669349
3b8e793ed8151a51,0.7482014388489209
0ae251dd5c0b5304,0.6742037442256261
103b36a1b9d98102,0.6279373368146214
828776734a528b62,0.6581196581196581
4be101dd6883d9bb,0.40372670807453415
2059fd17f2ff4e4a,0.6690070210631895
8d986c9ee38daf19,0.7578947368421054
17cda9957f96883f,0.7520661157024794
516868e246064e2b,0.33099297893681046
2328c7832a356a6d,0.6581196581196581
eeb8b25df8543e0f,0.6345305608065531
c16403197580e0af,0.33099297893681046
b32acf1c70321321,0.5798319327731092
2e8217f029c25a3a,0.7395517867958812
713c9b6d0abe5cfc,0.8328690807799444
9eaea5e0165802d0,0.5882115462252725
8afb878a0900372e,0.35274388480888225
63f744d672fbb8b4,0.8498789346246973
29c9e57b23116aa2,0.1354679802955665
5a6861ca6d7fd021,0.7769516728624536
38ea5a7a5b4932cb,0.43619489559164726
354a92ca4fd824a1,0.6207865168539326
e1f77d40503e5259,0.7857142857142857
3a1d4016452477f5,0.6040343668285395
867904bc58d656df,0.40372670807453415
a2e7273a95d5db4a,0.3020134228187919
2fec2ba8ea346a3a,0.6841382467383841
1572dbb2433d2201,0.3569230769230769
bb58aad30b58b1e4,0.7021276595744681
fc2badbeebf85ebf,0.3569230769230769
19425b506594d5c7,0.5046466242274987
44adac5d05f7e883,0.5274287332041203
351dccf63078a20e,0.17499999999999993
59f77a6ecd041dff,0.7857142857142857
e3846855a38f0bce,0.7727272727272727
d4415f08ba3e017e,0.33099297893681046
189d14e4e1602c48,0.3064968702784373
c795c4b7beb89bee,0.38128249566724437
f89589236dc3cbd7,0.6492271105826397
094a77eecd56a27a,0.28037383177570097
26025a42e011229f,0.816793893129771
7f35ce1469dab556,0.3318409270476692
96f51af6a93b94c6,0.5116279069767442
3832958c913305f0,0.7844827586206897
655a110a0bd2ea42,0.7634625062908907
8ba089858a7d647b,0.2714333002317114
6190569c372725bf,0.6428571428571429
5000a0bde6213fd9,0.4201680672268908
8c3179f0fd62af14,0.46823886596395203
11774c581b818e30,0.328634616179571
dd7920cac66bed25,0.36328871892925424
0031c043c9f14eb8,0.4496686651940676
72d69e969eda8679,0.36726128016789095
c40fd062610d4e61,0.5069715560513106
37e2f89510cc0bba,0.6841382467383841
e7cb3f5cb39c33e6,0.7362296353762606
ab7934f39038ab27,0.6935031297215628
fcac56089f65d04e,0.4572564612326044
8c082a3c69e2d192,0.6581196581196581
13fa791f0772250c,0.5901639344262295
a754766050409638,0.25818639798488663
9b38456520395242,0.3654694391934469
256c9a39386f94a9,0.5620437956204379
76ca3d1cefd6945a,0.6428571428571429
3eb829eb77256ac0,0.6581196581196581
3657196c2f624138,0.6187175043327556
c3e49cc87bd262c8,0.5962732919254659
a9da6a31229b136c,0.6345305608065532
d9c61052035c9b69,0.5817328211694409
049659c5a58ebb61,0.35443775490386487
4c5a2a3cf2bea222,0.632738719832109
536c26ef4da9ace7,0.3569230769230769
b5608e83faac1387,0.6029791948787394
07ba406a1d0a5a71,0.738498789346247
20d28c177a7d43a4,0.6115107913669064
16cab4b91e2c8881,0.4270462633451957
458e6de1b9ef3500,0.6888888888888889
bb7df9a9c9a69914,0.6428571428571428
6e62908d6639dcdb,0.42888402625820565
7949430ebc47f31b,0.8610349956940422
743f9df5bdfbcb95,0.6551724137931034
c0dc7511452ed0f8,0.6504322358165242
a01524699dfa3526,0.2517985611510791
71cb15f6dbdaccd8,0.5108342361863489
860954fbe26b867a,0.6581196581196581
26800d759ba50371,0.40372670807453415
a3902e22c10725c4,0.3418803418803419
db1c5b5a710fbdb0,0.679245283018868
92dea6ff8f0c1b10,0.639187866927593
bcab3ebdc21b0b64,0.8072952512044047
c92c53954903554a,0.45366950377388787
3559cab3329e5431,0.45366950377388787
10fd87a88178aedd,0.35320780191431395
241a307a9c3d9a21,0.7628879712268549
57d481c10c842ba2,0.4201680672268908
10e35a0667d39086,0.863013698630137
2592954ad51764b0,0.7634625062908907
0072df705378477c,0.7520661157024793
55e12d44e9e524cf,0.6428571428571429
951d11f8684ed734,0.2758620689655171
3d38022fdcb3b5c9,0.28252901649358586
bec66de67818a9b1,0.8372093023255814
4bb7363bb03628f6,0.662676822633297
f484290346cfcf73,0.4270462633451957
17a8fbfbe8d32258,0.6430769230769231
a5962421d687de8f,0.7482014388489209
65290fc5216c2a73,0.4769828064337216
18cfc2f58d20c0f2,0.6690070210631895
dacca5ea6be14d08,0.3571428571428571
9443197a9e0a22a2,0.7362296353762606
48db60440ead6f6d,0.6884445477795862
a24121c70f773fe2,0.4017329657345412
108140213049e629,0.5443037974683544
2aeba1cc4004d0bc,0.3373231773667029
25137d9cc8b47f57,0.4675324675324675
b972f998103731da,0.3720626631853786
2f2ac4c08e763d38,0.4117884537747275
f1ffe3ba615ad7b9,0.36081213307240706
a4bc92bfe82d0547,0.40372670807453415
88ef809a0fde3900,0.6792452830188679
7e3679992f2c6ff6,0.6207865168539326
5b986cd7289a0884,0.5638051044083527
81b5e933186a685a,0.3690624751081964
8e2e14693e04bf45,0.5
1733594124569598,0.706429605127145
b2717e8f7e7a196f,0.6263772226464492
c22d25f1febd8d09,0.7147147147147147
b30bb2ba5b68a180,0.5962732919254659
a8b22e990cba6144,0.6581196581196581
bd057764cb51f065,0.3654694391934469
ab341b7bb01cdc89,0.662676822633297
9984333d8933dd58,0.3792134831460675
a829493aa8d25e3c,0.18883415435139583
2037295b161c8269,0.6040343668285395
5014298453caf116,0.5882115462252725
9f2e58bf880157b2,0.39596563317146055
676f5091ce2c3c90,0.6279373368146214
62d4a918256c83e8,0.6507042253521127
8c8d46d89bf899e8,0.679245283018868
8f301d4eb8e97449,0.38643820634341963
1a0b90c661fd603e,0.6207865168539325
635763ab6b5f0bf0,0.4270462633451957
ec618a1214d4b171,0.6249948488303411
8787d56f59bfb4c3,0.42888402625820565
46c74829fb4c2dd5,0.6888888888888889
704e1351a64581ed,0.38128249566724437
f7e5e9fdcbff28b3,0.5711159737417943
95ca100d6bf829b2,0.6428571428571429
f817a161eb72e685,0.5
9c354bd6ea1bf25a,0.6636481241914618
fdb7377a34603e47,0.3569230769230769
6a32cabbcd9b1e42,0.47698280643372154
82ad4eb50b3d7bd0,0.7146765683017393
5e3f46e6f46d5a90,0.5069715560513107
68b3222e977a6a11,0.2540415704387991
2a9755f4d43f3e2f,0.6581196581196581
d2ce61c578e67067,0.6690070210631895
0a5d29e380f1e3e0,0.6581196581196581
ebf204638524c377,0.5108342361863489
d87755257628de36,0.4891657638136512
552973c278f08fbb,0.6681590729523308
256aacb8cb2c4289,0.2978723404255319
71bcafd04decc8ce,0.8131736526946108
3e0301367e511512,0.6786155747836836
15cae38f1326adfb,0.5542635658914729
8d886fba9328269c,0.5443037974683544
0ed093f6aaab94d3,0.40372670807453415
8b87b341bcd130ee,0.7879171125595875
e76c3346ad9be24a,0.6428571428571429
83ea3c36a6f91cb8,0.33099297893681046
dca2a0eb4cd3deac,0.6690070210631895
a2be3b3f9739d0af,0.6931407942238267
dee976dde74e7e05,0.7316120264990658
dca074896265f816,0.36906247510819634
6e574bd614afffd9,0.6345305608065532
f5686732b85adafc,0.5
ee85a66d86490f83,0.2892960462873674
a1b035662f43aae2,0.6115107913669064
d2287a9cfb6b9b07,0.4782608695652174
7206d0aa1d53e518,0.3654694391934469
3d16f99de58b9d0e,0.5962732919254659
e87b5c403533b057,0.7997032640949555
ed6a02c8dcc6f922,0.5338983050847457
77785292d4df807c,0.40983606557377056
ecc41acbd699812a,0.3068592057761733
f0d86420d88ca27b,0.7350993377483445
ecc80630494d402a,0.6888888888888889
94a3e3df3d28d8f0,0.5798319327731092
37d988593cb5f14a,0.3111111111111111
42a361f33cbb8d6f,0.5798319327731092
c4bbae7615545c85,0.42888402625820565
075be81e3f92c2bf,0.41485412922622145
de7eec13356baebe,0.5562044917484774
f327f8e59acfab1b,0.5675103560283946
df42fd9af4740d24,0.7241379310344829
b13e3620949300c5,0.27586206896551724
fbc7d73f7bf60b9c,0.7147147147147147
965989097794b22b,0.3363518758085382
33c8395139de7551,0.5108342361863488
e7ace0544d5ab596,0.35714285714285715
6963c65b49e47277,0.32138442521631644
a60ba933a7ea898e,0.7021276595744681
9a71dc94152a76ac,0.7021276595744681
4abf375aa97364f6,0.6263772226464492
dc58af0c02a42743,0.43619489559164726
ab8b506dd2277da3,0.7285666997682887
a245b4d0a7861fb8,0.5324675324675325
ba5b23e7ef308883,0.24793388429752067
dbfac95047e7b33a,0.5
986bc0ce25dac848,0.6581196581196581
89cb6801b51f2216,0.5217391304347826
87c73e2086214b5c,0.662676822633297
d2246624da1c4e38,0.4496686651940676
65ce293c20bd25e2,0.7260371450935744
d1cda3a0c148b725,0.7234352256186317
ce6f4d06fe5b51f3,0.7482014388489209
6b7033df94818cee,0.7107039537126325
ae3ab5d1892153ef,0.7607101505210343
20aa994cd23074b9,0.4891657638136512
95f136c07f9834be,0.6581196581196581
c1843fa8f113d321,0.447405997144217
791b8b3a475487e9,0.6792452830188679
0f461c4ddf70eff9,0.7280334728033474
2dd864ec1a1a4031,0.23115577889447236
d5e7fe1f5035505c,0.267175572519084
76e6177c401f2176,0.6367112810707458
72372c31dee3cadc,0.6279373368146214
fec8b9760d6bb235,0.7520661157024794
ae07b35f2797242e,0.4782608695652174
e4b5f0358ce7bad4,0.3654694391934469
6ac1478baeddaae8,0.2976554536187564
062816ff1b591bbb,0.4117884537747275
42536a8cf2eda678,0.4361948955916473
08602f790f09d949,0.6207865168539326
4186686dbd9957cd,0.6690070210631895
f06030bf27ebe337,0.7285666997682886
67afd8e69820ffa0,0.42888402625820565
bbbb4c62c35f5390,0.4572564612326043
16b0e962beb6d15e,0.5230171935662784
d59b40be94d5a609,0.6636481241914618
de2513c984996c8c,0.6636481241914618
1fa6d636d283ac84,0.5962732919254659
3ce9e07f51239edd,0.6742037442256261
dc2a3aeac1441991,0.6681590729523308
dd3ea525fe1898f1,0.7844827586206897
2a28ce0035468735,0.706429605127145
376beb49aadb06d6,0.7450468438027953
e1563825c36aad26,0.6279373368146214
42e7cc48c31d8f29,0.6979865771812079
a8cf22bc7d05c0a1,0.4201680672268908
e595cb4bfc26193b,0.5711159737417943
04193f1fff93ddb1,0.7900763358778626
18b31990d1808419,0.6040343668285393
28b405fe1552ccad,0.706429605127145
60f3232bc7a73b15,0.6249948488303411
de78bdd8c734e8ab,0.6931407942238268
bb70048e290f4a86,0.5324675324675325
70e78fcf793bc82b,0.2758620689655171
28f57f60a46654f6,0.6626768226332971
60d27c73e4a20318,0.7697368421052632
c67473192bda50d8,0.7925157465728047
774f7eed6b0180be,0.6581196581196581
a1f4a5fcef50915b,0.7362296353762606
89d39663ff1b890e,0.6507042253521127
04d97700dbdaef5e,0.6279373368146214
9c3c0818f0c32768,0.805450880729121
12b94f0229c30ead,0.816793893129771
f0e299c134cbac37,0.7647673810768426
520de85f6d492264,0.4930284439486894
eb8e4c57d131fb46,0.5901639344262295
6f0dc5319bf900dc,0.5675103560283947
81ec228bf7af0fc1,0.6551724137931034
eb6a55ee772dd722,0.5338983050847458
6d83de8d54f75ffc,0.6367112810707456
5aef2af22f5f2fbd,0.45569620253164556
6d3655c731347f94,0.6207865168539325
8348ff428d1687ab,0.3939393939393939
c553753c64379c39,0.5338983050847457
727c8004faed648d,0.5503313348059324
7956ae951020ce8c,0.31639501438159146
6617170d3659b175,0.5729537366548043
b0cfaf01a155985b,0.4661016949152543
3d1a835c15fd8cb2,0.45569620253164556
6299412d7bbfbce6,0.7956823438704704
556952a9520d0ae0,0.7769516728624536
4cc8bef7c487cf9d,0.7628879712268549
cd0bc692a7bce9e7,0.5108342361863489
e9fc9dcc549c7f3b,0.326530612244898
a1f9a28339f5e1b2,0.5427435387673957
35e23b1917b59132,0.6345305608065532
1b0887e7533b9b49,0.38128249566724437
7240a9432bf2af67,0.7578947368421052
2ebfb072b178649e,0.22155943757988916
ba0b95898baad200,0.7241379310344828
33005a28b1226d15,0.35714285714285715
57622ac93e8d8900,0.7925157465728047
07df55cb3cc0ec30,0.6690070210631895
60be440e54760b40,0.5982670342654588
c1039954c3457fe7,0.6734693877551021
6dc666fd76a3b280,0.5901639344262295
65270a16c25b59ad,0.5782641142678631
9f69f6420f21080a,0.7727272727272727
44e24628e8eda0b1,0.6309375248918037
65ac65daa51720e2,0.8111658456486043
1878e37418f1dfcd,0.7362296353762607
06db48a74d81a15e,0.5427435387673957
b3a0fc0a945a31f7,0.7427937915742794
9a18479792f990f7,0.447405997144217
29bf7862fb1c28d6,0.34929577464788736
4d6f492092d827cf,0.6551724137931034
0212461ac95ae690,0.19060357799699046
5ad0a7ec5e99955b,0.2935703948728551
41f186bffee2bb29,0.7064296051271449
70ddd13934e6c0e9,0.6935031297215627
4289bcb551b07bc1,0.38848920863309355
6b3038fe26a57b80,0.7328244274809161
6cc8c21becd17ffa,0.5
16da233dcf7fecc8,0.6040343668285393
daa06084bcc66645,0.8180815876515987
8f4a445ccb548f15,0.6367112810707456
50ebe7915d9f0cab,0.3448275862068966
be79dafe6c0b7671,0.5
34c6c06ba60a9ade,0.16279069767441862
d5d6ae85ebcfd160,0.486051922323835
137d7dea41cacdc6,0.7234352256186317
65171ae917df102f,0.3318409270476692
a0d1be5413e301dd,0.7450468438027953
ec20620c294a49a4,0.6841382467383841
d8287db48ec356df,0.5817328211694409
29a1ed2c88c34fe0,0.3792134831460674
68ac97071275099f,0.7744807121661722
eb3093e235f048c8,0.7482014388489209
27593cd1cda3cc2f,0.5443037974683544
c299ca1bc07857d5,0.706429605127145
48ac0e2cf3681cca,0.5901639344262295
e516a0e035fd57f7,0.8253275109170305
de41ca23c9a13bfb,0.6120841659809568
87cc38e9d565f819,0.5765084698306034
9468f58f8abf78df,0.662676822633297
ba2f30fb7143a6b1,0.4270462633451957
aa4aa75f0065a687,0.502322988292139
5169aaf0ce80d1f8,0.3792134831460675
295c2e1ae2d54287,0.4792189179505553
09c1d4c96efd0545,0.2178217821782179
74773b56e0b31c6b,0.3068592057761733
0fd5485e64712df9,0.7316120264990658
23243c27deb4d596,0.44187109553557824
a39286bf0a443ff0,0.326530612244898
345f0bd50451a321,0.7932405566600398
475c55534f9e08ee,0.7997032640949555
03938272fb7c3971,0.5217391304347826
096d656048f85b18,0.7793699533720004
89cc8f4a69e9ea0e,0.8372093023255814
e7da014d4dfc5bf3,0.662676822633297
fa3294fe655440dd,0.7174709835064141
8782dca7c99717a6,0.3068592057761733
6265ffd51a18ff21,0.6367112810707456
15b62b191eb6dacf,0.6976998904709748
8938fad6ec08499d,0.7911174204015413
7b1d63d0e3e12804,0.5982670342654588
9d379b41d86d7c7f,0.7234352256186317
7036a87673c98a13,0.8111658456486042
1fb62d8192128dc1,0.36328871892925424
1fa175b6a35e95e2,0.43619489559164726
032a61c6f9439b1d,0.6263772226464492
b4daedb1e0c4ee02,0.6551724137931034
a7fca585b4fd4255,0.7280334728033474
5dc4552c9288441a,0.6367112810707458
fdc82a98c68588c4,0.7911174204015413
558b54d28a662cca,0.3492957746478873
35cfe0b894b93332,0.6135617936565804
be5cdd4872fbd0b7,0.5901639344262295
11141cf97c6156b6,0.6836049856184085
0f5f1f5828ebd9c5,0.5542635658914729
1f70cf05ec46f065,0.2302631578947368
8133b11f2b7ad634,0.7821782178217822
cca58aece2816dd1,0.23381294964028776
9cb967c62498ff02,0.7932405566600398
fde66b153c65e25d,0.706429605127145
3f7c7917a57d2782,0.7600872410032715
8af87933e6409e24,0.6455622450961351
d7d7c9ce3d812eca,0.4361948955916473
eb5b6287ba73640d,0.6734693877551021
38591fb67eb2a6c3,0.5934434692823954
e2433610f128d963,0.8162544169611309
008d1123cc90f003,0.38643820634341963
f914dd2414f9a0ae,0.6551724137931034
3542b1fd47163fcd,0.6734693877551021
765a1fde5ee12784,0.5982670342654588
6aa873e65d880322,0.37500515116965893
d7f151f529543431,0.7697368421052632
cdedc8f026307dd7,0.37362277735355076
425e856cac6f521b,0.7106109324758842
8bd1f8cb9aa06dcf,0.48837209302325585
8a660069ae42edc2,0.5443037974683544
21d2958e13389511,0.7661870503597122
63ee688385bf7c69,0.7106109324758842
80538f958af30aa0,0.6884445477795862
a369d5ca5aef8b25,0.18320610687022898
5f4284409503d874,0.7280334728033474
24d92c89c893db42,0.7234352256186317
9274af24eb96e4b1,0.7234352256186317
b16534d6bb279b2a,0.7844827586206897
14b450e4ff3c5b97,0.4017329657345412
0583a3d402bed6e4,0.5230171935662784
ce05150d524a1829,0.4496686651940676
332432834ece3bc7,0.7889509621353197
040f9c9b470f3e6b,0.7450468438027953
f141416b02a31f4e,0.6884445477795862
8aefe4de7a490de6,0.26838797350093424
3ce9fb5e3bdee7b0,0.7769516728624536
baf123a5b5fc674c,0.6492271105826397
f19a56ecc6c150e3,0.4769828064337216
1a28928b8d7b4c11,0.4661016949152543
3fad8fd8b6e4465d,0.6786155747836835
3ca05de15ddd658b,0.5443037974683544
30d0cab706e43838,0.7572205943909585
da876a1ab4b8eb48,0.23381294964028776
92030ef8b5796b0a,0.8475120385232745
e623355d7f897b92,0.44573643410852715
b7799cdf8a6470ea,0.5982670342654588
77862f580ce9bca8,0.662676822633297
7360ec204d4e0e10,0.7064296051271449
3ed2190f1d604432,0.6593701139155684
78294f5d5e0f2b13,0.45569620253164556
5254658d4e4126c9,0.7146765683017393
db690563ae7fa070,0.6786155747836836
0f22781ab4635414,0.6277495769881556
bc7743819590b193,0.7106109324758842
f0666193c544be4a,0.21902377972465592
9eed1b277c76f576,0.28252901649358586
42a353676554ecf2,0.7350993377483445
48c6c45d9628bb79,0.5338983050847457
206db35805bb83dc,0.4049360585156613
30c574f33700010a,0.3418803418803419
73fd4982ef7aae44,0.6263772226464492
89820fae001dd151,0.4883720930232558
50ffbc85d3c50604,0.4131680661068906
2f5ced39b8208e46,0.7793699533720004
52f77a9f9eb66ab7,0.7889509621353197
f754d17d5047d536,0.7542857142857142
a117805ab030b194,0.5982670342654588
10f54096561f587d,0.7889509621353197
421842986f10851e,0.43619489559164726
39e7bb2a0842b8a1,0.7744807121661722
f182b13c6e07dfb1,0.6455622450961351
6e85d8d17c3eed58,0.7482014388489209
9a3908ab337c5f3f,0.3318409270476692
381b2df85ac06615,0.7647673810768426
25783a9abbfee4fc,0.6786155747836835
9821faf6a5d6fd0d,0.4792189179505553
72481ce1897251cd,0.3213844252163164
c302f24082239f82,0.4891657638136511
21ebc940f3dfde82,0.6060606060606061
b28aad0fdc0b8cc0,0.7867398648648648
834968d130e1f0e9,0.8111658456486042
69d6d58d58cb81e3,0.7146765683017393
dbe53d31f4c1ccf7,0.4883720930232558
8abe79e6d300b639,0.1701030927835051
e03ec6b24fca2386,0.29357039487285497
fd0c847858bd346f,0.40655653071760456
fef109b9f26585b3,0.5982670342654588
70995170c27c4143,0.5765084698306034
d6d812269487071e,0.31639501438159146
e094423979fc7c6a,0.7628879712268549
5c3325b7da3f7828,0.5729537366548043
d940ffe543c4e38b,0.2765647743813683
b9508f47504ccc59,0.3213844252163164
607722017a9d7e22,0.7542857142857142
eeef3df8adb8acc7,0.38643820634341963
434411f139e51760,0.7512801755669348
68137e9ff22d426b,0.6367112810707458
972034fcd94ca83b,0.7628879712268549
46bea6d63ffe17e4,0.7146765683017393
2f715933d0626544,0.6681590729523308
9afcb091777f6a83,0.6836049856184085
50bdcb20286690ff,0.5443037974683544
c715c165cb3469d2,0.816793893129771
b2a91be41c3233cd,0.17639647207055864
11e7f12ecb2d1597,0.738498789346247
977e37adadd1b8ad,0.5443037974683544
0695d1f42b1550a2,0.5729537366548043
0be68308b5d63a47,0.6455622450961351
f126491f024c1563,0.8236035279294415
7bb603674999e675,0.3864382063434196
90d50fb7e2bf789e,0.5901639344262295
d391ca8154bcf507,0.6135617936565805
77c1e127c1be9983,0.7956823438704704
fc91f1e448f35797,0.6551724137931034
0071c5d16e6e07f6,0.41826717883055914
8360accf6f70ebc4,0.5116279069767442
be7b9301e7c689c1,0.7688442211055276
37e0251af7b18742,0.7418136020151134
f4bdf10856c1760e,0.5729537366548043
26cdaf7cf575f656,0.719626168224299
e0df5f84686586a1,0.6443238486359637
81c5c897717a1ef6,0.7769516728624536
ba75be28158d424c,0.5934434692823954
e7861d4e2b29193f,0.7661870503597122
c63a050af0692daf,0.5
ca263e46051261e2,0.4572564612326044
7a4e5bcd7336d203,0.8298969072164949
e8a167bb84082832,0.3023001095290252
fd230ba169b3f2b6,0.3792134831460675
7a37fd92b26d15c8,0.5817328211694409
09a2909e1848be52,0.3569230769230769
6bde0b88f21304d4,0.5901639344262295
cee1fb8ac703f34f,0.7174709835064143
6fbe7dffff5f5f1e,0.6681590729523308
7e57d7848f9faacf,0.6734693877551021
099a2db0470d456b,0.8202674070285673
d019250cc6d93527,0.5443037974683544
bd340a13bc3df8a1,0.7572205943909585
6ecc59654c2f519f,0.7706195737963695
5510b86a35c5614b,0.5934434692823954
40c080d0f86f1f1f,0.7482014388489209
3e50773520e7a218,0.7661870503597122
e93d07a18ca847c8,0.486051922323835
f10d3d4ffd5a4922,0.5729537366548043
796a7e1fa80af990,0.8102730217491902
5f7a1ba6e016b249,0.706429605127145
74e92a66b29674a9,0.6931407942238267
2341651d1043e2c0,0.6135617936565804
adb35d212e716b8a,0.5729537366548043
638a999dab6fe310,0.45569620253164556
43b494c32b7f18cb,0.44573643410852715
319053a9de63ab85,0.2765647743813683
53d2a57daaae700b,0.7628879712268549
eac1c31f1b3d11f3,0.21104903786468032
6bcf5381dd8de85b,0.6367112810707456
9b4bff38430a01eb,0.7260371450935744
1b4f87d607b3964d,0.7021276595744681
a196dce12754e34e,0.2719665271966526
fb57dcc651894ae9,0.7418136020151134
3101c8d54df53e27,0.2719665271966526
b42d4c3c701945bf,0.4182671788305591
058d32372a2271fd,0.8749355337802992
33f0817701e49bf1,0.7628879712268549
b218d6a420abb67b,0.41826717883055914
54b7b3378e394070,0.1927047487955953
a00b98f41c05ae6c,0.29357039487285497
3a2bd4fe6f08bc17,0.562043795620438
60f53ad3f114da6e,0.4182671788305591
6ba485fc7b8f38ee,0.673469387755102
93096cfccdbf4fe8,0.7106109324758842
990bf4ef60890853,0.7769516728624536
8757fbfa0857415f,0.4098360655737705
2dc181c1473eb269,0.36328871892925424
3368c2419e259992,0.6367112810707458
806761834799c352,0.7234352256186317
a2308473bcd77da8,0.3632887189292544
8aa637fc26a01581,0.35443775490386487
a90cabf2913fc6ef,0.7280334728033474
a7e1e349980063c9,0.7021276595744681
589fd70f6f8b747c,0.7512801755669348
0890d21317c9aa2d,0.6207865168539325
9dc5b5f29d9ff028,0.8186682520808561
4966e9d7479c8d8d,0.8475120385232745
41d170c5da83c8be,0.3318409270476692
33a93002fef6c89d,0.5
eb5cd79e00dd5cd2,0.18767797048925705
c1c8b38d315d487b,0.7280334728033474
a6c02fb0b18e916c,0.7350993377483445
bf5a5b23a49fa17c,0.326530612244898
2bb3a036759d79f2,0.673469387755102
ad101f8850eff427,0.5638051044083527
06eb7492a27bb19a,0.5817328211694408
eaf8782e4e03139b,0.31155545222041386
db51d17ea03da745,0.393939393939394
a5fa3bf3dc91eb88,0.5600370097622689
704a089fde021153,0.33732317736670303
c7be6a466d1d0a1e,0.4098360655737705
1f290005cc147afb,0.2549531561972047
e257f0f5224ef6ab,0.8186682520808561
920665daa1261dbc,0.6367112810707456
539e0008bb634f1b,0.28532343169826074
c039953c2f438832,0.40983606557377056
0387bc11a0a0c325,0.5116279069767442
151f9966cae7682c,0.2852852852852853
a28c80463d7d0c03,0.4572564612326043
a8ec9c513d28c25c,0.24793388429752067
0b4ac9bcf5dbb382,0.5
49818fb1520ce956,0.6734693877551021
e0e41464c1bc7ee1,0.738498789346247
303db84673492cd6,0.4270462633451957
57bbe424b0d6837c,0.673469387755102
3b1461ff02a3f98e,0.6060606060606061
df5ab14481442365,0.36328871892925424
4655930eb83446c7,0.7956823438704704
ade59be2e9bc1108,0.7706195737963695
fc95c49b69a8d476,0.5338983050847458
b4407dd3627c1675,0.6884445477795862
41e6ace08a2679e1,0.8111658456486042
1a699da1b1b5ef85,0.7844827586206897
00cf159d5e637238,0.6090952494628791
cd2a60453f8ac133,0.6115107913669064
a8dc7400f270a144,0.5542635658914729
b187bdcc2ceba00f,0.28938906752411575
9cdeb62aa9092713,0.1746724890829695
de8e1dd07ad49c94,0.4017329657345412
8238c5f16d0b39c3,0.5542635658914729
3fc1ebe73920a2a7,0.3569230769230769
a6a1adfeab7f7bb7,0.6884445477795862
d5457867cbd0caf7,0.5296046953219403
8422c70a72eb9291,0.36906247510819634
1c245dc63a0b9d51,0.2893890675241158
0b5c7c95b0316276,0.6551724137931034
fe1ce9e3a38a734b,0.5729537366548043
64e7c4ee81d46900,0.7628879712268549
06a28491fe26baa6,0.6263772226464492
2a7cf1a89de3709e,0.7418136020151134
fa8c1f3d27fc349c,0.6455622450961351
e8bb812cd91d9c28,0.7234352256186317
8e4439cdc98d0644,0.3632887189292544
2cf065874bcc4144,0.5116279069767442
77b6fd5d0b8c60b4,0.6367112810707456
be6024894ebcb360,0.6430769230769231
ed697b0ef9d455e4,0.393939393939394
13a6496a09ae821e,0.6690070210631895
2771872dd02e5d19,0.5
a6d07c32a1cb9730,0.45569620253164556
2ccecfdd7683043e,0.393939393939394
1984570de7f0c89e,0.5542635658914729
873886ee1dee4c9a,0.5542635658914729
d1ad8d6ef48f7835,0.6836049856184085
d08a7d4de3c760ec,0.4017329657345412
18efcec3c51750e9,0.6734693877551021
756cae177016ebf1,0.7661870503597122
69fd05c73b645a62,0.6690070210631895
40fa0bf9783cdc2e,0.3318409270476692
8a1678a54dc82206,0.38643820634341963
00731068c3195f7f,0.5901639344262295
2d3cbfb47faf717d,0.7719553614750121
cd055be419f77f3e,0.4661016949152542
f4af2b4349b7b589,0.33732317736670303
a497d4a83afe6f2d,0.5982670342654588
ecb9c5ae7fd7a5cc,0.7542857142857143
179426f56818a1c9,0.40983606557377056
1b80d5696c2dc640,0.5638051044083527
9232fed045b1f4f9,0.7309911194658716
366de1daf05a2b62,0.7106109324758842
0239f24134022656,0.8111658456486042
f638f176dd1834c0,0.36906247510819634
1bfb8faa1edd3867,0.6551724137931034
c1bf9ca94c1f7f09,0.4661016949152543
00c20fa576380ac8,0.6551724137931034
cc3e0c5a0f868502,0.5230171935662784
f269d25146eec937,0.7106109324758842
83526f699d25e4e4,0.7234352256186317
cf04a408cedb37ff,0.7350993377483445
64d4c58a37e1d29b,0.3448275862068965
61cb2ca1469c83ba,0.42173588573213694
d1268ffa059f9d42,0.8543908836031473
21751a3cc69e5aae,0.4769828064337216
0c37ff69a00c0e74,0.7280334728033474
ded18af0e4eae2f7,0.4049360585156613
5c783d455daff573,0.5901639344262295
8e7b1dfc608a2ef4,0.36328871892925424
8d2f3e0abb22689f,0.5729537366548043
0d63a7d3e08df3db,0.7769516728624536
1eb7733d880a0b8f,0.7542857142857143
d37660fceaa8125a,0.6626768226332971
7287b029f4596be7,0.7911174204015413
34e67c2b110f6b6a,0.6430769230769231
d6dcbf543d7e303d,0.5338983050847458
1085f281dd966d96,0.7550141337999732
0ae4889892f21738,0.5729537366548043
831957c67bfc4486,0.7821782178217821
a914df32b95a1abc,0.6430769230769231
50a381c1eb88dbb0,0.606060606060606
b6620177ac975ff2,0.25818639798488663
66785060ebaa2387,0.5443037974683544
c330107229012260,0.24871982443306517
3c552514bb9b5c98,0.45569620253164556
ec5e9ce2be2e1586,0.6836049856184084
fa6775e369b9eec9,0.6734693877551021
64fa0e558f5d1b24,0.2935703948728551
b616ec23516b7244,0.6135617936565805
1cbffe3a467d0ded,0.7844827586206897
957b7c74ce120a32,0.719626168224299
4c4e1f7521c27900,0.5230171935662784
1e2677e481a587fd,0.6734693877551021
d2ea9181abacc2ee,0.4270462633451957
9a85303025a077b5,0.3448275862068966
758ec6b5d55c1b09,0.662676822633297
3e6dfafb8aa780f9,0.6430769230769231
08bd9e03c187f66b,0.4661016949152542
7ddf71a85fbb0e4c,0.6367112810707456
7c07a71fa1882bf4,0.7572205943909585
f0d5e2c27c9fd2c1,0.8475120385232745
42f11b82d67585af,0.606060606060606
0c58b5f37bfeb65a,0.7450468438027953
9360a34eb511a9b4,0.5982670342654588
19da5aa17c896a1a,0.6135617936565805
be6d6abb11ef8297,0.4017329657345412
4af9088a165c7751,0.816793893129771
8af511cc6e6a9678,0.8716548334243583
9890835f4c1c6b75,0.3023001095290252
c97d0a476c2e7cb5,0.6551724137931034
304fc030ee6dd9ee,0.7600872410032715
307b12b9f08a4cbf,0.31155545222041386
3367081258d6ae12,0.4017329657345412
5af6a54d7e0f2b7f,0.45569620253164556
de1124dba8c1a1b0,0.326530612244898
147e0b1c64cb7ef0,0.21551724137931028
aa1db19806dfd62e,0.5230171935662784
2aff05a835ed715e,0.3736227773535508
87790788d1bb3b75,0.3318409270476692
a97a7707d5021181,0.3864382063434196
1332dc236a3fd3b2,0.6836049856184085
21392a61a2cf24a3,0.5998499437288983
29cd6bee493a8662,0.47619047619047616
91e4da6ecf28a7a3,0.706429605127145
4c54ca018e70ed04,0.6836049856184085
26f876a7fb1020e1,0.6976998904709748
cc6934588298958e,0.4017329657345412
e34d313fbe1c28f1,0.606060606060606
ddf768753c8030c1,0.7600872410032715
e0a69c1f4a019727,0.4769828064337216
0cced3b02b6b1b95,0.3632887189292544
8802182074bf4a3a,0.7418136020151134
dc5e46b2ee0898ec,0.706429605127145
b56d1822b9f9a35f,0.2765647743813683
3195350c98c9491d,0.6367112810707456
28990faebda68fa8,0.5817328211694408
5e69e2fa8421ce5e,0.5982670342654588
a80162f4c8842da3,0.6207865168539325
a6548a1e188c53fb,0.6455622450961351
147c04a6798a69c3,0.7350993377483445
526ab0f38313c630,0.8910891089108911
778d3f5c4bcc2927,0.8111658456486042
034ce0af4dedbfd7,0.35443775490386487
4c9cb823fd7e3e2c,0.7661870503597122
219610bc6e7d9196,0.5230171935662784
dab5e3680cf6eac7,0.662676822633297
297a3fe0edd6f1c5,0.5542635658914729
eaa0355223b770dc,0.7021276595744681
5ab7629e07da22e6,0.662676822633297
d9df78e82953bfe5,0.4182671788305591
e3072951bb030826,0.41826717883055914
1a113ac3255f3ac3,0.1964285714285715
dd875196c446fdf0,0.7482014388489209
0fad42b9ab3f31be,0.36328871892925424
e881ba0a28fffb6e,0.7997032640949555
01993fb1d4b34b21,0.6734693877551021
b79a0b9c1f729c0d,0.6681590729523308
dd440cb166329a82,0.7106109324758842
8d12287f672cabd8,0.7350993377483445
4a29c1f671bd89cb,0.6164840058030135
4861212df08bbf77,0.6976998904709748
a65cf6951e097273,0.6626768226332971
bc3323f172832a53,0.2765647743813683
72a3ec0672871ab4,0.662676822633297
1f7c1c741b06a3ed,0.5443037974683544
467d2dc6a71e1b00,0.3448275862068966
f6d8bdc3cdcf1dd8,0.6593701139155684
30ebe705eac7b121,0.6734693877551021
9b6806203bc4875a,0.6681590729523308
e843a7a6f49db3bb,0.5116279069767442
bc72dac46f0383f1,0.6636481241914618
3b1aed7d00a775c6,0.7147147147147147
2adfc6444d1adc01,0.7427937915742794
405cbbcaa79db24b,0.43795620437956195
9caaca5748ea9086,0.32075471698113206
b3e520f1092401c1,0.27586206896551724
b57345c34f6d2ab3,0.6690070210631895
5c36d760c7e272f5,0.6115107913669064
ed8944898353b526,0.43795620437956195
41d1e163b930426b,0.7195253505933118
f0cf2ca8e5c621a8,0.7147147147147147
e2bacdc395aa7b40,0.6626768226332971
ddf2eff896475431,0.5463304962261122
6834ae686aa0c588,0.6786155747836836
a6097fd4e77cb881,0.9295774647887324
d4c85298623130de,0.7844827586206897
f82c414666fe934c,0.6836049856184084
4eda704823ccfb71,0.4270462633451957
5bcc7204a43cf34e,0.6367112810707456
99c12cc04b4261bf,0.26490066225165565
cade8a4e97911e89,0.30685920577617326
e88c59ad88e9dc27,0.7174709835064143
1d20bba4aca5f81a,0.5542635658914729
452a9728317893d7,0.7146765683017393
12d17a837caeae63,0.7280334728033473
6b83234360b3ca62,0.5
6463a48c9347a9f3,0.45569620253164556
8935fc5943a78c20,0.48837209302325585
b43c83505edcd8fa,0.6430769230769231
02a373f6503b3530,0.3569230769230769
5d7a720a2e2f4749,0.6367112810707456
23cdc3ef525ba8e4,0.47698280643372154
bab948352454f302,0.4199944918755164
5a65ffe3842ce2f2,0.5982670342654588
ea9059fd076a2f1e,0.8111658456486042
0d4927585d0480fc,0.4270462633451957
85f67de8e9dc5689,0.29357039487285497
84500d5c1aba97a2,0.7628879712268549
a551d93167533459,0.7956823438704703
fc9ec3a01d0129b6,0.5729537366548043
b51d691b9f5603a8,0.536016459868573
4d231d5d5f815085,0.4270462633451957
2eeb1656692bd967,0.5230171935662784
7651b2e09ea2c420,0.6430769230769231
8f426040f746905d,0.3864382063434196
dff7ce155b47442c,0.7450468438027953
302ce74d8b0d12a6,0.43619489559164726
470f6fdd47f671fd,0.7482014388489209
c7ad34973f9d1cf6,0.3318409270476692
f4273b2155fe20fe,0.7997032640949555
9b9591a4f7febe32,0.6841382467383841
bddf441908777c0c,0.5901639344262295
4e87af7e5156bbf7,0.3213844252163164
e8c24a1754599237,0.6367112810707456
76690fbdcaa85c21,0.662676822633297
856e171bdfc98cb5,0.719626168224299
97cec48c97e7ea31,0.8220640569395018
ca28f69fa42f88ed,0.44573643410852715
df0d3dec831e2142,0.6884445477795862
83f6a6fc79036749,0.31639501438159146
1c4e4b3358089960,0.6277495769881557
031eac0f0f85d0bf,0.1779359430604982
21419797f539de5e,0.2002967359050445
171eb38b335030d3,0.37780039313546443
40cc0ccf580a4836,0.662676822633297
1d43112d98de273a,0.5638051044083527
8bcdb1c3418fe739,0.6060606060606061
54c842a037183f48,0.3318409270476692
6247ad19755b71d6,0.43619489559164726
42eba784becde9ad,0.7384987893462469
3dbf17b9946d26db,0.7316120264990658
493b7a8e3253b133,0.48837209302325585
2968840a5f24ce9f,0.6551724137931034
7549887ba7ae86e6,0.7542857142857143
635ef1f12a60e9d7,0.6690070210631895
e27a9b4b4a46f091,0.23381294964028776
530558f01ac425af,0.49535337577250127
d607908be8b19273,0.40173296573454115
22a574162e2ebcf6,0.5116279069767442
f509d5ffcc3f46fe,0.5483396008675064
16ba92318ff66d4a,0.3448275862068965
e9e6023dbba9a8b0,0.878048780487805
ee43dc83049ecc8d,0.6455622450961351
785c0e68b34ea383,0.7647673810768426
db43605f10bd67b4,0.7719553614750121
b4db19e62f087a7f,0.25818639798488663
50eb4822a74a417e,0.5
69f8e2ba5d1048d4,0.6430769230769231
80769cf090fa34dd,0.7889509621353197
2b3a1c063245e280,0.393939393939394
2a8ff828e4891b82,0.41826717883055914
919ddc634c54ad20,0.5817328211694408
69ca032aaef2e3d0,0.40173296573454115
e2b547e64f6532bb,0.26490066225165565
c996b2ff10a915b1,0.34062988608443157
1acde2739237c4f8,0.6845846713867791
e830cb1df07f3466,0.3448275862068965
1dcc880fc80e6332,0.4098360655737705
e0bdef2580715030,0.6207865168539325
c79c00f5443c2f6e,0.5338983050847458
7af713ee9e3006eb,0.6681590729523308
8666332154fc6f4a,0.5230171935662784
68e1a69423360900,0.7174709835064141
e5e3c3a055df3016,0.8268107672685775
29398b15b94c3847,0.4769828064337216
5adcbd20eed3795d,0.5638051044083527
79dcde3ad50f6165,0.4182671788305591
cc6e74d0558b7340,0.8035714285714285
d0797451df1de80f,0.6430769230769231
7b9de06ef8c09ba6,0.6836049856184084
b6c46c3c239e7863,0.7241379310344828
0bd0ca01a255038c,0.5542635658914729
9030c92a161afaf9,0.7719553614750121
9c3db86db300119e,0.8475120385232745
8e4650807ea06626,0.4661016949152542
3509779ebe302d06,0.8554216867469878
fa520c5834cda94e,0.7600872410032715
a89b9eeacdb85ec1,0.7021276595744681
4e69c86d09c9f782,0.5817328211694409
f3ebaf9af44c1e6d,0.6734693877551021
53467e6296c2e5e6,0.18883415435139572
bc0779b232828e67,0.27196652719665276
7047b70f28c2d2fd,0.6931407942238267
9eb1ce435cc1536e,0.6430769230769231
24393bea0c4cf49a,0.5901639344262295
438f5404c43303b8,0.5638051044083527
e67e15cc6578d1c3,0.5338983050847457
b4d0659f60c8aa7c,0.7997032640949555
f286aad7b3558b21,0.2739628549064256
2594287e8fa31404,0.5230171935662784
5ba1e6f5519074c9,0.6976998904709748
5067fe22dbc4baff,0.805450880729121
8c8468ed2878dc0a,0.5230171935662784
adf590055f922f5b,0.5542635658914729
40a43ffdd1624bed,0.5729537366548043
4f850f7e35d85bb8,0.40983606557377056
0a5a021cb11299bf,0.6492271105826397
ae0fdb792308b0f8,0.5116279069767442
6599a94704d56719,0.7418136020151134
4dd561df1ca58ab8,0.7744807121661721
56ce29bdb1fe9abf,0.4182671788305591
004885f7983f4658,0.2517985611510791
d13ea6559225991f,0.839919399977611
3566c8e9d3a9caa8,0.5116279069767442
704adfae22d0dfb8,0.6626768226332971
a6797238f9f98644,0.8314889336016096
786033c27fdaa020,0.5217391304347826
b229ee2997b70d16,0.7482014388489209
56ad1de1924984ad,0.6277495769881557
c8a48abe3263f796,0.6277495769881556
8151421edf24a821,0.8756972111553785
1ac61e415deca2fe,0.6277495769881557
04e6a26fe2a4017d,0.6884445477795862
c29850ed8d9d1073,0.7234352256186317
59ad5b88804afbf5,0.6367112810707456
523e8ca343a0becc,0.5817328211694408
fb30b2752d3dc1eb,0.8314889336016096
372a0456aa4ff6cf,0.48837209302325585
44ad16cd4e6c93d7,0.34062988608443157
6d6a1834e0d18f0c,0.5230171935662784
110d18c0953bde1d,0.5
ac269f99e4e53634,0.8372093023255814
05f8696303709939,0.662676822633297
59bb17087b12ad35,0.7350993377483445
cf5f9da861c5e63f,0.49070156678599663
91f33ac24fb39eca,0.7482014388489209
edc4e54d5258eea8,0.706429605127145
4b4c4df2778538d9,0.6430769230769231
019b88d4ac875ae4,0.8220640569395018
11249454ed5fd71f,0.7146765683017393
8aff100107d0ba11,0.47698280643372154
caa56c26127bf7e8,0.6135617936565804
eacfc05c3e5ead5e,0.7450468438027953
d51757fe7dd89f2d,0.8543908836031473
19d6c7f5263c9398,0.8111658456486042
5f87dc7d18517d87,0.7932405566600398
9dd931fd20d6c886,0.43619489559164726
3f19bab8de698eb0,0.7174709835064143
d236fe0f180312e3,0.393939393939394
149a0b38fa02e647,0.7316120264990658
3333fdbe86a763fb,0.4270462633451957
e1d33aa47b35d021,0.738498789346247
a6ba04a54eb7e8fa,0.6207865168539325
1260d0031a5e469d,0.26838797350093424
172dfd6cab9b627b,0.6207865168539325
0e272af30a23e09b,0.7889509621353197
8c1787fe568f1ca6,0.7997032640949555
c25c2000aa99832c,0.7542857142857143
f5ebfe526cf409e8,0.7956823438704704
d03618c86d395b43,0.673469387755102
b6d027c60f879e4a,0.6207865168539325
291bebbbf4f9128f,0.5982670342654588
401a21d881a1f26a,0.45569620253164556
66b295262ef7ee91,0.6931407942238267
c8ec6fd9aa2dcc23,0.6430769230769231
a4daf2f24acdcd43,0.28037383177570097
44ca8997a3e5cda8,0.7418136020151134
4912788e449ce79a,0.816793893129771
27ff1bfeb2d50b38,0.5230171935662784
43d1693f0198a93e,0.3373231773667029
63af858a04c1ad79,0.2719665271966526
177c1956907ed687,0.4270462633451957
8b08b73f16ff7b3b,0.5656654888103652
5deeecb6aaa5dfd1,0.2978723404255319
19828eb12f6d41a8,0.7600872410032715
9a6a6716cdfadc98,0.31639501438159146
6453b20a65c62cfe,0.8313582497721057
b57f68fa967fa59e,0.5982670342654588
8c124a6196e39ad8,0.48837209302325585
c3601529b7a7d489,0.6309375248918037
701279417e0bf776,0.5901639344262295
86bbe429ae27d913,0.5562044917484775
c5de5c3633a0bfce,0.5882115462252725
005723fb99440272,0.8372093023255814
faca931257ad2e92,0.27941176470588236
a7cc5dc1a5c1e643,0.8475120385232745
edc00a33666b0b59,0.7932405566600398
3f14c96ea899321d,0.6836049856184085
f747701638da90ae,0.7628879712268549
c543563958093446,0.816793893129771
900ae72adbf7c49f,0.7234352256186317
dbd0ffc84699ad6b,0.7146765683017393
7ec61e2b0728e6d4,0.5982670342654588
cf6b9a001b0824de,0.6345305608065532
c5603628f7ae84d3,0.6277495769881557
dbab923a090fe93f,0.6367112810707458
b616969d55fb2d7a,0.6931407942238268
9cb8fe20b05d886e,0.3265306122448979
72e1b3e1224f5314,0.8756972111553785
a602962f1dda3205,0.24871982443306517
1acdcfe32d975f42,0.8072952512044047
af0327945c9656e0,0.6060606060606061
5f9b11f4cb3057f2,0.7844827586206897
4c6030fafb46330f,0.18320610687022898
168413032bb51ce0,0.6492271105826397
3846db1456151f80,0.6075837079580821
5f2065f737591226,0.805450880729121
bf6857338637013b,0.8910891089108911
7b97ca2c378e7782,0.4661016949152543
4f8b6eecb0361290,0.6455622450961351
1308a39eec6f86cc,0.3939393939393939
eefc526e320524e6,0.4098360655737705
751f2796809d2a6f,0.6681590729523308
85ee3b5995874141,0.5443037974683544
47dd6356ceb2eba8,0.18883415435139583
320580a92d5c2924,0.3023001095290252
8e41d022b55277ae,0.7482014388489209
5d839e4eda09d6e4,0.6976998904709748
05dce98da0acefd8,0.33732317736670303
a2c0f4142ba4ba75,0.6309375248918037
0f74449bf6f64616,0.5729537366548043
5135e078b807f9a2,0.7857142857142857
f12126b5c49a318a,0.3569230769230769
bfef39e6493f6487,0.7234352256186317
ca17e1385ef98e57,0.5230171935662784
f0d839f6d712a233,0.7418136020151134
f18ea0d8b472dc1e,0.36328871892925424
382d626d45c36f14,0.3792134831460674
a86b801279e0ef4a,0.7450468438027953
964eb53864554ed0,0.7174709835064141
dd1131c208475365,0.39596563317146055
e1f9390c465a2988,0.44573643410852715
fa084335b5f87627,0.5116279069767442
aac887ea8a83d7a4,0.6309375248918037
fef6b147d5fb90bd,0.816793893129771
4dc03e76536b85e5,0.5982670342654588
af51920a3e176995,0.3448275862068966
7b13fdc889028e66,0.5
336670b46f343d65,0.6836049856184084
66a99e85803efd92,0.29357039487285497
6ce1b33bccdfa676,0.31639501438159157
b4555cd5b5d2a53f,0.44573643410852715
9cd973a0a6c1cd5c,0.6551724137931034
98903717ea3dfc24,0.5542635658914729
8456a02bd3621837,0.7542857142857143
9166d2f99369c06b,0.6836049856184084
bbcb7b5ca439bebb,0.8565430370888734
5aeac72404dd7c6d,0.25818639798488663
d67dadf630c36f18,0.7021276595744681
46aa72d0ccd2be0a,0.7628879712268549
e706a0fca8e82288,0.5116279069767442
563adcb4abd48f6b,0.7234352256186317
95d86cec2a7124b3,0.3265306122448979
0aa5be9d0e75dd42,0.8716548334243583
1019f330bdecfc65,0.8606557377049181
c0a5eeb0be0049bb,0.40173296573454115
ca2b48fd007126e0,0.7146765683017393
b3bb90f5a2aa0d7c,0.7932405566600398
e37368ff2a7a71f6,0.45569620253164556
a95be3943ea0f691,0.7956823438704703
0d857bd8245f9d31,0.393939393939394
d3f9262901219944,0.5901639344262295
5b2cc17158d77f07,0.47698280643372154
a605d4153c7dbd84,0.5729537366548043
c3b1653fb5e101e0,0.7021276595744681
a41ba2624191bf23,0.24498586620002683
3fc3179cd800128e,0.3792134831460675
adede42d4c20494c,0.7769516728624536
fecf9c7a4e965690,0.5982670342654588
e0ca5ac323768da0,0.31639501438159157
9ad2dde9c35d3cc4,0.31639501438159157
676590832dc86748,0.23711202877314508
3e610c7a2ab31acd,0.7418136020151134
3a8baa48c9b30d47,0.23711202877314508
79e7b986601fdd2a,0.6935031297215627
0bdc4e7ce6687367,0.6551724137931034
e7cb40d82d987b9e,0.816793893129771
340d5e6f22ff6ac4,0.8268107672685775
ed53922429a19c99,0.4117884537747275
eba86a4ea6128840,0.7844827586206897
fffa21388cdd78b7,0.5817328211694409
2a5fd0e2728967a5,0.6367112810707458
ed9d7d85a5ae06b1,0.5817328211694408
2443d8aa86f0070d,0.6430769230769231
58b7b23b46f4ccd6,0.7932405566600398
f11ca082c924464c,0.6551724137931034
e1ccf09c055bac01,0.5817328211694408
49d065270f57ad99,0.7769516728624536
c33671cab408184b,0.5901639344262295
a34dc365302238e8,0.6277495769881557
4c0718f12ca664bb,0.7932405566600398
22fdf7a08691db5d,0.6060606060606061
6fbd9d599d638106,0.3448275862068965
5364d1537fc7d5aa,0.5338983050847458
0051d7fbb7893d27,0.6551724137931034
26e876df6d498657,0.7769516728624536
4c257f69fb974088,0.3654694391934469
b35f2071e6dd4b12,0.5982670342654588
dbc3afd71525c83d,0.5638051044083527
0cd79ea89d5931d0,0.5338983050847458
dc3deae609874677,0.5638051044083527
ce30634422a264f9,0.6430769230769231
add991cb839af4ed,0.45569620253164556
ef97cccf28cf00a8,0.7932405566600398
6017ccf5fa09da34,0.4182671788305591
20a83369ee44e1d4,0.6207865168539325
1d34e2f80cb91188,0.6734693877551021
2d57ce76f7922ed9,0.6135617936565804
8de959ac3c3eeb85,0.7688442211055276
389c844a1a56177c,0.5230171935662784
2e042964c6498e7a,0.3632887189292544
0a70601cc9f2426f,0.4661016949152543
e9bc416752cadd29,0.5901639344262295
ee4d086121100177,0.6976998904709748
2dd0a47f43dfe8f6,0.4270462633451957
5cce3bc28ddb158f,0.4769828064337216
7ff036c99621eb1c,0.6455622450961351
25cb0e15dfc8deb3,0.6931407942238267
6c1fa30e1dd38c0b,0.21104903786468032
1f5c71dd2a0672ac,0.5116279069767442
3081e6e1bc1235a8,0.3939393939393939
67222a0d79c83086,0.5443037974683544
e9ed827818e8cadf,0.6277495769881556
9bec9d2d0dd1d7f7,0.6626768226332971
9cc0582c703637aa,0.7946411108938001
a4d7e8241422ed41,0.7482014388489209
55f4c3598797ce6f,0.7844827586206896
d8b864e673f53ec2,0.7600872410032715
f0815638f558968d,0.4661016949152543
fca7fbd0bafc480c,0.7280334728033474
a072ec605bebe5a8,0.6551724137931034
1b7bc992c26ac10f,0.6976998904709748
2a940fac11da404d,0.8035714285714286
b186f4778257ca6d,0.35443775490386487
e9ec16e4e7cfb120,0.5
2b5058614b56a898,0.6976998904709748
64e1197b8d5d0706,0.6836049856184085
b568f3700aa2c1f7,0.4361948955916473
bfc321f0b0a7bf40,0.8220640569395018
45e6eec6b35d7dfe,0.3792134831460675
adc1b34f6988bd68,0.4270462633451957
39efb868dbe7e311,0.3792134831460675
b951f2d4080ef172,0.7512801755669348
e982a2648d69fda6,0.3654694391934469
e14b4f2c7b36d0b9,0.7600872410032715
678eb77df5589eac,0.3115554522204138
2389557cfa02df78,0.8475120385232745
e6663b2c16df6191,0.5638051044083527
00566b4d89565373,0.5798319327731092
631f0721b3fc56dc,0.863013698630137
319d75c21fbb5d3f,0.6277495769881557
c1d2ce95229cdbd9,0.5338983050847458
a5c76ead1a2767b6,0.7234352256186317
5ffccdf4af20dc0d,0.3265306122448979
5929c539190c8a07,0.7146765683017393
4618dcef2dc6250f,0.4270462633451957
0f215b143e08f425,0.6836049856184084
2a17686c6b5f334e,0.37225042301184436
315968a74789600a,0.8509743981658388
a060b6b0dfe275b7,0.43619489559164726
39be68189f2d5074,0.7932405566600398
5e4f358e0bcc2f15,0.6931407942238267
11706648d34ff3e8,0.7512801755669349
b1fd21231f0604e1,0.4182671788305591
a6e494c82d136172,0.41826717883055914
27635cc4d9fcac98,0.6135617936565804
3ff7d02ef633ee22,0.6792452830188679
07d1d120dab41893,0.4930284439486894
74edd53297a084b9,0.40372670807453415
221cb15141299346,0.7512801755669348
4b69545737f1902a,0.7146765683017393
ab8722d48a5a447e,0.6135617936565804
e2bb4b8ce5ada2a8,0.35692307692307695
181429d8227794cb,0.7647673810768426
eb82e95ab678f8bc,0.7688442211055276
f7bd56e197bab2a6,0.4661016949152543
8d6392d59e1ca099,0.28938906752411575
55139052f4641670,0.7395517867958814
7e3609b672c7ecf9,0.662676822633297
eea06604a47ea9a8,0.662676822633297
fac335e6aeff29f5,0.5338983050847457
bbb810f50d60b31a,0.5982670342654588
3b8b70b448b0c604,0.6277495769881556
94608c62dd497366,0.5542635658914729
c2f70bd2fc1bac73,0.28252901649358575
1143d37503a9527d,0.5901639344262295
6f3e189c393c0e09,0.3448275862068966
7fda79ba69b06c0b,0.7418136020151134
77d82e8a220053ea,0.7280334728033474
ca8e482388e7ac82,0.6207865168539325
6fdcd1caa0e9d239,0.5230171935662784
6a7f68feb5c0755d,0.35443775490386487
97ad3419f2029ba1,0.8064516129032258
3f1d1bd33a296f26,0.6931407942238267
ea0f7fe570c1533f,0.2765647743813683
e53c8a20819f9be6,0.21551724137931028
4c9047d1c1bc1e29,0.7572205943909585
a3b37f8ea171b962,0.8606557377049181
651bdd9e17a58c5d,0.7932405566600398
a851348faa460c2d,0.5817328211694408
fe936088ec4dcb0d,0.4769828064337216
b9be2e52d02886e2,0.45569620253164556
b705fb146638d859,0.6207865168539325
c145e4b6206d4c18,0.45569620253164556
b51163f358495b41,0.5901639344262295
131732f248cd2829,0.6551724137931034
bc9dd73e0a982c08,0.5729537366548043
7a91b26b3e231fff,0.41826717883055914
aa11f2375ee2118f,0.662676822633297
ffbc12e4f821ec68,0.816793893129771
dadde3eb4e5f43b4,0.9016393442622951
b96e1222eb1a0faf,0.8586303225260306
cfefbf79340d3346,0.7021276595744681
420114bb94080b3c,0.393939393939394
ea60fdcfd423a15e,0.5982670342654588
01d4d1d8bcb014cf,0.6681590729523308
8619c3cde7dd4e15,0.48837209302325585
496a169f4c9becec,0.3318409270476692
816119e4d9d983b1,0.5
654127f5b9140be2,0.7688442211055276
b1a033020bd6d3f3,0.8606557377049181
29657325bfc1d590,0.7280334728033474
9988ff4d4197663b,0.6135617936565804
ab0d6346b7938a7f,0.5542635658914729
36630b8c820db52b,0.5901639344262295
faaa7340f4ede814,0.7174709835064143
41727d51af72b1d5,0.745958429561201
dc28c6e66f333d2a,0.812322029510743
328ae84bf2af537e,0.26150121065375304
e38d7761a92e1bf9,0.7280334728033474
0fea1cff62e26b46,0.26838797350093424
82448697e7a44028,0.5230171935662784
57ab45aa1ebd087e,0.8111658456486042
c53a5dca56870ea5,0.6551724137931034
3fa2e753afa0bdbb,0.3939393939393939
2ebe2ae9b4812f0a,0.2002967359050445
742fcd610f344810,0.8220640569395018
73f55778c5c55c2f,0.5901639344262295
b5be58e7fa1e7439,0.8910891089108911
0b3c3d363c82835f,0.7234352256186317
6242126d8d06a7ca,0.5638051044083527
406154260435c65a,0.783098015142214
54845ec0646a9bee,0.7023445463812437
cdf58f62e289efec,0.7706195737963695
ba38b96f39db78c0,0.3448275862068966
d4d4aded862ace46,0.6207865168539326
427a10db0406cfba,0.6207865168539326
2d050cb1f7d8789a,0.816793893129771
56b57d076f874eb0,0.6207865168539325
99170b2f2496e479,0.7021276595744681
639013929b61e834,0.7106109324758842
a5f39e8ff1398269,0.7482014388489209
364ed6aecfc8d16d,0.4017329657345412
0175c0d2a98576f1,0.8498789346246973
981e2f5a8e46a1f1,0.38643820634341963
eae8d2c30c0bb499,0.2230483271375464
98cea844501261a9,0.27196652719665276
fcb3e9f89987d519,0.2549531561972047
995f0dcdcd5fe43c,0.6367112810707456
283c0b3b7e425252,0.12834516657564166
a5827bfce19e63ea,0.36328871892925424
5464d7ccb4177464,0.43619489559164726
8e87b33bea7c5da9,0.43619489559164726
8f120352072bd5ed,0.2549531561972047
a2e1e35e4e84e08d,0.5729537366548043
8c47c4b9503dd5b4,0.7889509621353197
beed8bc1f800de8f,0.2935703948728551
f524520a7fe0a8b8,0.7234352256186317
a523ac02533f8b4d,0.8268107672685775
f7fac3df5c6dc91f,0.6836049856184084
3a5b53d1123d9f7e,0.3448275862068966
1a6e7e7c98886198,0.3448275862068965
273f9520d75f3dac,0.6430769230769231
0dd560fbcae2244f,0.40173296573454115
3e6b5cb3c37bef3b,0.8966292134831461
3406cf3e28e30d1b,0.5
2e8d68b14dde981e,0.7146765683017393
f0b117394e52996b,0.8475120385232745
3427667c1a265fe5,0.5982670342654588
a7aac5f6b470ddaa,0.8475120385232745
01c67a3990800dc3,0.6884445477795862
e532ef88b8cb26d2,0.6836049856184085
d2519c169f3039ee,0.7450468438027953
a9660625bab5d4a3,0.326530612244898
e446c5e4a8b8d189,0.6367112810707456
4e3ccffe18641d9c,0.3792134831460674
f5445d367e7dbb2b,0.4182671788305591
9d1722fb8b83a92a,0.7384987893462469
220aa11288e919c6,0.812322029510743
f8c9a597f719d75c,0.7146765683017393
3808db1e982cb103,0.4769828064337216
7fe2f0213d641540,0.7316120264990658
73f72edb86c82eef,0.7932405566600398
b36362f5db72abee,0.5982670342654588
70e0e57a6755e31e,0.5729537366548043
a283975bf9355757,0.7280334728033474
e332aec001b34f50,0.7997032640949555
9a1d57966d8a17a4,0.3068592057761733
9b10db4499b211b7,0.8910891089108911
484cf23d5110ca04,0.6367112810707456
5b0cc074c657ebd4,0.4361948955916473
553a788a44b8e794,0.8035714285714285
23861a2085ea34a3,0.5982670342654588
c3455ba522bb37eb,0.43619489559164726
e4fcad8261083dbf,0.7661870503597122
82f00e723ed5f6ea,0.5116279069767442
f8cceeabeb2afd4d,0.31639501438159157
3ee1a3216cf66b95,0.26838797350093424
107079f548338ac3,0.26150121065375304
4ceadad9c2dd0a87,0.7418136020151134
7d947be4c15ebe36,0.41826717883055914
289004336bd71d34,0.4117884537747275
8ea70cfd5d3aa5ee,0.662676822633297
9a8fedc4fa968bbd,0.1701030927835051
23e96ddeb14b5936,0.11705165540445028
687b9b2c11667531,0.8253275109170306
2b6c2cdccb2cc659,0.7280334728033474
d6e4d0d62a96a948,0.7146765683017393
edcb573f1462846e,0.12051067891659706
2f6b63e8ec62e3ca,0.8465011286681716
c3e3d5ef06a45616,0.6207865168539325
f9a59f7c67fbce01,0.5817328211694409
164eb9071caf3fe8,0.3318409270476692
1789d630e31e9c77,0.5901639344262295
002c1562708ac307,0.7450468438027953
ee0075e188e87e86,0.7661870503597122
4ead27d52c14697a,0.20431765612952957
11d2b546c8533c0f,0.28938906752411575
8d98ccae1057815e,0.5729537366548043
b56fd6eb7d0b6083,0.45569620253164556
09f9849d363433a7,0.8462327011788827
c16454a3205506c6,0.6551724137931034
bd0497a410822291,0.6551724137931034
f9109d1e7c4ff9aa,0.805450880729121
a104c62f69ce47de,0.2517985611510791
16216dcec4a48768,0.7482014388489209
4041e280dc113323,0.816793893129771
c16b1dc7577fc31c,0.3722504230118443
e64310b89b54db3f,0.7482014388489209
ab27a211bcb9550b,0.5901639344262295
f132535656f28648,0.7316120264990658
5d7c91acbcddda2f,0.7064296051271449
0ecbb881c74a63f5,0.38643820634341963
3618e0e165190576,0.4017329657345412
0b1af005a5f25561,0.3023001095290252
042fee3d05e105fa,0.5729537366548043
5b6405eeb6757637,0.5
2133f8798f089140,0.7572205943909586
e886e22d31bc96c1,0.40983606557377056
47bdfab3cdcdddfd,0.6786155747836835
2baa02e0df86b566,0.6207865168539326
753004dcc9c53eb6,0.6786155747836836
8d7ea177efadc718,0.44573643410852715
dbc35626d0f0576b,0.8314889336016096
b97d2f97d109cfc8,0.7234352256186317
6ff8fff0fe2a3cd9,0.5982670342654588
410e3163827d6d3b,0.4661016949152543
6eee347f75f223f0,0.8475120385232745
6597b770486021b8,0.5
d02ac0447fb2a7a0,0.6976998904709748
5eb07bffdc8b7acf,0.5901639344262295
0c2a634606639d71,0.7418136020151134
933660cfab154f1a,0.8521706586826346
de65739f00350c58,0.5230171935662784
f3ebce624bb154ae,0.40983606557377056
db747a157e1f264b,0.6135617936565804
7767149280471f2a,0.1964285714285715
594ce25b9e16c7ba,0.4361948955916473
5fe5c8cb69d8825e,0.326530612244898
a84d032d7d217427,0.3632887189292544
2d7ead5ad0952423,0.5901639344262295
357ba2f1da89031b,0.5
46cfb41b00cb5ad8,0.6786155747836836
12bf24fa110513d0,0.7174709835064143
2c8d1f5bb73a812b,0.7174709835064143
7d26a6b4b6845e1b,0.40983606557377056
9afda67fdb4d7c07,0.6295900082907653
cbf36e02c68e7719,0.6367112810707458
4eae10815ebe78e3,0.3632887189292544
47cabf79c3340581,0.35714285714285715
f3fb4be38377e1e9,0.8072952512044047
612333aaff795989,0.5729537366548043
bfcabf1ab823942f,0.3571428571428571
7962611f2adbacc0,0.6135617936565805
a4759c52378f9d1a,0.6551724137931034
1f65f03f1225e061,0.7021276595744681
70e49c90d012de66,0.6135617936565804
2977a9b5c30d89c1,0.5443037974683544
eb13a9d04dca676e,0.5
2bb2a2652fe38809,0.7280334728033474
ee532a38a0b93127,0.5338983050847457
25a28456f684503e,0.7146765683017393
f966ed41316504b9,0.6367112810707456
5da7d95051699adb,0.878048780487805
f560035058bdb18b,0.7285666997682886
9cba1f0cdf10a8e5,0.4769828064337216
27c34f7a7e1c4d67,0.8543908836031473
f206143bb9347444,0.45569620253164556
2e8058fb2344ae3f,0.3068592057761733
c576e311ea337a32,0.3632887189292544
6445b14dbd24ac25,0.3792134831460674
bdcb43bf1daa790b,0.7719553614750121
8c5785de472dd9b2,0.7146765683017393
14a59abb3160ddaa,0.4098360655737705
e7081f3a0a982f9d,0.6367112810707456
de17a01ce8a0c654,0.2719665271966526
94371d1af8aab471,0.673469387755102
8fd355e482806ca7,0.5443037974683544
1117f90ee81e0bbf,0.31639501438159157
e7318f41bce58b8c,0.31639501438159157
c8998aa536614a5a,0.6931407942238267
4e7c06f8b2b8c24b,0.7328244274809161
a822be2a017f329e,0.7350993377483445
c1bc2a42652f685c,0.43619489559164726
3c06557ddd86f8e8,0.7628879712268549
0dff8509f6a861f1,0.38128249566724437
b0271fa12935bf88,0.6135617936565804
9fc7fcbdb6587265,0.5542635658914729
02a183fa803a33fe,0.7021276595744681
635ee9448fe2ddaf,0.36328871892925424
5c30f6535a08d598,0.8298969072164949
1e603e6aa6d1a750,0.8521706586826346
ab3820fa9944bd22,0.8716548334243583
0836a9bdd8942bb3,0.6045258127070896
611ccad0fc46ba51,0.8072952512044047
85a58685504c63b4,0.7316120264990658
b2457e9da89967e2,0.5982670342654588
f3a970c83d8de1db,0.5542635658914729
c805552171b20b68,0.4017329657345412
f6d6b660e1578744,0.5443037974683544
677910683d0fd88b,0.7512801755669348
1f63949591ad61bd,0.8475120385232745
1258b6f1cb5eed64,0.6187175043327556
17dc833cda860933,0.6884445477795862
2e23e7ab6217c034,0.6786155747836835
35cdd5e50d30f26e,0.6314058103127105
5da651d5867cbdfe,0.5817328211694408
f29ba17d818d4fac,0.7450468438027953
55b3724a98c0469c,0.33732317736670303
db209b782f35e0e6,0.6367112810707456
efa3f3c8945cad0a,0.606060606060606
852442b380088fa5,0.2549531561972047
5df4632f6238e612,0.4017329657345412
2573a9a722f238f4,0.6551724137931034
6989466d287b4a57,0.5638051044083527
a0e4f43827aa81c4,0.2517985611510791
03ba4f9ba7c934ad,0.8314889336016096
49d8fc8e4aee9b51,0.5443037974683544
99dc6aa635a9cf98,0.5338983050847458
351532f2fe6804d1,0.18133174791914386
c7765a3255701267,0.7146765683017393
735ed861dee80d25,0.33732317736670303
56fbc2a376569c13,0.8677165354330709
20f0129fc4861674,0.5443037974683544
e8f6232d12d52b58,0.40173296573454115
954362efa4564d60,0.41826717883055914
53fe9da9fb8d4f88,0.4270462633451957
b2867869d4eb98ce,0.5982670342654588
bb9c60bc6924f373,0.7793699533720004
01be9ab42f1fd8e6,0.7572205943909585
a57b9c636ac198be,0.6884445477795862
7cde85d46dc0bebe,0.662676822633297
0067048aaa2aa2da,0.40983606557377056
2d323659e430bc92,0.35692307692307695
d0ee52e17db605ab,0.6786155747836836
fe1130f34dea28d8,0.673469387755102
63e4cd10ed47f1a8,0.5798319327731092
e8c16b26a4bfe163,0.9016393442622951
ae0b5ab5bc4bb6a7,0.7146765683017393
8452ff5ae6316931,0.5817328211694409
1748b2b5aabe23a5,0.6367112810707458
7cfb05c08ec91525,0.5230171935662784
bd83e4a6f216230f,0.6040343668285395
c303b8a07d0d06d2,0.6786155747836835
788c4bbf925cdf40,0.5882115462252725
80faf0c138d20999,0.6367112810707456
1520290d28b75b53,0.24571428571428566
fd4d5685c2e207b5,0.45366950377388787
c9733393385105cb,0.3373231773667029
839c8cd7b1a32c7c,0.2978723404255319
1c980547431ddcef,0.8372093023255814
98e21492b6bc15d3,0.6367112810707456
603b0b1fa3ab8f20,0.816793893129771
7ba4a04673307cc9,0.6367112810707458
61c9bbeb2806534b,0.20431765612952957
246f38c7855a6400,0.6884445477795862
72d2ab073f4120a4,0.662676822633297
36c2ce10809f17b3,0.7450468438027953
2798c746fe93502a,0.5116279069767442
7580c93fec606442,0.5542635658914729
ebb9eeac1faf73ed,0.44573643410852715
e79e3ee088b76d46,0.6367112810707456
972b0643185b2570,0.6884445477795862
6f19f24780c4f23f,0.45569620253164556
ef3c1a2ac6510d26,0.5338983050847457
5ff0c4c6006f0873,0.8384972223813069
1e797ccd275a98d0,0.5982670342654588
36d9d7e331e6b589,0.7418136020151134
26cd506de4221057,0.6884445477795862
c2a36e996bba3a4a,0.8475120385232745
b516beb27416e492,0.26838797350093424
7690e946d9d81f51,0.5817328211694409
de2dad48d95305d7,0.8475120385232745
a4398b9257a93d78,0.4098360655737705
3dd55cca2358a511,0.44573643410852715
284e05afc9479620,0.5638051044083527
79c2461046e17eba,0.9212198221092758
64eb4ae171613218,0.5638051044083527
6bcea00473e43a59,0.7106109324758842
3e3db8c37096c260,0.4399629902377311
b1b82605646eb850,0.6681590729523308
72656e864ca1c972,0.8298969072164949
65f4d4f44e6e73f7,0.7482014388489209
fceab09944a65840,0.7769516728624535
fc45644c62643c71,0.3068592057761733
9c0721bd410e7a0e,0.6931407942238268
a49706a6edb0c5c3,0.40173296573454115
64542fe846b9aea9,0.7956823438704704
06fab49a307ff3d2,0.8035714285714285
20af0f55d226f320,0.7482014388489209
7e25199be406dd7b,0.745958429561201
5e07077e84fc45cd,0.7956823438704704
2d13778322a8af82,0.8606557377049181
88933cf1edd83034,0.5116279069767442
2d1f8ee74824f983,0.8220640569395018
4e981b587c1012dd,0.3939393939393939
17bb1e62772ac5af,0.18320610687022898
4664432c0d592411,0.7997032640949555
da26301ae3e7a9b1,0.23115577889447236
ca16e203eb2bde60,0.8314889336016097
699a70c8fb3c0273,0.2853234316982607
5ed0027812582ad9,0.12790697674418616
5563d6de0b4c4d65,0.5338983050847457
24ac3d1bee1610ef,0.7280334728033474
63e21ff20866b8fb,0.5729537366548043
6c62796d9b7e94a0,0.5729537366548043
23692b9936363da3,0.5901639344262295
75a88258eb967e0c,0.7106109324758842
7099374e91f9283b,0.6551724137931034
06854105c3503075,0.33732317736670303
2bfb60face19904d,0.5542635658914729
ffd3e3d37cba32da,0.6734693877551021
852223ee1a2d0a74,0.3023001095290252
502d7cb01921170f,0.8539079620160701
a90fde18a088f99b,0.6681590729523308
432e57033ceecee0,0.606060606060606
2a44035824303dee,0.7867398648648648
4cc9ef5e68009fd4,0.5
3d741cee0dffe165,0.8220640569395018
73954f3895cac499,0.44573643410852715
13c4251fb451f440,0.36328871892925424
3e9f3ce3a01bb97f,0.6309375248918037
2faa7b48b4d51cab,0.8111658456486042
b1e7100c2ab1ab79,0.326530612244898
920b8aae22c04f13,0.4098360655737705
0f0473dde4b873ca,0.7600872410032715
681d77e5d5c0f0ee,0.5
3a7d76e3c0b503c3,0.2719665271966526
c3d336f9aabc9fb6,0.8475120385232745
e8907b881151b79d,0.3939393939393939
cbe954d004415b51,0.7769516728624536
a3480aa7bdc63c11,0.3318409270476692
fadb129e71d8fc22,0.7997032640949555
208674403b0936d4,0.7234352256186317
207f105716df54f9,0.45569620253164556
49b05e23e3a2af13,0.7706195737963695
cccb99dd4ec5c2d6,0.816793893129771
03a200326e56d597,0.7956823438704704
12eec1df1fd078a2,0.5982670342654588
7228398a1ab12183,0.3864382063434196
925f745c03ebd638,0.706429605127145
1e1a09bbedf7781d,0.3939393939393939
9e47b2a66d0e9315,0.6836049856184085
7a440fcd8048b091,0.31155545222041386
07f9fc40f1e6aa87,0.7316120264990658
a788042d4d0c50d4,0.5638051044083527
22f52e3b614e0d8a,0.32138442521631644
8f9cfe0e283a6ccb,0.6207865168539325
033d968f325842e7,0.3722504230118443
2ff14dfede1d02dd,0.2067594433399602
079308cc2efa2e5d,0.7956823438704704
a2bd4c46f89f19ae,0.6277495769881557
171af1114dbfc29d,0.6836049856184085
55e9ea18b8a72b2e,0.2067594433399602
e947baa4cad609d0,0.7234352256186317
56a0f335ef05c825,0.2853234316982607
e7859b4e70d4a9c1,0.48837209302325585
44fc830a664ed611,0.3265306122448979
93b7ae1e0f79d100,0.7450468438027953
9b1e3d99fffb9c10,0.8035714285714285
58112f9fc0058e68,0.7450468438027953
7e8f4240725316a4,0.7512801755669348
c5ae278a05b73db9,0.8815884476534296
acc987adeab45bfc,0.4270462633451957
60030b35e276d338,0.816793893129771
802eba82d2b6113e,0.35692307692307695
2417f4130d707978,0.6931407942238267
bf1a7590c455bc7b,0.5443037974683544
73c70a628f0ef14b,0.5
18ba44e67d5c5f38,0.3632887189292544
d417609ea9670fb3,0.7021276595744681
fa2bed87e5d6c568,0.4270462633451957
e1cfe75b3a8fe709,0.7490483575355985
a2c28daf0be59fa7,0.6734693877551021
2ab2753040f455e0,0.7844827586206897
d4bfe75b61d2cbc6,0.719626168224299
002921976d27b7da,0.6551724137931034
5a346087f4120fa3,0.5542635658914729
70d69cf33984d7d1,0.2852852852852853
64f5c4f3f3d8ad2c,0.8314889336016096
1cf53a0b9db52ac6,0.7021276595744681
deaeb2383bbd32bf,0.1964285714285715
7ab72866ff2a6a7e,0.33732317736670303
a4816be2c49e3942,0.6836049856184085
383f0de18e7ab9c5,0.6636481241914618
1b23096378482313,0.28252901649358575
b57aaf04af8bdd34,0.8740983606557378
53e818dd5abdf787,0.8910891089108911
e17c7b239e8d6c32,0.5817328211694408
8040697ea2f36dbd,0.5443037974683544
647f6d2b9b784222,0.7727272727272727
317e6940e8bf5290,0.5982670342654588
d92abff61b0ff5db,0.8035714285714285
c26a094aa7ce817e,0.5542635658914729
9f5c84d05107f42b,0.6836049856184084
b9893ab3bed62e60,0.6207865168539326
8a6ecf3dc2b17c19,0.37225042301184436
57385188587c83b9,0.6455622450961351
f4d91498ca3f0a1f,0.5443037974683544
b2cda211e0e72811,0.5542635658914729
f81cd5b3903bccf8,0.8220640569395018
cee94cd937bf64f2,0.29357039487285497
22e7485bceb841af,0.5116279069767442
c0ca05832f518fef,0.6367112810707456
b10a94377bce3e22,0.8543908836031473
e4a9c93ff23eb5bb,0.6551724137931034
e0f49380b9d31de0,0.3265306122448979
3d468536e8904b93,0.8880936890045544
93569f4876c20488,0.4361948955916473
837a7a922066b214,0.8910891089108911
293919e355b362b1,0.5901639344262295
6359bba789ce28ae,0.3792134831460674
90e5169190971647,0.6309375248918037
cf38ced734978fb8,0.838497222381307
2d24929eaadf0351,0.7628879712268549
53d2d2de5c4cccf2,0.6135617936565804
85e57ad2b3831621,0.5443037974683544
4d3cd5ecf4276c92,0.6884445477795862
a4a78ec539238a5f,0.6836049856184084
f47a32ec7dfda660,0.2719665271966526
c910d2fe570b368a,0.7956823438704703
c3544bce29be1281,0.3569230769230769
eb0775cf8ee7a4e6,0.44573643410852715
c565bf49fce2a4cd,0.37225042301184436
9c1d4f57a997a490,0.38128249566724437
b2398418be9a3442,0.5427435387673957
ee65977baeca3c85,0.8966292134831461
c740ceb0427b6317,0.8815884476534296
96f09d5db68951ef,0.2043176561295297
f88fefd5df0ba06c,0.34512983455680946
d52a5d085bfa569b,0.6367112810707456
cbb4673397b5e96f,0.6367112810707458
776a8a645868f616,0.7350993377483445
0a2f344e419bd4fd,0.4270462633451957
7fa227a1c5ef2238,0.37225042301184436
b347480405118de5,0.8475120385232745
c699c0e56664ff11,0.3265306122448979
fa537adfb4a7b719,0.5638051044083527
5b0ebb843af7465e,0.5982670342654588
6451724f8a836167,0.6277495769881557
fb5ce6329f243d8b,0.3864382063434196
509bd83b00e4ab7c,0.8035714285714285
0bdb170e1fef36b6,0.8690378215908685
60820d105e57d5d6,0.47698280643372154
dcee56e0cbfacb45,0.5982670342654588
1a3572d1502efdf4,0.8880936890045544
a4badfa86304f799,0.3864382063434196
b91807add93763c9,0.6836049856184085
93ac52a9fdca03e1,0.4661016949152542
357781ff34a3d39f,0.6931407942238267
223f9a750428e1d0,0.4017329657345412
d785f22c4cc99a3d,0.43619489559164726
1574bb7476c9e556,0.25404157043879905
4228886e94a25a63,0.2230483271375464
c7cbf6b47051fa7d,0.11841155234657041
82e713f037e37fe9,0.3448275862068965
76726a66840ccfa4,0.28252901649358575
10cff9ac7ce89c28,0.3023001095290252
b6a609806d44659f,0.7106109324758842
e083c7ae1548e08a,0.8475120385232745
31e62d34abc3a762,0.8162544169611308
618b581f14a37e06,0.5729537366548043
9f4bc2063685211c,0.7021276595744681
ffea776913451b6d,0.6931407942238267
fe49ef11584415d0,0.28938906752411575
203b3098d892c3b1,0.606060606060606
f3e1c02ce14bccfe,0.8543908836031473
adc1038ed2e76391,0.3448275862068966
5c827dd56a08f700,0.47698280643372154
39e6cba2480c6d82,0.1964285714285715
bd52e19f2fbefdde,0.40372670807453415
66aa57912b5c5170,0.7769516728624536
7685da6f627bd98f,0.606060606060606
6b07c3a9a95493cf,0.860655737704918
0337fa731f5b02c1,0.7719553614750121
27e421b97bf57d3d,0.7572205943909585
d61a7b593218234b,0.4661016949152543
0027e179b743c86c,0.7418136020151134
875304f54becda0e,0.1524879614767255
d4d6c5ff6bef93ce,0.8554216867469879
1cde536c460b1a0e,0.45569620253164556
bc096e8ae14582ec,0.4891657638136511
1641d396e409a350,0.7925157465728047
0eac602503b48b1a,0.40372670807453415
fe5427398fd9d9dc,0.8465011286681716
55c6d02e838dc60f,0.8524590163934427
9150344ed35f355d,0.2637703646237393
22a243c5fba0fb46,0.6428571428571429
632f6960544caa3c,0.6115107913669064
0c299ce3719d9ea2,0.6507042253521127
c3ba8f1a4ddc0dc3,0.5882115462252725
bbebfc54abbb1d8b,0.7925157465728047
634dbcef5111f939,0.5
9eb92b670eebdcd4,0.7784405624201108
cc7afab68363e076,0.7727272727272727
0c25bb24dbb63655,0.6841382467383841
12c600dc64edb403,0.5798319327731092
8cf571afc2618df4,0.4782608695652174
85dcf9425d3c4e56,0.5620437956204379
3845a6838fe00265,0.3720626631853786
b2bb725b17ab51b8,0.4782608695652174
63c08ecea35e8bee,0.33099297893681046
ec0a1c09d1b113b8,0.6115107913669064
badc8c379cc2e6ff,0.552594002855783
79e293137ef6421d,0.8162544169611309
439905344ee8035e,0.447405997144217
a39d0adbeffe49de,0.447405997144217
e8d336f4465e6640,0.5882115462252725
8502afcf211973a9,0.5798319327731092
5965800d88e0677c,0.5711159737417943
f4717203e762d780,0.9154228855721394
f22d193f3ab42bc5,0.4117884537747275
e2b4130c7b1ff8bc,0.5217391304347826
2bcb878e9d02b8f7,0.6040343668285395
c19f394f3c237789,0.4891657638136511
6b92396d42918366,0.2272727272727273
2230a5dbc0907859,0.7490483575355985
bd246b9789f88e1c,0.5882115462252725
4785bf265d05d85f,0.562043795620438
642a8cc1195c5198,0.23653749370910926
6c2097664ac1bf16,0.8703792606817091
ccbbf1ccd4513551,0.5711159737417943
0c74e600ded0de97,0.5
78f1457371e2ef6b,0.7784405624201107
591699203b264f6c,0.6979865771812079
6b532f492e98d22f,0.34512983455680946
48f23cc8cc5ad9a9,0.7784405624201108
0590fb4acc06fa93,0.745958429561201
059dcd0b3b8e0a3f,0.6507042253521127
71e123d40fff9edb,0.5324675324675325
ab475a3a4487d6d3,0.7107039537126325
57b986d06bde71c2,0.6742037442256261
7ec24848cac6c5a1,0.447405997144217
0fa31c9f7495810b,0.44573643410852715
418b6f692abe9e35,0.3654694391934469
4f722e80eadb6d2f,0.2804746494066882
43baf5b905686ebf,0.5
f208b79b0d78045b,0.7578947368421052
e4549c57faca7a64,0.6581196581196581
d1c4c06780cbd36e,0.31111111111111106
979269d4ab5784af,0.43795620437956195
398f4857f9692204,0.33099297893681046
7d60cb78ea70fae0,0.8162544169611309
3b463d688d598a72,0.447405997144217
14a40f30e0cb22c9,0.5324675324675325
093ca77f7f7219f6,0.4117884537747275
4702ef17c48bf1d1,0.7697368421052632
1e176413438fabd5,0.6690070210631895
97c302628f231da3,0.4891657638136512
00684df5ed23e6ca,0.4270462633451957
49749ee78bc54a48,0.5798319327731092
c13b2493018fc98b,0.29341792228390173
530fb0d1a26fc57a,0.4782608695652174
318460613b6018e9,0.7784405624201108
bee780601ad13583,0.84
652a73f4bf7f1932,0.19354838709677424
3a25be6438e3f94a,0.8465011286681716
6257627ba49e42ab,0.8524590163934427
c2f0a53cd67e1736,0.6507042253521127
b34c608bdfa655e8,0.22155943757988916
0c36a08b1bf60f45,0.7362296353762607
3c3da227fbe36a28,0.8064516129032258
8801fbb87bdedbe3,0.7520661157024794
ff64fc34065565d0,0.7023445463812437
bf658320ccd69021,0.6279373368146214
6a9ea8e420a52a21,0.2892960462873674
d4a309663a4da799,0.30649687027843725
d6c02b4bb64ff795,0.4891657638136511
7af604e5aa43bb3b,0.7065820777160983
e54fe354981fe3e7,0.7830980151422141
109674a1ee00f55d,0.6115107913669064
0c5640433ba44a1b,0.5882115462252725
97febb293c99e5a8,0.3720626631853786
09f67db0cfaee022,0.39596563317146055
f930743af6564795,0.7021276595744681
29c7cb102ddd7ec4,0.42888402625820565
cad44cd2466fb68f,0.3571428571428571
c611e81778c0b1fc,0.5638051044083527
5b0fcecc55bebd5c,0.5108342361863488
245009a9e1a0f60b,0.552594002855783
a7c04dc830923313,0.6115107913669064
3caa22209cb559b7,0.6507042253521127
c39da8538d9c0321,0.38128249566724437
5a36c9362552e0dc,0.38848920863309355
93f1b09aa792405e,0.20748425342719534
fd776d7b554a85d0,0.38848920863309355
dc93921bd9342341,0.8064516129032258
243e5e9b6678f303,0.38128249566724437
28c33e9353dac666,0.8955861414333175
47e8726b301f3f32,0.43795620437956206
c7bc785e99d3ee2a,0.3939393939393939
b2b6cf87cde17136,0.8122418325197146
ac2887a0855a3266,0.5
0452dd001f4adb6e,0.30649687027843725
2f0cbf0502173a79,0.863013698630137
c1322d09e8b6efca,0.4201680672268908
008d0158831dcbd4,0.7634625062908907
951ccd0041bd1700,0.5798319327731092
447462bc8e540f10,0.7106109324758842
0b98d84a2795f7f8,0.5962732919254659
cd7fd3f034717d3c,0.3959656331714607
7045f8c1d5f6abff,0.3654694391934469
e00da416750f75a9,0.6742037442256261
08cbd4c521831adf,0.5217391304347826
42d09ca167ecae07,0.3959656331714607
87b0475688168a42,0.6115107913669064
5b51610a9c8c88ef,0.6115107913669064
7ad6511fb5fb28a4,0.6187175043327556
72d6996a60856b5f,0.5711159737417943
fd80d6d9f4e54387,0.7807933194154488
babfd62f1d4a43a8,0.6345305608065531
665e9a25c5d8c17f,0.5217391304347826
913d6763b570d060,0.4891657638136512
70290140b6a8e038,0.6345305608065532
ecb4534c0066c5f3,0.39596563317146055
4d3cbc7608c8958e,0.3158617532616159
4b997af9fb321123,0.38848920863309355
a9d8ddb49dbe414b,0.8400000000000001
c4a7f7d8eb8fe484,0.5798319327731092
824368db1ed8191f,0.7966101694915255
2c5d329bdf182468,0.447405997144217
8c8c2499d89da07c,0.8720930232558138
9f56b3c053c44060,0.552594002855783
b90eded8d6b65e8f,0.3111111111111111
54a15700ab185420,0.6841382467383841
d4e3baff532df842,0.6792452830188679
43b9e58ebf4a75ea,0.3720626631853786
11aac355349ecc94,0.6428571428571429
8410fb6d495a2cc2,0.38128249566724437
b823aa523c9618b5,0.4782608695652174
c8ec30a470f08748,0.2033898305084747
44e3a7b4f4c7d95d,0.5108342361863489
b2eccc1b75633d3d,0.6888888888888889
96740aa476055413,0.5542635658914729
3b83ec99accfd271,0.36546943919344677
c0e8095c91c39b06,0.7065820777160983
fd984e8a9e25c927,0.6935031297215627
ea967877dd4d6efb,0.6428571428571428
b8019af428c064ef,0.7450468438027953
464133df9ca19865,0.8064516129032258
541e5c7a87712fc2,0.7023445463812437
d447919ec1a9f34c,0.8064516129032258
3100a4e29da974ad,0.447405997144217
5301d765d64f863e,0.7966101694915255
a16d8d0cc93372c4,0.43795620437956206
c3b733bf084c2cd0,0.7065820777160983
2e47823d38a5649b,0.552594002855783
0b8fdeeb626b4396,0.3158617532616159
c7780ac294530c0d,0.8720930232558138
979538ff8ae1ccd5,0.7727272727272727
976d2cc3d08ca814,0.6636481241914618
486fbba33876da4b,0.5711159737417943
b0cb6a1da8e0da81,0.6742037442256261
7e9cb0c322773157,0.43795620437956206
9cbdbbc414d6dd83,0.5729537366548043
2e12db181792090f,0.5542635658914729
f963d716384153ff,0.6428571428571429
05065fa2bc3693b4,0.6428571428571429
c97e99ca5422f03b,0.5882115462252725
bb56f4e502512ad0,0.7285666997682886
cd55220a7b1378c4,0.3418803418803419
6275b448b6c35f1f,0.562043795620438
e8f499827178a321,0.447405997144217
23fd9d50a99665fe,0.43795620437956195
da7d7b4f20cd2af5,0.3571428571428571
23a75c0338d25abc,0.4117884537747275
53efc226c8eaf768,0.5798319327731092
c1bfbf5447f21f37,0.7769516728624536
60c62fb7bd17a8b3,0.918918918918919
aa62b8f58fc09790,0.6690070210631895
480aca1906276700,0.2099236641221374
8baa6b8850262595,0.3720626631853786
0bf405dabb25251a,0.7900763358778626
17daeb7e36e60cdf,0.6792452830188679
72330020a732c635,0.745958429561201
7c9830ee4835f757,0.6888888888888889
959de17703476f44,0.43795620437956206
f7ffa11d592f4092,0.17499999999999993
2ef16a5ff3710c92,0.43795620437956206
d4e98b827e3d6918,0.43795620437956195
9900550cc697eef2,0.7666504618376276
bd6d144f5c0b6cab,0.30201342281879207
e2535e0753954514,0.7857142857142857
664e56d8a98e2b49,0.7328244274809161
00dcad4611fc63fe,0.552594002855783
92f27d13fc502d33,0.7998895942589015
d757f19f3d34934b,0.4675324675324675
b0c2442c5a7c509a,0.5324675324675325
50d5a170516de2ad,0.5324675324675325
503a9ac5679c9cf7,0.8898305084745763
05e2832cd5ffb7a6,0.6935031297215627
2c01f4df404ff6ee,0.35714285714285715
499557c33e67deaf,0.38848920863309355
870a98d6f943d9b7,0.20748425342719534
961246a6d621ef40,0.6428571428571429
20b70a226f1c13fb,0.29765545361875634
3945b08be8d62861,0.5817328211694408
1bf7f647f309464e,0.6979865771812082
21d6db22c6089308,0.4201680672268908
785dd27b03946f95,0.40372670807453415
2d23ca9d8abc0c97,0.31111111111111106
22e5596f75d9d8e7,0.8198682618631536
4496c2fa6aaccba6,0.8180815876515987
6f5f4b256f643ffb,0.5882115462252725
e0f8e1e8cbdd63da,0.8465011286681716
7e1ae27779ac6ba5,0.5108342361863489
05d2534e0f2d5042,0.9116022099447515
0449c55a8c24a59e,0.21428571428571427
52f0398eb74c139d,0.5798319327731092
1b52b08f195581ad,0.38848920863309355
86afc59ec117c1ba,0.32579625577437393
c43805df4f45b6e2,0.4675324675324675
34fd6ac116645ae6,0.7490483575355985
6712440cd01dffdb,0.2272727272727273
26ac85fc4bee63a6,0.7784405624201108
e7e244a0bf244e61,0.6792452830188679
1c5bed46920ab3e1,0.6836049856184084
85e1b21ea88fe7e3,0.27143330023171136
374508c76108d7fe,0.7607101505210343
b82b243982fcb2ac,0.7328244274809159
74e86c7782cafe27,0.5108342361863488
f5de8b2c81e91129,0.6935031297215627
e2e23aee91e27847,0.447405997144217
4b790d75c4bc694c,0.6345305608065532
c43e99000f3c77b5,0.745958429561201
bdc1561ed4c6e22f,0.6979865771812082
7ab1cdfe3e540856,0.7065820777160983
2615d94ab16380f9,0.6979865771812082
678db400f85ae15c,0.4572564612326044
32b030138bfd4f88,0.7146765683017393
fee873593f588437,0.7966101694915255
278cd1803ccc004f,0.6428571428571428
2b3b6e96cea0f757,0.38848920863309355
8d1559bbcea7e92a,0.6279373368146214
5ae114b3fdef6d2f,0.6792452830188679
a1569926652ebc36,0.5427435387673957
665a35fcac41d277,0.8162544169611309
475a41d83edd47dd,0.4782608695652174
3e39829aedc9346f,0.42888402625820565
2ad291d61792fd7d,0.7147147147147147
43313a340ff0d2b5,0.2604482132041186
93c4b798134c71d4,0.7381546134663343
2be2c9ddfbee0cd4,0.8122418325197146
3c6659f1b09760ba,0.8122418325197146
a637cd1012af870f,0.7147147147147147
f0b151cc6c91b259,0.6187175043327556
0339f66f18a3e0bf,0.8400000000000001
37c732554828dcc3,0.4572564612326043
dc4f7eaaa2c9d450,0.6428571428571428
b21e4b6c4126c782,0.3792134831460675
4ff0075d932d5b14,0.4572564612326044
d2198a7ae05b24c1,0.38848920863309355
e5461559114e30ff,0.6345305608065532
08af25ef4252b138,0.15349887133182838
391d458db6dae33b,0.9053627760252365
27a6a6d4e3f8be75,0.7195253505933118
766dc3c5592b4d0d,0.4117884537747275
98301c092f00cb01,0.40372670807453415
0f85a1d9ce42d13e,0.8720930232558138
77185ff8b4dade6a,0.3158617532616159
1dfbdd569585812f,0.825
f602cc168383432f,0.447405997144217
d5149f02b1ee7dc6,0.2934179222839017
f281a6775bccb8df,0.7784405624201108
d20dc2d68305fc31,0.7727272727272727
15aced6a6a61df90,0.5427435387673957
d3ccf71e68480007,0.26044821320411876
34a39beb93225e2e,0.7857142857142857
e8d087f822be7b02,0.8162544169611308
06c124a55f77a7a5,0.6690070210631895
0cbeda449bc94af7,0.3492957746478873
4e3611c9a9e20ff0,0.5798319327731092
83b32e9300fec365,0.5798319327731092
2a702055a79d95a7,0.6187175043327556
4339e30a856c1da8,0.447405997144217
f5eae75fc240aaa6,0.6690070210631895
d6482fcb69b04904,0.552594002855783
982f4f96b6d0f346,0.6690070210631895
6ec62f8822843edf,0.8524590163934427
caef4f8801f39345,0.42888402625820565
a09bfdaa83d99efb,0.6888888888888889
3266f569a6246d90,0.4675324675324675
85168b8d99f7ce42,0.4891657638136512
e8d3768f293a699b,0.26044821320411876
3a932a4cacacc939,0.5882115462252725
5a79d4b9a8f8352f,0.5427435387673957
d8fe965281e2e312,0.43795620437956206
045c298c72fe196a,0.5798319327731092
cc1993d02d28a3b9,0.8720930232558138
3e6babcbd7b9d364,0.3363518758085382
69aa797cef2e4782,0.7756269247690277
1cc9816d18aa29d0,0.42888402625820565
5574c020655b435e,0.8313582497721057
3636ca71c557c5e8,0.6115107913669064
3e875e1625bbdfbd,0.5901639344262295
f2ac86cd3e863243,0.7550141337999732
18292c8eb20ae045,0.552594002855783
1123fceef316106e,0.3959656331714607
c64c2ca5d4d2c7b8,0.5798319327731092
991680cd8d0b7900,0.6345305608065532
ce82f34bc14f7af0,0.7107039537126325
1362ccc16713d404,0.4675324675324675
a99c3328e25c51c7,0.43795620437956206
465707233fa9cf7c,0.6581196581196581
c5ce4f39269c842c,0.5427435387673956
b22dbe21c21060b9,0.5711159737417943
b302e12550278ffd,0.4891657638136512
ff389a4326fc9255,0.4201680672268908
f83c6bdd553b5851,0.43795620437956195
8fe1859721e95ce3,0.4675324675324675
3b321550c8b4aae6,0.7900763358778626
c4fd59db24f978ec,0.8027415580073554
01924e35b149b28f,0.4675324675324675
fa2e2a035b36b9d6,0.1671309192200557
5edfc539cc58a28d,0.7578947368421052
064404b0aaf6f95d,0.38848920863309355
d48f938269b8ed0b,0.6040343668285393
81f287d035190506,0.6115107913669064
1f0254eeb2025e4f,0.3257962557743739
4942323a5d5a6594,0.2421052631578946
95ead23dc0c73285,0.3959656331714607
164f56eb25d6a9b4,0.39596563317146055
3fc9fea36fc7ec37,0.2142857142857143
b26ec098a5a57401,0.4891657638136512
7c883cf0b5eedc59,0.3418803418803419
0ad5c6752e679de5,0.562043795620438
2f0bfdc3c325662d,0.6792452830188679
e1ec8774466db669,0.5427435387673956
f7fd4b82e827c9c4,0.562043795620438
f079cb2db8dbbf04,0.5108342361863488
f2916c10b7ecfcee,0.6931407942238267
050eb872a69c66bd,0.6888888888888889
71499934c065fecb,0.6040343668285395
5337461354f23b98,0.4117884537747275
a19d619f1b9bee7b,0.8250000000000001
454861874ecc52d7,0.23653749370910926
99a7172fb7438244,0.3418803418803419
4fa02674b920ff0a,0.42016806722689076
b46b27222e62aec1,0.5620437956204379
d5778494ce663d7f,0.6040343668285393
c4938baf92d2dc31,0.4117884537747275
3ce6f9eb59a1e149,0.2421052631578946
762de3b0b32ba937,0.6115107913669064
d0dc419dc7acb7e2,0.4201680672268908
a7adbceeff234b61,0.42016806722689076
f8ad660497e49187,0.38848920863309355
226c6a86f4f81122,0.7966101694915253
cdf048ec9b917cfa,0.46753246753246747
52abce3a11b43b1d,0.6792452830188679
2e0493171c4ee80f,0.7146765683017393
5afd44d1e567d2e8,0.6935031297215627
18cdc16fc7ab7ce1,0.6581196581196581
649b2db3709b07fe,0.40372670807453415
4c7390e4d169f6ff,0.6888888888888889
6c1dba8a3ba4f42e,0.43795620437956195
4ce0a62cdad7bf32,0.6115107913669064
d2591df4fa9cc44e,0.2892960462873675
44c6d87116bb3a10,0.7023445463812437
b810951e39a0af1b,0.30201342281879207
7bb335510a749419,0.6187175043327556
fa5244817650f401,0.2892960462873675
6eb4b84c4b10854a,0.4891657638136512
6066dc40bb3ce8db,0.7195253505933118
15f48dd8cf8ae455,0.5711159737417943
318449b3f9346566,0.5882115462252725
3cbbf947fd0d2144,0.2804746494066882
a3935c950c40462b,0.5108342361863488
98035e427b476717,0.7784405624201108
45500515780758f0,0.84
d6e1205babf27a9d,0.4117884537747275
d0a8304574e65ec9,0.5427435387673957
640dbb5a89c0aad6,0.4891657638136511
311156891c7bdf60,0.3720626631853786
3760216f68f448b7,0.2479338842975206
ee9173615ef4cfae,0.8220640569395018
02ace8fdd83c6480,0.447405997144217
214fa13c3f230259,0.7065820777160983
eadb215519406e92,0.7607101505210343
2f15a2ed6cd4711f,0.7900763358778626
3bd5dbc1598c409d,0.7550141337999732
a06a3bc70d7c4264,0.6636481241914618
b7653a82f4b07b1f,0.6279373368146214
607d22f0b3db4f1f,0.5108342361863489
014a3acf91ada8af,0.4572564612326043
94d708a8a8fefdef,0.30201342281879207
5d000de6fa836f66,0.3654694391934469
cc4a23ed2cbc8aa4,0.7285666997682886
e508ba268cb295c0,0.5324675324675325
0e9091311ca565ce,0.2892960462873675
b45d0e0d2bba01e9,0.7241379310344829
0d043ecaf5bbc3ae,0.8867248712782628
7c20284c4c2dc9d3,0.4117884537747275
dcf052ef89a66397,0.6279373368146214
c959b92fb36220a3,0.6279373368146214
5bff1ece35abac7f,0.7578947368421054
c82f9bc365ff1074,0.745958429561201
b29d4e0117776bb3,0.6428571428571428
a80579fe679d24e2,0.5
4bf6b6904ec94421,0.48837209302325585
0845e0f9e8d61b0f,0.5108342361863488
4ace70bff9debdfb,0.21920668058455117
7ffd80b65b0ff942,0.2758620689655171
17c598d7841daae0,0.6279373368146214
0bdea30d7a7322f7,0.6888888888888889
ba2f3b9a12400aa0,0.4891657638136511
e86f7b7f3a047d2a,0.2572062084257206
90a5ddd6738605d9,0.3363518758085382
49f83168974fb60f,0.7241379310344829
d3255f2b8ef2b559,0.38128249566724437
3f3b8dcd16dd7383,0.3720626631853786
8295c37ad4b6187e,0.6345305608065531
6ecd93dbbaba7e10,0.38128249566724437
fb98219ce569b384,0.5798319327731092
a26db2cee9eab1f9,0.5217391304347826
784a57385d0e87ff,0.4675324675324675
b33d1e693e3c9958,0.19916588645842195
cf13dd810b2bd061,0.3064968702784373
ee31f081cf576273,0.8122418325197146
e3fb9146a7eaaa47,0.6060606060606061
aa92030dfd8b5d40,0.5427435387673957
d2105d00baa3e15e,0.46753246753246747
f7c9f7a6edca5299,0.4891657638136511
95d46f7a7e72f91c,0.7241379310344829
5f6b8e48e7d3b66f,0.5108342361863489
f4d9138ba502b7ec,0.5798319327731092
9b79c05aa978c066,0.40372670807453415
26779cfb01372664,0.745958429561201
1a0bf11582ae518b,0.6115107913669064
5aa7ecc6507841bd,0.5108342361863489
d1d7400c131ed40e,0.4201680672268908
79884c0df84662b9,0.7328244274809161
3b5e1d6cbf9c8c9f,0.4883720930232558
a020b5b917c27bb8,0.552594002855783
fcb225f454ebf1a1,0.6187175043327556
e5a88d0e816fd0f1,0.6636481241914618
781b4b6951df64fe,0.8720930232558138
43e416795dbd10e9,0.5108342361863488
613a288e8819fead,0.3959656331714607
377c8eb085bb8e00,0.6581196581196581
110e1d794443b736,0.5217391304347826
8d9c71e110196262,0.5711159737417943
249b75a787dccfe6,0.8035714285714285
3daf1c5fb854e626,0.3720626631853786
815fd4ebdc288e83,0.42888402625820565
05c8aeb2806be99c,0.8426707597851112
20dda78057d17a5a,0.745958429561201
8b52a32f3644f493,0.3654694391934469
b65d0243d397802c,0.7362296353762606
43b416cf0c75dbd7,0.5
e3a45f48dbda99c3,0.6636481241914618
be0af5916c8e8e99,0.7550141337999732
2c0ece9f70a62408,0.6345305608065531
92049ba4483fc840,0.3720626631853786
c7e084949531a443,0.5217391304347826
083a0283b7bc503b,0.7578947368421052
5838305c25a54ea1,0.6792452830188679
d480d01418ae0143,0.6636481241914618
03b9922d777e430c,0.4117884537747275
692ceb2ac5fa4427,0.7727272727272727
61f80a1732d37288,0.6428571428571429
97e895b7c2cb9db4,0.6040343668285393
6d47170d069df8bb,0.6888888888888889
7786b5fafee61c36,0.5
711fcf95370fa90b,0.40372670807453415
d37ed975c2b70fd2,0.8250000000000001
6ccf478dca83757e,0.7065820777160983
e27504d07ebbc441,0.3720626631853786
80c4f70b7f7a1945,0.7147147147147147
8ec7d82619bfb564,0.40372670807453415
93026e3763542c05,0.17499999999999993
9231cef371b89a46,0.7520661157024794
e99f92b92e90b228,0.7578947368421054
65d777a16fce2be8,0.7107039537126325
040f227553de7838,0.5711159737417943
375c2ecb6fe54cc6,0.32579625577437393
958f3b45c132c3b7,0.4782608695652174
8d9b460143ae19bc,0.3571428571428571
b2c3f1783a0c8530,0.4201680672268908
a78ccbb549d36ddd,0.552594002855783
313801a4262f1ea5,0.42888402625820565
8d975de5d033ccde,0.4891657638136512
6387fdb44c61ccdb,0.7195253505933117
934718256f4d082c,0.5324675324675325
f457d55f78d581f9,0.7328244274809161
09b8253a30360429,0.4572564612326044
5724a9cf463c8390,0.43795620437956206
6e093a1d4286dad6,0.2714333002317114
969970fbe24945d0,0.7195253505933117
812ff38f0ed409ca,0.15349887133182838
9c884cbc3791bf60,0.7666504618376276
345b1bc51f0f5e86,0.7065820777160983
c33cc8b85b9a202c,0.2637703646237393
db1be0ca226d3a2f,0.6742037442256261
2c65d5d20cc893e4,0.562043795620438
e06f96f3484ad74a,0.5427435387673956
5b55a8e33199d71e,0.3959656331714607
3e020d62796a7ce3,0.5
5e794b8ef52c88cb,0.3959656331714607
75e21e2f5f3be42e,0.5108342361863489
4b8c8ae61251ff83,0.6115107913669064
ad61d042c43451a8,0.552594002855783
c69c5830064fd591,0.7966101694915253
2e11087e1a4f066b,0.5108342361863488
911e151d1907197d,0.6581196581196581
68a93f8eb34f3251,0.38848920863309355
4cf7792aef993be1,0.5324675324675325
b2039609019496d9,0.6742037442256261
afd53c8033f6ee82,0.5108342361863488
315b6e91a0239148,0.6742037442256261
f8b32aeb9b628d89,0.6979865771812079
bb9020ac324fb706,0.2804746494066882
9a984ea967886979,0.4572564612326043
420f4e4dc341eb57,0.5711159737417943
d39010c3511fb972,0.7997032640949555
d18b33bdd37f4683,0.46753246753246747
5e13fbe15c887a33,0.5427435387673957
95a0d706e1f4cfa2,0.6888888888888889
a815119606930378,0.679245283018868
509519d82e906c0f,0.5882115462252725
e71a155192ff2f6c,0.7023445463812437
5cf03fdfe557803f,0.4675324675324675
6ab9d2d334f613c8,0.5427435387673957
9fc85aef42733a16,0.5962732919254659
f8b9b5ee3d4a8ac3,0.7634625062908907
1299f04f429bcc0e,0.7607101505210343
febbd4eb209b4579,0.6581196581196581
6c4b3cca92fcb9c7,0.447405997144217
36388dce4a8cc18f,0.6040343668285393
9275134accfb1adc,0.43795620437956195
f990e8b2a08053db,0.42888402625820565
0c703bf17c04fee4,0.5108342361863488
b319a24919106555,0.40372670807453415
b3b5bd50fa34342c,0.7285666997682886
135760b07e1fb79b,0.7362296353762607
424221c96ee13ceb,0.783098015142214
84c5035830ebb421,0.43795620437956206
1a66e67add5d55ef,0.7550141337999732
96c93167c982c467,0.38128249566724437
8c2e4d3cc4b9e93a,0.5108342361863489
c1f74805a4ff9396,0.7784405624201108
d1aaef0d7f0c8e8b,0.8027415580073554
9d7a798f0c20c04a,0.46753246753246747
7679c5ee3514e119,0.7195253505933118
433e3fd8782b6e0e,0.7195253505933118
08c6b88ac22717ed,0.4891657638136512
824fb74f5fc34218,0.8524590163934427
0f73ee9121ec7539,0.3158617532616159
0fed8d8499eae01a,0.3720626631853786
bb0770ead53940f5,0.4117884537747275
a2fe63d064567d14,0.4675324675324675
2ef96a4eb306fbb4,0.7107039537126326
2d205cc1da2e7930,0.40372670807453415
5b6451f3f83c719c,0.6979865771812079
df661c70c40adf84,0.38848920863309355
0864112e968630ea,0.3418803418803419
9e90800495c1d607,0.3654694391934469
b1dee00c3052e65e,0.6935031297215627
9d2f46b677246e41,0.8250000000000001
5a09a7a3f2792d1a,0.42888402625820565
8167500af262bba5,0.4117884537747275
1eb0491642f276ed,0.6792452830188679
e09d17f97d6fc6b8,0.6888888888888889
adb86e0206cba97d,0.6581196581196581
3aace29fcc65ec51,0.6581196581196581
435c93cb89016fd1,0.4782608695652174
43fbc59edc7dfa9f,0.4675324675324675
c67e5fec8e1876f0,0.4782608695652174
7f3763caa99a3486,0.3654694391934469
82d057278298846f,0.2714333002317114
3cf1d67a20ae1c18,0.5798319327731092
c8f946610906bffe,0.4891657638136511
ae6fb7829db7ecc7,0.6792452830188679
806ee07a1a7042b8,0.7023445463812437
8495283a56311b4d,0.552594002855783
8b61a3acdfb007d9,0.7578947368421054
09c092dc766fa3f9,0.5108342361863489
570f3407722cc512,0.7427937915742794
0344687c9852b1d2,0.7241379310344829
78410b48feaba213,0.6187175043327556
787d94246afe18a3,0.5
58c73a9562adcfe5,0.7107039537126325
4a46b63c19cfa932,0.5798319327731092
3fe9e895b2a45049,0.5
cb76509b5c2f2a90,0.562043795620438
34644c44229e41a1,0.6690070210631895
537c77f3b75a75ae,0.7395517867958814
02f4277726712796,0.5217391304347826
648396cc751c730d,0.552594002855783
c0329bd8d3b302c6,0.6792452830188679
781f9a642e7a9278,0.5620437956204379
70f08a4771138817,0.2892960462873675
a69a6da9560ed62c,0.7784405624201108
dbc72a4092a0b296,0.8122418325197146
6b6680338558bd46,0.7328244274809161
d101d2ed58a7cf84,0.562043795620438
ec381753e852cb63,0.4117884537747275
ec067e9c9efd7aa1,0.43795620437956195
0294253e4a5b4725,0.7784405624201108
41eb39f532e148d9,0.6040343668285395
f19d1c8ca5660240,0.447405997144217
51d3be5e8aee5cd9,0.6040343668285393
0bf8bb9b4ef329f9,0.6507042253521127
e15b393a27c07043,0.43795620437956195
70ab91b37be75408,0.7065820777160983
df33799f117000cb,0.552594002855783
f8df4cb5f22656c0,0.7395517867958812
c64537874352793a,0.40372670807453415
00742aea8da72a35,0.7482014388489209
a3b972117a3998ee,0.5427435387673956
0549b655619774c5,0.84
5237736e6b37c609,0.6115107913669064
31dd8b5d6444f19b,0.7427937915742794
69ecd4aa5a550f7b,0.35714285714285715
f24144fbe9e32c10,0.5962732919254659
d38cd293a0c3fdfd,0.5108342361863489
c5c1deb1607f69b4,0.7900763358778626
19df0d0cb1269fa7,0.5711159737417943
409bcfacb259999a,0.7023445463812437
26e6a2705a1e9e72,0.7830980151422141
971d9fa5947a4bb7,0.6115107913669064
e9ffcf05270a320a,0.46753246753246747
c8ca99d1adc5448d,0.6581196581196581
9b1386a28b81bcd5,0.8162544169611309
5d5abb5dade718de,0.5798319327731092
1c85f793ea4f9caa,0.5427435387673957
692241119228cc82,0.3959656331714607
f4cdc944e27c2cd2,0.6279373368146214
054f1423ba7c121e,0.4782608695652174
144b0c1dd6c909f3,0.552594002855783
00b7497b02b3b2bb,0.5798319327731092
4f6f7f1ad8954bb6,0.4782608695652174
4df1d3183929d021,0.7966101694915255
187681b2843174b5,0.42888402625820565
30b33d032605c885,0.8162544169611308
50935ae1627fc89b,0.8313582497721057
5c5ed0416e881faf,0.7784405624201108
845907142e023077,0.5882115462252725
66b8f3426f36fdf7,0.14754098360655732
c29b63d6cd2ba413,0.5
6f2a4a2f769eb9e3,0.3158617532616159
0408a452fb5c3e14,0.4891657638136511
39c16381a9722735,0.6507042253521127
0e9b7e682e0a79f1,0.42016806722689076
1afa8d6ae4d8a5b2,0.39596563317146055
5948876f1d80c21a,0.8216159496327387
8793208907eca67f,0.4675324675324675
3a8cc4cda195d758,0.26717557251908386
21b361d723fcf3cd,0.30201342281879207
b43dfe6743160a66,0.1779359430604982
a27a9b7b8194e8fc,0.552594002855783
11b369120409d2aa,0.4201680672268908
412735f3e0b66ea6,0.5711159737417943
958f6e5b79ff8c33,0.46753246753246747
ba7250ef080d1603,0.40372670807453415
1cca8ba792f1e1d9,0.5217391304347826
4efbd869aa0211d2,0.6742037442256261
98e3b4d05ecc36a2,0.4891657638136512
eaa63c8fb9379426,0.6979865771812079
ebc7ec239faf7b0b,0.7578947368421052
451d7d8c2a6bacb3,0.42888402625820565
17067cf55726c673,0.6345305608065531
23253ebb1d86d8b4,0.8216159496327387
2f9a8807807b80d6,0.5798319327731092
3be121d4f5460893,0.3654694391934469
47dfd70b5780d68a,0.38848920863309355
8794b5f9a591daf6,0.7195253505933117
85bec51d0bdf511f,0.5427435387673956
87b61c1d72232a84,0.34929577464788736
9220acccebf14a46,0.43795620437956195
c5a8e0098d1024ce,0.27586206896551724
e322eae035f7c00f,0.5
43a941e005a2d463,0.4891657638136511
00494c77d2a88f8c,0.5108342361863488
51010081d59b4687,0.6792452830188679
588a39cab19065bc,0.447405997144217
23c6a428df1569bc,0.5638051044083527
29df50b2ea446361,0.5108342361863489
2c39797c6574ff29,0.6040343668285393
4fa26e1e88583ab5,0.8162544169611309
1d7015553debd1c8,0.5962732919254659
4403857f545ede75,0.7727272727272727
f37d18b5c35145bf,0.3418803418803419
9ebfd601c43b89b3,0.43795620437956195
9c4cbd0546d03f6b,0.7362296353762606
c26806c2d554e50c,0.7490483575355985
8172d8d996335d0a,0.42888402625820565
14477908199435e1,0.5324675324675325
ef80a6eea892c296,0.4117884537747275
106088694fa0c682,0.745958429561201
ac656cebef8cf0a4,0.7241379310344829
4c05732d411d6412,0.7925157465728047
3e1bd51261cb61df,0.447405997144217
939cc30f07131724,0.6507042253521127
edcf1d6a1bd8acc7,0.5798319327731092
13d2b7aef67cb6ea,0.4572564612326044
a5e240bcd7731725,0.3959656331714607
02b39d683f027517,0.562043795620438
9e75fbe17a35f272,0.7195253505933118
30a2c7e5b90e6d74,0.4117884537747275
b5268a0c2df32a24,0.8180815876515987
6b5fe10e6e7d160a,0.5108342361863489
e4795ab9bdd6fb38,0.3020134228187919
f1afa75c8d492550,0.3111111111111111
ad0bac98558900af,0.6428571428571429
dad034faf3d62cb9,0.5711159737417943
24411c5356903d11,0.43795620437956195
8eaa23d64c20b0f1,0.5729537366548043
1b52e24d09700dd9,0.6115107913669064
7fce3efc5d2add6e,0.6636481241914618
a337e11f80a75b7d,0.6581196581196581
bd6909a463a1de2b,0.7395517867958812
6d04fbef6b8e4551,0.4782608695652174
0d33d43bee65d98f,0.18374558303886912
450760216f5643ca,0.5
2cab927474cb6e62,0.5882115462252725
d1c519260c0ddf3a,0.5108342361863489
71854cfe738d6ee1,0.36546943919344677
64bc223daa594bcc,0.42016806722689076
2c0a58ef0324e18b,0.447405997144217
291d91378a96d1e8,0.562043795620438
4f60a7e7b848bc6d,0.42888402625820565
0da0dc2c7eb29f58,0.552594002855783
02822c35ffef5a50,0.863013698630137
5e1370a92ce8abb0,0.6368038740920097
27ff7028ec8c2161,0.6507042253521127
9cad47cdd6351e50,0.33099297893681046
a716172939767cab,0.5882115462252725
36830f6eb3c847f5,0.6345305608065531
019983faebec6d64,0.6040343668285395
63b35df1276b3d64,0.7065820777160983
c5d48ca7c22f857e,0.5798319327731092
5ae45d20a60dc109,0.4782608695652174
163fbb2185730846,0.5108342361863489
fe132ef2ab8ae9d2,0.5108342361863489
cb1e57b5f8c92922,0.6888888888888889
0769ab47fcf0bf6b,0.7857142857142857
14e7bb7a9d49450d,0.7727272727272727
25cd989ac5569629,0.6345305608065531
9555d8941df4a998,0.6690070210631895
02e3699be1d8daa2,0.5798319327731092
0b26d635106aea1c,0.6428571428571429
a71febed166b7d42,0.6979865771812082
770312f3ca8506b6,0.5798319327731092
87b6c507a7684ec2,0.6690070210631895
977a758d869f9e7a,0.7241379310344829
96404a3b32791c8d,0.7241379310344829
5f0aa841c21f7d30,0.32579625577437393
07b98dbf5d2c62a2,0.46753246753246747
761a215d51a0442e,0.38848920863309355
0af90a49f0ca1879,0.4891657638136512
04f27a78e4ffce47,0.6279373368146214
ca9804845b010845,0.4782608695652174
b121f30d7fc9ea6c,0.4572564612326043
071d488ec8ccf254,0.5882115462252725
8b983e834df0c6c4,0.6581196581196581
d573e571d8349b5d,0.4572564612326043
23bc29f1b6baacad,0.5962732919254659
2cdf841a057d9039,0.745958429561201
473b9b56cdaedba3,0.42888402625820565
01f396a7372dc8ff,0.33099297893681046
4b35edc671de861f,0.4891657638136512
677588ea237aa5c0,0.7578947368421052
30f6cf4253b13b76,0.447405997144217
7979888b1fb5eb39,0.639187866927593
d77ace7aadb2383e,0.27143330023171136
ca6d4239726931f9,0.6115107913669064
88c712be47805d63,0.5324675324675325
1ca4274019680d23,0.40372670807453415
0aad210fbaa1db6c,0.36546943919344677
25e6b11e1cf45b83,0.3158617532616159
7f663d67422c1b24,0.6690070210631895
3d07a533feca7458,0.5711159737417943
ab847a4cf397d7d5,0.5620437956204379
abf0f8234f6be37e,0.6428571428571428
78736e322574e500,0.5217391304347826
31acf87e89a4a401,0.6581196581196581
d8c7497043e7e5bd,0.4117884537747275
5742025a09190829,0.7520661157024794
00720c46f864fe03,0.562043795620438
8edb831924d69dd9,0.447405997144217
7685701c382cd49a,0.5962732919254659
bbb67c2ac4453d64,0.7328244274809159
b60bbec8ec98941b,0.40372670807453415
1a81573425c585fb,0.562043795620438
8156479490877d08,0.6115107913669064
3f7684492c9df05e,0.5882115462252725
ae803440d778a12b,0.6888888888888889
c1356395d6b055d7,0.5217391304347826
ab79fe7b35ccc3dc,0.6279373368146214
b91756d955e14d2e,0.38128249566724437
a45596cda51a1816,0.7784405624201107
43682a646b9b956f,0.552594002855783
3c8eb8ad5e98876f,0.5620437956204379
637f561cd731fb44,0.5711159737417943
c5865afc31cb6c59,0.5427435387673956
1cd0ce0e2312ad52,0.6345305608065532
481aef2d2802ec68,0.5
99373dc33dfbf6e0,0.5427435387673957
0094d2ed98819f7a,0.4782608695652174
6eb382e2c51fc4f5,0.4675324675324675
8c220d4c96895a98,0.3720626631853786
4a2e7e2c8cfdaf5f,0.23334953816237236
94cecf4bd29793e1,0.552594002855783
36220644401d85e1,0.22155943757988916
49e344834626c144,0.29341792228390173
451525a1abe30a91,0.8524590163934427
478221ad98336565,0.7520661157024794
66ad9f88f063d2ef,0.4675324675324675
f3bb58f485dc2008,0.6139519133084999
252074c8554bf30d,0.5306122448979591
d29750cee389a0b9,0.4782608695652174
ced241b99eab5f22,0.8250000000000001
244357514dd89bd6,0.6690070210631895
8b8f9485214f9e48,0.7900763358778626
f680e6ebe3bdfe3e,0.4400538841490794
ddd9e64d97b095f9,0.7395517867958812
1f9ac1648b8e501e,0.7280000000000001
ab14dbff9d2ae41a,0.4891657638136511
a5d24caed8afbeef,0.4572564612326044
112e6a0ddce893e6,0.5859872611464968
16e28dd989ee1dea,0.4891657638136511
9c256e94c6b584b6,0.8524590163934427
1db121859d2fcda8,0.7362296353762607
e4c4c54a10e06973,0.3157894736842105
ad9ecef413a5b48f,0.7107039537126325
e59aabdfba9d6c45,0.6040343668285395
c1d86f1e6d41cd03,0.7241379310344829
dfc8c5161ea0ccb5,0.43795620437956206
7ac4b9823b1e139b,0.2421052631578946
e3ca9462ad0d7685,0.3158617532616159
54f9e3e1fad7a589,0.6115107913669064
c79b862be039d9f0,0.5427435387673957
42ad1437a1280294,0.6187175043327556
3b536afcc9098925,0.15349887133182838
4804776154430aad,0.42016806722689076
08b65f5009c34997,0.5711159737417943
6db4d7827082d5b9,0.562043795620438
2d4743a82fc55642,0.5798319327731092
34524408fb4d6752,0.5882115462252725
b47e4f0982938e5b,0.5962732919254659
74d4e37b97866514,0.5427435387673956
24f156a78bd32026,0.34929577464788736
76602c3658d70273,0.6115107913669064
f4f5049e789b7716,0.6428571428571429
dc169cc01d675125,0.3207547169811321
12740c6b17779fe9,0.7241379310344829
ebb94e00d6431e7a,0.5324675324675325
0ace7e71f5d66bc9,0.745958429561201
00be3852000f8fe9,0.5711159737417943
7e6f91cbf8e93210,0.7427937915742794
1e5c66d12761d4fe,0.4201680672268908
7ec86f2af631344f,0.5108342361863488
55f727e00553035d,0.8162544169611309
c365a488a8de3c89,0.3492957746478873
88ce808e4e604180,0.4782608695652174
eee7f546c126ee8b,0.6187175043327556
0bb419537705fb04,0.7727272727272727
ea8eaf881d38713e,0.43795620437956206
87a969d51de6e179,0.5108342361863489
687d973d71e068dc,0.7147147147147147
a68672f66e12a3c2,0.4572564612326044
56c7c59c9bb3b610,0.3418803418803419
23ba0218f9f65e33,0.7900763358778626
b2c1f9bdd5d3073d,0.7195253505933118
ddb015ac5c067aa9,0.6935031297215627
e7ad1c3a763c7cae,0.4891657638136511
8b4eeaa048361ba3,0.7195253505933118
97b7638c592a95a9,0.3571428571428571
c4da9ec26a924a7d,0.8313582497721058
f63961f9d14bc33d,0.8800000000000001
0459297e86a14981,0.29765545361875634
d764ef3e078c96c8,0.38848920863309355
b0552b065ca7f401,0.5882115462252725
20be16a1db95156c,0.872093023255814
41cef92a01e7ff3c,0.6279373368146214
677e98ae5834ba70,0.7727272727272727
4291b38643547fa7,0.562043795620438
0673d8ab0add7a05,0.26044821320411876
2a0d4dd0997bd712,0.8162544169611309
94ce682e4a3e556a,0.3959656331714607
b29ed164b3014a42,0.8250000000000001
2310fbcb6fdf3b47,0.7784405624201108
53c96668bf850809,0.5962732919254659
8b97cd609c7152b7,0.7727272727272727
41385f4e63682b5b,0.6040343668285395
3905e5dc489811d6,0.5324675324675325
2d6182d1d398ed6a,0.5324675324675325
319f3fad278368e6,0.4782608695652174
cf18911df2052826,0.7147147147147147
c0c587cb52de929b,0.5
f313eae425b7c539,0.7195253505933118
7d4e11c2a9485320,0.7395517867958814
6ccfbe3a7c5aa55e,0.42016806722689076
16a0352f3e19b931,0.6040343668285393
0fd8214ac276728e,0.6345305608065531
6e3139f066149a81,0.5108342361863488
39f746cee66e8771,0.562043795620438
362a5b3cd4a70330,0.38848920863309355
9882c1dac77c0367,0.5
f26657d5018ee428,0.5
af2ef75664656957,0.5962732919254659
7188621a628e718d,0.447405997144217
14dbcdbe8e7251bf,0.7666504618376276
923d5041c3b6d763,0.7241379310344829
79be3a6d483ad64a,0.20338983050847453
8cdc9c13d75adb28,0.552594002855783
78e38f1ad43c3479,0.2892960462873675
33913e8e56c49a4c,0.7427937915742794
2105210529457ffd,0.6040343668285393
9674c37e3a2bc399,0.8358033905533638
ac6cb989ccc38f73,0.42016806722689076
2c101a0bcf334d31,0.5882115462252725
1ed9dbbe604654b9,0.7107039537126325
b166f1582946fbbc,0.2804746494066882
9ed0c3acc436eb56,0.42888402625820565
5bfaa389a67139fd,0.7147147147147147
823e9449bd47e408,0.6238581407845244
6b581bb1bc9289ef,0.7023445463812437
6c9fdcb95393a49c,0.5620437956204379
228879162d8be605,0.3020134228187919
36f0c6d7126e09ee,0.5
cb2844bb15d22cc6,0.23334953816237236
2fd43be584ef522b,0.6238581407845244
cd96998e837b0da1,0.4201680672268908
ad772f626b5dd31d,0.6888888888888889
dc7ba55ca764cfbe,0.5711159737417943
4507354cd97f10e5,0.738498789346247
2dfa31667cee74c3,0.3792134831460675
e4db3b1669d498c3,0.8216159496327387
165d3a571fcc5e3c,0.5324675324675325
288b479c485c48b2,0.34929577464788736
11cb7d7d774d5e6a,0.6507042253521127
1b1d1900b4051344,0.7634625062908909
bd4a648bebaefab3,0.6428571428571429
0096879f5708526b,0.8198682618631536
205ad947e8c94901,0.6690070210631895
b6464850da8f3099,0.679245283018868
a69a155a25b84679,0.6428571428571428
fc2585e234e49dee,0.7688442211055276
9072bf6135cad3e0,0.7578947368421052
b66f4fa1b9b96b51,0.7328244274809161
361e67af5f462aea,0.4782608695652174
e7b5a8c97106ca60,0.7107039537126325
7d14f95d03afb359,0.5217391304347826
7013a95ea4014606,0.5711159737417943
0ad57af26ddc7930,0.42888402625820565
bd59c07a106d331b,0.40372670807453415
b53fd8bce62aa1c6,0.7285666997682886
3a4d2a933a3c7291,0.552594002855783
9a79a4b97a0f1e24,0.24793388429752067
3d1f83264d87c529,0.7666504618376276
f7ae397fefa57c70,0.7900763358778626
1e75ee0da189857b,0.552594002855783
eafda776967c6444,0.5324675324675325
aebdb007f8d1348a,0.40372670807453415
0d5356c506111a57,0.3959656331714607
5934de85b9c53e7c,0.6115107913669064
e97b609eefc5fd61,0.7520661157024794
6ec0a046de95fe16,0.5108342361863488
3e5a3ecd2b123fc2,0.6345305608065531
c94c3e4bbed24421,0.745958429561201
c7c7be3b0d65a7da,0.8162544169611309
7f3bd3b913df61f4,0.5711159737417943
88c2da7b33cca8d4,0.2509516424644015
06cd9812e2b9b747,0.5427435387673956
b67229e7675eed24,0.5620437956204379
cf4c2b601c2228aa,0.8313582497721058
1f49b59e4058568f,0.6742037442256261
a5a065cb6d33ba9e,0.7023445463812437
00b801e7e1679f2f,0.2804746494066882
19eed5d9781b47ac,0.8162544169611309
323fb015ca2444e3,0.5962732919254659
9298175cb2ad7d41,0.552594002855783
1645ed92dcdc5c03,0.6841382467383841
e1100fc357e61fba,0.6888888888888889
8417a20d56fe6776,0.37362277735355076
c62a90c19af6a0e2,0.3720626631853786
86892d114b204bf3,0.8064516129032258
0f8b2f7299b5e114,0.5711159737417943
a77950d6a0a451f4,0.5729537366548043
1ccde17f48fb709e,0.6345305608065531
8fd14eb227688467,0.7520661157024794
7e7fba47f511f8ad,0.6507042253521127
a0909aab15ba53c5,0.38848920863309355
2fef7ac78df0cccc,0.7520661157024794
d49d2c810583a56a,0.6636481241914618
5be97c1fa222093d,0.4117884537747275
8028d5de087755dc,0.3492957746478873
76d6789779d3721c,0.34929577464788736
7c23770c639dcd22,0.6279373368146214
657fd7ab7bdf9f15,0.4201680672268908
7e2bc09d866b3bd7,0.5108342361863489
d0e5487f55c57ad2,0.38128249566724437
4f07c6724682cd00,0.6841382467383841
bcf842992f9accdc,0.7195253505933117
573908b71b361312,0.3257962557743739
9f114a219523bf7d,0.84
b2297232b9310ba5,0.7578947368421052
30553d630491094a,0.6581196581196581
b8c967c742d3c107,0.5882115462252725
49694c2d00c581ed,0.38128249566724437
dffad417175400ba,0.4891657638136511
ac9e19a4075f6557,0.4572564612326044
4924d7a980f4cde2,0.3720626631853786
3d95b4f94ccffa96,0.38128249566724437
4f4806952ba2a72c,0.5711159737417943
3636e085c098dbda,0.7285666997682887
253e42894852b26a,0.38128249566724437
d5598322f81db6c9,0.6581196581196581
cd54325a9a538837,0.3959656331714607
2f9b9ef5f6833aa1,0.2758620689655171
c8f619a71b714ec7,0.5427435387673957
48f7e64b548806cd,0.6040343668285393
02732ebb104793d2,0.6187175043327556
19348172178f42ed,0.6690070210631895
0b89c88d506da083,0.6841382467383841
cfc550960a7ec353,0.5427435387673957
75a978e0ecce2536,0.5427435387673957
0ac25b4180406ca1,0.7328244274809161
7303ae36077411d9,0.6888888888888889
b1f7bc82f7dce1b9,0.6345305608065531
b3bf1b6ad2d1a533,0.8220640569395018
5afbc04a153d7efd,0.7697368421052632
605c2ad801f594b3,0.6888888888888889
89f83750703d5fd3,0.5711159737417943
ecbc282542a395c2,0.7727272727272727
af5f287198f20eb4,0.835803390553364
b7ab4cd6ce7a71dd,0.38128249566724437
cb16346d93746ebc,0.42888402625820565
b6082b551288aa5a,0.6345305608065532
fdde8777c7ae9769,0.7727272727272727
6afaf0ca45431a11,0.43795620437956206
94c7e64ce88c9b9e,0.5108342361863488
92eb0a297c7ea197,0.3571428571428571
a773883743242df9,0.267175572519084
31c4518a1e71c050,0.6581196581196581
7020840980f723b9,0.6507042253521127
cce5b9dfe84630fa,0.17500000000000002
24438a644b975751,0.8064516129032258
3dd22a9a0ea68cc6,0.7784405624201108
ff4cef86bef2d0aa,0.5882115462252725
128e818254ebfabe,0.7784405624201108
4c1fd940e1619e68,0.8720930232558138
52e4f12eaeffd142,0.4891657638136512
7864fc46de247f58,0.35443775490386487
7094c05bf73eee81,0.3571428571428571
2ec12d4bbc0752db,0.5798319327731092
d1bee15e60ee6721,0.783098015142214
e8d59c27b467d716,0.2804746494066882
ba27835ff05df0c9,0.7520661157024793
690ab86bdd94149b,0.6428571428571429
6be073563a421bca,0.5882115462252725
296cc69bcc3c1635,0.5
37cdf5bd5c975a5d,0.5798319327731092
da7afd49fefe6a46,0.30649687027843725
e0e4ce7595b5c26a,0.4782608695652174
03aec9073946907f,0.7195253505933118
d042d18ad568190a,0.8720930232558138
53ee6c3591483193,0.6507042253521127
1ff3dff34d0b60b8,0.30649687027843725
e08479759c296bb1,0.40372670807453415
0f826e7bbb73b53f,0.5962732919254659
d97970009fbfca30,0.5324675324675325
3f5f6c576046bf77,0.18374558303886926
2142ff2a46d22741,0.6187175043327556
aa7b1fca60a21f3a,0.4201680672268908
d71ad0033de24fff,0.8250000000000001
6a315ef5bf22af29,0.42016806722689076
fdfc700e56575d67,0.6581196581196581
61070325bb440f58,0.7550141337999732
4dcd6ff5e32a3779,0.4891657638136512
9da4e06a403f0d27,0.5798319327731092
06287b822837a616,0.6115107913669064
88f36fa2945ccac5,0.7241379310344828
f3f252b9810cff0d,0.679245283018868
8b10419db5bffe28,0.679245283018868
405c0b8d3960016d,0.5817328211694409
7a5baef71925258c,0.4782608695652174
0b557aeb2169b59f,0.38128249566724437
bed03663bc577f02,0.6581196581196581
23ea24013d15c09c,0.5
d4eb3614c7734781,0.800834113541578
4838bf4ca76c1c6b,0.5427435387673957
72d703db67371e1d,0.7719553614750121
f9e07282f3444d09,0.5882115462252725
9dd9affa41eead4c,0.6690070210631895
e11e290d816c119b,0.42888402625820565
4ffd88b2f00f4250,0.7023445463812437
d361b51952944a26,0.4782608695652174
b3a304eadb9f7fb4,0.3492957746478873
fc29884851f9cebb,0.16000000000000003
80572cac6ab57866,0.6345305608065531
0a46cb2887890502,0.7607101505210343
13635ba71963ad0c,0.4117884537747275
8375f311e8c6c079,0.23653749370910926
5cab50839f4a0d94,0.6187175043327556
e686df21c24c6c03,0.4675324675324675
8c2fb17981464d8c,0.7241379310344828
56d8cc470841f454,0.6345305608065532
b55605791a4d72b9,0.5
b6b5ec324449befd,0.7520661157024794
603354ffe9cc0755,0.26717557251908386
7ad85c84025c0db0,0.7023445463812437
151c597d2e609a4e,0.7634625062908907
935f559ab0521c27,0.5324675324675325
5519d7fe2cee8353,0.46753246753246747
5db3e2fdd18129a4,0.7174415617775495
60de5efe5b439c8b,0.6345305608065531
d3c78cc516417797,0.7195253505933117
78e554aa129711ba,0.30649687027843725
4b202bae6c87b98b,0.6718280563901087
4b0aa5c67e69ce74,0.7241379310344829
2060e8172f820d80,0.4572564612326043
5ebe8d3849273776,0.3492957746478873
344bfe9c1ff511bb,0.562043795620438
569e2c02f7699c0d,0.7285666997682886
097bc98e15722998,0.8313582497721057
b90a5b9061ec54a5,0.7195253505933118
fd2c018aade60a14,0.21690198485778592
6971094300073d47,0.6187175043327556
823797bc6d532b52,0.5324675324675325
23b6ffc0223f8cce,0.6428571428571428
c06eaf92bdfde8e6,0.7395517867958812
51ec53f442d2cc9b,0.6187175043327556
32ad75f6c8ca7e9f,0.7174415617775494
52bae6f01ea9f926,0.6428571428571429
62eaf9f2436bef25,0.43795620437956206
9f428684f3db247f,0.3418803418803419
4ba97e13df33388b,0.8064516129032258
43ae6a9daa51ed93,0.27586206896551724
47628ab025f19796,0.5620437956204379
c8609059d2d87724,0.5962732919254659
4d5c3ddc740b89ca,0.5324675324675325
e5fbb99bc3907516,0.44573643410852715
34c39a5a5917e0ec,0.6888888888888889
2f1f16c86a8cc6e2,0.6507042253521127
c11b2cbe2460db0c,0.6690070210631895
dd0c8e9880c6fa24,0.3207547169811321
52db9c816eb99800,0.6115107913669064
37835a0f9bbb4d4e,0.6040343668285395
f9830f1c23ac92d0,0.7578947368421052
b40bed83fc062380,0.17499999999999993
8b79a80f775d9f03,0.7932405566600398
f0e0effb1b2de6ae,0.6345305608065532
1eccf793b54b84f8,0.36546943919344677
21f7fc538ea646e8,0.6979865771812079
4712708adb1507aa,0.6836049856184084
cc2809e10315a6b5,0.7328244274809161
23e5acd1549b538a,0.38848920863309355
c83487136636e9bf,0.447405997144217
54c5284c1b792912,0.23026315789473684
676320a61f800f10,0.5427435387673957
1a502852b706f674,0.5108342361863488
6c25f8fd66f16d7e,0.8122418325197146
6aea6d3e6944999c,0.7023445463812437
a3b7cbdb6d2607f4,0.8122418325197146
40d9b5b47acf260b,0.6690070210631895
1d166488129030d0,0.5217391304347826
0a444f30cae13d8f,0.2604482132041186
1aaa1a9ceecd6063,0.5817328211694409
6fe21a4cb2d839fd,0.5711159737417943
c9e19742c4146bff,0.7966101694915253
bc84680df666c96d,0.5324675324675325
10a1947cb3feabc1,0.4675324675324675
fbce8f52689bce87,0.2509516424644015
061081f46950fdb0,0.7784405624201107
ab853176cfe20b01,0.36546943919344677
1ed266bed8005bbe,0.38128249566724437
f9536ea60551b840,0.7727272727272727
7a57289563f9d974,0.7065820777160983
d9375ede2ec2f924,0.5324675324675325
6f350d91fb07a819,0.2804746494066882
11b8d7e801713abc,0.5882115462252725
e83046dd074ec0fa,0.42888402625820565
01619207a811ef01,0.3654694391934469
535b8e5494cbc580,0.745958429561201
5b8d693bd1780102,0.5711159737417943
71dc4379c738450f,0.5882115462252725
9a1a57b0abcd4599,0.42888402625820565
1e3c67921162561d,0.5962732919254659
a6fbd8964400dd89,0.5962732919254659
a88a4c126d585320,0.7756269247690277
3d76ed7e224e9c99,0.36546943919344677
f77e3c681fe1b04e,0.3418803418803419
c381ad2c0bf34dd9,0.4572564612326043
7e9ed49a1831056f,0.6428571428571428
8f40ac90544d0003,0.6345305608065531
51e684bfce8d94aa,0.39596563317146055
0820a29a03d58282,0.4782608695652174
f767243bb48ab9d7,0.8465011286681716
d85c76a61a820be9,0.34929577464788736
3b1453df439a5024,0.6238581407845244
738e0ccad2c9224b,0.552594002855783
1bf1a6fc9c9acc26,0.7195253505933118
f8bb0aed83bd8638,0.552594002855783
9f10afab94cafc45,0.5427435387673956
c4ecf4b894ccbced,0.36546943919344677
8238f9d2fd961757,0.38848920863309355
9f96d11017f9c824,0.7490483575355985
5f617d6c19d3a281,0.33099297893681046
5cf56c22cbc24758,0.5882115462252725
889207e3c622a5aa,0.42888402625820565
ea66be2688f542be,0.43795620437956206
f91709b071e8295a,0.639187866927593
0990ac7065412e76,0.552594002855783
50385add37239184,0.5620437956204379
1b0fa021b1158121,0.7195253505933117
b9726184624ac076,0.7195253505933118
3a94bf34e62ae5fd,0.43795620437956206
27901ef9e82d5690,0.4201680672268908
d571486369996a39,0.8162544169611308
f23e2bed86b62462,0.562043795620438
b8648b32caf36c5a,0.8162544169611309
5a096f2acb44c776,0.5882115462252725
6e65bec924996b5a,0.40372670807453415
ce4314886c57718b,0.4572564612326044
4fcbee643660d679,0.7607101505210343
fa7cde1e2d3ae338,0.6428571428571428
420dd305cd1d062f,0.3158617532616159
10f5bb70feb1df53,0.8800000000000001
ee1c1e9037fee21e,0.5217391304347826
a0ec4eac058e6050,0.36546943919344677
bc767f1eb6176dfb,0.6935031297215627
eb0f7127f22457e9,0.35274388480888225
59b384dcc3ab49b2,0.6792452830188679
7bfb92f7ea59dbbd,0.7857142857142857
fa77134e0d90da3b,0.5217391304347826
1fd5bf36c42ff1a2,0.4572564612326044
9444cfe0c7c0f6a7,0.3720626631853786
cd67f6ddb2920193,0.6345305608065532
3112430100d2d0be,0.7107039537126325
0d7dc1ed5eb995e4,0.42888402625820565
b6e086dd8093355d,0.7241379310344829
6cb9bc7c86ae43b9,0.552594002855783
1cd5d5e271b646a3,0.7607101505210343
f3a60ca18747aeac,0.6428571428571429
f8fce67abe0ab922,0.5
e8f2902be7b350ad,0.5962732919254659
58286d3126cc5263,0.5882115462252725
194d3950076b2f83,0.40372670807453415
8f7a73d05387b159,0.4782608695652174
f73dfeb48b09e6a6,0.5
6ae96d1de3bb0506,0.6507042253521127
357a5bc5de4f545d,0.4201680672268908
a8d189f56de9b451,0.5798319327731092
aeac1209f15157ed,0.7652872143298332
07f234a488661125,0.38128249566724437
4335683beee93652,0.6507042253521127
0bfb221a0944f8e0,0.5798319327731092
5edd1cd479f3919e,0.7578947368421052
d07dd6239afe1cb0,0.745958429561201
519dcb290e6db845,0.5427435387673956
9c79433a4686f3fc,0.3959656331714607
424a20da52b4f956,0.2758620689655171
e22a887ce4ab30eb,0.3959656331714607
3cf4582b48302bb6,0.3654694391934469
037c68d03c970609,0.5798319327731092
093ebd3375591101,0.6888888888888889
04970dfa4d531e39,0.3418803418803419
bf8f747e57d6d1c7,0.6581196581196581
0f2611c3ec4661dd,0.43795620437956195
0328754c15ecd37c,0.6187175043327556
2361b51aa72e5551,0.4117884537747275
efe055854f19a1d7,0.5711159737417943
bfb7d17161aec938,0.3720626631853786
1f52e665587dc645,0.6507042253521127
ead2ca0d2afb46be,0.8027415580073554
9e21a8dea9663e26,0.22155943757988916
c73b81e7c1c1cccc,0.5962732919254659
6c2f05c47f494e15,0.5
c6c975ca66a7f91a,0.7395517867958812
12a64dfb8147566b,0.5108342361863489
84f236d6c57d7cfb,0.6935031297215627
e835e9a4564db497,0.3492957746478873
5f19b0135414b454,0.4201680672268908
848e7af760788418,0.783098015142214
e84fa12d87993ec5,0.6345305608065531
f8ee14dbf966b9e6,0.4891657638136512
288c942b0ad152a6,0.5427435387673957
0b4583d204797d19,0.2893890675241158
714d6fc1eaca9624,0.1475409836065574
fe9ee00fa47dd7b3,0.3492957746478873
2fd0c6d914b77205,0.6979865771812082
eab7b76e177e1903,0.8313582497721057
829b3ee4145a1ae6,0.5
95edc0b6438f2592,0.5108342361863488
6c5f7f98ec0b6f17,0.84
bab65d16fa74fc5b,0.42888402625820565
5315bd4542b21c4b,0.6345305608065531
8803935990adafc1,0.43795620437956195
28f7ba820350e3a3,0.6428571428571428
12563423bf15e75d,0.4891657638136511
bfae2fb50efbdb0f,0.5324675324675325
e18a8b333529cc09,0.6187175043327556
b8b9a8e504d51ba5,0.6841382467383841
5164f1c4103616fd,0.6979865771812082
17c53d93d549cb03,0.6507042253521127
15aee8ad5d9e9d58,0.4782608695652174
01c9acf719298187,0.4572564612326043
59363451049c929d,0.8313582497721057
85060e6e71ed14e4,0.5962732919254659
418a7100e490e791,0.5324675324675325
47fc0736929125bd,0.2637703646237394
bd1e01de1f24962b,0.5
4210f9b11debf1fc,0.783098015142214
dbb0ca0198ac514a,0.6040343668285395
6d8ce1abde550bc6,0.7107039537126325
bef2a2e68fb4dfa8,0.7195253505933118
62aab95c866a9c5b,0.40372670807453415
6dd0874dec826397,0.5108342361863488
0f88658e787815c8,0.7241379310344828
ef86720364837f68,0.5798319327731092
a017d5806eaa6018,0.5
dbed6292db8b0212,0.38848920863309355
a22add1024153ddb,0.6040343668285393
d2b5ce5548b71668,0.6428571428571429
3454f5c7203467aa,0.84
d86e31793564cd31,0.4891657638136512
7ec70261afdecda8,0.6979865771812079
b152646345037056,0.7023445463812437
7072a324a82c4297,0.6345305608065532
c8fdd3f7178fbfa4,0.5798319327731092
3dcb1a7b081afbe1,0.41826717883055914
5ea39e0fc3b64e83,0.6279373368146214
6b325792b8fb1f46,0.4782608695652174
25da6035f591c245,0.7147147147147147
014f7dc96c90c199,0.5427435387673956
53d6a7634c7fc036,0.6115107913669064
5f1a828f8d4c3b01,0.7241379310344829
47f42aa7cf851a29,0.8122418325197146
24f2d2dd9fea5d79,0.8162544169611308
1290d7eb0fefd3f3,0.6581196581196581
db8887f2085f7971,0.38128249566724437
47c140debc977214,0.6742037442256261
df0d4130944776d9,0.3654694391934469
49b47b5b5f15c7c0,0.5
c571ac76ca45c1cb,0.6263772226464492
79c22394d9c2144d,0.5982670342654588
53febf2fb416f9de,0.6742037442256261
e6fdf9e67f84a0e0,0.745958429561201
866b2c2e354aa27b,0.2637703646237393
cd117bfce747184f,0.4201680672268908
426ca5caeb857f1e,0.8465011286681716
f6efb09c01e4cac6,0.6841382467383841
52565f62fb3822db,0.38848920863309355
9dcf8ce308eaa050,0.22727272727272724
20b5de395c0f1375,0.40372670807453415
8b1dc96a00a8e881,0.7666504618376276
b3096e8dd4e90718,0.40372670807453415
326c3eaa1e9e3dc4,0.4117884537747275
f71d46f804307bd2,0.7697368421052632
69b147aaaafeb47d,0.4782608695652174
921a8db065cd8cc5,0.7727272727272727
f43f9861e73739c8,0.6581196581196581
b7c7707ccea492c7,0.40372670807453415
9cb4196446f3ce79,0.6279373368146214
194d73490eb731c6,0.5882115462252725
9fb0a4e18ddcd14c,0.6507042253521127
a25633b1494f1360,0.7241379310344828
026c4a26106cc158,0.7900763358778626
19fc916df1f0e6ff,0.865979381443299
4b155647201d549e,0.6841382467383841
7969abc596485189,0.5711159737417943
5a09fd7cb3db9705,0.7107039537126325
eb6f80ccaf2a3dbc,0.552594002855783
051124b25d576906,0.5711159737417943
319b09306094259b,0.6690070210631895
64756e0f4b305da8,0.36546943919344677
7fd0f7b3866b2c75,0.6428571428571428
c3425412e4f2f486,0.7065820777160983
32990cbf8976d94b,0.6841382467383841
140e810f952714ea,0.4891657638136512
8f9b16f170dbdbb6,0.6593701139155684
5e2f2f5d9a756de9,0.3571428571428571
e82d734674ce4d46,0.5620437956204379
d3f5854d16fc31f9,0.5
28c70663b99560a8,0.6935031297215628
bb4755924dfafaea,0.42888402625820565
2242e7df6f320ea6,0.3959656331714607
484c48d3723e72cd,0.6841382467383841
8167bd097a16062f,0.825
c5c5f678558a0ba2,0.5108342361863489
bb7408d59b7279f7,0.6040343668285395
b125025990755616,0.7195253505933118
ab6cd718c5459eeb,0.825
d80b0bea0e260b95,0.3959656331714607
d5176b45df32f67e,0.36546943919344677
3d12c63c47828937,0.6115107913669064
247f9e56965a1c07,0.5108342361863489
1d8e2e8e3bd28cad,0.42016806722689076
1901d27ea35ae733,0.6979865771812082
674f3fa16e717ff1,0.5427435387673957
7c2b219fe208c565,0.42016806722689076
760b90b0805e0fbf,0.447405997144217
b3caae587e956f54,0.5711159737417943
4caa0dcdaa253612,0.7666504618376276
9fc03704a10977b3,0.5427435387673957
ca3963b76a38c408,0.5620437956204379
4d549f33c0711a7a,0.46753246753246747
363b72bf7f75091c,0.3418803418803419
fccedc456048216b,0.40372670807453415
9bd9a8127b55fbf7,0.2714333002317114
7a3947a0e7bc3558,0.38848920863309355
d3f26e0fbf694375,0.38128249566724437
55bd050afe169b34,0.40372670807453415
c9e4aa12aaa7309e,0.7195253505933117
148c26038e80465b,0.562043795620438
2817a6f9e09eb15f,0.3571428571428571
9589b41c4637b057,0.6115107913669064
bd97a96ac8203457,0.5108342361863488
c931097a857ed60c,0.3720626631853786
35ebaf80f8730b14,0.6345305608065531
543de77637ad2a20,0.5203045685279188
a3dd2249d046cf9d,0.4572564612326043
c3939438ae7934df,0.5217391304347826
691c0d2f30e4de5a,0.5
b25eacaca1499e30,0.6187175043327556
67018331e90a9949,0.6581196581196581
48d21357134ca51a,0.5108342361863489
66ba984cc547e31a,0.3959656331714607
cda0d9b5ce9b9c12,0.5108342361863488
c1677875a80c2584,0.447405997144217
7fe2b6a9fc4748fa,0.38848920863309355
62389e8fb68f93a4,0.4201680672268908
e0e19f79019d63d2,0.4782608695652174
20bbf7e139c73e8d,0.6507042253521127
8784ae31153178cd,0.6345305608065531
23e03d226eb7af80,0.6507042253521127
4f16ef3e707447a0,0.40372670807453415
3ce7f58911773a56,0.4201680672268908
e8190df7465ba2df,0.43795620437956195
b71192c8fe23078c,0.6581196581196581
afb0d61f22e85d90,0.5108342361863489
110a49a43aafe044,0.7328244274809159
981ed463bf5d91a8,0.6690070210631895
bd1fc4ff619f4e61,0.5882115462252725
6b47093b62155478,0.4782608695652174
ef2c7bfced561374,0.5
77be83973766e104,0.5798319327731092
11c851a73ffb55ba,0.7966101694915253
e54c16d867875738,0.825
95f37dc43e808ebf,0.552594002855783
3249bbbb7ce837ef,0.6742037442256261
09ab925c4cfe0cc5,0.35714285714285715
de32c5a78aaf89e9,0.5324675324675325
f2ca358ea9bec156,0.2033898305084747
520f6379fefd8fda,0.7241379310344828
d2f6b87189908088,0.4117884537747275
3b03f8d3a55f3cb2,0.745958429561201
c8a9d3917d77ede2,0.6507042253521127
e57a78a422439774,0.4675324675324675
65223fa6055df489,0.7107039537126325
e85e83ab4e60e768,0.43795620437956195
866729ea2ceddb25,0.5217391304347826
d6f6ac29008509db,0.43795620437956206
48a9d2a3967d13a4,0.4782608695652174
f20e742e6b0c0b3b,0.447405997144217
aa91cb7567d6c48a,0.7784405624201107
7fe1486a2c33bf91,0.6115107913669064
3b701c0a0525341b,0.8898305084745762
62fecd327391557e,0.26044821320411876
3e0090669d51415f,0.6428571428571429
5e3779f7c1c39679,0.562043795620438
67e1ec8ee2db3423,0.7512801755669348
047d6739aa1d5c1e,0.6792452830188679
5362ea7c63432cf9,0.4891657638136511
b66ac52bfb217761,0.4891657638136511
dbf786f9808c6a08,0.7900763358778626
b2625001e0b89369,0.9031198686371099
82342dc6be82778b,0.5798319327731092
f3bebb48771a414a,0.5
fd61e6146f3b2942,0.7784405624201107
e65ffb177a2c7669,0.6115107913669064
6caf9ebf42ddae2e,0.6507042253521127
7658965c2a700b39,0.38848920863309355
294a9e9780afa789,0.34929577464788736
e40a5bd62ce710ac,0.38128249566724437
a65909d4083c2088,0.5
eebb4dde70a67369,0.4782608695652174
880f2bb0a639a5a0,0.42888402625820565
a7e8416f0d57c8e0,0.5620437956204379
dd0a3aedba5cee87,0.7857142857142857
d40f865aa6be9cd0,0.6040343668285393
c76fd2ddcbc4713d,0.8898305084745762
ba33d0868b25483b,0.8568818514007308
f56c6646b54c0662,0.8250000000000001
1687e2cd061b7aec,0.8180815876515987
ed72edc2ce0f3c5f,0.7147147147147147
67f559403a6ec7cb,0.837228714524207
6455d9c54d99b851,0.8162544169611309
7cdda45e7d52bf40,0.6428571428571429
1669773acd404217,0.2479338842975206
f4187c30c311eb93,0.3571428571428571
ba766bd03090dab9,0.7966101694915253
3d9398386c84109b,0.6040343668285393
30eaf1650bc359b3,0.5108342361863489
d7c7b312279104d2,0.6690070210631895
b509c337d181c567,0.7107039537126325
0c618cd41b88c558,0.43795620437956206
c5479f20e4db357d,0.5962732919254659
1c6d3ef6beb9966e,0.8720930232558138
37ff18106c6e38fc,0.9116022099447515
3eea92e7f26fb05b,0.6345305608065531
8f6dda53ea3b09c7,0.7550141337999732
3c5442bb62ca1505,0.6690070210631895
397ace87deeb8697,0.4117884537747275
8f5482992dad74d2,0.3654694391934469
48ea8a30f7b88cfc,0.84
e2e524bb5392a3ea,0.6279373368146214
c835ccffa472970e,0.267175572519084
9bc042a700d9a531,0.6690070210631895
68ba4aca75b02496,0.46753246753246747
96b59d89ecac66d0,0.40372670807453415
e202f273220aa533,0.84
a9a770bac1261af9,0.7490483575355985
e1eeb61d0669ce45,0.562043795620438
53d6e37063f9c404,0.6742037442256261
8a08b8043f83d245,0.3158617532616159
6fd7f6f1deaef4e8,0.4782608695652174
3d7ea6012fd8f786,0.860655737704918
bd0622b184ab4f28,0.6428571428571429
8dcfa933877e3a0b,0.38848920863309355
9d204f44a9988b93,0.20992366412213737
4f42acd810ed5173,0.5962732919254659
53bb7c4a606d60c0,0.5962732919254659
e9700d51ec2b940b,0.7666504618376276
c037cdc1de53de8e,0.40372670807453415
b4ec3e067604f90a,0.2637703646237394
7aede55e4e47c698,0.7362296353762606
e4e1d12441b90866,0.7195253505933117
78bb2b441917848c,0.2758620689655171
752f19e9c201ea57,0.8250000000000001
41be95916aef568f,0.3064968702784373
b8b2cdf962cc65a0,0.8298169949877608
3729ff914eaede07,0.7727272727272727
33116969380185a9,0.38848920863309355
0ccd16201ac41ef8,0.5427435387673956
46cfd4aaa02ce202,0.35714285714285715
0a667143584a2d96,0.6581196581196581
14cf0828d6e373ab,0.5962732919254659
17f69a241aa952fd,0.7966101694915253
2c84f2cb1bb23ab8,0.39596563317146055
bd5efa4b53dc1642,0.562043795620438
04d37c1c206c0efd,0.4782608695652174
933cf2674503c63d,0.8720930232558138
79fb77a0b0294aec,0.6836049856184085
3210723fbb018fa7,0.5711159737417943
38abefbf24624a35,0.6690070210631895
7e695ad026b2ec66,0.6507042253521127
f9ab603b763998f7,0.6187175043327556
51ce499611a5df68,0.4117884537747275
3bde8910fabf0dd3,0.3720626631853786
b9a3b520e68f8142,0.7328244274809159
99bfad1679112591,0.38848920863309355
410aca28fda60f76,0.5711159737417943
85f85003fadf7a7b,0.3257962557743739
629c0eb319e01374,0.4782608695652174
9cd172df74575fd4,0.679245283018868
c7bc8750e9503805,0.7784405624201108
12e12307414dafc6,0.3207547169811321
1c43b38c1f4bdbe2,0.447405997144217
d755a29a49c9ee09,0.8162544169611309
21992c366d3b4602,0.6581196581196581
9e1853861f58191f,0.43795620437956195
d1a93a55c8063ff3,0.24793388429752067
438fbdd4cf27e324,0.46753246753246747
e8093d77f566fe51,0.7578947368421054
02731f017c838ad4,0.8233260786070925
0d077813b6164fe1,0.7395517867958812
cc73c73e6e3412d4,0.6187175043327556
d99b2abf50e9a03e,0.4891657638136512
aa7d691fc6385acb,0.7195253505933118
5b2835ac76f05993,0.5217391304347826
c2fd3d874f558408,0.7107039537126326
1785c7fb722d3007,0.4782608695652174
86046081e767437e,0.562043795620438
6abf4f61a1e11d34,0.6428571428571428
d2ef04d5f384c05a,0.745958429561201
c7df07266a9597d9,0.745958429561201
e3f31cdd33b4ca92,0.8162544169611309
b6bd31215bd7ec1f,0.5962732919254659
20063242f6e40d31,0.1877581674802854
70feb2bfc12b97d4,0.5
60cc0ac9ace28324,0.4201680672268908
0ac4f0c1b4d021f6,0.825
29f40d82bd128c65,0.7195253505933118
73a299d44d2ef5cd,0.7241379310344828
fa9ec0b8c4b3a84a,0.42888402625820565
94dcbc64641cbb6e,0.5882115462252725
c65f4b4c0338d0c1,0.7578947368421052
69279781a89c893e,0.7634625062908909
44c60f91b4f7b23d,0.8162544169611308
4e55251b7a0df0c2,0.5
48a2a476d3b59866,0.7241379310344829
3a42dd84680f444b,0.5882115462252725
e0e22d7bc5a293e8,0.6428571428571429
37a7dc68f3a0e65d,0.6279373368146214
1fa8537d3992a09a,0.447405997144217
7d679c16024f6f38,0.5324675324675325
41feee2c08af2235,0.5962732919254659
e909e34cdee01831,0.2272727272727273
fdc97f9b88bdef7d,0.8162544169611309
19d1ae54681bc722,0.8198682618631536
b9c82dfde8b66e37,0.2572062084257206
920b6f739a36e721,0.4891657638136511
4da4c5ef6a4ffc5b,0.6040343668285393
f3e289f1423c0e6f,0.7285666997682887
c0ab927864bb6e98,0.2934179222839017
92fd2127f46b0cb7,0.4891657638136512
986f0b480389ad25,0.5798319327731092
bf41783b9446891e,0.7395517867958812
1b6e5363eb81c409,0.6040343668285393
05f1e8ff81dbe05b,0.5
c4f443509308dec6,0.7966101694915255
ceaae1db8ccde29c,0.7195253505933118
1ca41d3b11d88b36,0.5108342361863489
9ee818e10dcf3b45,0.4572564612326043
a5ea53104392fa9f,0.43795620437956195
b0e16dd491bc4fea,0.44573643410852715
498e7b0800af226c,0.7520661157024793
bd7a8c6c74655afc,0.7925157465728048
61bf6748cf85eb84,0.5217391304347826
4de25b19c4dedb14,0.38848920863309355
3f5a623cf360c494,0.5798319327731092
8ce926b4d38a55a0,0.6187175043327556
85511ab7fd9ed061,0.33635187580853815
8da2c348ba6001a0,0.20992366412213737
0261adcfc6e49150,0.7966101694915253
4738cd4cd8d33eeb,0.6792452830188679
7ddd21d48e3b34b9,0.6187175043327556
5d1f24e034772338,0.5
3dd0951b8855137d,0.3418803418803419
8a9c8f1d53d8c664,0.7195253505933118
efbab76bedbfb65d,0.8122418325197146
2ea1f463620bcd3d,0.4675324675324675
2cc1fe3570999428,0.6428571428571428
e76227f395b94e47,0.3959656331714607
4e8b2357fea211e9,0.5798319327731092
300f1489174a3ece,0.5
ce246b336b6bd638,0.6428571428571429
85036b967403cdab,0.5217391304347826
44cfd4330eb6e2bf,0.6742037442256261
53abea410a0541c8,0.6690070210631895
ebb685a81f65ce1b,0.447405997144217
904e0e46392dff93,0.33635187580853815
59097097bc09cdef,0.3720626631853786
491b7d974254596d,0.42888402625820565
818456a713fdabe6,0.5427435387673957
9192053a3884aadf,0.38848920863309355
8f8a6c578308d014,0.2804746494066882
4eb91cfc892a108e,0.8102730217491902
aa71cf96ba4e5a36,0.7900763358778626
069e3e704cbf6337,0.4891657638136512
fd1854062406d287,0.6888888888888889
e4862c4f20117cb8,0.5711159737417943
5ff8463edf8155c0,0.7065820777160983
49f7186e1e3cf6c8,0.7666504618376276
51db35a3cf225bda,0.6990931574608409
b247a1900cfae052,0.7520661157024793
11c0ef97497303ef,0.6690070210631895
01983cba42704c49,0.34929577464788736
a212e4c197983ad1,0.4782608695652174
354425c41008a01f,0.7550141337999731
c8bc7e668ffffc7c,0.7195253505933117
1521f94cafdfd783,0.7966101694915253
0a4247ba4ae1cca5,0.42016806722689076
58e21d505c082a9e,0.447405997144217
0d698108c5f5d1d6,0.6428571428571428
bdeca00572419011,0.6279373368146214
f96f719ad667dd96,0.40372670807453415
7fec3b1ec923ad24,0.5798319327731092
cb010b41cd20a1ed,0.5427435387673956
4de28817db9fc9d8,0.5108342361863488
34c649f3f43a919b,0.6581196581196581
1db00b3e736c22bf,0.5882115462252725
244aa8f002274344,0.7023445463812437
14c505d7ad55883c,0.6507042253521127
c827f5212a34bf2e,0.6841382467383841
c77486266b05f934,0.2033898305084747
9af62d6e404c1002,0.43795620437956195
e4b13f7f43018ec0,0.7362296353762606
5b9f545890407976,0.8524590163934427
851645c373f50e16,0.3654694391934469
97dabff880f33202,0.7147147147147147
39fa341fb9161d6f,0.40372670807453415
bac3ac8d7330d05d,0.7328244274809159
7adaf85915993137,0.6187175043327556
3744d4cdaa6b242b,0.6115107913669064
e3826e06d68ed4af,0.32075471698113206
7a26c9407ef64e10,0.5798319327731092
8adc6266a7c2fd40,0.8122418325197146
0405e4446e8f239a,0.2852852852852853
1b1792afe4457e83,0.679245283018868
710c7f8c7dc2af46,0.4782608695652174
aeb0322f619213b1,0.3492957746478873
4b1606ab1893c242,0.4782608695652174
9cfad21ef1911728,0.6581196581196581
aaad7e29825b3264,0.5882115462252725
51808d929c84b8ae,0.6792452830188679
ddcfa590f4644240,0.6428571428571429
b776b08e2cc6aa0c,0.30649687027843725
858696528ab7035a,0.4572564612326043
583f2c3cd0e2385b,0.6187175043327556
6c9bf1d285cf5dd4,0.552594002855783
c6dd17ab89437805,0.3363518758085382
e068f14acd47ed69,0.562043795620438
826fb989c0e6208e,0.6979865771812082
40687c9412e0c279,0.7427937915742794
8a8190f3f71408a4,0.5798319327731092
437c6e18f41287f1,0.552594002855783
8cc4c597aecbfef5,0.5798319327731092
44ab00737c3fb890,0.36546943919344677
6ada4f4286e4261d,0.38848920863309355
bcef35d6e0964f01,0.5729537366548043
a2f4acc81f7886a2,0.6187175043327556
9763e27bf80abe42,0.23991275899672845
56ae02578b1163ee,0.216901984857786
9532ebf4d9405e65,0.7107039537126325
ced0e31df74f27d6,0.7241379310344829
eb096b0196a7ff65,0.38848920863309355
3812b265afd78186,0.6636481241914618
55b53fdad307b708,0.7107039537126325
721b23d896a44e2e,0.42016806722689076
971b3d35c302cf8f,0.6115107913669064
8d70694ceeb0dc9a,0.42888402625820565
0f9679fda36f7f41,0.4117884537747275
0717bc30025f3656,0.7328244274809159
469fba0129c95278,0.4572564612326043
b309cdde35310875,0.4782608695652174
a0163cdde4ec785d,0.5798319327731092
5c70b175f08ca141,0.42016806722689076
1d8ee477e682a8fc,0.3720626631853786
818b55b087013e64,0.5711159737417943
f5a038c18f7a44fc,0.7520661157024794
b7ff74563d034519,0.825
6173056f0e080ca6,0.46753246753246747
7dc3ada8f2135477,0.6636481241914618
93a081342561d0c3,0.33099297893681046
b695fc80bd538172,0.3959656331714607
3db15d45e8490c22,0.7706195737963695
87126427cfcaee52,0.3418803418803419
9bfda7c26578aaac,0.6115107913669064
e0d92694d8a2d38b,0.3720626631853786
7dc87736c304b3dd,0.5427435387673956
d22c19fd92426567,0.552594002855783
31b283a5559ad44d,0.3959656331714607
c6b040021b4ceb0f,0.6115107913669064
bf719cf83cab229b,0.4572564612326044
2456c4550c26e5e8,0.38128249566724437
23fd92555246d61e,0.5882115462252725
8da5849a6e7307bf,0.8250000000000001
75e580d5ea37c519,0.6040343668285395
79da0eacafb22f86,0.6345305608065531
470a3c1b89504258,0.6841382467383841
103a7d8c4f17714b,0.7328244274809161
2a2b00e9bfd089cc,0.7241379310344829
a40c70d5a1a1be01,0.26044821320411876
e458ace6a440b738,0.6690070210631895
1b4374c9d7e5139c,0.7857142857142857
23ba354e606df0ac,0.5
d9a797f632686568,0.5798319327731092
0bc7e4852f75a06d,0.447405997144217
56f984ac83fb34cc,0.6581196581196581
75bc89630027c601,0.43795620437956206
f0ca713121289d24,0.3363518758085382
c68e57c19c82d500,0.7195253505933118
3286d8406eff5c85,0.3959656331714607
bda97d9a44a89d52,0.5217391304347826
bcb697c4317f0997,0.4117884537747275
721d870849de4a57,0.7966101694915253
80e68a6453e15ab9,0.6690070210631895
3256d907f58af95e,0.6040343668285395
f08ccad48500eb2b,0.5427435387673957
c2bcdcc472228768,0.6841382467383841
3b6c18a966a2cea4,0.5230171935662784
c300085cc08357b5,0.8266389940178245
7c13de66ce543d84,0.4201680672268908
73eff675e2aae30c,0.4572564612326043
ad59540382d5b7f6,0.5
feaf740e3ae53b7c,0.6279373368146214
e6b2d6d33968c66c,0.5962732919254659
e939acbd9894c686,0.6040343668285393
a6cc776330194937,0.5962732919254659
3011439ecaf74180,0.84
c936527df280b8b4,0.38128249566724437
003c84fc7c3fa028,0.7784405624201108
a3731057c8775716,0.6345305608065532
0bc354fbb6e99ab6,0.447405997144217
16a05f3c4a765f65,0.4782608695652174
07c00213ec388e07,0.5620437956204379
a08dffad240dc3d4,0.552594002855783
7b53967f282a0d0a,0.42888402625820565
3d941525f5c623e3,0.46753246753246747
8cf4836e2b43c241,0.7727272727272727
413a4c217ee0193f,0.5324675324675325
017c090e9e8d2957,0.5324675324675325
2b038a467a89c73c,0.552594002855783
0febad4c4a3d69fc,0.8465011286681715
707cb14717df5960,0.6115107913669064
1218cba28d4dce94,0.8800000000000001
e4bbec619aa04dea,0.2852852852852853
d401522de73b7bee,0.42016806722689076
9fb9af6599d67b1d,0.40372670807453415
4fe799b4fa1afb76,0.3418803418803419
083a6edd8bb21bc8,0.8800000000000001
5782666ca117fa5b,0.7784405624201108
65c1ca715dfdbe05,0.8162544169611309
1f5178fe56c5423f,0.6979865771812079
031647c36d12788f,0.863013698630137
04c9ebe419195f8b,0.3111111111111111
476a6245b43f3119,0.6040343668285395
f27e8d63f526d326,0.30201342281879207
35f80e003d16a439,0.35714285714285715
115fa6f5f3e51bbb,0.8524590163934427
4f9939af9a1d40a3,0.26717557251908386
138c8807fef52564,0.6935031297215628
2ca4a039c07acd38,0.5427435387673957
a5acaa5f693529dd,0.3959656331714607
c53cb796b4a4cdb8,0.4572564612326044
93330422e1f2e0be,0.5882115462252725
f993be991eea6016,0.2272727272727273
e1bd72aba46f46a1,0.5882115462252725
fedb6a1b15b05694,0.5427435387673956
b58972ad7dcf65e6,0.5324675324675325
a072481f307dc8aa,0.5
a4e210bcdcc1bf5b,0.4891657638136511
cf4199c8517bc1fd,0.39596563317146055
4127b45c3d546eef,0.8800000000000001
323dc938d93a849b,0.6507042253521127
fe0c844a671dd6d8,0.7578947368421052
cd2ceb5530529c9f,0.40372670807453415
17753b728e5404aa,0.5962732919254659
a4446299c1f85d74,0.5324675324675325
bf2a9732af50c84c,0.6187175043327556
97c76d44699f7c93,0.6581196581196581
a255ed658a2ac9bb,0.38848920863309355
aec1339028f3416c,0.3418803418803419
4096b302747d47b3,0.3257962557743739
8f1b727757a60c07,0.562043795620438
13129c1f044fdd47,0.6279373368146214
b1da312483a974b3,0.6690070210631895
f047e3605f8852d8,0.43795620437956206
6e9cf53cd87e1b7e,0.562043795620438
ab4862ea4cbd0750,0.7666504618376276
e4559c3cce6edec1,0.6690070210631895
f81f8cfe30e0a1e9,0.7578947368421054
4e71dbef18157288,0.6581196581196581
2418af6da44fd361,0.5324675324675325
2b01da1699f0305f,0.3158617532616159
966bf043577f8b6a,0.783098015142214
c770192a9f3261cd,0.7520661157024794
8f5d5dd10a167cc0,0.7666504618376276
c0982b3919cc74f0,0.7241379310344829
3f8c6e31ebbe54bc,0.7520661157024794
7ce7075951c9aa31,0.7784405624201108
e460bf4db340ca9e,0.38128249566724437
9ba051e0f5674108,0.5324675324675325
8fcdfee81cc604e3,0.8358033905533638
69c06be4f87ccdab,0.7578947368421054
70af72a72b31fe4d,0.3418803418803419
531d9676d767da66,0.3020134228187919
feaffeb1af7e82ef,0.7666504618376276
c48af5eafb532d0a,0.7328244274809159
7dc551f8153bd053,0.7966101694915253
00f4b6184f6315d0,0.6636481241914618
e9f00c16810e0e61,0.8314889336016096
f6a03399c7a721cd,0.18013173813684635
934b44ddcb3d95e6,0.6888888888888889
edc87836fd998929,0.4782608695652174
75b1533cc3cafae9,0.23381294964028776
138cb102906573f2,0.38848920863309355
a7cf716f5d73b558,0.6581196581196581
9b0de83b4e504bf6,0.6581196581196581
b436dda934059631,0.5962732919254659
60be02c5566c8348,0.6888888888888889
37a8c442fb38db75,0.4891657638136512
358468724d7d4322,0.5
816662e622987a14,0.5
15ce105716441c54,0.5798319327731092
88b1d4f951070f83,0.4891657638136511
9d6b46a3cf5ec494,0.5324675324675325
c92308bbd6107b11,0.6888888888888889
f065dc596a08a258,0.38128249566724437
96d33e46267d4eaf,0.5108342361863488
017e0b7e864b0aa3,0.447405997144217
f711b3ec6bc3c407,0.6040343668285395
dd51d1aed9536da6,0.5427435387673956
bc01ce748a5723df,0.6279373368146214
24bcade0007c2246,0.38848920863309355
c5259566abc552b1,0.2272727272727273
c4704eab5e2f51b8,0.7427937915742794
e186bd5e556f1b5e,0.7427937915742794
7ed98f8d1ffae082,0.6040343668285395
dfa2fda311df08cf,0.6345305608065532
10b31e991c2d0d4e,0.7857142857142857
25c4013fc187762a,0.43795620437956206
bc1787883f9328be,0.43795620437956195
68c77a11b2d308dd,0.5798319327731092
d47fd8fc3886f86c,0.562043795620438
e139628170777bef,0.7241379310344829
e96d929f8207a3e0,0.5729537366548043
dbbd17b6995f014b,0.7666504618376276
dc49373c52eedaa3,0.38848920863309355
1d9f862a47540785,0.7697368421052632
cd6b799ec79c489a,0.4782608695652174
f4bd11655adeb078,0.4782608695652174
326de7f7ec9e7035,0.5962732919254659
60162c95d921d1ae,0.4017329657345412
e3acb789f7dcd34c,0.3418803418803419
f6ab2eec90980ac0,0.8162544169611309
94560d1dc6248347,0.4891657638136511
9d80bd1f92d23dfa,0.8800000000000001
f7cce33f6563dd72,0.6345305608065531
8da94b2c1c0443d4,0.6636481241914618
4dd3035430a5ed43,0.6040343668285393
1019f2a9c012e949,0.43795620437956206
cb4dd24535ef2d94,0.4782608695652174
4c489b3c9d14cbc9,0.38128249566724437
975159720cfd0103,0.7147147147147147
6921344f8e706d0f,0.42888402625820565
f2ce79565c0820dd,0.4782608695652174
3e16a71836e85212,0.3959656331714607
ea43a5fe4ff9a3c4,0.7107039537126326
2eb56023c4a54504,0.40372670807453415
2671de30a1736f51,0.12790697674418616
fba7d6a42f137938,0.6979865771812082
25e1d17d072227c6,0.6345305608065532
29de6ddc42a2e674,0.38848920863309355
8ebd6e9d41a51e31,0.7195253505933118
445d0d44091b902a,0.6345305608065531
51f955029dbf6978,0.5711159737417943
357cf8a9b6737625,0.3571428571428571
b07188063c49b755,0.6279373368146214
8182dbc752c71137,0.5711159737417943
060dfbc982c6c4ef,0.6581196581196581
a072be4f806d360f,0.5108342361863488
01a4827b3596d111,0.7727272727272727
357a34207d70da69,0.4782608695652174
849eb47d349f3fe4,0.7666504618376276
066756ea40b134a7,0.8162544169611309
8accd04438b91262,0.3158617532616159
8e1ae2ae6694b131,0.4117884537747275
2c7b788effdc1b4c,0.6345305608065531
18aff757c54687f1,0.7697368421052632
43496ff308e681a0,0.4572564612326043
9a46f95c1c1e57f0,0.5324675324675325
84d4b658851b7e0e,0.6345305608065531
490724f8b3658f67,0.6279373368146214
36d90f1812f0d432,0.5108342361863488
dadaee9624256e07,0.20748425342719534
ece3a7a9e930ef9d,0.2934179222839017
92b98afec5eb4e05,0.4891657638136511
9d3a38cc18807e10,0.5324675324675325
9de23eb1471e592b,0.552594002855783
14176809bcdafd01,0.4572564612326043
462a95890423d3c6,0.3987730061349693
241687ff5fe92331,0.6690070210631895
acf658afda38d8af,0.5620437956204379
b2cdb4c34f37ad37,0.42888402625820565
c163ed45c21c8548,0.8122418325197146
49b2a6a93d529981,0.42888402625820565
953c89aa931082e4,0.5798319327731092
ad878cdd4fa36a3a,0.5108342361863489
52311c2cd0c84d67,0.4891657638136512
d9c0351cd21e40e0,0.7241379310344829
8cf6b22995c9efb8,0.5217391304347826
c2b842fae4e9f1dc,0.2804746494066882
476c31184332698e,0.2892960462873675
975840814b233bcd,0.8250000000000001
7410ac7e4e5acb74,0.5108342361863489
b44531903be4729a,0.4891657638136511
b6dad3a9bf911bfd,0.2804746494066882
9c7b6a20f35fb708,0.4117884537747275
9fa3623172adb4cd,0.4572564612326043
d5e927306f5d859b,0.6040343668285395
18d84b333b28de36,0.6690070210631895
688908886d8ac900,0.4117884537747275
0a3df9b1918cfc2f,0.216901984857786
951968aa52a84928,0.6040343668285393
fc16ccf0994c6e50,0.6742037442256261
2556b7520536ce1d,0.5427435387673956
0697d5520b74a8df,0.552594002855783
8cd7ca0e7b861b3d,0.2604482132041186
fd0fd9a2d6ef8c4f,0.5620437956204379
9dfac33cd3ae4afd,0.5108342361863489
1cb7138b107b93b5,0.7966101694915253
578987d534a0d205,0.22727272727272724
83d59f5e52e0ac46,0.6040343668285393
b8c21a311f3f7953,0.7784405624201108
668d077ac9d7d3c9,0.6187175043327556
57ff0eb2351979c4,0.6581196581196581
707ba52845d399c9,0.38128249566724437
f3169b755afcdc5b,0.5711159737417943
2d7f29ec900a8948,0.3720626631853786
bed2710e06dabe6a,0.42016806722689076
834f67e96612cd6f,0.562043795620438
25548d526c3a7587,0.6187175043327556
6a0217099efee13f,0.7195253505933118
c5b8a996eff18540,0.42888402625820565
18dde81d45ac2232,0.6187175043327556
70f01e9ff0b4e519,0.562043795620438
1d26ceb1c995655e,0.6888888888888889
bac178dea57bd545,0.7634625062908907
64bee58391921b4b,0.5798319327731092
0d1d7cfb2a48d5ec,0.6428571428571429
d2dc6fb05ad78d80,0.562043795620438
57d989702ae72dc1,0.35714285714285715
7510b0c96f5707ea,0.6115107913669064
93f3e9b9f093ad57,0.4891657638136512
076c98ac0561521f,0.3720626631853786
baf17e5e1fe1c744,0.8313582497721057
9c3fb95a1558b38d,0.4891657638136512
38d6c2538ce6ec4c,0.42016806722689076
26d75187369ecf2c,0.6115107913669064
74b44635535cb290,0.4117884537747275
1e3d3545b6dd13a7,0.5711159737417943
241a0833e1c76804,0.40372670807453415
3162ae3ccbf785ac,0.2892960462873675
b2d05ae88f820421,0.6279373368146214
41b75c9222c33cdf,0.7362296353762606
89266a872e1f92d9,0.6040343668285393
1f9a6f2120835615,0.5798319327731092
1c91deb42b991d18,0.6345305608065532
a4527094aa107b55,0.6428571428571428
cc477d322638ba30,0.679245283018868
ac0a63ad13897564,0.5882115462252725
7c40aa2cb6883a91,0.3571428571428571
28deed0ab55ca350,0.5108342361863488
f870cacadb058733,0.5108342361863488
d5955b81c26230ff,0.38848920863309355
a2af14e9dba37b03,0.38128249566724437
216fddf542707629,0.6581196581196581
a3e8ef1ce72a7d02,0.6279373368146214
83f7c3b91a402306,0.5962732919254659
a6c29d2cb319d923,0.5108342361863488
d7cbe2f23d75afd1,0.5
c3bb60dc82345a9f,0.7107039537126325
071a1cd551b7b4d5,0.3207547169811321
408fc024d3e91b0e,0.3257962557743739
f820c6292e19d854,0.5711159737417943
343749a2f7c5d78b,0.7395517867958814
c8dfcbee63266273,0.6841382467383841
495e64df4c4ce7a7,0.42888402625820565
1af574c0814429ac,0.29765545361875634
a7807ab56cb49cad,0.5427435387673956
c814ef3b3a26e2fe,0.5108342361863489
c04274c8caa505dd,0.5962732919254659
7afe2a15ae7359e9,0.7697368421052632
57b111b54a2d2323,0.5324675324675325
9e1ecdb9a8856a8c,0.5882115462252725
aa232e53d285cc6d,0.6428571428571428
094790e50afae55e,0.783098015142214
e6a0f19af995c432,0.447405997144217
80ce8f7d988d5e57,0.6742037442256261
18e1b0df8da7010e,0.6742037442256261
e91f289f1b9f9519,0.5798319327731092
bbc8e8a69e9bd106,0.5798319327731092
b9ff9ebe19ae6358,0.5711159737417943
57d04160f5438654,0.7023445463812437
d9501c6985c1b38d,0.7328244274809161
fa3f04be9344804b,0.4572564612326044
a3f89ad71e1caa81,0.7727272727272727
652a956adab8ad0e,0.6935031297215628
81af3b60203d92df,0.8064516129032258
82177c0f91d9618a,0.6345305608065531
efc40ec41114d8fa,0.3571428571428571
36fcfd186a8d6df7,0.7925157465728047
b5ec939fd1edf048,0.6040343668285393
ad5ef8d8678ff97f,0.7241379310344829
c4eaeec8ac778b27,0.3207547169811321
dd88960598219eba,0.4891657638136512
98dd88d83f57c17a,0.7550141337999732
d42410f6f1039ab5,0.6040343668285393
35d0ef51fede263c,0.33635187580853815
30523303e8d85c25,0.5324675324675325
06f37329b223b451,0.5794165451833979
2b8cae68963a40a9,0.39076376554174075
997ab1ea9fab5643,0.29780564263322895
3637e661b6854b49,0.8347619769692538
6ea23c2c30f85a89,0.6875
5a5a65d8df176506,0.6252283972845731
75523d31940c9344,0.5794165451833978
60e1b3ac3182f5b3,0.28480162824553723
eed6c9aff2234b7a,0.738498789346247
36032308b7e86fd0,0.5324675324675325
702759500d47a059,0.4661016949152542
32a8f38bd1d46e3e,0.673469387755102
760b5b16b4931a77,0.12922948655596472
5868c154789648f0,0.5638051044083527
ff467a5f06a91a0f,0.5729537366548043
63dd38f0dcc2ee88,0.2517985611510791
6087c50c5f95a677,0.5230171935662784
96fe84d051847591,0.5
037d2f426c916ffc,0.7147147147147147
2ef54419defb2364,0.3363518758085382
7dcd5d8a44a284e5,0.6888888888888889
b88b170a7fe40544,0.6581196581196581
6195d3e7c412c8a2,0.552594002855783
3fd3b871e83434c5,0.7634625062908907
ed94cdc0f2b97e15,0.6742037442256261
737e2781e4a7db5c,0.84
79161bde28636128,0.5324675324675325
918c2efc59c1952e,0.5427435387673957
901dbd1e6463c4ba,0.4782608695652174
fae99a4089f8abb0,0.7925157465728047
57961c6adebfb13d,0.3207547169811321
be822403f364fff3,0.46753246753246747
cefb47bcc04f540e,0.6636481241914618
11f7bac5037a184c,0.5915279878971256
cb56e868deaddac4,0.267175572519084
d3f44fedc561d2d5,0.45326664582682086
5ab2a4fec735e0b2,0.5324675324675325
326b843cb2b7fd94,0.5487032481744757
801b3f24c670f19a,0.3257962557743739
a02ffaf1fe462d28,0.4117884537747275
96919cf8d3e988ff,0.6187175043327556
9d98e1c0d62213cf,0.7065820777160983
b41e3be867afd6fa,0.5798319327731092
eab100e978c730c5,0.5217391304347826
2dc48a745d6c662b,0.2509516424644015
08426f06239d903c,0.42016806722689076
f3e2038bfb9b5d9d,0.552594002855783
94c0819fde11364d,0.7727272727272727
51218519be104794,0.6115107913669064
d629aa5eb31a1e38,0.8524590163934427
8725dc88f2e0a6f3,0.6841382467383841
5fceb95c29d929bc,0.5798319327731092
060987bb3025a0a8,0.7023445463812437
9bc18b63b07bb328,0.5798319327731092
6d48f75153e4ad6b,0.43795620437956206
f882cf76a8bce308,0.4891657638136512
3bd20b66b585d621,0.6428571428571429
03c2707563915d7d,0.6428571428571428
af5b940f2c686524,0.6187175043327556
102fb91414fd24ab,0.3418803418803419
e8219ea7da46f67f,0.4201680672268908
8a85dffa80e6c7bd,0.8600187603723213
f5b49f4c5a27e53b,0.6636481241914618
671f42536454e541,0.6841382467383841
eba6055d217d5b99,0.7985989492119089
0e3af9b5e1b3ae80,0.4572564612326043
d9a218ac3e148541,0.4572564612326044
e30b9829e42aa4ca,0.4782608695652174
9d2f7d29bb9c9034,0.7065820777160983
59861c3d19eb46ef,0.552594002855783
0bcb04163f8d8ead,0.3654694391934469
533d0b5c0adfa15f,0.4675324675324675
b46f2f007b622bce,0.7106109324758842
891470d896b1de5a,0.6090952494628791
d66a8591af39ca7b,0.3835159941969865
4d607b6ddc77a34c,0.5443037974683544
cd258394e8d58d04,0.7542857142857143
60c441c5838dfac2,0.6681590729523308
a70c43cafabc73c3,0.8314889336016096
d671f436fab2a252,0.4361948955916473
daa38964824f1b9f,0.3792134831460675
e0b323dae5bf4c90,0.4182671788305591
5cee1d8f1e43d6f5,0.6207865168539326
c26a3f4c08333886,0.7628879712268549
5bba49d88db7430f,0.4324896439716054
dc45c8d70e256749,0.6060606060606061
b3c74554c871fbf8,0.4098360655737705
ea303a8e6e31f264,0.7628879712268549
2a1826612a7d739c,0.4270462633451957
1a2d13834696c4ab,0.4883720930232558
d395828f5cb045a5,0.3761418592154756
4e77cc2c8d604241,0.6636481241914618
fcfaa28ed6888088,0.7023445463812437
02f5621f480ad1d4,0.6888888888888889
f0d4652f8edfbe6d,0.6428571428571429
b9abcce29378e5cc,0.552594002855783
593f3b051aa82b0f,0.26044821320411876
3f810c3433dddb80,0.7195253505933118
08244974cf39ae38,0.5882115462252725
b70dfff154b135bf,0.7784405624201108
8539c4b795d33a92,0.38128249566724437
394ae51820bedd4c,0.45326664582682086
46c050a827ee83d6,0.5217391304347826
3094e82731ec55e7,0.6115107913669064
312946f6b72ebd51,0.42016806722689076
87f58feac6b50367,0.5
fbbba3da4438cb04,0.7634625062908907
918103d82ecbed75,0.6279373368146214
3ce634d03af7e14c,0.3571428571428571
b2ca310c9d0037d3,0.5962732919254659
ce0748519d5ea5c6,0.4117884537747275
27bfb9205119f23b,0.6935031297215627
58540b24ed77d31b,0.45326664582682086
821a1c6f5d7fab14,0.5
81f2f2d4b0302590,0.6428571428571429
adac148ee6fa3bf7,0.5
51461da4ba467901,0.5
b1e66cea3a4d4709,0.7784405624201108
f039c93516e48253,0.4782608695652174
906283a2adcbc3e0,0.6279373368146214
ebe122e962d26fa4,0.5108342361863488
e9eab0fa03eecd9b,0.38848920863309355
a6743d41b0b95271,0.5108342361863489
1e9a2b197ebff074,0.5427435387673957
03e5127d4832750c,0.7578947368421054
3640defb8294bd37,0.7784405624201108
767819f321431bed,0.7427937915742794
0fcf42b68f2f0fa3,0.5151837230488916
0170db5fad04e4d0,0.40058712005381925
57dec2b07b75dada,0.7065820777160983
2300ad7f87080ad7,0.5
dc38c78358e053c3,0.8250000000000001
0ddf834a47533d15,0.5620437956204379
c03b6b6ce5d03276,0.5108342361863488
8bede5047e97d602,0.552594002855783
58584ccd0f63e3f3,0.8064516129032258
f2cd665eab69876a,0.36081213307240706
6fe8bce03a46350b,0.5427435387673957
c6ca435e24c5f4e4,0.6888888888888889
1c7ea3928c7d0ad8,0.38128249566724437
de4c4997f1429dd1,0.552594002855783
5fdf6611815efdfb,0.3363518758085382
20ba608a6e717f05,0.6636481241914618
b8b692aa2aae3310,0.5542635658914729
e857ca0bc3b9fdcd,0.6836049856184084
1109a8f2adc81ce0,0.36328871892925424
cab532b4544580bd,0.6734693877551021
e36b8b88646f72f8,0.6164840058030135
7606d2f8d8b0e889,0.7572205943909585
05061dd590c9eb34,0.8672566371681416
97125cd6a94b6394,0.8328690807799443
dfbb110855354039,0.5638051044083527
58e72b1a38880ba9,0.3632887189292544
0c3622569cd8062a,0.7727272727272727
4f99b4a39925cb47,0.43795620437956206
8b9e9f283e76b429,0.5962732919254659
f00921c62315be96,0.5427435387673957
9b39e15b42422a08,0.32075471698113206
f044802db5688bbe,0.4782608695652174
90715135a543b6e3,0.5217391304347826
7f0175f71481b63d,0.25404157043879905
088b47d890b389e9,0.46753246753246747
d333a6c34ff16397,0.3720626631853786
f8dd1e75978a3957,0.6596858638743455
f2d9814936a6eb35,0.7177350790681857
9ce56acac775d386,0.6611909650924025
cfd47fddbb705f26,0.7161380760469599
67ed3ad521ef619c,0.6984924623115577
8a8fea2c10512434,0.22300351582119537
9025e3c6b6d71253,0.32183908045977017
75570ea2da94a4fb,0.5
1b8d366ac0f110f3,0.6023138105567607
0f369d09416b9e34,0.5086640097036909
d292243c6499b2fe,0.6718146718146719
94b1596c6ff9a25d,0.6465222348916762
0f9be7ac405772f8,0.6524137931034484
e16f42a666e163d8,0.6524137931034482
6e0c1faaf40caf9a,0.8415300546448088
cd8cdb539deaa47f,0.4156569466065382
ce7cd2ec773bea7f,0.5436105476673427
159646a9d2ae8ea5,0.6482412060301507
7c76c752c7abf2e0,0.610215999437135
137646de0ffd9c35,0.5
08e48648e3504638,0.6781609195402298
5d6fb4acfe5cc8a1,0.4128584935392373
abeaae1a64934178,0.7033507531509375
7dbf23cb872edc9c,0.5536375759371759
d4c314616eac8f8b,0.5536375759371759
15def71ff1679e06,0.4297407912687585
33d2a1dbb8a7fef5,0.2637818612922348
7fd810af30144119,0.7454789015405225
f3efc6121c5323ff,0.4128584935392373
0e969ae805006d1f,0.6053006554573952
819f51ef9d945a46,0.5585430102643292
dccea04cc3567955,0.37235721047649095
f3c42ce9fad55eb7,0.8345597564070032
4dc5039b21013b3a,0.6596858638743455
fcfd2e6eed519cb9,0.5
e5872dfa5b93fcbb,0.4048828569262264
ba4485ce4e8e3fe1,0.3577611079053664
e5a9f75b1117d848,0.5951171430737736
bb881d4ee6dfbf86,0.6781609195402298
b76c0b0ed2926737,0.27060653188180406
b5f70d0c88f12645,0.3517587939698492
b9b0da84b243213f,0.5951171430737736
ecb24300bb3bef8c,0.6341463414634146
147e31abbe3927d0,0.6053006554573952
11f715fa5e825e51,0.5391705069124424
a3820f1eb82f2ba6,0.6209150326797385
f786136e55007e17,0.26508226691042047
5632f2364016e879,0.38741585382607496
74dae3d87a99cf5d,0.5483133218982277
58e07add007685f8,0.612584146173925
573d3a6984cbcd29,0.8810572687224668
3b209a2aee014ac2,0.5436105476673427
407e1c6850e7022c,0.6888983592584701
6cfab1da57d260f4,0.7017986746607764
32b0e450b11b32fe,0.635036496350365
88d3b6b833e31712,0.7017986746607764
54bbc7974df586a1,0.5881927635094779
87daaa6db4f6940c,0.7619047619047619
67db05bac9165722,0.7749391727493917
0b88d0c76f9cd7e4,0.25414364640883974
2fb1abeb337e0ccc,0.6341463414634145
94b48b98d0292720,0.6818181818181819
6ba9f6a7a9361354,0.5483133218982276
76b9a338597fc604,0.7406989853438556
a2e34655a41ba45c,0.6341463414634145
22e10b23784e5efc,0.5571074152347699
c2ddadfa1a1056be,0.5776397515527949
cfb189e326553f0a,0.6341463414634145
6f1892ed71d943d7,0.4310344827586207
05f6459d1f3ed13f,0.7802110765697088
e8f4e8ff49678b44,0.4128584935392373
1308213458d8596b,0.5521660920401739
e255fc129f225a55,0.7845468053491829
3bdacc82209b33f5,0.4934129632882487
7200343d2e957cf3,0.28085991678224687
dc24c4759651c6ad,0.5585430102643292
0d9e9127c62811f9,0.29342455340174844
57939328c1214107,0.6702870442203259
054794810817c1cc,0.5254237288135593
5081319e58f9759f,0.7207267833109017
3e4b8bd71e8bceb2,0.4100752572569497
745bdd823161da89,0.5871415064607627
2e9ad55f2e2f7c56,0.4873460435296103
dfe14e13aa727a0c,0.294966835739368
5d9a3bfdcd28abb8,0.6702870442203259
23e548f618dd0e5f,0.5
37a6fc5e69a7932d,0.11180124223602483
cfa0dbc7534f3545,0.6611909650924025
0ccc86f7d0e84c3e,0.5347041612483745
949619e1b1de9e5f,0.4873460435296102
7ada9af99946d456,0.8051487954652811
1ff4586752ee8a93,0.7050331642606321
864cddd6e165ea2d,0.6818181818181819
0a9f22de8600c762,0.7146785837057408
3a8e4b830750e9d4,0.7236340533672173
eb9097be07a3c26a,0.5556381890861763
0a7517a16d2d9db6,0.49469799796403124
d43c007dab9c51b0,0.6564482029598309
c5ba56d51f6b0171,0.7790165239896476
16358c536d739017,0.45017894142022974
e1e31a8dfa9c27f6,0.7201335266547526
24341a8cf1152c5c,0.5854009924763887
0e809b7e37681783,0.45401629802095467
0f279b25ccbecc76,0.5
e8206c7380441fbb,0.4090768755788824
7595aabe89020780,0.7666504618376276
7930c605c6a6ec88,0.612584146173925
7340b4cbdbac5863,0.6665837272953471
1ed8776f978a0155,0.45168667810177243
764012f51c7dc223,0.27636594663278274
3901d9cdbb0949bc,0.32183908045977005
c58aaabf2c5635d7,0.6781609195402298
cf0e0f95524f187a,0.2869287991498406
e1bb0b615c02d715,0.7539444979960429
2461756d8acd56d2,0.7458563535911602
bcc9dca5136fc765,0.7663131403918748
463fc1fd1f17befb,0.6984924623115577
ed8fb10b596e6fa4,0.685344827586207
ca531425f5c042db,0.7349177330895795
498766b46b8b4a7f,0.7619047619047619
1a484c452623181e,0.5263157894736842
859ca56770ac7672,0.6053006554573952
78c3ca588e55bf31,0.6888983592584701
36807d8a7ebc84a5,0.5
aa08ebe1a69c76ca,0.2514890800794177
4f3cd94861c6a876,0.6945010183299388
bf614956b28f231c,0.6611909650924025
36656dfa32341671,0.27345591702027344
42ecb9a94bebc24d,0.4516866781017723
3a38b0b566f3045d,0.6695178849144635
579f3280456ad450,0.6209150326797385
fd76b75c28dc247a,0.6201152936800999
4c12c9085200121f,0.3042300479266513
9e674a02db6c03c8,0.3297129557796742
e842c6f63fa2e27a,0.6209150326797385
5a00c73efbcf323e,0.44145698973567077
9f4d6d192ab4a027,0.7310747735773238
73dbbdfcf7f989c0,0.8333503731724773
eed8c9955cad1e30,0.5395318909354138
5fb63c34935acce9,0.40591079084192283
8e7b2d62f834b417,0.714919227114349
e10481ee3fda7080,0.3826322930800543
0005e00b07cee542,0.5300261096605744
ba6093c9136f99e9,0.3111016407415299
81b16b26774be5d1,0.5711835334476844
c00a8682fb5b71bd,0.7853124074622446
1e7caef3f6dfde10,0.7265440829797265
24ff0bb908095565,0.4505103883513601
15a422574c3b89e1,0.46753246753246747
87105c63df95f929,0.5689655172413793
d866afa89d62a4ae,0.49469799796403124
727ecd251325b6a8,0.5571074152347699
db5802643b9fd7d4,0.7065754465982516
1720a97a2fa261f8,0.41459900752361134
e64075c104471ff0,0.5930560424319093
e4d831dc318e4e98,0.8092485549132947
22fe6779c3fa649d,0.4128584935392373
7c4eb0b4845eb0ed,0.6945010183299388
1e525f9857019a2e,0.31110164074152996
ee57cbd0b68c689d,0.31465517241379304
dfb856d4c80bbf04,0.6731406916153482
89dd4c256ca5d317,0.39970930232558133
849cc2c331e9b24f,0.6360381861575178
dbb5d682a2d7f584,0.775353666187691
5a440bdee19efaab,0.36585365853658536
948da1b7ebbb06b3,0.7293934681181959
4eb5f99202f5fe97,0.5689655172413792
e4d0be5ae320c4ae,0.45017894142022985
e5279358b128c2ac,0.2734559170202735
9b6135943a4c8fe7,0.6473946381597357
50e0bcba7551a25f,0.6984924623115577
2735a2ea77ddc0b5,0.4516866781017723
b3e12698e65cf8d0,0.7485109199205824
024a04f78b37b7d9,0.772238659826731
59eea37af7efb06c,0.7293331159302137
51108eabae8391ca,0.5
ccfe7b0d29c5440c,0.6209150326797385
e8ef17c0babcfca5,0.6482412060301507
eedcb6c5d163e581,0.7293934681181959
6eaa4981d0335c8a,0.5
de2069fea664c4b7,0.6053006554573952
5b062be91c65fb73,0.5
47f9c14a7dca1ad7,0.7596153846153846
2279d909f6e3e552,0.6023138105567607
039c645e8f3ac00f,0.665144596651446
83955de599b2d874,0.5689655172413793
d763ad79532b27ff,0.7293934681181959
997dcf5fd2eb0f2f,0.8415300546448088
95beb5ec32718faf,0.7713919453049888
4e566bd7094b49da,0.7916666666666667
09f5fb0bec3c948a,0.7485109199205823
696ff200d98fa878,0.5665245053485284
783761d95060ffc4,0.7600767754318618
7e6f12a95c14f9de,0.589878511181614
923e151bd990961b,0.3281853281853281
f0cf92b063735164,0.2838619239530401
6ac3d588f9630f0a,0.7596153846153846
0fed97329b78b887,0.8480601259394679
b76590c02f86e705,0.5776397515527949
fea7dd5904ab4c91,0.47368421052631576
2267d967d1daf08a,0.7790165239896476
69fa167ba5d0fd82,0.6679687500000001
55019da3a4bd5d54,0.5585430102643292
cb720b01fd6f9785,0.5436105476673427
80cb3cf9134b677c,0.6385542168674698
30eb24f7904c2128,0.3320312499999999
34db1e0e2499e7ae,0.40488285692622644
fa6e8fa6c3f05e31,0.4873460435296102
742dc4196d329db0,0.3388090349075975
470391c4067bf49b,0.6296296296296297
9e4dcac049327529,0.5642701525054467
d80fd2ec736f7df2,0.6053006554573952
f6472ca263a863d1,0.6888983592584701
3c098e2946b4c824,0.7065754465982516
c93eebe24aa0299d,0.8996222342147868
2b13651b97f57b6c,0.43103448275862066
1671723154d8e324,0.6209150326797386
8d5ea3bf3be7cb91,0.6209150326797385
6c1b38dd918793ff,0.6888983592584701
e22d5aab3d099c7c,0.27060653188180406
a02764f92a84dd36,0.5689655172413793
90eb22b9eb6ed2a8,0.7146785837057408
91afc389191d41fb,0.22300351582119537
09a29fb09fe07559,0.5556381890861765
28b6ee9c3eb8b753,0.60431654676259
32a7da2f34ae3803,0.36585365853658547
181c3312f14de5a8,0.3946993445426048
2a7909acde26a240,0.4516866781017723
0c27552ea7bc8c8a,0.4048828569262264
711f00d287344c77,0.6341463414634145
e64d80dcc6853ea0,0.4223602484472049
2723f4d275d3f619,0.5459837019790453
8d4a475e48722fea,0.6053006554573952
46860358da8b8d82,0.6482412060301507
4478ee77a647ae9d,0.6341463414634145
856fab879c68ded7,0.768064228367529
771d8ce136a12a13,0.5521660920401739
b1be8b41b1a4fd85,0.6945010183299388
c4d1c4b82cf34afb,0.36585365853658547
b7b867eb3c3cf163,0.3720626631853786
27200d53ba9020b8,0.5962732919254659
4a172a5191cb8e60,0.552594002855783
fe3ff5b1d9135add,0.7727272727272727
022bdd58cc6e571d,0.4167769251124636
cb7616f92a9a4e5b,0.5620437956204379
87d0b767742d3239,0.36546943919344677
33d52ac2d70b8415,0.7285666997682886
c7375d5db21cbaae,0.48481627695110846
014f1da2083ca174,0.562043795620438
3d35eb2d46bf74de,0.4675324675324675
8955ea3c7c332e6c,0.38848920863309355
cd150cd28738a7c5,0.5
1c4602efe5587902,0.6507042253521127
4cb249714ff56656,0.43795620437956195
f004d3d50b78af50,0.3720626631853786
f2fb049980631302,0.42888402625820565
0fe4906754b2d0f9,0.7427937915742794
62e6eadbb2805760,0.5914733980829453
8da75fd76a9b8e1d,0.7490483575355985
a4817b7e46028b4a,0.5954042868614491
6b0da0b1cda7799f,0.610215999437135
aeb7ff8ce6e1beac,0.28085991678224687
775c1f401815bbd8,0.3015075376884423
358f816aff469270,0.4145990075236113
97ad63e644757cf4,0.5
0165bd3c26f0c076,0.6255648805681084
3fcd53eb27945231,0.6945010183299389
97c80f69ac312030,0.3388090349075975
3d903bc35023f50a,0.6611909650924025
61bedad39b15db7a,0.43235704323570434
dd34dd337e637767,0.334855403348554
4f6d3cdf2c77fb57,0.5459837019790454
a003e8305d4dbdc8,0.7349177330895795
57e784028ef2c17d,0.4632426988922458
d27ac1bc677b89cf,0.7191400832177531
ac475de5a3d0d7e2,0.41672029862273136
4abcf14faa7f92f2,0.7619047619047619
76b61ff4c9760f79,0.5585430102643292
4e451881e0e47b05,0.5776397515527951
031e6624f96aceb8,0.599271402550091
11558384f80f6506,0.7998411437648929
ae38fb2a6b6a0cc1,0.6482412060301508
3d3e7dc7b4bf2bc4,0.2750424448217317
a5075f4eaee6036f,0.4599960684096718
65352221c0bfe52d,0.5585430102643292
cd08b68f0bafafbf,0.27060653188180406
92f569a6d9374b86,0.5400039315903282
83da743f6dda7dcc,0.4632426988922458
c597fd8bb66d54d8,0.27060653188180406
f3ccbfd7036f3cf3,0.8061104582843713
aaf45b095452be23,0.4873460435296103
8b9bdacca749ec90,0.6173677069199457
9ef858837dfc65eb,0.7619047619047619
f4fbb11055301e75,0.3443708609271523
2c81668d1459991f,0.5263157894736842
bbade63ca780668f,0.46753246753246747
af8ea6db042674ef,0.3297129557796742
d65da3a3bc675449,0.3946993445426048
86d6e09932c5b551,0.34285714285714286
be94e5b7a35ce5f2,0.7069403957079948
25b8c932da5e91f4,0.5
26fbf026beb8e9f8,0.6480904580593054
54e2490959f66dc2,0.689615756616548
9201312dd860fa5a,0.610215999437135
96b1430379c0694a,0.20585295716364782
8cf076524cad5a55,0.7824011456758693
17616514e8fdacb9,0.4831460674157303
f98e954823bd6e02,0.5442604680783314
b12bc15f384ecc42,0.23809523809523814
82243207b4dfce87,0.37908496732026153
8f7328fe18806fb0,0.6053006554573952
05ceb8b2f93993a6,0.5203045685279188
15b1c7ddc4415fdd,0.6853448275862069
931fd51ab69fb443,0.45017894142022974
990c2378caec68d4,0.5263157894736843
e175c1a0bff30187,0.5
1d892fec31dc7ad7,0.5776397515527949
b9cd4910f0ecff45,0.3790849673202614
c3b6aa47e7532a7b,0.6781609195402298
4a704dae3091adaf,0.6636481241914618
3a4e2dffcdd1c838,0.7241379310344828
c2ee423d1f0b4f6f,0.447405997144217
6a0341234ecc4e87,0.5798319327731092
3eac2d47ac252f4b,0.3418803418803419
a7315147a7022a93,0.34512983455680946
11a83369d49ad138,0.6279373368146214
bc86601cf781a89c,0.5914733980829453
7de9867b7cc2b1b1,0.3158617532616159
fd92fe0c494d0959,0.84
15c9cb5f9320c555,0.4739134147382803
c06d7bb29bc24d00,0.7925157465728047
04a788abbbd1f256,0.6279373368146214
f4363f1317b47213,0.43795620437956206
5980ab31e4718a83,0.3418803418803419
ae5d14a9fc1ad19c,0.5711159737417943
873306ad79b62f5e,0.5564206704224297
2704d31de2c2f43b,0.5882115462252725
d170f6580e1c244f,0.33099297893681046
7ad09f889d2cdb6f,0.6581196581196581
50ef636148fa6fac,0.679245283018868
e2abba69c3371618,0.6428571428571429
c096342c57a6f2c4,0.3207547169811321
4944437e73071671,0.46753246753246747
d15a87087b6f1452,0.6345305608065531
70aa6b8f863e6861,0.2758620689655171
01f262b68a6a2223,0.4572564612326043
18c67631b76c18e5,0.7395517867958814
bb7ce8a6ba7f7cc5,0.7241379310344829
03bdbf2d18f3025d,0.7065820777160983
a6828a6dfb21d33c,0.8122418325197146
e8adfbbe0053c321,0.5657167468236308
8a7b0cd5ad9ca4fe,0.3571428571428571
d0ebb0551377a1c1,0.5427435387673957
2efbcd870f1f7bc7,0.34929577464788736
edac9fd482177a64,0.6345305608065532
afc86d1076c4c3a9,0.6548701654431905
9e45cc594a5a2506,0.783098015142214
dcfbbebc0aee6ded,0.6636481241914618
a043e279434d5c8c,0.6279373368146214
68cf99b6551dc3b3,0.5108342361863488
b8a0047c927faa75,0.8250000000000001
55bf7f19a132e0fc,0.447405997144217
b1eff235241e719b,0.5564206704224297
39d188fa9b95d550,0.6428571428571428
0aa335dbc4cb3473,0.7634625062908907
8317208cfb030ed3,0.5711159737417943
390694c179f05c7f,0.447405997144217
48292a027df02443,0.7107039537126325
4b3af85b0df51d09,0.6507042253521127
6002c24f0b7f8cc7,0.6215278252196368
2220b73ece1730c3,0.6428571428571428
41622791b276ad9e,0.5366306721917165
ddd63237f1b857a6,0.7195253505933118
71b81d8199a0fa19,0.4117884537747275
646eeca9447c6965,0.5711159737417943
0992795fd0fa06d0,0.4782608695652174
ac9a8b73e58f3d71,0.5217391304347826
e27c28928ed4390f,0.6841382467383841
998296216e7171ed,0.6636481241914618
7aebf01b5afc0109,0.35714285714285715
444f0a732695dc81,0.2714333002317114
1fee9eca658d9808,0.6279373368146214
93a1cd50374397c0,0.5711159737417943
3209bcfaf95de90b,0.6888888888888889
f67aa0b16e16a9ea,0.6841382467383841
f2c82f027201ba21,0.4572564612326044
a850ba762f3c5334,0.2758620689655171
0b2c3c4306620d6d,0.7362296353762606
a33ecd2c88154890,0.5882115462252725
fdfe4e7cb2d0b665,0.5962732919254659
25d4376e00b16510,0.31111111111111106
627c0a50cff30405,0.46753246753246747
8d634c9240f161dd,0.6690070210631895
24ff385ca78c80d3,0.7697368421052632
6a5eb525331fa1fc,0.7328244274809161
6d8da45352344964,0.3571428571428571
34d2632fd26e7078,0.7900763358778626
1820fed0fbcf6294,0.40372670807453415
00bbcd4a6d647fdf,0.31111111111111106
512af32553d9bd70,0.5324675324675325
c5dfce1eaa2dc169,0.6187175043327556
f5dd0a24a7dba53c,0.552594002855783
6a7347d1da8a2b87,0.6792452830188679
394802bb096b403e,0.4782608695652174
2f82e8079ba354f4,0.6581196581196581
ffd8e8575a551875,0.6841382467383841
26202a4bd36d3fd2,0.7195253505933118
c9c79de21823d941,0.5882115462252725
2ef09c8fe29251ac,0.3158617532616159
d6b5a6ad27a730ae,0.7784405624201108
78dc032441394331,0.6345305608065531
3d790112d2e6d851,0.46336932780828355
db2c805201a3116e,0.4201680672268908
178c4926223dca0c,0.37037037037037035
3f71ac21472f994c,0.6215278252196368
295a0bf12a7373c0,0.5657167468236308
00fbeda449926c13,0.4167769251124636
4ffbadfb86284af5,0.3111111111111111
8a95f0e3f9111f0c,0.4117884537747275
37fda56a435a9b24,0.6507042253521127
fef29aa73bd5b907,0.5427435387673957
cfbaeb80b5ff7c00,0.5746439580499062
969aa613824c5dfe,0.6040343668285393
6655a8da2655f2d0,0.4253560419500939
ca22bafab913aae7,0.4848162769511084
be2e28ba3bdeb400,0.4675324675324675
5573d46130d6b967,0.4956702459300312
2b894d87ad9aae05,0.4782608695652174
bfd672cac0726a9a,0.3257962557743739
1f2f27b36e79da74,0.5620437956204379
de332779baa1b103,0.6636481241914618
d16f7ab4e28171ea,0.5427435387673957
16369fa06392f6a0,0.4435793295775702
559c0c3d752f327a,0.37799472439017756
138f719d370e8ba0,0.37799472439017756
ae0afbff5ba07a34,0.42888402625820565
7f8340dfe4220c3e,0.5467333541731791
3627f5133ce55902,0.7490483575355985
e624d85a0d718578,0.4675324675324675
b381dc272b32ce03,0.7550141337999732
c7cf2194fe5c751f,0.6742037442256261
d44a814b106b94ff,0.8027415580073554
82d48296fd06c27f,0.8064516129032258
2c0cddd12deb7450,0.5126539564703898
f187c7ec92f43828,0.6053006554573952
bb6438338bb8aebf,0.5689655172413793
5c0e5d850d8e661f,0.4599960684096717
9252ad2304fd9a26,0.3946993445426048
0716a38768a34789,0.36585365853658547
23b943e9ce495f0b,0.6611909650924025
827aacd14f80e8f3,0.3388090349075975
419d1e29668b57fb,0.7473182359952324
73a83b2595416f0a,0.6341463414634145
58c5d506181812fa,0.3560327776207968
6cd44e1b2d093ea4,0.6665837272953471
0f51869f98afa6c0,0.376996805111821
b070b8c2c489d838,0.7913043478260869
43dfb2c1e5fecac9,0.649890590809628
4560734220b96851,0.3054989816700611
7d2051c6bae907cb,0.4297407912687585
9127a6430e46292c,0.5689655172413793
d66164d2c770da68,0.6702870442203258
34d38d77c1d3f00e,0.6695178849144635
d4ad90ac58429b64,0.3621495327102804
84cde29aebf6c00c,0.5064069707842132
dedb74ee9d84deab,0.5287958115183247
1b4d5dbf5f663a97,0.5888285492629945
50cae63d530ede7c,0.4128584935392373
6fd9a013cea5a403,0.6853448275862069
a83ebbf013905949,0.6611909650924025
d3c0dfa57950aefd,0.5689655172413792
bb1ac382e0277b3f,0.5263157894736843
2bdf774dc8b17504,0.38560064716192527
744627aec853874e,0.31465517241379304
53ed3f8f653b37b2,0.5521660920401739
87c8e086c29ae543,0.5871415064607627
e8fd128286788a6d,0.5721476510067114
1e9f081a84e7ec18,0.4599960684096718
d684d8b02ab53031,0.40488285692622644
78afed76d0e9a639,0.5776397515527951
d40eae4425092219,0.6258007230291115
ce0fda34122f3d48,0.3388090349075975
c9283da5f4d7aaf4,0.5562373308497234
4341ebb5a56e6943,0.6781609195402298
85099c6378ff87c5,0.5475460122699387
086c2a0cae0835c4,0.7161380760469599
81de3929330076d2,0.3304821150855365
d988760df61f027c,0.6596858638743455
0eac7075bf3d7ab7,0.7475083056478405
5357dab4d331eb18,0.6053006554573952
23c7c6ceee34585f,0.5689655172413792
7d0ce28ce8a77eb1,0.5297741273100617
8245791a3d3403c6,0.4128584935392373
53b480b44b0b51f1,0.5367573011077543
dbcc5b5d568efa8b,0.860759493670886
7070abfa26c079b8,0.6209150326797386
96bbb6c573dac27a,0.6191744340878829
07468b6347ac5e3d,0.6665837272953471
858feabaf429a963,0.5126539564703897
5d5bf07dbfada0e3,0.6359223300970873
1aba46988c9b58f9,0.5871415064607627
ac0a1d87e9ff4085,0.7207267833109018
7d4c160dab6eae73,0.863013698630137
f0b83b05f3dd9580,0.6211096075778079
72105dd82d964e7a,0.701195219123506
813444e109995c97,0.6507042253521127
940701effe1d2b6c,0.4201680672268908
8151659b2bc16f0e,0.7153024911032029
93d5452726f5f364,0.43795620437956195
49876b12d440af40,0.2771206488678607
7d0874323bd1f768,0.23277042446371518
214b268e4a92f950,0.3492957746478873
4bb77b1d8efc53a9,0.2727272727272726
1bde9cb65d31cc76,0.4170073589533933
7c3ad06a520b8716,0.4117884537747275
43c391b251337c9b,0.6755725190839694
4911094a4ee26868,0.5
dff1dbb8fe1f31cb,0.4117884537747275
1be65a0d2c1383f6,0.38848920863309355
cade0268dec56f3d,0.6581196581196581
c13474b85d3ced32,0.7672295755362848
40ce202eaa78860c,0.5217391304347826
8522bc62e8d942ab,0.6507042253521127
e3ecb94228c2739f,0.37889039242219213
6671b567c4eb9982,0.5882115462252725
9eef9b7967991296,0.3042300479266513
12ceec9431fb0827,0.25787965616045844
96c51bc6316a4b47,0.40372670807453415
1978b44503c3d9ff,0.43795620437956195
fb9095887dca34c7,0.39596563317146055
bf732e22055e8634,0.7272727272727273
980927e7dcc131c0,0.4891657638136511
efe985e626a0d8c0,0.4891657638136512
962aab0abdd34173,0.4675324675324675
3d75081ce43774ca,0.5
dcd0793ff1a43b68,0.7104677060133631
f2336b7545f5f442,0.42888402625820565
85c5dd604d5b3634,0.6428571428571429
9a678f346946b6a4,0.6704377766847024
cce232c1b1b2e4a0,0.5108342361863489
af9927b5589e708b,0.7421203438395415
f536ba47f006474a,0.5711159737417943
3a9e0fed344fd07d,0.6115107913669064
47230f9b5d7ae037,0.35714285714285715
e1897ff433134cb8,0.4201680672268908
755d84d5f4aa4dbf,0.562043795620438
0b47788da6de735e,0.6115107913669064
12d2b282561b5e5f,0.4782608695652174
bfacb44c24bfe0e9,0.6115107913669064
92d39a17e34cf581,0.4117884537747275
5e2ce5aa3a92c2df,0.6115107913669064
8badcb2134c1cdaf,0.4117884537747275
47a157222b2c9092,0.6040343668285395
5cd1869013741767,0.46753246753246747
5086f9fb4fdc2f60,0.6428571428571429
ed64e42263bf50bf,0.5711159737417943
089a17e450cc98aa,0.42888402625820565
ad3aa9520131ff2e,0.8088235294117646
1de342e9309c5f0f,0.18711018711018712
e24c8aab497b4fe1,0.3042300479266513
58d5e4afc2dd35d1,0.5108342361863489
0f3a91caeaa55094,0.6428571428571429
2cb9ba68fc855f33,0.7880184331797235
ef4484943b1c68a9,0.4201680672268908
be4890f4aaadec28,0.7191400832177531
14f2bb86fd888e91,0.42016806722689076
b977ffcc6428046f,0.6755725190839694
f09912e9d8eaa968,0.5324675324675325
ad81be01a461c936,0.40372670807453415
8fc238e84c4624a7,0.5711159737417943
06c0c7dda5a5909d,0.5217391304347826
4fc128b1bdf088b1,0.8259833134684148
3f76035e52e8819b,0.35714285714285715
a7c38d4d66abf923,0.5962732919254659
d1621b3da377f34b,0.5798319327731092
4b5f9b7c31d1205d,0.6115107913669064
13a8ddb1c3f55ed4,0.8579439252336449
576b795e33ddd62d,0.35714285714285715
401f5f4714132d50,0.6211096075778079
d06495deb1ff1750,0.5324675324675325
2d42742aade53799,0.552594002855783
dc870fab1e0f15e1,0.8259833134684148
0ce63c2148e70b4c,0.7775930160049885
06b3226c34c17001,0.5108342361863489
eb10feae98ea7d36,0.46753246753246747
18f1b88d8977c216,0.6211096075778079
7233b2a56438d77a,0.8935018050541516
92e006a93f983fb5,0.5962732919254659
f4df74046a1c4364,0.7553516819571866
f4a2806f77ac1cdc,0.6581196581196581
bc276e0f07e30a54,0.7228793511321392
b3c23fb2d71bba51,0.5798319327731092
f085f32bbb3220e1,0.6581196581196581
e7bb37681652c2c2,0.7619047619047619
7abc4520f63f2c06,0.4891657638136512
d8189169b2c8a2aa,0.5711159737417943
73f6b72b4889088f,0.8029168309026409
7484298ad57099be,0.40372670807453415
37c484012ef24a5b,0.5798319327731092
9c33c8d4a381ba70,0.6428571428571428
dba710edbc3c29ff,0.5427435387673956
a00b4e82f9d4f92c,0.8335570469798658
3b7eb8e56052a2af,0.447405997144217
6832e9e62da0f9d3,0.6957699520733487
16d31775a8dcb31d,0.8404669260700389
dfa2f5c821a52c63,0.4117884537747275
5f444eac11e55161,0.7054263565891473
c1e5859053263811,0.5882115462252725
e7423a91a253b416,0.7153024911032029
149d6b90f33634a4,0.3571428571428571
d5ffdb5388ffabc6,0.725752508361204
20f19439e9b100b0,0.6301020408163265
38957d8eb185391c,0.3571428571428571
6101249c2cdd1493,0.7001620745542949
777c65184aa63894,0.817258883248731
df16b9c2fc9722e9,0.6428571428571428
f526892a27b50576,0.7342398022249692
ddb927b0dfcfac2a,0.725752508361204
330e67abac6e5ce7,0.43795620437956195
188b63ec6ee1c1c9,0.4675324675324675
d9ca00b3c62a874d,0.7054263565891473
b193e2317b21125c,0.7272727272727274
a2e1116a9fe84aa9,0.25107991360691145
fefa96b6d939ffea,0.5882115462252725
e3881a6895be3e9e,0.27272727272727276
be8bee783d22bee2,0.3418803418803419
cf020c71f1dbfa0b,0.562043795620438
814d481e79e9a525,0.552594002855783
860be3cc82895177,0.6428571428571428
69167b996ce7a7e4,0.5711159737417943
98842f17dfe4b4ef,0.31339660119178986
587d373f18f6c8c0,0.5324675324675325
e078d18fa9ed100d,0.6755725190839694
88256dd5a9aef1cc,0.552594002855783
d44d735e5079bfb8,0.7672295755362848
1fe58cdab57d233b,0.6957699520733487
85f920746c58d0a6,0.34929577464788736
6d7eecf4acecda2a,0.6115107913669064
acec5f4c6fee1ae2,0.5882115462252725
61d9eff5fa4c8578,0.447405997144217
7151ae256e6c181b,0.4891657638136511
919fb76d2f3e5827,0.3042300479266513
18edff5447989b3f,0.7191400832177531
5ad4c0eae7512878,0.8178217821782179
13e3e41e0c6f4e04,0.6912521440823327
987cdcbc809e210d,0.7775930160049885
58b19ba734fe93a3,0.7489200863930886
d84968d7e9fcb4f3,0.6040343668285393
41cdfea7df63003f,0.5962732919254659
768c86e307295944,0.7553516819571866
efc6af0151f72b87,0.7011952191235059
92c49cb075f612d7,0.5108342361863489
156f2425a937b22f,0.6957699520733487
4a5e5232346993c7,0.6581196581196581
6163c18411aca830,0.7727272727272727
31b3ae9352d9389b,0.7272727272727274
19722043e7eb4e39,0.4782608695652174
c634ed84212723ca,0.6301020408163265
a260238fdb9c47cf,0.6115107913669064
999a0fad4c82148d,0.6507042253521127
385101e8ad828c39,0.7054263565891473
fa3b28ff3585b4a0,0.26508226691042047
095a351dd6f09f7e,0.5217391304347826
e25875165648162b,0.46753246753246747
88cc78d2d5d6bcaa,0.7619047619047619
73d541adc2909dc8,0.7619047619047619
8081cb92f71401c6,0.6428571428571428
147e984aa34e3028,0.8335570469798658
1013cdbb6c9a4a2e,0.3959656331714607
e6ce8360ef43891c,0.7489200863930886
8636b67096df4b27,0.40372670807453415
73c97d5c314f1270,0.5711159737417943
0273dbd5dedbdbe0,0.3244274809160306
c0518d213b67e754,0.4782608695652174
a27a355f52883f3e,0.7619047619047619
66eee2320e900a8a,0.7489200863930886
2c21abbc28e3876a,0.31818181818181823
81bb4d9b214adf4b,0.5324675324675325
18f19b1422e8154b,0.4782608695652174
50bf4bb2f8d9aba4,0.6301020408163265
bb15c0a2911043bd,0.7727272727272727
1cd8f5a107f64e39,0.4675324675324675
9b9ef12603e820ec,0.7054263565891472
f592f168f3b8b807,0.4572564612326044
fd60e75303622e5e,0.5
450534f9fb9b13cd,0.5798319327731092
84c68c4c387d2e32,0.6040343668285393
1ff89e2a9cc2f2d2,0.289532293986637
8dd086e2e70144fd,0.7553516819571866
3109d1151f149aaf,0.4572564612326043
a38648a1c190f9be,0.5324675324675325
b3847772199e2639,0.3634123806590699
5d64044b985004e7,0.3418803418803419
9e5bbbacf1d92cb4,0.2510799136069114
657b7da9c89352fe,0.6818181818181818
723a8a8c82cab1c8,0.6211096075778079
376dddfa82debbf4,0.7272727272727274
405bded9cc7a7c15,0.5711159737417943
3fc8afbb23b9ac16,0.6301020408163266
42b28adbed6966b7,0.38848920863309355
c74b03337a8441ed,0.5324675324675325
1ce1a43ef68ffc7d,0.3959656331714607
b22eab3aa1522f40,0.4572564612326044
0b633295d9e017a3,0.11980440097799505
2d0d13dfc6c37ba8,0.4572564612326044
795aa42785a46643,0.42888402625820565
8c01b7dccc4d0926,0.7191400832177531
6537a32e7af905b0,0.5427435387673957
abb8c6c0a057184e,0.5
50f2539c73b98eec,0.5324675324675325
9039762cb9f4abdb,0.7228793511321392
16243b1470887cb6,0.6428571428571429
fc2a30bfb760bdf8,0.4201680672268908
537a5aa4c248830e,0.6040343668285393
8bcdcfb0f93f1409,0.3571428571428571
505397f405e40206,0.7421203438395415
4b7ec02b39fc6f70,0.43795620437956206
8b3b38167060b1d7,0.3295622233152976
2e200563dd7c4922,0.7104677060133631
a43dcd04788d95c7,0.7153024911032029
730f14ccff80f3b0,0.6818181818181819
2a5484a6d5e7a2da,0.5962732919254659
bdaca0a96d44438a,0.6704377766847024
fc0927c657c51622,0.7272727272727274
dd552b389152636a,0.3959656331714607
b4f88d65b47c2a39,0.6704377766847024
85d9a516c3c6c205,0.552594002855783
a760d0f5de2e1aaa,0.6040343668285393
ea76a3af8c5ecc55,0.562043795620438
9dfcf675cf2c1575,0.33635187580853815
3bcbb0e039f4f5d8,0.562043795620438
8d89f3b8798f444d,0.5882115462252725
b5b5156c713c5d47,0.6636481241914618
8693027377658e61,0.4117884537747275
e8517ed0b49abc37,0.42888402625820565
3738135e4c9d8273,0.4675324675324675
7c2a02b5ea169b54,0.7553516819571866
3a8c0158d910546d,0.6581196581196581
e786542667fdecf0,0.4088050314465409
cddd3d4febe097f8,0.3634123806590699
5ba543efdce072f5,0.7183098591549295
80f65ee9b6f8d63b,0.6211096075778079
453283e947919ff7,0.5
44a55ba1de2b30e2,0.20000000000000007
0669231ebe3dd560,0.7764402407566638
9687021e5c4d092a,0.6912521440823327
5da7168ac2ff0e1d,0.6428571428571429
4047c2e259529179,0.5744680851063829
0a0beb5aa9810de4,0.3698979591836734
4b67a1875390e7ad,0.6818181818181819
ace166f26c2ac2e8,0.3698979591836734
6b4c2cc27855506a,0.7054263565891473
0730c4e6fb247fa1,0.7619047619047619
0489b42ac0ab6d4b,0.4653465346534653
208c5dc52ccfd47a,0.7228793511321393
ca8f73d038c4d6e7,0.7228793511321393
bb42336d6417914c,0.3959656331714607
18a1617ee7356352,0.5962732919254659
238832b58a66ae07,0.5798319327731092
81c22cfa22002ea4,0.49024707412223667
b1e048825b5bbe1c,0.7421203438395416
a0ba726da4a50458,0.7775930160049885
3bebd99d5f94bec7,0.6957699520733487
19e742ccaa09cf08,0.7349177330895795
c16bda7548181613,0.5
821bef3a3394dd96,0.34929577464788736
6708f3a32861038a,0.5962732919254659
f7865e5a6d009a87,0.6636481241914618
99fd8396cbe1df03,0.7349177330895795
93026443e5140415,0.7054263565891473
958799d957945a3a,0.38848920863309355
04e2d50c24a88dbd,0.5882115462252725
25da52bc590ef664,0.6365876193409301
e36a5d4d53b97d4e,0.3959656331714607
2d8db91f91f68069,0.6507042253521127
33cc40fc1da409d3,0.46753246753246747
ea63f56779100678,0.6755725190839694
528c208293bdef13,0.7421203438395415
8cd583f6d10692bc,0.7421203438395415
01468f766dd7385c,0.4201680672268908
c4eb14c3de579842,0.37889039242219213
8515f07911765f89,0.6957699520733487
84d633d4a9fbf331,0.43795620437956206
f087a10a6f2bcc99,0.7191400832177531
cb1f27818d46af0e,0.4891657638136511
901e62b7af57f559,0.7228793511321392
c5d5fcf290cc029e,0.7727272727272727
181ceedcacc01d48,0.6115107913669064
d03d0abf331df751,0.7228793511321393
838bb84a5a976a9c,0.6301020408163266
abd45edc07a8d9e3,0.6115107913669064
43b43c5d439b2f98,0.7775930160049885
cda06ff86cfe4f5f,0.6211096075778079
fce6ab43b7d09aa4,0.5962732919254659
9321b3c90ea5ca6c,0.7191400832177531
ee278a5a25744cac,0.447405997144217
c6fc43c351b08bda,0.39596563317146055
59d44b6888885500,0.872093023255814
c420c376cc1d149c,0.3295622233152976
36d9337a27b71ba9,0.42888402625820565
d5323490163dde0e,0.6365876193409301
8aa16cc1ba99aac1,0.8259833134684148
70b8d357e89383bd,0.7104677060133631
23eec2d9cb2d78cd,0.42888402625820565
463fac0e48505b62,0.5882115462252725
226884e46a10865d,0.6581196581196581
3b06c512abfa0494,0.6365876193409301
26fbee4ed13ff35d,0.4782608695652174
b70313eae7c24b27,0.6301020408163265
5cad3ab6553e9ec9,0.5427435387673957
b55de7d791b9f62d,0.7489200863930885
9cb78122a23e6a7d,0.42888402625820565
b400c29fbeee0206,0.40372670807453415
f10c2c84652ef573,0.6428571428571428
06641a8c62e45661,0.552594002855783
ce3d94186567a684,0.5
bcd1e1d71a172d53,0.8029168309026409
5a878a6bebc973d7,0.562043795620438
a200b5dcbdd2506e,0.8209718670076727
6e705b2365bc03fa,0.3244274809160306
ae989e21c3839b49,0.7421203438395416
766b4f5e77ab0860,0.3571428571428571
53d0df57a917c6a0,0.5427435387673957
5e378c52f26935d6,0.2846975088967971
4c7e55061dc3bf89,0.7925457102672292
c4e866d9dd606faa,0.8209718670076727
1b650c76387c0f4b,0.7191400832177531
f3c37e23ca30c87d,0.5108342361863489
410e65e4d1782bfc,0.21739130434782605
3f92025b29e06bfd,0.7054263565891473
f6afaf2a39fa441c,0.447405997144217
bb31c77bddd1317e,0.298804780876494
d0b7a79d3e7f3362,0.4117884537747275
6ed495c177d69a3a,0.8720930232558138
3ecccdab76baa59c,0.798845836768343
82b2b97b85c7225c,0.4675324675324675
97e522591ac7eb29,0.42016806722689076
dc0ab34f1952cb48,0.8209718670076727
9a8964b148cb5923,0.23277042446371518
394b0347b0438622,0.798845836768343
15311d4b33d93004,0.46753246753246747
7c6ed5b3d830d0cb,0.6365876193409301
88c6e7f71b79fd65,0.5882115462252725
7458a37feabf8788,0.6115107913669064
278b965694e563b2,0.42016806722689076
9e52a67410f2c879,0.5324675324675325
313c36ce9bde6cf6,0.6428571428571429
6d4b6224f26572f9,0.37889039242219213
a0a120c50d93f70a,0.4782608695652174
7c5fc3fc7be4a997,0.37889039242219213
4f6e7159e77d4215,0.8259833134684148
559031e51ced0b53,0.6507042253521127
b09f8cd4cbd7ba56,0.6301020408163266
c20e6697335c3b3d,0.8029168309026409
74c58b9d638c5eaa,0.8178217821782179
0987b3f785e26d1c,0.447405997144217
1ceab8fa45996f51,0.7191400832177531
eac46cfead228e11,0.447405997144217
0daf776bd222daad,0.3244274809160306
3a3ac7b3987f6799,0.6704377766847024
6017351e164dbca3,0.5324675324675325
a45d4327bc82bc28,0.6211096075778079
173d576e6247a88a,0.5108342361863489
992e84bf59837e21,0.6581196581196581
9b8a82276f06829f,0.5324675324675325
e8c57c6259193466,0.8259833134684148
926977ec3ed0ebe1,0.6636481241914618
e4d946470fd150fe,0.5798319327731092
6a4ba72b084193b5,0.46753246753246747
7cf7960c6ccb5fa1,0.14754098360655732
5ae5eb729c6bb169,0.5108342361863489
eb277b5ea2a19124,0.5
632c2d4ed12f2bdf,0.3087478559176673
7c8701bb78cb4de8,0.6581196581196581
760e3f292b834637,0.6040343668285393
6b956992204ec040,0.6428571428571429
d2484d74f819d813,0.9128630705394192
7e4b7a70838e5ba4,0.46753246753246747
5b731da9e4be4391,0.5108342361863488
9217ecc287ac482d,0.6704377766847024
80cf37627a129145,0.3571428571428571
7d4e49d8a6678157,0.5427435387673957
9d61012a6020516e,0.3295622233152976
a2ebb5f86eb64f22,0.7421203438395415
c020ccbd7cdefb6e,0.6912521440823327
8390441d93736719,0.5108342361863488
6a902b97ac98c283,0.4572564612326044
fc4939b3c9071e66,0.3418803418803419
80ac36a9dbc4b1a1,0.6912521440823327
ff6c8dab41efcc09,0.5882115462252725
397dd9a8694ef413,0.7880184331797235
60d9d50b763adc62,0.5324675324675325
8289033e03b4d9a3,0.23809523809523814
88455c967a7ef6fc,0.6365876193409301
430309e0f8a315d5,0.4891657638136511
5c281439d20184f1,0.35714285714285715
2fa88b72973478b6,0.32442748091603046
43543a2c1c7a7135,0.7104677060133631
e240d6f77747ec46,0.552594002855783
b3248692dfb954b2,0.3492957746478873
7e047b195135ef06,0.447405997144217
8a1aa64eb1f17913,0.5798319327731092
f549164690d723bb,0.6636481241914618
22f1133d02700bb2,0.7272727272727274
afed0bac5ce5a2f3,0.2446483180428134
7a2c841693b54dd7,0.3418803418803419
5d4fb748ad246269,0.5711159737417943
f682118709b4143e,0.6818181818181818
5eaff5c832430378,0.5427435387673956
4a789cdd5aaf4439,0.636038186157518
cbdfb3c648d7bada,0.6428571428571429
1b4d0c9e3c59b33b,0.8209718670076727
534c07488396e124,0.447405997144217
3542f9f30926f364,0.7054263565891473
5136dc566f46daf6,0.43795620437956206
bc7228d30ff5be46,0.43795620437956195
7a635063e5f1699b,0.6115107913669064
aacb47949a572f25,0.7672295755362848
344d60564cd136ff,0.3295622233152976
3aa49ed298e4c34f,0.5324675324675325
a679800d2e7c3be2,0.6428571428571429
93969a7368dc2e14,0.7011952191235059
4f2501e804c84abe,0.4891657638136512
e5e75d831670b401,0.6115107913669064
04e6198326be4857,0.8467023172905527
ed32da52aff68944,0.5962732919254659
43d7d4b67be48553,0.5324675324675325
7e20b0536fbbd560,0.6211096075778079
a09447d185a62251,0.7011952191235059
59b2bbb251968ca9,0.7880184331797235
fd49f89b9d97566b,0.6636481241914618
049ad6d87b42eba8,0.8259833134684148
4305cb30533dac77,0.5962732919254659
d7a7ba46c4f075d7,0.5217391304347826
f115a91066a77ee7,0.6301020408163266
c94b153951be7590,0.3363518758085382
4a116a55ffaa0d64,0.35714285714285715
50eed57ea1390e16,0.7104677060133631
029f5c36820fdc09,0.5217391304347826
6e559181bfbc77e1,0.2883156297420335
1bc662949337a8c4,0.745958429561201
11e83902f5b8ff63,0.32721864154685176
4e6218b6b892b017,0.6727813584531482
5095f6290670009d,0.6067006554989076
20cefe64f4b28be8,0.7388632872503841
2c7c7648e847f2e5,0.30201342281879207
9a92d376fba2379d,0.5324675324675325
1378fc2be3819b2b,0.7421289355322339
5b5d7f7ae712c6d8,0.28831562974203334
8b5c760f34daafe0,0.8571428571428572
897d9e21c59d0633,0.6888888888888889
e8a5e53ffd33c0f9,0.3158617532616159
1f5f59924b59408b,0.3207547169811321
3c98739eb42f96bf,0.7853560682046139
c57c8e22a3e8dde2,0.552594002855783
029a12d36a4687e1,0.6792452830188679
28bd070f7ab0a0b9,0.8715596330275229
3f38100fd8dae286,0.5108342361863488
28be3fbe5c377380,0.4117884537747275
21f79cd40513d075,0.3510791366906475
a457331c27bce6d5,0.6067006554989076
8cc43d79b61efc25,0.46753246753246747
24a9fc95a3112f51,0.6428571428571428
2c73bf152247f25a,0.32075471698113206
a7eaf7b101166d3e,0.814385150812065
4047e98132306cd5,0.6211096075778079
0308bcdd00cc72e2,0.46753246753246747
12a33d16e1d4e2d9,0.5217391304347826
98411542ca0e847d,0.5798319327731092
459bc7c0b47719c3,0.6301020408163266
57775c8af89007c7,0.6067006554989076
99ac96bb67e5c5e4,0.7490483575355985
1c85003f6ec59c9d,0.7320852162685604
0e2c7ec02a095813,0.4117884537747275
be69cbf1f1671c8e,0.6547884187082404
6c60e58f8e9e7a4c,0.6888888888888889
bba6cc8760da34ab,0.798598949211909
cd63b4144a45b611,0.32721864154685176
c58b3223b5caa18a,0.32721864154685176
a103b30f6898de7e,0.6727813584531482
04e1ff7aeda2a018,0.4117884537747275
81cbb709dedc914d,0.6211096075778079
a652918360fe9a72,0.8515283842794761
478bc7d1288e043e,0.5882115462252725
fb3f5a65da9f2ac7,0.4782608695652174
7503d5c892f238fb,0.3634123806590699
e57bfadb506e4f51,0.7320852162685604
dd456668731bd52a,0.4117884537747275
8e4024cb49c963f2,0.3020134228187919
d439374c1fc95581,0.6140350877192983
4965d8eab468b839,0.3510791366906475
ebefe958473b3843,0.6888888888888889
74b8a36293758342,0.39329934450109244
4dd2bcd2b025204e,0.6547884187082406
a5d2f0fed3ce2899,0.4675324675324675
9f3326195672c2b9,0.552594002855783
b1af3bd0f8266a90,0.6067006554989076
d0fb381cacbb0446,0.4117884537747275
925a36a4af600291,0.5
8e02bdaac8ed50e5,0.7076023391812865
1ff520024da5b3b2,0.6428571428571429
a57969d4ba7d4a79,0.7942689199118295
47b1cd4e3e2595f8,0.5711159737417943
b0d06858fb725654,0.21920668058455117
dd6dbe644f599795,0.7853560682046138
f6fd50bf69bb59e6,0.8180815876515987
3d35f25d9792a69a,0.5798319327731092
2dbf9d8d6915711e,0.8064516129032258
a1029686c3f1bead,0.7156573116691285
e600b78e5a652dc0,0.5
1c84dafe38694c05,0.6604688763136621
72c3e5eacde4f0e5,0.6841382467383841
5a1ce88ec1f75160,0.6547884187082406
52f87252af59e23b,0.5882115462252725
96b62bd56b252bab,0.6365876193409301
058c2724dec1add1,0.8279205041202132
579b5770129b328a,0.3698979591836735
81a18de517a3336a,0.5990922844175491
189b9af881b96de6,0.6428571428571429
e492dc60d8e44866,0.8250000000000001
0366e183296fea07,0.5217391304347826
1ed550f094ca7745,0.562043795620438
66f7bb31d24b3b36,0.6489208633093525
a8bc6e005077bb0b,0.7355163727959697
a6b328733d610e2b,0.34521158129175944
36f38c2534ef646b,0.28831562974203334
2b11aa4b90b1dd41,0.5620437956204379
044d210d7b1eb519,0.7320852162685604
b530bb13aac1e48b,0.8715596330275228
eda397c27787afa4,0.8448145344436033
4adef20ce69217be,0.7388632872503841
b5274277ef6707c9,0.6365876193409301
a274ed04c36d40d4,0.4782608695652174
11cc331fa40ede63,0.6675191815856777
efd7efba85092c6f,0.2540415704387991
833d67f423315d18,0.6547884187082406
d19e010f071a4b45,0.5798319327731092
38b6ef176439c39b,0.27959653158732967
5f31f3e32669f5b9,0.25787106446776614
b96c8fef6c9f92db,0.7277768442278608
8986373b4a6e90b6,0.3698979591836734
f858f91453555291,0.7555791710945803
0823f97be9c3a62e,0.20573108008817054
7f9a331bc3100afd,0.7241379310344828
f70c817388602681,0.2679147837314396
2de6652160cc7b9f,0.7421289355322339
2ac3ce1f62b3c4b9,0.5882115462252725
2cd9e3796be57a79,0.5711159737417943
5abcf9f282983acc,0.8623188405797101
e0b98f3cf4a7cc3b,0.26448362720403024
0cf7a4593fd44e59,0.7076023391812866
4dac5258f22be059,0.40090771558245086
6b9f82291930bfec,0.8064516129032258
d497d74a0df9e35e,0.5324675324675325
810c9da07970c4a6,0.7985989492119089
b8ca1acdf3dc2f58,0.6547884187082406
20f316f96c9e4458,0.6888888888888889
1a191251620a84ca,0.5108342361863489
398db40015b3c81c,0.6604688763136621
acc9a109b00a99e1,0.4201680672268908
cf9035f2fc2e232f,0.7204034684126703
7bced112f3229b1b,0.6727813584531482
fd47032108b85cf0,0.3452115812917595
3e2f00991f511607,0.7241379310344829
ca7fd237c16cec84,0.46753246753246747
ce62a50e97d497f9,0.6979865771812079
7e8fd03e070d0c25,0.42016806722689076
0111e6a64b5184c6,0.8216159496327387
d3e23d7d207d3ccf,0.6067006554989076
989b8d362742f40b,0.6365876193409301
d869eaea38426f06,0.37889039242219213
0e6d624086f7952e,0.33953112368633787
301f230c90c4bd7d,0.8339277753009363
77acb96700e89c92,0.4572564612326044
bf334cb4e63f3430,0.18561484918793503
db3e26d02d790c97,0.7555791710945803
6010f681e54ba2cd,0.6211096075778079
a5cf273faa3982b7,0.38596491228070173
86d57e8ef2191316,0.4782608695652174
df370b97ea49e6b4,0.6489208633093525
bd06f1c2d7e6c4a0,0.4572564612326043
adb78db5ba8ccc0f,0.552594002855783
160c17b8fcb0e2a1,0.8105134474327628
3cbd3565dd631cc4,0.37889039242219213
ce5ebaf8caf8c4a7,0.6604688763136621
f521ecde1e96a1bd,0.3395311236863379
46b9acec12a35d37,0.6489208633093525
ec0740be19b2ef90,0.6428571428571428
35d06627d91b840d,0.22437307523097227
d9f5d05b07bae09e,0.5882115462252725
be73f75b52b06f14,0.5990922844175491
8a044e5400b4318f,0.5798319327731092
d33814971932422a,0.30201342281879207
7d0d2cecab358ba1,0.7388632872503841
a73e33dfce8fcfd8,0.6979865771812079
1aedd959f1523a27,0.8795811518324607
330506571d2778b1,0.6301020408163266
63f6af6d5f7b82ad,0.37889039242219213
de93fda66d203c26,0.6365876193409301
ecc56a86a1eead9d,0.562043795620438
8c9ff13791378784,0.46753246753246747
ad59e2de1ab5c8d2,0.46753246753246747
6c79db79da9ae874,0.28831562974203334
904cf687d22bb486,0.6547884187082406
1af23e7aa71a1d17,0.6675191815856778
759c55755d70f7ba,0.6675191815856778
96d4fe315722d1c1,0.21464393179538613
59695aae245cca73,0.6301020408163265
8252a314c778b8e6,0.5711159737417943
860050f211b44d10,0.43795620437956195
b4bbc1b7efa770f5,0.7644749754661432
60bd4d2878c85f70,0.6211096075778079
fac560495e61d34c,0.7076023391812865
84b04e8d6b251c54,0.8393782383419689
523815acf1bb2420,0.6489208633093525
1f0d4572e0facbea,0.6211096075778079
5c3c4bcc6c746ca0,0.2843426883308715
69f39e5d959311b1,0.31111111111111106
d325a1483d78ae75,0.447405997144217
2d36e2c10ee349fe,0.6547884187082404
f4d8266a42a41dff,0.6301020408163265
cea6760d7bfbe19b,0.562043795620438
1b204fc28bb023e6,0.6604688763136621
1e8c33b1917fe1b7,0.8866213151927438
4011cdf1f182804c,0.7807933194154488
a554a72bb0377213,0.5324675324675325
bf59d9f8bd9536f3,0.6301020408163265
6a7db3750822d7be,0.4117884537747275
98b7dd0ddc52cffb,0.38596491228070173
f32d918ee06cb83b,0.37889039242219213
5dcba156bd13e0c3,0.679245283018868
d6d141afdd31c3f1,0.6428571428571428
86dff1593d8b9a1f,0.2644836272040302
44abbf6b947be6de,0.4117884537747275
fdb9d29cf0edc16a,0.7807933194154488
abfc03893551ae73,0.3158617532616159
b279559f15ecf29b,0.5108342361863488
2664805fde34fb1b,0.7756269247690277
3adecfc4727a8d73,0.6841382467383841
1535fb6549fa8bab,0.6428571428571429
71afa8354da2491e,0.8623188405797101
2ab395e21080b10a,0.7584415584415585
5475f5b6bad40989,0.5711159737417943
31cb98ce37fd87dd,0.7023445463812437
cfca30d3ef3c86b9,0.7023445463812437
b87ac039e3b13940,0.5324675324675325
04f32bb0c0d3a8cc,0.34521158129175944
09afa6ce4747a1a2,0.6888888888888889
77c78d0a71b10692,0.5882115462252725
1f922cfe6178e830,0.5324675324675325
6f22afbc5f8e0bd3,0.3634123806590699
93da91272d4a7ce3,0.7807933194154488
65ce9335b93d9c57,0.6140350877192983
40707ddc9fdea500,0.40090771558245086
ff2e4b411f695017,0.5
7f93b2f38497caec,0.3698979591836735
bee95769a221af9a,0.6428571428571428
db026ff6eee4d174,0.552594002855783
c33257dd0605c7de,0.6365876193409301
c317f85a8266313e,0.5108342361863489
d0c01840c72429c6,0.8422090729783038
b4cfb34e8224fd77,0.5990922844175491
144443d4dbf43990,0.42016806722689076
594435375d641f63,0.6140350877192982
0f2983fe7753403f,0.6365876193409301
bd064deb3494b41a,0.5
a3696c847ef6c7f9,0.6140350877192983
33719a2d9c69ed17,0.5990922844175491
a419e6df765aa755,0.39329934450109244
f17813d03fcd8e7a,0.7807933194154488
5a8f7afc5ea69537,0.7697368421052632
972e17c1b98fca06,0.6211096075778079
a71764d5da04e3bc,0.3324808184143223
ca0f0a35a1fcb453,0.32721864154685176
7fbf09533c59e43f,0.4782608695652174
0c9faf26efe2cdcc,0.4572564612326044
7bd6969c4ed979f9,0.32721864154685176
92c1d9a6d313cb0c,0.2355250245338567
be977e524ef56aa4,0.8064516129032258
30abc50a2e71c576,0.6792452830188679
1114cd1515cf3b8f,0.5882115462252725
2cec230248d7eb97,0.7520661157024794
144cd3f62591a5fb,0.6979865771812079
11f65de5348e4bc4,0.5882115462252725
ecab8b8b36727b8d,0.6365876193409301
fd7421f421e802bd,0.7116843702579665
1779cc4ae925df01,0.5990922844175491
4e9d76ed54f1f352,0.7320852162685604
a346180c8b109469,0.39329934450109244
a1a5d06b0e7ada62,0.5990922844175491
2d9d966e0e8df232,0.5217391304347826
5bc31abb5842942a,0.7156573116691285
4ea48bf2407b405d,0.5108342361863488
ce7744d45a698aa6,0.6428571428571429
d95eeba3de7ecac5,0.7807933194154488
9c1a2ac64c98d2f6,0.39329934450109244
e0444752d18fda7f,0.6841382467383841
c960184a583f1861,0.3698979591836734
5f4e944ff1bdcd9c,0.2722231557721392
ed6203e849a2bf28,0.5
efc64d8aae5628c9,0.5990922844175491
8f00da6ea8186ce2,0.5882115462252725
f87a7812733f7e8f,0.6489208633093525
ccb7e2851319345d,0.7320852162685604
868c83e734dbbceb,0.447405997144217
c88a7dbe7717d2da,0.552594002855783
d4420be78065de03,0.43795620437956195
622cc4ef46913020,0.4201680672268908
a4c7d59d340794c0,0.8795811518324607
5a2fa552e70958d4,0.7697368421052632
5305049e4215d263,0.5108342361863489
76b6058cddda9238,0.8623188405797101
c9144a294c73b06f,0.7388632872503841
9f09e77e46f15766,0.8064516129032258
b6723b9c6ff4d594,0.7555791710945803
dde7d29cc443e263,0.5711159737417943
1c51f405e5c46572,0.8027415580073554
0221982930283140,0.8027415580073554
2d1ac675e6c1e6ea,0.6301020408163265
a3ef3d05ddd80a94,0.6365876193409301
5ad8aa57c8d69680,0.2722231557721392
8cdcdfb76d1670dd,0.7584415584415585
7ed9e8f3258446c7,0.6140350877192983
fffdc57255274be1,0.8754525706010138
354dc211166a3982,0.7584415584415585
911b73db91738da6,0.5
f09c3d8a26806761,0.4572564612326043
fcf385ae75191b57,0.814385150812065
1d35e4c0941d1397,0.43795620437956195
caeeb398f73d213a,0.7277768442278609
7a1abc0230af730c,0.29239766081871355
8741e6a3a5a22a7f,0.5711159737417943
c63d8062c89c4c33,0.2509516424644015
b1b20c686dfe3204,0.4117884537747275
765482eb58e8db48,0.6604688763136621
a8067e65eb737a09,0.825
98094a500529d442,0.6604688763136621
983fab4080743ed0,0.6428571428571429
a26ca06cce403ce2,0.8928571428571429
256894b49303537b,0.7584415584415585
2208b9f471a201d9,0.6211096075778079
4f672dd40867d8c6,0.7388632872503841
da22d5a717ae9e35,0.5217391304347826
ca2672e68fedf4b7,0.33953112368633787
8b7bc2af1e15b668,0.5
16dbe70eb7007f17,0.7520661157024793
a37a6b6f9551a6e8,0.7023445463812437
28af78600d6580f1,0.7900763358778626
51a12878b151d67b,0.7490483575355985
dcc3da324eb5f26c,0.4782608695652174
3f837b469ba33c7c,0.7204034684126703
3e90b7fd1e9f86bd,0.7204034684126703
dc6f69f923744948,0.4572564612326043
682ff095649c9a5c,0.6547884187082404
d45d9c7d60f332da,0.6888888888888889
c3a4187fc821bfff,0.8027415580073554
43ec12079ccc371c,0.37889039242219213
3d46d635f9ae5e68,0.6547884187082404
435ba9b407b844ef,0.7520661157024794
40781a64c4cea877,0.7355163727959698
2ba11e0bf32829d6,0.3510791366906475
d6357dab7ccdf2db,0.552594002855783
5737084215c45792,0.8515283842794761
00a94d5fc7ce55cf,0.6604688763136621
83fa3a382acc7bdc,0.6301020408163265
faac24c1b3d6368a,0.4675324675324675
a7f66f13f953352f,0.4891657638136511
63670e1b8f164d4a,0.39329934450109244
12d9b4a3931be5ec,0.8105134474327628
02615499125b4b5d,0.6211096075778079
636fd144716a3084,0.5882115462252725
a69afe4a88c0ca12,0.17499999999999993
22fc6b3f4e48cfa3,0.8064516129032258
2b9daf452ab40b9b,0.8986486486486486
ec490d4224d3bc78,0.5990922844175491
c2fc4c1e0c769655,0.679245283018868
009feda296ae589c,0.5427435387673956
c29e2c49e1e417c8,0.5324675324675325
0eb16f1307f66a11,0.6888888888888889
c3b9b97467f828d1,0.6727813584531482
cd20dac4daa4f93a,0.7756269247690277
0ccd2593c88209e4,0.30990833697075515
3b561a154aa2bbb2,0.42928940388105546
d6945828f5fa7492,0.6027039848197344
b9539d5e379b3edc,0.32221379833206976
2c58a97f2fe6c985,0.8869565217391304
8d5b88e0ff253617,0.5242214532871973
e9c6bac0d1a5ec0f,0.6946564885496184
804c350ce714770f,0.5545152521896708
3cf3771274a4f8b1,0.3146067415730337
c4e4954beb59eca6,0.5634920634920635
c3af2b6ab1262fef,0.6183206106870229
ccb5e29cd0347110,0.7212543554006969
c483ac06b1e33c3b,0.3158617532616159
90a83875e1d11238,0.31460674157303364
019b4d006800504b,0.7612732095490715
dd9cbf6d6284de26,0.3779812606473595
5e9c027fb24efc2b,0.6853932584269663
13f5be7a2ea5577e,0.8152295632698767
cdaf65287d9a0ecb,0.5044523597506678
9f8cf5ac0807d64e,0.28644876973925815
f40ac11da3bd7f8e,0.8606016140865737
533984c3ff4b4858,0.6183206106870229
38094db8e3539cba,0.615032080659945
6068385c48de6801,0.7946544980443285
8a3e7085e8e5a6e9,0.6700774600745912
53d6d5ad08ac0694,0.252808988764045
33fa6793a7f984ac,0.5545152521896708
1c2d0db1c9eed052,0.6805555555555556
bce8ece2ff26b4d4,0.6564885496183206
9433730f95d52fc8,0.700162074554295
2f382615155e32b9,0.40868534348287266
c6cc6ae23cbf8a27,0.27424749163879597
b9e037a45f8850fb,0.40347230712801074
07e39fd5f4f23270,0.4757785467128028
6f6fec9c78244174,0.4910905203136137
71ea7d7985dad804,0.7900763358778626
678d27af287476f8,0.3484712230215828
3165b03ddc6d3b6e,0.6946564885496184
2cb34fc074f7a9ae,0.2998379254457051
bbc76ff9e1b1b142,0.5427435387673956
95349402616097cd,0.5857068876229932
28e3d939eb043664,0.6464178066311153
780147f2ed2637d1,0.6900916630292449
d7022b6058dbb26b,0.765438008616563
0810cdbeb9dd4d02,0.3932454314133703
355a2f4090c0ca31,0.2998379254457051
6049301b4deea035,0.6067545685866297
83c81018bb3aeebf,0.390291151501339
792f139c2b9fd294,0.40663024584057605
995e79b951da945b,0.5403677058353317
d856812dc733690a,0.3484712230215828
bdbddbc00d07dc4b,0.7135512302607419
b01e6e97d66681c5,0.6411483253588516
bbde45b2c766bb67,0.36388670338316287
50e675146cda6e7c,0.6613039796782388
68c1b833ed8849a3,0.5369611539091952
cef255a992ba7af3,0.5403677058353317
5de3a1bbcf705b58,0.4142931123770066
119559fd8124fee3,0.6301020408163265
8b2b2562884821a7,0.4493432675320685
856468ba24a37fcc,0.45326664582682086
d00d5ef4ae0ac01b,0.40663024584057605
20c0f50c11509301,0.759493670886076
06d9fb9c995f1e4f,0.4846032025338729
16628e25a043043a,0.40347230712801074
034cbbec91f67852,0.8219814241486068
01aa5949ac6851f3,0.5153967974661271
8beab5f941dae8e0,0.48017621145374445
a941c4e25ddddfff,0.36388670338316287
277233ca9ea25674,0.4110112789141655
2b1ac5d8f98639bf,0.4328697133125177
ecec1b0dd64ca2ae,0.765438008616563
37ae5c09d6f03f33,0.6853932584269663
e0e2c1fc1a178d89,0.41101127891416556
c02d44564cb006a9,0.3194444444444444
5d11b618f24082dd,0.5671302866874822
ca63933f8c898fa2,0.4328697133125177
f9345fa82bf43847,0.252808988764045
88a63555728c2025,0.46875
e434035be5453be0,0.5965276928719891
e3aad51099a23ba4,0.5217391304347826
ed707998b13d0101,0.42101042502004815
069ab7e7b8b5d262,0.8735632183908045
0c6e3c1f03cd4061,0.6027039848197343
3f8b4aeb3baf4724,0.3340184994861253
c3ca708aaf4262a7,0.6220187393526406
4c9bbd9758be1168,0.782608695652174
5f44d6d9e6bbecff,0.47577854671280273
2372578d3f554c65,0.6126207051426005
d22de60b7a3d908c,0.6301020408163265
93fb6c7e590487f9,0.5933697541594238
755202fce24b8f83,0.8037954326149888
c501576b8ec35758,0.5153967974661271
b0f4c7788782e26e,0.7212543554006968
dae2484418631ff5,0.7994561522773624
838a022ca5d99cc1,0.6613039796782387
f2ced83baf0457fc,0.33099297893681046
3387f430abb7e39f,0.7764402407566638
14e689e60419d469,0.41639557579700714
6ca856d1950d8f7f,0.32221379833206976
81fda78adcaedbc7,0.4548257786000616
acfcf75f0215b7ab,0.5153967974661271
cb9654746447b934,0.593369754159424
3638ee66c7d34fe0,0.6613039796782387
924f982f0d9d2142,0.5545152521896708
73700c8c5107f719,0.6734574519933716
12683e06369d1a83,0.5707105961189446
49bd9a2f1fbebd1f,0.5996387718242022
33007109c9ca1ede,0.5671302866874822
7d583e4002622848,0.5327882529617888
fb70b62915fdcec6,0.6386477179027017
eca400aeeb2763d1,0.4757785467128028
744cbe6e49d4f41c,0.870775347912525
8502f245aabd64ac,0.5634920634920635
d7ae0993c7a378ee,0.5153967974661271
7be3e513a31f6570,0.6183206106870229
e2f4cd4a9a579488,0.6900916630292449
913d8a35095591d5,0.609708848498661
4d0029ad31bdd85a,0.6564885496183206
a122968e96068800,0.47577854671280273
84f60cb00b8d4187,0.6659815005138747
5459c3bb88d031f9,0.5545152521896708
c98f62eb74e69bcb,0.564288063137126
ad7bd4b3ee923498,0.4390243902439024
dfc62aa72446e4a8,0.5467333541731791
72bb7605e340a8fe,0.4142931123770068
99808befeece3a8a,0.47145769622833844
69bc7ca8ce831731,0.7402209614810391
e9d5ffcacf7d8757,0.6613039796782388
46c67efd68a0b15d,0.7001620745542949
5311298f79414125,0.5889887210858344
47a5d4bb68352055,0.3265425480066283
e24b65cd8721349a,0.4672117470382112
7ee8b91d7f80f8a7,0.29556650246305427
947ea1122c04ba18,0.27874564459930307
1676c64a94be0557,0.5594871427548169
175d9e1ac0725145,0.4672117470382112
6c2199524d762b11,0.8869565217391304
5d9b84493f1ed114,0.4142931123770068
76fd6919d828d5c2,0.6301020408163266
98458778348ea5d7,0.6301020408163266
bc1be168c064f028,0.7135512302607419
7ba54a10f28c9496,0.4328697133125177
8ea12c7360fa0f6b,0.43650793650793646
9cfb84817a43b63c,0.6734574519933717
8794031c523bf534,0.6386477179027017
c3ef3cb03edde8bb,0.765438008616563
07cb64236ae7aaea,0.3588516746411484
582806c33ce6dcf6,0.33401849948612544
9124740fe7816d70,0.6659815005138747
ced01368259428f5,0.6067545685866297
42922bab8a3e1828,0.6813031161473088
8b296724a6844865,0.5403677058353318
c22de92b9d9030dc,0.5467012037178121
c2cdeb207cce5ceb,0.3588516746411484
f18d44292036d5de,0.370187561697927
fcc1191761e365f9,0.3588516746411484
7b909acede0a26eb,0.3650442477876106
f557405652165aa3,0.593369754159424
4dc5a41f357a7d85,0.484603202533873
0548a24a9bf8d7a0,0.6853932584269664
69f67a4a690eb15d,0.7001620745542949
dbf8a4b0870a47d1,0.8282442748091603
420f7e6530dbc727,0.5789895749799518
5b71958ee063a6e8,0.6067415730337078
3352c65f3f6d9b2a,0.819229761592874
b52dccbe69864d2a,0.5089094796863862
6adfe44b110c1510,0.5823742190069057
81b7a6aa147bd912,0.5634920634920635
e4620f3fa451a3a4,0.593369754159424
8362b372adb2f302,0.5742343084741107
eb30c9c975e15436,0.6411483253588516
b4cc389bb4af3707,0.6659815005138745
3624f4ae9c1d703e,0.7212543554006969
dae80502466c8726,0.771078875793291
57785c9be5b4526d,0.6515287769784173
cae7de0873e03947,0.6900916630292449
90e46589a18064bc,0.8064516129032258
743a04674ab72ee0,0.3510791366906475
9541cf21e031354c,0.6547884187082406
8104fe27bdc46914,0.32075471698113206
c4caa8a4f32a0eed,0.6140350877192982
3c4305abc2e302d0,0.562043795620438
b4e2037f180c1e0e,0.5798319327731092
d54ebd2a3435a357,0.43795620437956195
319b96f615a0a154,0.6301020408163265
89b96bc5f3e824c5,0.42016806722689076
8b341eb556c97c23,0.7388632872503841
a0bc695b35f155f1,0.5882115462252725
a8a4c9f98ff73839,0.562043795620438
c81d1facf185467d,0.5711159737417943
d918da575ee1bc35,0.5
c27e33ee8ef53866,0.42888402625820565
800a35b3a7e52308,0.5217391304347826
eff6ec2b2f1fb27b,0.3395311236863379
cbf1e76186a0c8b3,0.552594002855783
4327fe98e1b6f222,0.7555791710945803
e5ac7343b6d45188,0.6116504854368933
5116f9398bfca446,0.6755725190839694
7a8f218c07347c88,0.7156573116691285
554163b1c8c05522,0.7600000000000001
ec2358459ffbe7de,0.7571884984025559
2c54be25b09fce50,0.3962430290578221
79bfba62da6242a6,0.6037569709421778
2c0496a5f39ab8a4,0.5427435387673957
531ce3d8011fa1f6,0.33099297893681046
e5cb9dfc1189d77d,0.6574752261956054
bda7992779a005fa,0.4826358742837299
e346f2b7af63e804,0.4572564612326044
1b1fd32485861655,0.27792074112197634
c57a4810c932b296,0.6037569709421778
c2f730cb33df5221,0.6369041816941222
560a971c6ab8b854,0.42794036443953615
9a9479663bedf8b4,0.7335423197492164
2c160a1d1fdbf0b0,0.7477827050997783
9576d9cba5cf5c4e,0.7095435684647302
9479ba3cdcb1e513,0.4572564612326043
d5929b7fbc801ce4,0.6369041816941222
ca2aa660bea0cb60,0.6805555555555556
91a5480f48bfaa71,0.6750312469954812
e3573545220ca4ea,0.5720596355604639
ee796ecb4ee8680b,0.30920711694593195
845e38dfbfea6e53,0.725752508361204
78d2c01dc963f204,0.8
fd4d30036a3f3efb,0.644729178800233
621e6f0929a3dbfc,0.5996387718242023
1a95cc401f68f4c8,0.644729178800233
f995ed679ef8bdf4,0.7571884984025559
62d53ad8f8769666,0.3962430290578221
e9754f597ec50f6f,0.6309403437815976
96704d7ba3a452d9,0.84
c53b0f678fe2f16a,0.4572564612326044
dd617f6ab4916ec4,0.690792883054068
de89bea7b0dcd2d3,0.8677165354330709
5531317352862978,0.5996387718242023
f7bc845ce74f5fe7,0.593369754159424
48231fbd1af53674,0.5933697541594238
293c5f4c9aca5c54,0.5427435387673956
da6b863cf684e0ae,0.2491874322860238
977250a28d3b8a3f,0.42794036443953615
23865dfc8361ac62,0.8081570996978852
b65b37c0e00074d9,0.5720596355604638
ea006bae605e2a6b,0.6309403437815976
4eaf54ad3c82b6fa,0.6369041816941223
dfa8fd0b82b37fa1,0.6369041816941223
5098d052525da54f,0.6092362344582594
1c29c53ff032c5c1,0.6369041816941223
0d41a3fa5efef91b,0.7571884984025559
1b9a127f9dadaad9,0.6202531645569621
1be27d95bba03f17,0.558797046641455
e3a5a7ede88a2555,0.448558885283451
ac73c6888ee9322c,0.7600000000000001
2a48d0a98c21e736,0.76
7f16e7725245bb2d,0.18813314037626638
e4ed294e16e16d81,0.6750312469954812
222bb2c67a87d312,0.7819063004846527
f9d2137f380e66bf,0.6369041816941223
3e1c27f17433f9e4,0.4739134147382802
a3d75cc363a6544b,0.7146785837057408
09a7f0979a58e6ea,0.3362090839888353
0aae15358d8606b9,0.7179705215419501
bfff5a3777841344,0.7905405405405406
697efaf0d162e877,0.4891657638136512
c0ca4c201d086ea8,0.84
2e1435c160bfe8b2,0.7135512302607419
a5d76e93a5052e3f,0.30920711694593195
79f03eca3fe5cdb3,0.7659021045164341
7a0813ec0fadc84e,0.7335423197492164
bcec26b425194e40,0.5324675324675325
23a604f460289271,0.4365079365079365
da1b37edb8ccd3e6,0.6636481241914618
d8335b728604b222,0.7380410022779044
bf647be41de365e4,0.6309403437815976
6e1bf1b163b3aeab,0.551441114716549
b3c7a5a97978d156,0.4106205619018215
1496969c1497dc85,0.18848167539267013
49ede01b061cfae3,0.5217391304347826
adb411b0f418ce33,0.7307110438729199
e966de63c8e6b1d5,0.7520040080160321
eb76a5b76a68e4c4,0.6092362344582593
824859c7580eb35b,0.3690596562184024
751cf3d52fce1d1f,0.4279403644395362
0d6d212fcdf47f2e,0.5324675324675325
0ea435ddf02deb60,0.713375796178344
f23e9729b2b73c27,0.76
7024385b5107bd4b,0.84
ed3334d108b257a6,0.7220792588780237
e9256316716499b8,0.7905405405405406
3c6fb6bf9b7afd40,0.644729178800233
43de9ff6064361e1,0.6750312469954812
75c5f923f966b53b,0.30920711694593195
b84c447bb74febe2,0.2491874322860238
18e5af00a8478a0e,0.7905405405405406
ac37849f627a79c4,0.7957758771164253
3a81276a9641c6a1,0.20000000000000007
119bc264e2bb9877,0.644729178800233
7d474fbf31894108,0.7179705215419501
ff8f92cf8fb1b76c,0.644808743169399
b1f2ec122beda7a5,0.5203045685279188
db49619221b282af,0.5427435387673956
6fd67582d8adb1c7,0.31460674157303364
9fe98de1eac21f2e,0.6634806849860613
128ab9aa4802c73f,0.4572564612326044
5704e73f91b9e7f7,0.6571428571428573
a0362d60d2e1db0d,0.6571428571428571
480c4dbd2e792d86,0.8542857142857143
4c025d1fff9e9fce,0.6864406779661016
57333b7bff20ece0,0.5108342361863488
7990b6716a53b2cd,0.7913616398243045
73ebbfb998edc1f1,0.7380410022779044
5be63144ac46f97e,0.623003194888179
2ae243f518948794,0.863013698630137
bd4d2522cb0d1a23,0.6853932584269664
b210b99d9c1c9196,0.4307228915662651
62b64802ea49e2fd,0.449438202247191
c1aef0f60a5b62e3,0.6369041816941222
16109688429c09de,0.8284518828451883
36f10b949b935b8c,0.7581792318634424
f0fe73e650b746f2,0.19999999999999998
6997693d552600dd,0.6309403437815975
9abf0b60a44a82d1,0.5689655172413792
9feb9500b0fedfcd,0.6955128205128205
246d06693b5ca1e8,0.4693877551020408
39c4ae4624052f9f,0.5108342361863488
20bfa549cb2cabe7,0.7335423197492162
02713b2d25f74d43,0.2491874322860238
f9ec8bedc15ece93,0.7477827050997783
91093a019d32af2e,0.6369041816941222
acc57a9c114b694a,0.6369041816941223
fbedeb4e4b019b94,0.593369754159424
1afc4f372a125c74,0.36309581830587767
35addc4646509286,0.7994616419919247
5ac1725f775c6f00,0.15771230502599654
5a6e894e4b6cc703,0.5829926410466066
84f6de7c99779e5f,0.8115183246073299
acde7c89bd724af8,0.40663024584057605
f2b407019b2a5c15,0.8042929292929294
640f2ae3995b3b4f,0.5893794380981784
a8239866e1222eae,0.3932584269662921
d0d99889c6abd8e1,0.5587970466414551
5f622d812b8f407f,0.4693877551020408
03de7404decde12f,0.6853932584269663
477c3b9de012e4b3,0.7449664429530201
0494ebcee93e717b,0.8677165354330709
5344e76e26503716,0.2491874322860238
fd29123ff92789e4,0.7055341817105653
14e53999507c76a7,0.5043297540699688
faf15b752fb8924c,0.3962430290578221
97817609ed46baa0,0.24000000000000005
ba5005d1116fa45f,0.6092362344582594
1a7cd191f0cf160c,0.6574752261956054
670e4754d8d3d172,0.3249687530045188
331ddc1141e934d1,0.3425247738043946
43d90683078fcee5,0.36309581830587767
dff2685afd98ed9e,0.7179705215419501
a10e2d5416972b9c,0.4365079365079365
7736eb6bd5c1ff4a,0.7768331562167907
767ceb4a0cb43ade,0.6164383561643836
733e675fd7c0052a,0.644729178800233
af6d56860ba4d259,0.6957699520733487
7b1882dc76786d77,0.740871613663133
330d86bfaa4155fe,0.3425247738043946
406f2aacd1d1faf9,0.31460674157303364
25259e230be9cdc9,0.6224665518611737
17050a7b673dc49d,0.33099297893681046
e7938bac3ec8b442,0.6690070210631895
5304956aada097e8,0.5829926410466066
9d8473ae274ed625,0.4891657638136511
246fef4b19c3a7ed,0.690792883054068
bec3154a11df3299,0.4365079365079365
01432891260084a4,0.644729178800233
8fb0092430448368,0.690792883054068
9785420602b452f7,0.7179705215419501
f87a3fa07f0009c9,0.6574752261956054
2aeb3ec2d8c05dc8,0.593369754159424
1456a3f96ac7e35b,0.6690070210631895
e92fb5c609e20b49,0.8988580750407831
aeb3e4d9710207a4,0.5
ef13ed466e0b42d8,0.6369041816941222
9ddaa62cc806958d,0.7600000000000001
74f5cbecac011abb,0.2779207411219763
3b05a4ced6dd74f5,0.40036122817579767
ecbece0cbd60029e,0.740871613663133
6e4acb2aaa2cee56,0.8524590163934427
673a156925dfb31d,0.6037569709421778
063e7ce759c52f81,0.5933697541594238
d1d3b6ab8a56e973,0.448558885283451
1c03c1bb62f3aed6,0.7999999999999999
a376f6d5806d0c90,0.6574752261956054
93ddc6b233d1956a,0.7095435684647303
50dae6b76c9c6490,0.8118668596237337
838fd9d2b14e0790,0.3835616438356164
df3cc5ec78d05a71,0.7867435158501441
5a82757b553c40fc,0.771505376344086
dcf5014e56649c2f,0.8933823529411765
024beecfd3f0ed7a,0.7957758771164252
32bd7ed48f5aea7e,0.8081570996978852
cde2f88251b73305,0.5765973826020016
a7d397cd0f2ac93a,0.1475409836065574
3ea7d69a1238f26a,0.771505376344086
4e566db7d26df001,0.7894736842105263
ba8f219260e212f8,0.448558885283451
894c44c3d04aaf6f,0.7135512302607419
6e73ebbd089aff5e,0.34252477380439467
270edfb687c0d20c,0.4365079365079365
68f7f992603192c6,0.603756970942178
9861b6d04e6ed43c,0.5829926410466066
0133019a4f1055ee,0.448558885283451
33658a3ca932d15d,0.6224665518611736
8baff440b82afd2b,0.7957758771164253
ebb758b49e82d0ed,0.6750312469954812
7bc7af11050e861b,0.448558885283451
f0a9dfbb6f6ac852,0.5829926410466066
cbdf29f36b343f6f,0.7571884984025559
8bc0c220f7dcefa7,0.4826358742837299
35f9beb94b4ef9e2,0.17287630402384502
acc7392d48cc09a0,0.35527082119976705
faf19712bd7ea41e,0.6574752261956054
cd6452a463ec8a28,0.644729178800233
d564e3a6c77d0c85,0.6309403437815976
127be512f86618b2,0.593369754159424
72f123ddb4cc9d1c,0.5427435387673956
a1294453a28beda3,0.6164383561643836
de7cb625bdec0f91,0.5324675324675325
8c8337ce8437fe2e,0.39076376554174064
48ff3f1bcefbf965,0.5634920634920635
0e6782b758451063,0.4066302458405761
e6d4fdad2b3422d1,0.3425247738043946
de12349f334c964e,0.4279403644395362
77992b8727382373,0.39076376554174075
e30250daa73005a8,0.690792883054068
91aa08e910fb4412,0.28202947845804993
eb9f9f61507497a5,0.5427435387673957
636b01ee49925e49,0.3962430290578221
99dc6d45cbdfa322,0.34252477380439467
976abc27a4e5e26a,0.740871613663133
f59cefe16905d62c,0.5173641257162701
697e38075fd41819,0.5427435387673957
3ce96bb0c69b39be,0.6636481241914618
9c22ddb8d8fc1838,0.3775334481388263
32375b4435fea5e6,0.4365079365079365
6ff21ea2c75c48ed,0.725752508361204
47f8812a335b6ce9,0.5829926410466066
0b9cd718d7e329e8,0.7508125677139762
ff5a8078ea85bbc7,0.3146067415730337
188e6416157e5a1f,0.5108342361863488
5c3b8819dbe98114,0.5829926410466066
1f7566c90343a680,0.5829926410466066
3cf5e0ebb5f8322c,0.40036122817579767
1685eecc7ef37fb5,0.2491874322860238
e4931f3ab3bf4141,0.5427435387673957
66eddbe35056c06d,0.7867435158501441
cf5e8f98159c3971,0.3775334481388263
01f7c28804746979,0.665333613976005
0c2e3988793b418c,0.9039548022598869
eda1e8c285a0a788,0.4675324675324675
d95f21817a56eb05,0.6224665518611736
b1ac165326d8f29e,0.7867435158501441
538ca98010ed00ec,0.5634920634920635
7ca5604d99220e88,0.40663024584057605
6ea77cb62aa2f276,0.6955128205128205
55231cc4112334b4,0.7571884984025559
681cd3cc6299d652,0.39076376554174075
417049c7a3d65ccc,0.448558885283451
4915c8a588513c22,0.7477827050997783
0a85b3ad328205ff,0.21325648414985587
0976778a6e6cf8a8,0.6690070210631895
3f419fce8ba8aa0e,0.6164383561643836
b3d88eaea611a4a8,0.4003612281757977
a8718a3419a11e15,0.22849462365591394
3e74caa9fff4a5eb,0.7957758771164253
2db0998b24c11ea0,0.8042929292929293
c456b1950208e0b2,0.6574752261956054
c84a29f426f1aab7,0.7477827050997783
8a121f9c48f3773c,0.6853932584269664
2faf5b8d708f8e94,0.6287128712871287
8aa07b6cc40f0cb2,0.7055341817105653
420a5e3b4010ebef,0.48987854251012153
8d9bcbb48888a5a3,0.5689655172413792
13d8d5cd83e5b57e,0.578989574979952
ec5d705232983b87,0.5893794380981785
4b45f190122a1ce1,0.5173641257162701
ccf3b6eda4c2a564,0.5173641257162702
17aa636aa98678d3,0.5893794380981785
85ddb65429a9d517,0.5260865852617197
20220ace492af368,0.5260865852617197
052f53e006b28132,0.5427435387673956
2d12ae4683bbf433,0.32558139534883723
b34abcfe4c2e8a57,0.7055341817105653
dcc0c53100fa1dd2,0.7095435684647302
393f9bc7b51791a6,0.3690596562184024
7f14be4e45bca6bd,0.6805678793256433
6bdb93f9b4581bf6,0.6067415730337078
78a7bf038e56881d,0.36309581830587767
fea3a0643218e16b,0.2904564315352697
3b1438e9ec64990e,0.7659021045164341
ab7bc93bdf4132c4,0.441202953358545
6f31285305881fe3,0.8284518828451883
19ef5890b20f903a,0.5933697541594238
e47523ac32bfa24c,0.26195899772209563
94f5b35b2b6c72b1,0.6634806849860613
06713afc60301c0c,0.6439672223792031
eba46dbf9cdd83c0,0.5306122448979592
cd3bb8a2824fbf22,0.3365193150139387
8ddd53a7ed3754d5,0.6498905908096281
fbbf5391ea25521b,0.8422876949740034
9d5f562e0572058c,0.4572564612326043
774fb0c0c1c2bc6a,0.6853932584269663
8bd5f20f49434c65,0.448558885283451
de1acb6803ab3f14,0.7659021045164341
8db5cf5df713a7e9,0.6230031948881789
0ac2da3dbaf2fce2,0.7581792318634424
bca5d01f8775f852,0.558797046641455
fc8ad0c7fc70dde7,0.7179705215419501
bf878c083a6b30ad,0.5587970466414551
a571c622ab89b3d9,0.5203045685279188
fbf77262d8da342b,0.6287128712871286
daa6b47be304ec86,0.7307110438729199
08489fdfb56ee19c,0.6634806849860613
2b7883b304b3df1c,0.448558885283451
5f8a92f10e5451ce,0.8998646820027064
1394ce1832ddefe0,0.6864406779661016
dff8e4ef87d69516,0.38471814052898734
54de03e04f571735,0.5
dad759ec50508147,0.771505376344086
a63bb85cc39389c7,0.299837925445705
80108a70c4afa6c2,0.2998379254457051
582afc25875911d1,0.5795601552393274
5eebde8fb4d67259,0.5108342361863488
e06bfd0100eccbad,0.7640449438202247
4a00db8aeff200a2,0.5101214574898785
120ec60ad18cf6c5,0.6092362344582594
9eaa33f874bbb999,0.4204398447606727
94541dd979e0b4bd,0.5795601552393272
ec8bc554a0646638,0.33099297893681046
6e6567a98ea78891,0.3425247738043946
ec5163539a133f17,0.31355932203389836
ec434314c5438fc7,0.7640449438202247
f02fed4e98048471,0.4782608695652174
8a2e28da18ba6a25,0.7001620745542949
45e6a9b56ee3a9d1,0.7783132530120482
678eda89a096dde8,0.26928895612708015
9d8c32c60df0e287,0.3249687530045188
d6e240c47ba6034d,0.6498905908096281
33655fd07cfbe034,0.7520040080160321
b38450d9aa0f52b8,0.7307110438729199
bb85e207eba236bc,0.5720596355604639
2d39c26876246223,0.795134443021767
d0d74672150ddea3,0.550561797752809
de767dd5216bcad9,0.5893794380981784
fbbb703581440496,0.7179705215419501
1cd63899011c4bf6,0.7307110438729199
637f792270a0c746,0.8882882882882883
77df662671ce11c5,0.5795601552393274
f80143e1f3c3d319,0.34285714285714275
d038ff5ac21094f3,0.5101214574898786
e6851877e33d343f,0.6750312469954812
84973bbdffaf0d0e,0.5795601552393272
e72a2130e7387637,0.6183206106870229
7b4284bd3033a319,0.7640449438202247
6aa89b7b5350b8e2,0.8284518828451883
6c44af21414e4143,0.5217391304347826
bf8c5effd23f69c4,0.29446581828943474
059f5cf0e9e37627,0.23000633044946195
dd3d8f7066c145b7,0.6805678793256433
3c319d4659e6c8fd,0.771505376344086
ea4ff1d77928b029,0.5587970466414551
43ebfc8914a39061,0.4592085979482169
b9d5c77ae7a8109b,0.4204398447606727
bfff6cf22c1c569c,0.8647058823529411
15805ae1eea3343e,0.7335423197492162
70afe9e0d2422252,0.6309403437815975
5c5523a6bf83e44f,0.4365079365079365
bad06a5380d762b8,0.6805555555555556
ae50a1a655b1a8f6,0.863013698630137
2cbd53e43d3f606b,0.26645768025078365
560f1e26c2a6690a,0.6574752261956054
ba8eda6993922ba0,0.690792883054068
903d588b30a471e8,0.7135512302607419
fe59646ebad8b6e4,0.7050331642606321
75fa9c0bb31caaa3,0.5324675324675325
b80c6eba11c54778,0.30920711694593195
abfd5ac6cf186d8a,0.9197080291970804
69bde5bae0d6ec4f,0.5996387718242022
6e9876d2be2bbd02,0.700162074554295
f1613b372748c8bb,0.690792883054068
f734b497add754af,0.7179705215419501
0c418b9cdfd525c9,0.5634920634920635
3146e5a47a922976,0.5217391304347826
6f83cfae0c800ef8,0.4572564612326043
2335e75ce63805b6,0.644729178800233
27d98a8ee6608e27,0.36309581830587767
78b506e5092a27fd,0.644729178800233
2397e2a92710705a,0.5427435387673956
3733d100f7bd5590,0.4572564612326043
c60a317c7767abb7,0.19184290030211482
dae8ad2e03aa4a9a,0.7050331642606321
7ca4c91bab696b89,0.30920711694593195
62ff1e5deb124ff5,0.6636481241914618
19706d8ba0edf9cd,0.27792074112197634
45f00a42a17f8e2a,0.6309403437815975
f114929ed709606e,0.8042929292929294
d806aacf5b6ba7f6,0.5324675324675325
89b772f864acb637,0.4826358742837298
3599e9de4ae0e171,0.827123695976155
e01019fbfe0e9528,0.8677165354330709
d063d46208c560b1,0.7508125677139762
7ba432e218edc17d,0.6805555555555556
47d978a984a163aa,0.4675324675324675
a187670c5ee1ec5f,0.644729178800233
eedc7fccf7037949,0.41700735895339336
8c5e06c71f392f33,0.7768331562167907
1d68bb733de24b06,0.41700735895339336
3d7d82fff71e395a,0.5260865852617198
5931cd9cf5da5f75,0.42794036443953615
9ea124a13d071186,0.88
69bca5091b2a31f6,0.6636481241914618
eb73b63bbd7b88a7,0.6224665518611736
e8aad69aace1d31f,0.4956702459300312
ed5b6681ab4e83e5,0.7999999999999999
98c29ba02cee5ba3,0.7600000000000001
f690949d90ff1dee,0.6805555555555556
f1cc9169813c4a3e,0.7179705215419501
69a5895fde58432c,0.3835616438356164
57415110bd494c79,0.7135512302607419
85854504ce1aa97a,0.6750312469954812
48dd2c9cb39bd2d4,0.4956702459300312
b23554da35a84fbc,0.5720596355604639
de484433eef22e1d,0.6805555555555556
a2f2c64f9fb3fb1c,0.593369754159424
f01b97e864cb4b8b,0.17287630402384502
503d7342cc08109f,0.7220792588780237
a2f46e94aa6b0c64,0.18274111675126903
0599f35e6679de02,0.6037569709421778
c61923255389e67c,0.6853932584269664
308f6cb830019ea9,0.644729178800233
fc73ecbd83b7f159,0.690792883054068
53f7f1b4834387a8,0.6690070210631895
4277b02a4dadac40,0.5829926410466066
32b8c6c4b735d712,0.22316684378320936
ebf7cea27b83c432,0.7220792588780237
b8bf186f884678ea,0.6805555555555556
b09f54654b0f95f5,0.740871613663133
cc11a0762f246fa4,0.740871613663133
108434acbbd75d26,0.5996387718242023
781a2ea50f5ae68f,0.4956702459300312
1d65c141776949d6,0.6805555555555556
919e3c5cc6999cb3,0.30423004792665137
af6eeea1cfe33240,0.5829926410466066
df7928de73fc2fe8,0.8524590163934427
5c783cd188425783,0.817258883248731
bde635a4f345bc3e,0.5720596355604638
6114076c689e8457,0.6574752261956054
799acf3ae8a5df0a,0.6164383561643836
18729b11614406bf,0.5829926410466066
7edf2fe3a8776a44,0.3690596562184024
eaa885cf7ae31e0b,0.6744186046511628
6ad594777cce2d7d,0.2998379254457051
d29a82322bb083d9,0.7571884984025559
73f451d894a1d4ca,0.8524590163934426
154138c8fc89c315,0.725752508361204
e6685759ed2af90d,0.31460674157303364
c31d9cac7534d879,0.7913616398243045
ea6427379a83bd01,0.7957758771164253
b35e47f2f58ef026,0.8118668596237336
4f4189009a190e35,0.6957699520733487
cfd3e62c638fbd1f,0.8933823529411765
8545a2495db16538,0.28644876973925815
55eebc2ee92bf00a,0.8720930232558138
2a930e2d7e1f87a9,0.5108342361863489
35c8223cc967fe0a,0.3249687530045188
c565e2baa27cc7e5,0.8988580750407831
6c1faa6284428e5d,0.4891657638136511
00414fc5519233b4,0.39624302905782216
9676a4e9362e4bfd,0.725752508361204
f53573316a4f349f,0.7220792588780237
f0c4aff7dd1ec4e9,0.6369041816941223
64d6d51219e0664c,0.1150684931506849
02ec66f311dce539,0.6957699520733487
56d2c00dfd391fcf,0.6821515892420539
9c207acb12c17a67,0.6690070210631895
828de4f5585c908c,0.5260865852617198
baee9b2491c986e2,0.2005438477226377
5dab54e34c2cfe01,0.5260865852617198
38f1c83c19e99fa2,0.725752508361204
f5f28a8b472b8012,0.5820772814469718
86a2f07e0bf20297,0.3194444444444444
e761c5009c09b295,0.6923076923076924
1569186ee820ea87,0.7279508556384379
f706508c52f337a6,0.7600000000000001
0292b9c31c0089ac,0.8677165354330709
089388c9f00ce9c6,0.4572564612326043
97caf8fca9d9603b,0.7600000000000001
4914f7bd073c6359,0.5836189170664839
df30514e0674d598,0.6750312469954812
7c0d0a28a8fba102,0.6164383561643836
0f16d83859d608c7,0.4956702459300312
d38029cf47e54cf7,0.603756970942178
a5c57b0f49e9f61c,0.5427435387673957
72b12a837290b327,0.88
eb94412f15c62650,0.8118668596237336
00c6a2ef07ca51da,0.6853932584269664
7521015554088962,0.42794036443953615
1a635a5e4551e7d5,0.7659021045164341
7b1bc4ff776f12c1,0.25912838633686697
5238f6470d0557fb,0.6636481241914618
2b6a75175bbca4e9,0.8465011286681716
9c24c03131d5b49a,0.6690070210631895
b0be38110c2d8b84,0.7768331562167907
ebeeed2595266bbc,0.5829926410466066
cf258c17234d649e,0.690792883054068
e5f9d59d00fe3c73,0.827123695976155
b40e4deb48658851,0.5260865852617197
edf7ce89ad672e85,0.3194444444444444
f46308108eb9261a,0.3664556015356235
ce4fc800a7456d18,0.5823742190069057
a2a5809ed8a01b45,0.6946564885496184
aa38e39397dbea72,0.6777862016679304
03c1865919daeaa4,0.3053435114503817
32cc31b76b32ade1,0.3222137983320697
8a3281b0d7c168af,0.40036122817579767
8d68863242695224,0.8016528925619835
54fa6e32330a8cca,0.5996387718242023
58eda5a58a89f739,0.825
b33e3a6d15700bb1,0.7001620745542949
817cd15077a9419e,0.29556650246305416
f01851055b8309e0,0.8543689320388349
192619174bd1ad77,0.8469006721433906
daef1691c7d6b1e4,0.5553892215568862
f39941b3743bf18c,0.299837925445705
959fea398ffa5778,0.4757785467128028
54d48b33e7240452,0.7864077669902912
69d63c057aebffaf,0.5545152521896708
d14f98b24691d082,0.11304347826086958
938081fae11dcbbf,0.4690686607749831
a6db8eb1fb3eebf2,0.7764402407566638
aa3fca085d476636,0.6805555555555556
340fcdcabc49f142,0.3158617532616159
e5e3d396a9b1c5ae,0.15246636771300437
95ba27bea09cd84e,0.7174535050071531
e294a1e5723011db,0.765438008616563
85e79748b75eb30e,0.41101127891416556
426e7a3de68117b0,0.36388670338316287
3c00f34f20c8a189,0.7328244274809161
70b8dca3addcf4de,0.3340184994861253
775788423f5eeb99,0.4328697133125177
940f586104bf8bc8,0.765438008616563
43bbaf06603b0f0c,0.7434402332361516
e97e71a593e4c28d,0.819229761592874
91bf33ada75d6061,0.6853932584269663
750257171ad29a2c,0.46303884609080476
984ce1062186f3ce,0.5742343084741106
d13849f49f99bf01,0.6613039796782388
03c2a836d033be8f,0.42928940388105546
8435f90fbd50c7a5,0.5857068876229932
de85ef2fd4769070,0.42928940388105546
4ce53d8a26693f06,0.6805555555555556
c35a53be30bfd066,0.6659815005138745
64641156360b1b81,0.4846032025338729
c7fadbdfdc14c282,0.7369226063016213
1f70a4516a70abf2,0.2528089887640449
8bc8bb0021337de7,0.34351145038167935
4218d1d1ce6d322c,0.7864077669902912
365e2d891b98b86d,0.32517214996174443
68913a422f548ccc,0.7864077669902912
f5386c98fea7f5d4,0.8448145344436033
ce1436a9b58902a7,0.3194444444444444
875b249ebe45a66b,0.2998379254457051
2a493f15e079a7ff,0.8282442748091603
f4817d5cbe9be532,0.5089094796863863
2ae33fce63a75df9,0.8282442748091603
7b9f169016746f81,0.6841382467383841
07b357090cc91c2c,0.5285423037716616
3b2a24db4eeaeede,0.7369226063016213
58668a0736602842,0.8448145344436033
b959e2c1d16ff832,0.6900916630292449
0cdca4c22b8d3ab5,0.7402209614810391
19c8092496e94b85,0.3588516746411483
8ef7723b6a8b45e1,0.7994561522773624
c0d8a231d2f1d1af,0.6734574519933717
08763e87e10b9709,0.34351145038167935
3ded9bfdfb75f39b,0.5634920634920635
e011819e721c4a2a,0.894430287586458
bc6d70ab959dce70,0.3053435114503817
615f7f894bafad82,0.47577854671280273
e9dfc2f009a77a8d,0.7328244274809161
b6475543ab6d20c9,0.7044334975369458
9d8a37f130db13e5,0.6613039796782388
6bdf0756fb57aced,0.515396797466127
061990783b9bdb36,0.3053435114503817
0dfdc94c1da32e20,0.3484712230215828
d6c3b730dc9f21a5,0.3194444444444444
a857acedb53ee959,0.8148148148148149
dd1df7f5a54fd9fc,0.7212543554006968
1de799f17556b501,0.6866033988082101
1ada4b9ee5810e0f,0.6126207051426005
206b8c14546d71f1,0.4672117470382112
9e05fe95a4fc63bc,0.47145769622833833
a2f31cf3a28a7730,0.4176257809930944
a3cd6a65aaa9f104,0.5634920634920635
79f1c9f97d83ec83,0.44548474781032915
231968c02cdfe65e,0.8037954326149888
af3e43049bc86fe9,0.5857068876229934
e61cb905f6152183,0.4572564612326044
cab4937435d081d0,0.8475336322869955
19fe7177254802d1,0.6853932584269663
67f7163e536d62e2,0.41762578099309433
c83133ee114945ed,0.36388670338316287
d8f40b82364b6411,0.6411483253588516
ab1aa23060d4e87b,0.7864077669902912
e56403718205b494,0.21882741535920724
36db86c39ed09997,0.8037954326149888
74bc22b367cca118,0.6690070210631895
29d9c5a3f2b78903,0.8118668596237336
cb3eb07b7152366e,0.1461693548387097
5fa6543868367f4b,0.3972960151802656
5d8af316413ea2f7,0.7994561522773623
1c62a7444808d97f,0.390291151501339
a8f8245096eaf0cd,0.725752508361204
371ed8497799998e,0.555895865237366
6d9ea9f436ed354d,0.7369226063016213
96c6be6b22385967,0.4630388460908048
b5b4b69bccb9ff4a,0.6659815005138745
8e6640c007ad603d,0.2630773936983787
9779eb1aae1d4654,0.4846032025338729
2a1071689c3af9df,0.4572564612326043
e5a88f5c686173c4,0.6900916630292449
dd229687cb62c871,0.3972960151802657
8af2b589d5e9c1ae,0.771078875793291
a693622ad8c0d672,0.6515287769784173
1b02588149d126bf,0.4142931123770066
265dbd9be8caa7de,0.252808988764045
33e301872e2b5680,0.6690070210631895
8fc8d66ad0074ab0,0.5327882529617888
ab4a91a59c01d6b6,0.7001620745542949
0f20c1d7c44fa5fe,0.7954866008462623
55376d5c205fa844,0.849948258020007
5ba7dd466e30169f,0.25018129079042783
64fe6e61a24dbf39,0.7907324364723468
41cdbcc0f3635b8f,0.3588516746411484
7efca050bc7be8ac,0.6734574519933717
7e3fc760b26b6ae4,0.7369226063016213
e2e2537a345367d4,0.7954866008462623
9f66d450af690df5,0.5889887210858344
86a1be10255eea4e,0.7328244274809159
a160e94fdb66de17,0.35358219336888475
fc3825dd1b67e39d,0.5789895749799518
0c80eef2f4570543,0.5996387718242023
de9422207df2de64,0.3099083369707551
d1368ca941c1fefc,0.725752508361204
76641669c1607b7a,0.8842056507642427
58811a4e36c53b89,0.47145769622833844
fd088ce1481315a5,0.86468200270636
4b1aec2395ebca14,0.6369041816941223
96cc199d78732d11,0.6027039848197344
cca4d763b1c6de0a,0.49109052031361367
e733f148060bef2a,0.5857068876229934
d05cb4c4135ce402,0.6027039848197343
8c540eb4afe8c43e,0.6464178066311153
b2d731415bd367df,0.42101042502004804
fc43d60cbd6b0e6a,0.3664556015356235
0eccebee160137b1,0.5506567324679315
11eb27a1ac74d225,0.854368932038835
08e7a39eb7482ebf,0.7085889570552147
4bbda6c1f6cf9d4e,0.6301020408163265
fd98843926965cbd,0.5671302866874822
b87d6f71d901355b,0.8118668596237337
0e71e69359db4d1e,0.6690070210631895
633f4b5ec767769d,0.5965276928719893
a526a72ade275f46,0.756665803779446
4072abf0b0c179f2,0.6386477179027017
9bbd45774fb4a6eb,0.4365079365079365
fbf83609dc96f32e,0.7328244274809161
62fbdd4f0bcd3c2a,0.7811725846407928
d8d22dcc1f6912e7,0.5965276928719893
97770b38df67b276,0.6564885496183206
6f3cb7ce84185dd3,0.5742343084741106
7d51649373d42571,0.8016528925619835
c2c20a04a78d9143,0.5369611539091952
e7b3ca036835b7c2,0.86468200270636
23201d09a78d446d,0.5
7fd6770fe2d4f258,0.7174535050071531
9b3bade95e1dd484,0.8074534161490683
380242601a2c5991,0.243334196220554
191ee545160a4e09,0.4416895553411031
5ce29056e0cd2df9,0.6659815005138747
6ccd10adc968e1f0,0.5583104446588969
9039959b41901412,0.8282442748091603
2707dc2245335cc1,0.42101042502004815
77ed474dfc5359ea,0.7369226063016213
6e26a6293ea6ba62,0.700162074554295
97b32ff27fd457a8,0.4630388460908048
c445401709421fa4,0.7369226063016213
469f887278324e63,0.32517214996174443
b873c116e39c9920,0.3613522820972983
9e9d1764a015f313,0.4470426409903714
891b2faf1bff38ee,0.3698979591836734
0f53eb509d0ffeb9,0.6734574519933716
c7190cd03e53fb61,0.8966942148760332
2521234a4bf7c615,0.6411483253588516
4db2d86ebe8c8abd,0.7044334975369457
c812457a810dde39,0.49554764024933207
99aa1f28e22bb6dd,0.7369226063016213
6ecfa439ef900bcc,0.593369754159424
0e0a4282cd6c86d7,0.4493432675320685
c20bd12ae7f04eff,0.5634920634920635
a81ad236a2f221f2,0.7954866008462623
dcb27eef6441268c,0.5742343084741107
b3044bf646306e7f,0.6777862016679304
fe2acfdaaaec3dba,0.5965276928719891
a9a6cca4bbf7a5db,0.3725551071095933
8ba31cf0b3164b72,0.5242214532871973
d6e2bc6e6c0cc4fe,0.8282442748091603
f75fe8b384b0db11,0.598705501618123
66887532be2de5ee,0.819229761592874
18a7dc86279066f8,0.6335443984643765
afdd95ae7b7cdb0c,0.7328244274809161
212527d462690304,0.5823742190069057
305d8c85b35a7d4e,0.22892112420670896
7aaa810540132a4b,0.6335443984643765
106918bfbe24335d,0.4328697133125177
ad68450307a21ab1,0.6515287769784173
baa2ee0bf7f97079,0.5242214532871972
2521fed000747f47,0.6690070210631895
ae89ba793121fe0c,0.8282442748091603
73240bea13ed5e71,0.34847122302158273
e61d83e4e1f9c4d7,0.6853932584269663
81b84b34f0357fa5,0.8400000000000001
e28e829800466aca,0.765438008616563
df5dac45fc585fb0,0.390291151501339
2129acab2280bd29,0.6183206106870229
b6a87389bdc36a00,0.8448145344436033
01100a90b584215d,0.8282442748091603
ac977a0389682124,0.3972960151802656
f0488a4486a64af0,0.3725551071095934
d078e9046aa86307,0.8291571753986333
9f4a0de31375ba04,0.8152295632698768
2e4064e0e6d4d92e,0.7764402407566638
0e8599eca8ccfa32,0.5823742190069057
d75b3d3c2b209b75,0.3386960203217612
79dfbbdd14fbbd11,0.6805555555555556
e5bd7e6e2a50a843,0.6027039848197344
1714950933f88ab9,0.6900916630292449
08c04f18b0f58d71,0.870049504950495
ec2034b134ae71cd,0.16303197120474275
13e2ff8b3a122094,0.24678111587982832
e861e9cc0118c670,0.7402209614810391
f6454f2e508626ec,0.9109653233364573
b39b8ff0d7de211a,0.6464178066311153
59c4fdb3c0673066,0.765438008616563
2ae7404681deb3b3,0.38167938931297707
ab325ea526824723,0.8282442748091603
03bc32bdb5a33496,0.48017621145374456
a1afc16e21d1a807,0.43066930245693313
8e5744c664fec3e9,0.6777862016679302
36ec204f47e4d613,0.6247507085126482
7513a00037094075,0.7764402407566638
19764211af05674c,0.6853932584269663
e512b80bbaea36c2,0.20451339915373767
5fcf18bcd2a020f1,0.6301020408163265
fff3218758c513b8,0.31460674157303364
2bfc0212f2cae65b,0.3194444444444444
8c140756bf43dcc2,0.8016528925619835
a12d3a6c8aaf87ca,0.3972960151802656
7a64d63e12618ba7,0.771078875793291
8308464729ea7c40,0.6853932584269663
f722b96ae6862843,0.5242214532871972
1ea9ad3b6e1cba79,0.5089094796863863
f6a3c78f15ff26c7,0.390291151501339
958522de54ccc536,0.6464178066311153
2f523b757f7f33a2,0.5545152521896708
815ff62ca8e217be,0.6515287769784173
d7be78c400e7e0f9,0.6067545685866297
9bff9fe298e63357,0.9198606271777003
043172689e415438,0.7907324364723467
0adfc21045c02555,0.3299225399254088
2a03bc4c491b4c9a,0.7644444444444445
f368475c366c6d85,0.5667244367417678
4e5d4a36eaaa3a78,0.6813031161473088
4b75d3b7738cb278,0.8184019370460048
b19bf99c7eb796bc,0.3932584269662921
236f811290163dca,0.7138869504535938
d5e3be7a07c48b08,0.48124062031015497
46bc1338a50cbeac,0.8184019370460048
5c650ae2193ab1bc,0.32992253992540876
7f33fbdc35afd721,0.8480243161094225
120d66cb0da0f3c3,0.8651685393258427
d7507e2741fd4d05,0.5187593796898449
8e1feda9141602f1,0.6853448275862069
37bc72d5d211b189,0.7752808988764045
6b8be0ee3e569ad2,0.42101042502004804
d4d4ee045b0ca695,0.747191011235955
582d66ce97309e29,0.8340707964601769
887c61da1a78a5e1,0.5
77f960d82cda0b76,0.36388670338316287
e72c691b7c68b03a,0.569330697543067
7c075e3383198e14,0.2005438477226377
017a825c7820d12e,0.23456199138343706
3e6067763978d862,0.3845089903181189
f9dac7702609669f,0.28644876973925815
23ddf51ce630028d,0.7328244274809159
0a598768f5c8d540,0.3099083369707551
282c8c6c1ed82bfb,0.7307001795332136
426a69e343822ab3,0.32221379833206976
878941394f9e3538,0.6946564885496183
c62ed8a6002b5360,0.5869091840655821
ac57250e3de89d5d,0.4110112789141655
111e66eb922449e4,0.759493670886076
eeeffa7f514e0c0e,0.7532188841201718
45781930d64da456,0.6734574519933717
b3c695728e177fd4,0.5369611539091952
07c2af68b6dbc4ec,0.8842056507642426
b47db03affb279c3,0.8369680287952572
d98d6b2c13557a87,0.6900916630292449
68fe62bac7fd8bb0,0.7369226063016213
37d58369782cb86b,0.8219814241486069
646c79a7ecd12e5f,0.6067545685866297
98d6771af9b0ebe5,0.31460674157303364
ed5383b50ffcdded,0.6946564885496183
75a84211f50c53f5,0.7994561522773623
3d6571790c21527c,0.8475336322869956
ae7a8f19743e8154,0.8565637667602121
aef44145740741b3,0.7764402407566638
7d923267c44dd93b,0.7402209614810391
6ef50ed03b116b60,0.7864077669902912
857e8facd8ff7c36,0.33099297893681046
12cedec11b37ddc0,0.700162074554295
9fa6a029f7f8241c,0.4142931123770068
42585ce706c086de,0.6396186933271333
9939d7073462e07e,0.6659815005138745
82338ba457fbe87f,0.2630773936983787
5efd13a12be06706,0.86468200270636
5b880d10b0ed7acc,0.6547884187082404
a2eafd9e1d5031b1,0.5545152521896708
1d8dc0fb5d47357f,0.240506329113924
bc63f1b2e52f603e,0.49109052031361367
88020d22cf905792,0.6411483253588516
68c423c7119004f3,0.19834710743801653
2eecf0c36192e40c,0.243334196220554
58080e8989927500,0.7994561522773623
5538d15c4eeac3b3,0.6946564885496184
ce6bd165bef82bd7,0.6027039848197344
1452c20d964c0a63,0.8037954326149888
0b1460c666e66d39,0.5583104446588969
1ab1ed99a4bc5494,0.31460674157303364
f55749e32ce5c6f3,0.717453505007153
130e622d4d2aee3e,0.3194444444444444
f0b7caa90faf47e5,0.870049504950495
2f6065fe0804d1d8,0.5567908653846154
7fc5f1dc2df84ac7,0.4846032025338729
5bcd8abf6da01dae,0.45326664582682086
d14fea43712707f0,0.390291151501339
0149e875b31e57f8,0.7402209614810391
69b31593175f77ec,0.5742343084741107
a47123ae6e048f11,0.5545152521896708
b53031bf4bd0a330,0.7001620745542949
4080b4310d82b42d,0.8152295632698767
23dbe713c4294c66,0.484603202533873
5cd2dd6075fadcce,0.42396313364055305
420211200a35c1d1,0.6335443984643765
b3253e2c2d111030,0.3588516746411484
d56a59a4c79cf515,0.45326664582682086
a38010639e61885c,0.7044334975369457
de1a3734be60e6a1,0.3484712230215828
944b929130b23c2a,0.4596322941646682
7cbfeba85f86d1bf,0.38167938931297707
114d2f6fcd3f6f00,0.6734574519933717
202c47db69768356,0.48017621145374445
8a884a7930d75ca9,0.5060354077253219
07a378b257aad5a9,0.771078875793291
352839a03b428e74,0.5419056021173357
9474f64347aade7a,0.7811725846407928
3dc1a6335d890650,0.3725551071095933
d822ebc7dbc6c259,0.6734574519933717
a1e193425e716b42,0.2565597667638484
c4a6174b0698652e,0.4034723071280108
3dd2fde7bff79c51,0.6464178066311153
a3ee907c77544cde,0.6805555555555556
f5fb8b182020c59d,0.6734574519933717
38248c5d13f273e6,0.7212543554006969
1ff24d5f760e0491,0.26717557251908386
8abad36b4c5e4070,0.5889887210858344
dc31d3260dea7dcf,0.7001620745542949
93a0a19c2c1cfe66,0.390291151501339
e2dc4fb7b5c0ce76,0.5506567324679315
81127436605d3c88,0.4110112789141655
44cd8c9f622e155f,0.6515287769784173
140937779a2466a7,0.6564885496183206
e35f7504d83b8b07,0.6690070210631895
0de1ef0b9f3a79c0,0.3146067415730337
a8511df8285f5c91,0.7764402407566638
2560ea97b2cce4ef,0.6335443984643765
84ebd144d5e79c88,0.7907324364723468
d006dd2513bd376d,0.6464178066311153
9418ebb3db2a4bae,0.9109653233364573
7b34aa1eb09b8301,0.5506567324679315
b09ecdc8ef0f0d20,0.252808988764045
1c7cc3a22ab7d907,0.7328244274809161
a951090fb402fd20,0.771078875793291
8353b491afa7bc32,0.4600405222872579
e53fd165a3bc1f8e,0.8152295632698768
b98bc1ecb94ef4a5,0.2825464949928469
98883348ddb3be33,0.849948258020007
79865287be90e4be,0.5
f295eb2a7b0ba4b7,0.2630773936983787
6188b7fb3f8daacc,0.8154981549815499
03377f7bf8a2d5ff,0.47577854671280273
2aef1a91d26dde42,0.3340184994861253
cff0abc02974fb4a,0.6946564885496183
766b0b26c40525de,0.5327882529617888
a815dafc89adf33b,0.717453505007153
546f971f9d8e0a33,0.8250000000000001
434abaea90ccd299,0.4757785467128028
c547b3e95bcc5f24,0.819229761592874
0f9e7d0d04e24b74,0.6051924798567591
d61373d9fdf01a12,0.33869602032176116
cdd565a16975c711,0.4955476402493322
857d274e47aa8c4e,0.5467333541731791
c82acd7b17915591,0.6690070210631895
a18edcb638ba7e39,0.6301020408163266
3af1bdc5a510bba9,0.5467333541731791
ecdbb3a5216b815e,0.7369226063016213
970f083af8368f57,0.3734110169491526
668a44403a130043,0.33401849948612544
096e00355c8c84ac,0.3146067415730337
8d9458121f0c4b95,0.7369226063016213
87ac0e5face106b4,0.282546494992847
dec301fd5e99ca46,0.5467333541731791
6390c8e74630473e,0.7685185185185185
7d3da3c4153717de,0.5506567324679315
e69f9b4b9cae12a4,0.8282442748091603
b42a3386a7dccb3d,0.36135228209729836
ef12d2aaaadaf6d0,0.48017621145374456
cb902d73389ed34b,0.5242214532871972
0230a9dd2739add4,0.6690070210631895
e9c034cec33b3479,0.5369611539091952
f2c2a49fed32bd75,0.771078875793291
bd7394f07247d9ca,0.4066302458405761
3fdb4c4b39218cf4,0.7811725846407928
22dd728012944f0a,0.19834710743801653
ef1519c8c1d20977,0.20054384772263756
747d922b329b7f30,0.5583104446588969
9d9390b550d77e06,0.4572564612326044
b0f68344e01884ff,0.40852684604988326
767b78b67c7da17c,0.4292894038810554
71c8ca7442bcb757,0.6067545685866297
f41c2c82d5117230,0.725752508361204
f063bcccbbb9edc5,0.7001620745542949
58f6248da3cdf3ce,0.5
c245be6698c1e378,0.747191011235955
760150e9951e65fa,0.609708848498661
32927d50acedb507,0.7532188841201718
e6031b5937294176,0.6183206106870229
7add5901fac6ab82,0.6659815005138747
4e224ebb6394611d,0.5965276928719893
f7e9bd2d6f81aeae,0.7994561522773623
b23fa678cc65cf5b,0.5427435387673956
20971ed9a842b0cb,0.5198237885462554
ac4343150638b635,0.4003612281757977
e3d657dd88864ba7,0.4292894038810554
c6d56aad93f98249,0.3725551071095934
80eae31bc0a94a65,0.6613039796782387
87dcb3eab20f6ac1,0.7811725846407928
9126633d921afb57,0.6301020408163265
238c274c90587e21,0.6183206106870229
84b66bf7fba2d59d,0.6900916630292449
856f6ee049373843,0.7328244274809159
7606f6b6c19f2d73,0.5634920634920635
477af74ea3cbba8b,0.42101042502004804
3c60884853766487,0.5823742190069057
9b5f190cd3f5ce16,0.6301020408163265
292b83afa418635f,0.6805555555555556
ebb012c5f3fd0cbb,0.6361132966168371
909cd8633507a0c8,0.7369226063016213
e313286b307334a7,0.22355975924333615
9bbdc2a2ab334541,0.7954866008462623
e3cbd663732f4a98,0.515396797466127
6c2c6a6e3f4d04db,0.8219814241486068
c037cf1f7b429d5e,0.8735632183908045
1a5378e32e8519ef,0.609708848498661
5f5b626e67529056,0.8475336322869956
b2218930b982d9b6,0.7135512302607419
870d374f8d9af65a,0.6690070210631895
8ed609d80e135d94,0.6386477179027017
e8307c7686c42d8c,0.5742343084741106
00ee51bba08b7a08,0.3265425480066283
5e6a74db89f5410c,0.6853932584269664
c49485cedb878cf0,0.2597790385189609
443f30a4a856584a,0.6464178066311153
f5564a9eeebd4ea0,0.9039548022598869
6f0231915cc28507,0.5583104446588969
335064c3380e2f10,0.5327882529617888
46f81d5ecd974c1c,0.7328244274809161
9027e156c6f1988a,0.6690070210631895
4a0db214d9721d6e,0.240506329113924
dfa692db6d39330c,0.34847122302158273
fbbb9e72900b71f5,0.5153967974661271
1dc29f4c6fcdd356,0.6853932584269664
6d6ab10cbaa45e8c,0.46303884609080476
c797b58d85c840a4,0.2998379254457051
b3d2ac2244e4f791,0.5369611539091952
2417cc7bc1eea75b,0.6613039796782388
10a57b983e59f727,0.6274448928904067
3c683da1924b6c44,0.4596322941646682
7af407397532f7cf,0.7907324364723468
ea660db65bfa998f,0.6564885496183206
964ea1777695851b,0.9109653233364573
40fa4f8b4b93884e,0.6805555555555556
a5a81a39ccf9b680,0.6805555555555556
24bb03f0a3415fbe,0.759493670886076
d000cb692343cdcd,0.6564885496183206
93ca562453f65b8d,0.5965276928719893
47149f3187661509,0.5369611539091952
0fca825e14429c1f,0.8118668596237337
225e93ebed9b71b8,0.6853932584269663
a2523a8565fe4361,0.6564885496183206
ceb5b0f1f6daddf6,0.5545152521896708
ac56a1052c4c8f63,0.6274448928904067
71170fb7ade3e1f4,0.3194444444444444
fa4b3f5ce8055921,0.3194444444444444
007e8e0d4a39d82c,0.6659815005138747
d93ee3860196c4ae,0.7402209614810391
d63c9aa4f4873001,0.7369226063016213
836a188a90e479a5,0.6613039796782387
6c9f4799990c3c33,0.9009287925696594
33be2456161c14c3,0.8735632183908045
780cab0cd07589e4,0.45326664582682086
b5aafe149bec4306,0.3779812606473595
abfb3ed6dcb0e1f0,0.6946564885496184
210fc45074fba464,0.7764402407566637
b06b43670238c2d8,0.593369754159424
a7ae8f6eb5fc3a79,0.7663551401869159
57d7a683b85bb87b,0.4672117470382112
67765535bd0b6bdf,0.7212543554006968
32e9bc4d0a19a923,0.8800000000000001
d94f1b32a81e3fa1,0.700162074554295
47362cae6ba0e077,0.7532188841201718
0047f8aadca1936f,0.5634920634920635
78912b78aa946375,0.5369611539091952
4c1e7e1765a5438a,0.3158617532616159
ad14c502c9c5a7e9,0.5910474258179051
780bae82bdfc7112,0.4757785467128028
5c73e0013b859664,0.28644876973925815
fb4b1754d510b0d0,0.5369611539091952
dbbf8334a2600895,0.759493670886076
a5c5f76cf0a7c784,0.40036122817579767
8fea32ab0445859c,0.7994561522773624
2a26c0cfa06265b7,0.7212543554006968
6cca11f353a2b42d,0.5707105961189446
f964d2dda87f25f0,0.86468200270636
abefaf1807941ee4,0.6946564885496184
cc5c5a8cff4c1ae9,0.5789895749799518
86df0e75f41784d8,0.8076923076923077
84e8ccc3c97c2b4c,0.7328244274809161
9d30c887e8bd8824,0.4630388460908048
2bbfbb234c255249,0.6247507085126481
8d740c844353ae0e,0.29556650246305427
dd12bf51c5ed7f1e,0.3435114503816794
dc6f6c8228390ebb,0.6777862016679304
04b7bcc0e8488604,0.48017621145374445
54437b8dba3a6110,0.7328244274809161
372d1dee0db8dbee,0.6027039848197343
202d3277e569ad03,0.5634920634920635
7ffdaa44fc8d111b,0.43650793650793646
ac39c1f00ae31e58,0.765438008616563
fd56a469e4589ebc,0.7212543554006968
8f9896e60047007f,0.5634920634920635
508e622130b0a84d,0.6464178066311153
5b97f47cdd355cbe,0.22892112420670893
6e78d874097a3d22,0.8606016140865738
1330b5c21269fe92,0.3613522820972983
36d12b31957e94db,0.7369226063016213
81f3d28d30d17378,0.24096385542168675
7df505d8260ba680,0.7001620745542949
15068d7b095ca9bd,0.7981416212752324
3b76a00f5d0400eb,0.849948258020007
45ec0c5f19c9adbe,0.8448145344436033
c40b934d2666e351,0.6183206106870229
25ab195cefbce1d0,0.8152295632698767
6154ee95d3f4fc32,0.6720333929636255
44d58943ac8e47e1,0.44548474781032915
581292ffe5b09344,0.8565637667602121
c6a85b67fdd2ef3d,0.6777862016679302
f030febede41c661,0.36388670338316287
d564db29997e1371,0.6690070210631895
bed89a91da9d04c1,0.725752508361204
f02c0adc4ae629c6,0.6411483253588516
6a4738656c493ee9,0.5965276928719893
9c8d5dbd8905a715,0.86468200270636
6feb49a6b7e8433c,0.6274448928904067
f661ef429055f8c1,0.6335443984643765
a22fd3735819d858,0.6067545685866297
cc03e698c4b7da52,0.390291151501339
a5abdc461cb1538e,0.33869602032176116
f594fc5c2bc6237e,0.8074534161490683
3b7b771b9578383d,0.6748278500382556
8bee5192baec71d8,0.7954866008462623
e0acd0cf4930671b,0.7328244274809161
db7694f4513120d5,0.27272727272727276
fc9168fd102e2e66,0.6154910096818811
f26c0bdf7689aea2,0.7954866008462623
2c330a6f7f1e55f0,0.6659815005138747
f44b4e998b6829f6,0.6946564885496184
c769dd861357af9f,0.700162074554295
cff81d681a01ae18,0.5467333541731791
8cab057e6549afd0,0.8475336322869956
32d371462c539bee,0.6361132966168371
244285b7fd0ddece,0.578989574979952
346e3897c2ead99a,0.6803652968036529
fa534aaa5b997a69,0.6596858638743455
5ee11b727e89e8ad,0.6097259658580413
43e26b46cbb51985,0.813463098134631
562d916f55918901,0.7839272175890826
4e58bcc0d27042fd,0.3356387306753458
3ee578ddd071ad4c,0.5514173703256936
3b9f50f07d9a1601,0.32385243593353985
90187edeeda7e6d6,0.8577524893314368
8817bd21b6d0a989,0.8388625592417062
bfd17ed83ec5b598,0.6923725242309313
bbe0f3653de9f6a8,0.5149751839808319
216bc9b661485017,0.778672032193159
85e94a6c071fd9fa,0.46691027202598456
9a0ecee6e8ca173f,0.42162374166557726
6102e7a6dcbc62f0,0.8540284360189573
f9f5071b993a5f4b,0.7184986595174263
e32dc26b11d1f81d,0.42162374166557715
a76e14495e61cf19,0.5667244367417678
fa96d6252579b51e,0.29499626587005223
689384b01b40ef5c,0.3044871794871795
08d4e3864c44f8a5,0.5187593796898451
1c50e43770ba84fc,0.5
dbf1ee1a1912c735,0.7696245733788397
a997593977ba8cad,0.5783762583344229
796e1151896195aa,0.7806354009077155
