fight_id,year,p_model_a,y_a
7bb603674999e675,2012,0.7912999390863403,1
f126491f024c1563,2012,0.5624426003267807,1
0be68308b5d63a47,2012,0.6797394095185906,1
0695d1f42b1550a2,2012,0.691444432330846,1
977e37adadd1b8ad,2012,0.5201608890611421,1
11e7f12ecb2d1597,2012,0.4902745013687545,1
b2a91be41c3233cd,2012,0.4271018838015853,1
c715c165cb3469d2,2012,0.5532574076004113,1
50bdcb20286690ff,2012,0.4837068078951263,1
9afcb091777f6a83,2012,0.7154667105629727,1
26cdaf7cf575f656,2012,0.524508129634606,1
f4bdf10856c1760e,2012,0.39873114317171954,1
37e0251af7b18742,2012,0.41392539235321923,1
be7b9301e7c689c1,2012,0.4638578974952162,1
8360accf6f70ebc4,2012,0.6379852834793844,1
0071c5d16e6e07f6,2012,0.489967376307184,1
fc91f1e448f35797,2012,0.33913084137911254,1
77c1e127c1be9983,2012,0.665378246341313,1
d391ca8154bcf507,2012,0.6369350927871951,1
90d50fb7e2bf789e,2012,0.6676231673939159,1
7a37fd92b26d15c8,2012,0.49841485689126697,1
fd230ba169b3f2b6,2012,0.39399641209393044,1
e8a167bb84082832,2012,0.7278118140804379,1
7a4e5bcd7336d203,2012,0.7016437409657945,1
ca263e46051261e2,2012,0.43286988803251936,1
c63a050af0692daf,2012,0.7608652692448685,1
e7861d4e2b29193f,2012,0.5491580782467211,1
ba75be28158d424c,2012,0.5273768656132751,1
81c5c897717a1ef6,2012,0.5500212226112833,1
e0df5f84686586a1,2012,0.45797804862402236,1
40c080d0f86f1f1f,2012,0.5999856241072211,1
5510b86a35c5614b,2012,0.7071257057506873,1
6ecc59654c2f519f,2012,0.8472355278285763,1
bd340a13bc3df8a1,2012,0.6279448179104622,1
d019250cc6d93527,2012,0.28432949898578797,1
099a2db0470d456b,2012,0.808123524905852,1
7e57d7848f9faacf,2012,0.5755970603777261,1
6fbe7dffff5f5f1e,2012,0.6965220702276904,1
cee1fb8ac703f34f,2012,0.5896784351917908,1
6bde0b88f21304d4,2012,0.4935336846661819,1
09a2909e1848be52,2012,0.3834401680326923,1
638a999dab6fe310,2012,0.5797779604284609,1
adb35d212e716b8a,2012,0.49486629348835753,1
2341651d1043e2c0,2012,0.6966955972288591,1
74e92a66b29674a9,2012,0.2451545133290446,1
5f7a1ba6e016b249,2012,0.23895035956180344,1
796a7e1fa80af990,2012,0.47755069812689277,1
f10d3d4ffd5a4922,2012,0.6602140918443966,1
e93d07a18ca847c8,2012,0.7546276892946341,1
3e50773520e7a218,2012,0.41833693278098416,1
84e800acc2aacd8e,2012,0.3749160583124077,1
3101c8d54df53e27,2012,0.4744185225582309,1
fb57dcc651894ae9,2012,0.5267204820022686,1
a196dce12754e34e,2012,0.5368929152218462,1
1b4f87d607b3964d,2012,0.6096005132922719,1
9b4bff38430a01eb,2012,0.530773907892612,1
6bcf5381dd8de85b,2012,0.38066401620452256,1
eac1c31f1b3d11f3,2012,0.24631569713980084,1
53d2a57daaae700b,2012,0.583808325611909,1
319053a9de63ab85,2012,0.17017290042502817,1
7c307d98ed135d32,2012,0.5435519484482272,1
43b494c32b7f18cb,2012,0.5501968869222394,1
6ba485fc7b8f38ee,2012,0.6342117338554014,1
60f53ad3f114da6e,2012,0.577078851718409,1
3a2bd4fe6f08bc17,2012,0.6348363929707951,1
a00b98f41c05ae6c,2012,0.3073517793929742,1
54b7b3378e394070,2012,0.4290995296943002,1
b218d6a420abb67b,2012,0.5224619794095199,1
33f0817701e49bf1,2012,0.5141405177567915,1
01e5e4099f03f20e,2012,0.32049856080901423,1
058d32372a2271fd,2012,0.6538675471429192,1
b42d4c3c701945bf,2012,0.4307081521780345,1
0890d21317c9aa2d,2012,0.5201297530793073,1
589fd70f6f8b747c,2012,0.6280712284152081,1
a7e1e349980063c9,2012,0.3815610137368146,1
a90cabf2913fc6ef,2012,0.6579126919734479,1
8aa637fc26a01581,2012,0.7842843069693481,1
a2308473bcd77da8,2012,0.475125918067313,1
806761834799c352,2012,0.41508812569704223,1
3368c2419e259992,2012,0.5234305391504147,1
2dc181c1473eb269,2012,0.6401641001945344,1
8757fbfa0857415f,2012,0.32432935427482,1
990bf4ef60890853,2012,0.5785468635408184,1
93096cfccdbf4fe8,2012,0.764882370812165,1
eaf8782e4e03139b,2012,0.7133498960071493,1
06eb7492a27bb19a,2012,0.34512161410797154,1
ad101f8850eff427,2012,0.359065819451887,1
2bb3a036759d79f2,2012,0.6664293200565637,1
bf5a5b23a49fa17c,2012,0.5876236363597569,1
a6c02fb0b18e916c,2012,0.810882189844585,1
c1c8b38d315d487b,2012,0.8647600579624377,1
eb5cd79e00dd5cd2,2012,0.34460965118029774,1
33a93002fef6c89d,2012,0.4586322645026686,1
41d170c5da83c8be,2012,0.33542787500259014,1
4966e9d7479c8d8d,2012,0.5953844789929409,1
9dc5b5f29d9ff028,2012,0.7657578274006603,1
a28c80463d7d0c03,2012,0.42776476173147115,1
151f9966cae7682c,2012,0.3575530778160976,1
0387bc11a0a0c325,2012,0.37281144208820066,1
c039953c2f438832,2012,0.47950978655115606,1
539e0008bb634f1b,2012,0.26189069315944785,1
920665daa1261dbc,2012,0.7223457201095088,1
e257f0f5224ef6ab,2012,0.5741637605365093,1
1f290005cc147afb,2012,0.4637156768251273,1
c7be6a466d1d0a1e,2012,0.5930548011209574,1
704a089fde021153,2012,0.5384393263351993,1
a5fa3bf3dc91eb88,2012,0.4833353986944122,1
db51d17ea03da745,2012,0.5695339207387964,1
b4407dd3627c1675,2012,0.5621367632496974,1
fc95c49b69a8d476,2012,0.46802059312401334,1
ade59be2e9bc1108,2012,0.8405867910600162,1
4655930eb83446c7,2012,0.9236707017892892,1
df5ab14481442365,2012,0.6682901938269807,1
3b1461ff02a3f98e,2012,0.49098590949303555,1
57bbe424b0d6837c,2012,0.6045750991067335,1
303db84673492cd6,2012,0.6045756502247415,1
e0e41464c1bc7ee1,2012,0.5185855047300324,1
49818fb1520ce956,2012,0.34995563919354716,1
0b4ac9bcf5dbb382,2012,0.5066853881838651,1
a8ec9c513d28c25c,2012,0.35060364319473347,1
d5457867cbd0caf7,2012,0.340726698241263,1
a6a1adfeab7f7bb7,2012,0.23911827574115396,1
3fc1ebe73920a2a7,2012,0.35287592447220983,1
8238c5f16d0b39c3,2012,0.6398352213111611,1
de8e1dd07ad49c94,2012,0.7609332447473475,1
9cdeb62aa9092713,2012,0.17675572707545462,1
b187bdcc2ceba00f,2012,0.7774874897392491,1
a8dc7400f270a144,2012,0.6359815490728,1
cd2a60453f8ac133,2012,0.7599654051653174,1
00cf159d5e637238,2012,0.39289677791644073,1
1a699da1b1b5ef85,2012,0.7475344860090073,1
41e6ace08a2679e1,2012,0.6023132586090254,1
8e4439cdc98d0644,2012,0.48882515662522674,1
e8bb812cd91d9c28,2012,0.5604875789306364,1
fa8c1f3d27fc349c,2012,0.5045690524164128,1
2a7cf1a89de3709e,2012,0.5477822688857288,1
06a28491fe26baa6,2012,0.5500306335926757,1
64e7c4ee81d46900,2012,0.4090837459792387,1
fe1ce9e3a38a734b,2012,0.7907016141431671,1
0b5c7c95b0316276,2012,0.5023753029969681,1
1c245dc63a0b9d51,2012,0.6653543577614214,1
8422c70a72eb9291,2012,0.4603140688840288,1
d08a7d4de3c760ec,2012,0.6086798284403739,1
d1ad8d6ef48f7835,2012,0.6523826186549659,1
873886ee1dee4c9a,2012,0.4045793701129524,1
1984570de7f0c89e,2012,0.5646678913497367,1
2ccecfdd7683043e,2012,0.1279088562402759,1
a6d07c32a1cb9730,2012,0.59353557917313,1
2771872dd02e5d19,2012,0.42003179686298214,1
13a6496a09ae821e,2012,0.7080829760350968,1
ed697b0ef9d455e4,2012,0.4564316085142631,1
be6024894ebcb360,2012,0.4309003170897878,1
77b6fd5d0b8c60b4,2012,0.5494022090621977,1
2cf065874bcc4144,2012,0.6622638717917556,1
179426f56818a1c9,2012,0.5426497658942758,1
ecb9c5ae7fd7a5cc,2012,0.5741338034929194,1
a497d4a83afe6f2d,2012,0.7287032344861948,1
f4af2b4349b7b589,2012,0.5651423087004044,1
cd055be419f77f3e,2012,0.5724981455943499,1
2d3cbfb47faf717d,2012,0.7713938711914666,1
00731068c3195f7f,2012,0.7497843932073196,1
8a1678a54dc82206,2012,0.4119151231759556,1
40fa0bf9783cdc2e,2012,0.37224660288411415,1
69fd05c73b645a62,2012,0.41368387737846746,1
756cae177016ebf1,2012,0.5865106814485248,1
18efcec3c51750e9,2012,0.4603539393453905,1
f269d25146eec937,2012,0.3965943304572297,1
cc3e0c5a0f868502,2012,0.5257795701365997,1
00c20fa576380ac8,2012,0.34387694066794205,1
c1bf9ca94c1f7f09,2012,0.5437665619615176,1
1bfb8faa1edd3867,2012,0.3652148020428392,1
f638f176dd1834c0,2012,0.2808615321992558,1
0239f24134022656,2012,0.6691732006645382,1
366de1daf05a2b62,2012,0.4558602668410614,1
9232fed045b1f4f9,2012,0.7152185275063392,1
1b80d5696c2dc640,2012,0.7664607916532319,1
8e7b1dfc608a2ef4,2012,0.3316190121187832,1
5c783d455daff573,2012,0.3917788818884868,1
2f5e137118d57d0e,2012,0.4168992898277448,1
ded18af0e4eae2f7,2012,0.31536186822338147,1
0c37ff69a00c0e74,2012,0.7233397140969943,1
21751a3cc69e5aae,2012,0.6839447542317469,1
d1268ffa059f9d42,2012,0.5533888609543097,1
61cb2ca1469c83ba,2012,0.44122001530346944,1
64d4c58a37e1d29b,2012,0.29240121259980234,1
cf04a408cedb37ff,2012,0.5129217275412595,1
83526f699d25e4e4,2012,0.7060678540592377,1
a914df32b95a1abc,2012,0.5139973878940923,1
831957c67bfc4486,2012,0.5630809597153834,1
0ae4889892f21738,2012,0.42063358534750456,1
1085f281dd966d96,2012,0.44696173894505464,1
d6dcbf543d7e303d,2012,0.8534453281560308,1
34e67c2b110f6b6a,2012,0.5432216819933899,1
7287b029f4596be7,2012,0.6803185201928554,1
d37660fceaa8125a,2012,0.6035932616953483,1
1eb7733d880a0b8f,2012,0.577643853599303,1
0d63a7d3e08df3db,2012,0.5399617727174331,1
8d2f3e0abb22689f,2012,0.6799982752536627,1
b616ec23516b7244,2012,0.6092993063163319,1
64fa0e558f5d1b24,2012,0.32463509286122993,1
fa6775e369b9eec9,2012,0.6192631701626744,1
ec5e9ce2be2e1586,2012,0.4486095214384763,1
3c552514bb9b5c98,2012,0.3891431923056696,1
c330107229012260,2012,0.2319195938511106,1
66785060ebaa2387,2012,0.6768766956939163,1
b6620177ac975ff2,2012,0.7138424961590192,1
50a381c1eb88dbb0,2012,0.7240993085745482,1
08bd9e03c187f66b,2012,0.3808226174823621,1
3e6dfafb8aa780f9,2012,0.5562072872293313,1
758ec6b5d55c1b09,2012,0.8249739406908766,1
9a85303025a077b5,2012,0.5403699388769756,1
d2ea9181abacc2ee,2012,0.37735525482139465,1
1e2677e481a587fd,2012,0.6598608602695113,1
4c4e1f7521c27900,2012,0.47339651345031863,1
957b7c74ce120a32,2012,0.6019591640990166,1
1cbffe3a467d0ded,2012,0.5631078920166012,1
4af9088a165c7751,2012,0.6149691407350978,1
be6d6abb11ef8297,2012,0.24076700182006183,1
19da5aa17c896a1a,2012,0.45270880290685367,1
9360a34eb511a9b4,2012,0.565654064929404,1
0c58b5f37bfeb65a,2012,0.4356313364568506,1
42f11b82d67585af,2012,0.6325933432188302,1
f0d5e2c27c9fd2c1,2012,0.7732500954215434,1
7c07a71fa1882bf4,2012,0.39632893250832957,1
7ddf71a85fbb0e4c,2012,0.5116031216449858,1
87790788d1bb3b75,2012,0.59824281272053,1
2aff05a835ed715e,2012,0.5048215727796806,1
aa1db19806dfd62e,2012,0.5031967407108814,1
147e0b1c64cb7ef0,2012,0.39829111680176227,1
de1124dba8c1a1b0,2012,0.3893365358440314,1
5af6a54d7e0f2b7f,2012,0.49071060830071556,1
3367081258d6ae12,2012,0.3521334053990156,1
307b12b9f08a4cbf,2012,0.2696706505572507,1
304fc030ee6dd9ee,2012,0.7180436762421782,1
c97d0a476c2e7cb5,2012,0.6412244851979007,1
9890835f4c1c6b75,2012,0.5282259558146704,1
8af511cc6e6a9678,2012,0.8167908918092459,1
e0a69c1f4a019727,2012,0.4080955129438125,1
ddf768753c8030c1,2012,0.36758728299106347,1
e34d313fbe1c28f1,2012,0.7505571094364164,1
cc6934588298958e,2012,0.39225180089966366,1
26f876a7fb1020e1,2012,0.2774790387207974,1
4c54ca018e70ed04,2012,0.40979219135932365,1
91e4da6ecf28a7a3,2012,0.707365931925849,1
29cd6bee493a8662,2012,0.5366099225103222,1
21392a61a2cf24a3,2012,0.3555680601947725,1
1332dc236a3fd3b2,2012,0.4998323849912155,1
a97a7707d5021181,2012,0.6415583149651438,1
147c04a6798a69c3,2012,0.5412570502823535,1
a6548a1e188c53fb,2012,0.529568058413886,1
a80162f4c8842da3,2012,0.707187920319301,1
5e69e2fa8421ce5e,2012,0.5953436553048008,1
28990faebda68fa8,2012,0.6020451373156754,1
3195350c98c9491d,2012,0.6083976817468881,1
b56d1822b9f9a35f,2012,0.3579161608056475,1
dc5e46b2ee0898ec,2012,0.6231322165205333,1
8802182074bf4a3a,2012,0.8713083200756393,1
0cced3b02b6b1b95,2012,0.2341159776471087,1
e3072951bb030826,2012,0.5011931402097289,1
d9df78e82953bfe5,2012,0.4853186914567974,1
5ab7629e07da22e6,2012,0.5751461092812942,1
eaa0355223b770dc,2012,0.3772549068330757,1
297a3fe0edd6f1c5,2012,0.7524183296642674,1
dab5e3680cf6eac7,2012,0.6762683637345149,1
219610bc6e7d9196,2012,0.44881140849007317,1
4c9cb823fd7e3e2c,2012,0.7433741881217604,1
034ce0af4dedbfd7,2012,0.6250922790835828,1
778d3f5c4bcc2927,2012,0.48596108721088654,1
dba1add63d4bcbaa,2012,0.4972431215048813,1
526ab0f38313c630,2012,0.8886287691660759,1
dd440cb166329a82,2012,0.7185903787661383,1
b79a0b9c1f729c0d,2012,0.4837867250869994,1
01993fb1d4b34b21,2012,0.6777233701003234,1
e881ba0a28fffb6e,2012,0.6171619759503331,1
8d556e2826924946,2012,0.590450340798093,1
0fad42b9ab3f31be,2012,0.46270731308940016,1
dd875196c446fdf0,2012,0.6428157228435484,1
1a113ac3255f3ac3,2012,0.1971970719815067,1
e843a7a6f49db3bb,2012,0.5334409588119431,1
9b6806203bc4875a,2012,0.40894561596324014,1
30ebe705eac7b121,2012,0.6878394049028498,1
f6d8bdc3cdcf1dd8,2012,0.5070690818867052,1
467d2dc6a71e1b00,2012,0.3653051155082371,1
1f7c1c741b06a3ed,2012,0.7307040505770244,1
72a3ec0672871ab4,2012,0.5685108463495723,1
bc3323f172832a53,2012,0.4754736376205728,1
a65cf6951e097273,2012,0.49909996305688276,1
4861212df08bbf77,2012,0.4367500641751081,1
4a29c1f671bd89cb,2012,0.543517443622942,1
8d12287f672cabd8,2012,0.596457796825145,1
f0cf2ca8e5c621a8,2012,0.5320298095013336,1
41d1e163b930426b,2012,0.5953762112532026,1
ed8944898353b526,2012,0.32014216966486897,1
5c36d760c7e272f5,2012,0.6397050384391132,1
b57345c34f6d2ab3,2012,0.7796461708674263,1
b3e520f1092401c1,2012,0.32012932969051633,1
9caaca5748ea9086,2012,0.4340911102703464,1
405cbbcaa79db24b,2012,0.2902974666062416,1
2adfc6444d1adc01,2012,0.6425157713880246,1
3b1aed7d00a775c6,2012,0.5403043523562292,1
bc72dac46f0383f1,2012,0.3448936172248755,1
4eda704823ccfb71,2012,0.5558259215360651,1
f82c414666fe934c,2012,0.39779466647448436,1
e57b884785848624,2012,0.522193064788995,1
d4c85298623130de,2012,0.5937977426115789,1
a6097fd4e77cb881,2012,0.6971188181553734,1
6834ae686aa0c588,2012,0.4965801208868378,1
ddf2eff896475431,2012,0.5907340805429714,1
d6b3c56a4cf14c1a,2012,0.45880033313435276,1
e2bacdc395aa7b40,2012,0.5375132902137365,1
b43c83505edcd8fa,2012,0.5398630112409979,1
8935fc5943a78c20,2012,0.31785713566515184,1
6463a48c9347a9f3,2012,0.3637467681022788,1
6b83234360b3ca62,2012,0.6617908404898931,1
12d17a837caeae63,2012,0.5843718216337623,1
452a9728317893d7,2012,0.6230106729112642,1
1d20bba4aca5f81a,2012,0.5419547869035846,1
e88c59ad88e9dc27,2012,0.6130360690276496,1
cade8a4e97911e89,2012,0.48254830992983383,1
99c12cc04b4261bf,2012,0.3457996534568222,1
5bcc7204a43cf34e,2012,0.25812954403001304,1
fc9ec3a01d0129b6,2012,0.40000876534690527,1
a551d93167533459,2012,0.804242228285686,1
84500d5c1aba97a2,2012,0.3776014202703753,1
85f67de8e9dc5689,2012,0.30445996500416916,1
0d4927585d0480fc,2012,0.4285672479542621,1
ea9059fd076a2f1e,2012,0.7008159572766722,1
5a65ffe3842ce2f2,2012,0.6061847374097724,1
bab948352454f302,2012,0.4334778862967432,1
23cdc3ef525ba8e4,2012,0.6915816576165329,1
526790a5b3c4b5a2,2012,0.37368260005944387,1
5d7a720a2e2f4749,2012,0.674903567483321,1
02a373f6503b3530,2012,0.465287394637574,1
f4273b2155fe20fe,2013,0.48111725387515514,1
c7ad34973f9d1cf6,2013,0.3827060231431058,1
470f6fdd47f671fd,2013,0.6462363360381623,1
302ce74d8b0d12a6,2013,0.5618646418165143,1
dff7ce155b47442c,2013,0.5818358667282832,1
8f426040f746905d,2013,0.5992009675782822,1
7651b2e09ea2c420,2013,0.5109674637800273,1
2eeb1656692bd967,2013,0.5417945849235196,1
4d231d5d5f815085,2013,0.7399791177479794,1
b51d691b9f5603a8,2013,0.5552235411106204,1
83f6a6fc79036749,2013,0.3542679631959278,1
df0d3dec831e2142,2013,0.7145681151355074,1
ca28f69fa42f88ed,2013,0.5450115951748462,1
97cec48c97e7ea31,2013,0.723733970166308,1
856e171bdfc98cb5,2013,0.6411359696528277,1
76690fbdcaa85c21,2013,0.550147241708538,1
e8c24a1754599237,2013,0.5239553350370993,1
4e87af7e5156bbf7,2013,0.4217403029244474,1
bddf441908777c0c,2013,0.5709834921160275,1
638093bc4f69f639,2013,0.5535274123426038,1
9b9591a4f7febe32,2013,0.5883762349135055,1
42eba784becde9ad,2013,0.5098262250428931,1
6247ad19755b71d6,2013,0.48504083433050404,1
54c842a037183f48,2013,0.2350407946615699,1
cd03bff050e53625,2013,0.30317475662972704,1
8bcdb1c3418fe739,2013,0.3868931140451727,1
1d43112d98de273a,2013,0.37840967726437846,1
40cc0ccf580a4836,2013,0.7039467735012401,1
171eb38b335030d3,2013,0.40098731477298966,1
21419797f539de5e,2013,0.40654761269349005,1
031eac0f0f85d0bf,2013,0.29281887588740785,1
1c4e4b3358089960,2013,0.4383400013667267,1
16ba92318ff66d4a,2013,0.6818199817748146,1
f509d5ffcc3f46fe,2013,0.232762430761443,1
22a574162e2ebcf6,2013,0.525534615146628,1
d607908be8b19273,2013,0.6614205690373169,1
530558f01ac425af,2013,0.4840767670182404,1
e27a9b4b4a46f091,2013,0.5385159802199728,1
635ef1f12a60e9d7,2013,0.7196009821876989,1
7549887ba7ae86e6,2013,0.6414167670004781,1
2968840a5f24ce9f,2013,0.37747487095846116,1
493b7a8e3253b133,2013,0.281042028296636,1
3dbf17b9946d26db,2013,0.5584476854437561,1
69ca032aaef2e3d0,2013,0.4711727947885156,1
919ddc634c54ad20,2013,0.6542724032137514,1
2a8ff828e4891b82,2013,0.5099773286433898,1
2b3a1c063245e280,2013,0.6299352726110241,1
80769cf090fa34dd,2013,0.5876622900318126,1
69f8e2ba5d1048d4,2013,0.6402842663832875,1
50eb4822a74a417e,2013,0.49060201459861275,1
b4db19e62f087a7f,2013,0.19526854154361187,1
db43605f10bd67b4,2013,0.5477459081417015,1
785c0e68b34ea383,2013,0.49129709014347217,1
ee43dc83049ecc8d,2013,0.7520726826186488,1
e9e6023dbba9a8b0,2013,0.5333379892864544,1
68e1a69423360900,2013,0.5511258619248873,1
8666332154fc6f4a,2013,0.6002109884604814,1
7af713ee9e3006eb,2013,0.5326780675564107,1
c79c00f5443c2f6e,2013,0.5889071529799961,1
e0bdef2580715030,2013,0.7089172247448481,1
1dcc880fc80e6332,2013,0.6605101677763372,1
e830cb1df07f3466,2013,0.7409005123899188,1
1acde2739237c4f8,2013,0.7409310564734218,1
c996b2ff10a915b1,2013,0.19375882725009697,1
e2b547e64f6532bb,2013,0.4465253450463602,1
8e4650807ea06626,2013,0.4527368694004602,1
9c3db86db300119e,2013,0.7926838638504186,1
9030c92a161afaf9,2013,0.7950594843405807,1
0bd0ca01a255038c,2013,0.37392208038764096,1
b6c46c3c239e7863,2013,0.45449941609060507,1
7b9de06ef8c09ba6,2013,0.7482928283775303,1
d0797451df1de80f,2013,0.7151917128688059,1
cc6e74d0558b7340,2013,0.6838270132262012,1
79dcde3ad50f6165,2013,0.6015867712604881,1
5adcbd20eed3795d,2013,0.5202523753116197,1
29398b15b94c3847,2013,0.4551990038059731,1
e5e3c3a055df3016,2013,0.7211414769551077,1
e67e15cc6578d1c3,2013,0.4219536508935857,1
438f5404c43303b8,2013,0.7410600862388106,1
8b0ff8defc1a14f4,2013,0.4133777395012599,1
24393bea0c4cf49a,2013,0.4282910395697462,1
9eb1ce435cc1536e,2013,0.5636837336987726,1
7047b70f28c2d2fd,2013,0.46817409770561386,1
bc0779b232828e67,2013,0.21258355242722815,1
53467e6296c2e5e6,2013,0.3152161084931514,1
f3ebaf9af44c1e6d,2013,0.4017247177382165,1
4e69c86d09c9f782,2013,0.2189361494321055,1
a89b9eeacdb85ec1,2013,0.5772646400517165,1
fa520c5834cda94e,2013,0.6746474502434394,1
3509779ebe302d06,2013,0.5756722479760856,1
ae0fdb792308b0f8,2013,0.4875307301054545,1
0a5a021cb11299bf,2013,0.6895846315760618,1
4f850f7e35d85bb8,2013,0.6422815949145638,1
40a43ffdd1624bed,2013,0.5929660115801898,1
adf590055f922f5b,2013,0.4477551999956753,1
8c8468ed2878dc0a,2013,0.5502155343408925,1
5067fe22dbc4baff,2013,0.5610524633060787,1
dc85144d1d945076,2013,0.5456385636715013,1
5ba1e6f5519074c9,2013,0.6115830856464608,1
2594287e8fa31404,2013,0.5486019300973458,1
f286aad7b3558b21,2013,0.5001010780543134,1
b4d0659f60c8aa7c,2013,0.6536135276682727,1
c8a48abe3263f796,2013,0.2685809537114867,1
56ad1de1924984ad,2013,0.7681448433535215,1
b229ee2997b70d16,2013,0.6792928516897782,1
786033c27fdaa020,2013,0.3046017948370259,1
a6797238f9f98644,2013,0.7070333247173328,1
704adfae22d0dfb8,2013,0.4933407215334882,1
3566c8e9d3a9caa8,2013,0.7092056166910836,1
d13ea6559225991f,2013,0.40255926051768515,1
004885f7983f4658,2013,0.4956106633639744,1
56ce29bdb1fe9abf,2013,0.1280090390303309,1
4dd561df1ca58ab8,2013,0.21295323160814109,1
6599a94704d56719,2013,0.7618768190036623,1
6d6a1834e0d18f0c,2013,0.6655909057055005,1
44ad16cd4e6c93d7,2013,0.6754609107571237,1
372a0456aa4ff6cf,2013,0.31753326667946324,1
fb30b2752d3dc1eb,2013,0.27298163100858164,1
523e8ca343a0becc,2013,0.5906042710267194,1
59ad5b88804afbf5,2013,0.8624588817756886,1
c29850ed8d9d1073,2013,0.8103425335491705,1
04e6a26fe2a4017d,2013,0.24066997297830284,1
1ac61e415deca2fe,2013,0.5428713282062617,1
8151421edf24a821,2013,0.8014881757161935,1
eacfc05c3e5ead5e,2013,0.5122449219380795,1
caa56c26127bf7e8,2013,0.4027476727023392,1
8aff100107d0ba11,2013,0.29613578652121436,1
11249454ed5fd71f,2013,0.5901746466102731,1
019b88d4ac875ae4,2013,0.7487113664270689,1
4b4c4df2778538d9,2013,0.7942993315561181,1
edc4e54d5258eea8,2013,0.7030437952065315,1
91f33ac24fb39eca,2013,0.5683220559794121,1
cf5f9da861c5e63f,2013,0.5413458358856603,1
59bb17087b12ad35,2013,0.7631138458973745,1
05f8696303709939,2013,0.5818477584585591,1
ac269f99e4e53634,2013,0.22445191674243092,1
110d18c0953bde1d,2013,0.5634689535254629,1
172dfd6cab9b627b,2013,0.7437232632986899,1
1260d0031a5e469d,2013,0.5982745315344555,1
a6ba04a54eb7e8fa,2013,0.3716021329736633,1
e1d33aa47b35d021,2013,0.6731521566285641,1
3333fdbe86a763fb,2013,0.4780878972461138,1
149a0b38fa02e647,2013,0.3877132411308347,1
d236fe0f180312e3,2013,0.28918668644152473,1
3f19bab8de698eb0,2013,0.6678668327368709,1
9dd931fd20d6c886,2013,0.4669164904210768,1
5f87dc7d18517d87,2013,0.563717823526142,1
19d6c7f5263c9398,2013,0.8276876116548987,1
d51757fe7dd89f2d,2013,0.7338448527783881,1
66b295262ef7ee91,2013,0.5152785968994487,1
401a21d881a1f26a,2013,0.5367105179439966,1
291bebbbf4f9128f,2013,0.5421504791055713,1
b6d027c60f879e4a,2013,0.5908606991747044,1
d03618c86d395b43,2013,0.5592690118361884,1
f5ebfe526cf409e8,2013,0.6954746200153594,1
c25c2000aa99832c,2013,0.7038785123507503,1
8c1787fe568f1ca6,2013,0.63867612868864,1
0e272af30a23e09b,2013,0.6575902519318892,1
2692ac9853970e08,2013,0.6539321024099701,1
bd9100f5d4ee6823,2013,0.34904922208984623,1
8857bf28823b1b2d,2013,0.610185151737642,1
19828eb12f6d41a8,2013,0.4269737517993577,1
5deeecb6aaa5dfd1,2013,0.41429014272619613,1
8b08b73f16ff7b3b,2013,0.612553557639283,1
177c1956907ed687,2013,0.6098730440449771,1
63af858a04c1ad79,2013,0.3692873439426668,1
43d1693f0198a93e,2013,0.25366804584043423,1
27ff1bfeb2d50b38,2013,0.6748049791732302,1
4912788e449ce79a,2013,0.5004363696359311,1
44ca8997a3e5cda8,2013,0.4697180593029481,1
a4daf2f24acdcd43,2013,0.673425227380491,1
c8ec6fd9aa2dcc23,2013,0.6694978168842158,1
a7cc5dc1a5c1e643,2013,0.6415503048284191,1
faca931257ad2e92,2013,0.31638766192894896,1
005723fb99440272,2013,0.7749532273330549,1
c5de5c3633a0bfce,2013,0.6009335102138363,1
86bbe429ae27d913,2013,0.4380709424736284,1
701279417e0bf776,2013,0.48512386782895034,1
c3601529b7a7d489,2013,0.5023784050011584,1
8c124a6196e39ad8,2013,0.4702638013416952,1
b57f68fa967fa59e,2013,0.4038011683136893,1
6453b20a65c62cfe,2013,0.564138181068458,1
9a6a6716cdfadc98,2013,0.42597884008648357,1
9cb8fe20b05d886e,2013,0.4981046698908833,1
b616969d55fb2d7a,2013,0.5730311635667067,1
dbab923a090fe93f,2013,0.4992696610347548,1
c5603628f7ae84d3,2013,0.6979032782827157,1
cf6b9a001b0824de,2013,0.5070069500408001,1
7ec61e2b0728e6d4,2013,0.6667907821939698,1
dbd0ffc84699ad6b,2013,0.5022635898251071,1
900ae72adbf7c49f,2013,0.5359641447147672,1
c543563958093446,2013,0.5394013567818282,1
f747701638da90ae,2013,0.6555076997741281,1
3f14c96ea899321d,2013,0.6122559574452614,1
edc00a33666b0b59,2013,0.7000661120679028,1
4f8b6eecb0361290,2013,0.4899874978097881,1
7b97ca2c378e7782,2013,0.45137844327760146,1
bf6857338637013b,2013,0.5984976639674097,1
5f2065f737591226,2013,0.6832813925911829,1
3846db1456151f80,2013,0.18803353694589797,1
168413032bb51ce0,2013,0.3211698474852872,1
4c6030fafb46330f,2013,0.2928552273668016,1
5f9b11f4cb3057f2,2013,0.6185708795925848,1
af0327945c9656e0,2013,0.5537585092751682,1
1acdcfe32d975f42,2013,0.693866987294937,1
a602962f1dda3205,2013,0.5424407319431847,1
72e1b3e1224f5314,2013,0.6012701818963865,1
f12126b5c49a318a,2013,0.2392838459600325,1
5135e078b807f9a2,2013,0.7232735185292611,1
0f74449bf6f64616,2013,0.28242298371524727,1
a2c0f4142ba4ba75,2013,0.5004591765652682,1
05dce98da0acefd8,2013,0.7011170738566311,1
5d839e4eda09d6e4,2013,0.44606590650580197,1
8e41d022b55277ae,2013,0.7739057511529002,1
320580a92d5c2924,2013,0.5915453052049743,1
47dd6356ceb2eba8,2013,0.28144267189105177,1
85ee3b5995874141,2013,0.570715092030363,1
751f2796809d2a6f,2013,0.4271906113620588,1
eefc526e320524e6,2013,0.5341810567865897,1
1308a39eec6f86cc,2013,0.5499756791961583,1
602e8602fe9c9121,2013,0.4898823472044308,1
e1f9390c465a2988,2013,0.49709550275180125,1
dd1131c208475365,2013,0.5482199543400561,1
964eb53864554ed0,2013,0.4456952934904846,1
a86b801279e0ef4a,2013,0.6198591200001828,1
8ab4682a544f3c49,2013,0.6212735101849618,1
382d626d45c36f14,2013,0.3962261453355064,1
f18ea0d8b472dc1e,2013,0.495508177106215,1
f0d839f6d712a233,2013,0.44526782742077514,1
ca17e1385ef98e57,2013,0.571834243435862,1
bfef39e6493f6487,2013,0.6169400573374639,1
98903717ea3dfc24,2013,0.5242913509880347,1
9cd973a0a6c1cd5c,2013,0.38632555235695043,1
b4555cd5b5d2a53f,2013,0.2585955337176937,1
6ce1b33bccdfa676,2013,0.5359562497994381,1
66a99e85803efd92,2013,0.42553179089853255,1
336670b46f343d65,2013,0.813715079404025,1
7b13fdc889028e66,2013,0.6265006627364087,1
af51920a3e176995,2013,0.6251111206305293,1
4dc03e76536b85e5,2013,0.3902648553206908,1
fef6b147d5fb90bd,2013,0.49567475580876597,1
aac887ea8a83d7a4,2013,0.2730146284313868,1
fa084335b5f87627,2013,0.4292747025387944,1
95d86cec2a7124b3,2013,0.4669550117220791,1
563adcb4abd48f6b,2013,0.4974397564076945,1
e706a0fca8e82288,2013,0.3942393116314674,1
b8e1a9db956e245b,2013,0.5134756315755062,1
5df777be98ea09de,2013,0.27826658924441516,1
46aa72d0ccd2be0a,2013,0.4170133799241257,1
d67dadf630c36f18,2013,0.7152817701143608,1
5aeac72404dd7c6d,2013,0.43768376551942634,1
bbcb7b5ca439bebb,2013,0.5938939471542211,1
9166d2f99369c06b,2013,0.24722368815949175,1
8456a02bd3621837,2013,0.45338813777421516,1
c3b1653fb5e101e0,2013,0.6400802501729399,1
a605d4153c7dbd84,2013,0.5159742344970365,1
5b2cc17158d77f07,2013,0.5302233498960743,1
d3f9262901219944,2013,0.40548586085294347,1
0d857bd8245f9d31,2013,0.41789994756732407,1
a95be3943ea0f691,2013,0.7927307423504941,1
e37368ff2a7a71f6,2013,0.45628335723789076,1
b3bb90f5a2aa0d7c,2013,0.6402834017688028,1
ca2b48fd007126e0,2013,0.8724458453592597,1
d9834a03626a3c06,2013,0.6325851799095198,1
c0a5eeb0be0049bb,2013,0.4498886648702266,1
1019f330bdecfc65,2013,0.7656080003691675,1
0aa5be9d0e75dd42,2013,0.7247706667156972,1
79e7b986601fdd2a,2013,0.6209614004423576,1
3a8baa48c9b30d47,2013,0.7199163401910422,1
3e610c7a2ab31acd,2013,0.32925866376198154,1
676590832dc86748,2013,0.33545561314141115,1
9ad2dde9c35d3cc4,2013,0.4556396431645109,1
e0ca5ac323768da0,2013,0.3703552223677108,1
fecf9c7a4e965690,2013,0.5386421934957756,1
adede42d4c20494c,2013,0.4823978711487793,1
3fc3179cd800128e,2013,0.7624477609272431,1
a41ba2624191bf23,2013,0.3447902379187856,1
e1ccf09c055bac01,2013,0.2768120927593163,1
f11ca082c924464c,2013,0.574352294442977,1
58b7b23b46f4ccd6,2013,0.6606195159701433,1
2443d8aa86f0070d,2013,0.5353320670546826,1
ed9d7d85a5ae06b1,2013,0.4135491833295829,1
2a5fd0e2728967a5,2013,0.3366960058386065,1
fffa21388cdd78b7,2013,0.5324442257867892,1
eba86a4ea6128840,2013,0.5205533901341814,1
ed53922429a19c99,2013,0.43070157707921086,1
340d5e6f22ff6ac4,2013,0.4653210569024563,1
e7cb40d82d987b9e,2013,0.6251288471119782,1
0bdc4e7ce6687367,2013,0.5444213677172705,1
46c89e7e886cdc5b,2013,0.5258252574743186,1
ce9e10ad39976287,2013,0.71705408685636,1
0051d7fbb7893d27,2013,0.4908727908576826,1
5364d1537fc7d5aa,2013,0.2916585023255268,1
6fbd9d599d638106,2013,0.35994807934426143,1
22fdf7a08691db5d,2013,0.4154670479203089,1
4c0718f12ca664bb,2013,0.6304456312691278,1
2a50b91600e87994,2013,0.43810968084367863,1
a34dc365302238e8,2013,0.6635375702967639,1
c33671cab408184b,2013,0.5572524256323419,1
49d065270f57ad99,2013,0.7187961302022239,1
20a83369ee44e1d4,2013,0.8192348680034707,1
6017ccf5fa09da34,2013,0.3328853225750123,1
ef97cccf28cf00a8,2013,0.48603238135538546,1
add991cb839af4ed,2013,0.6674863450117002,1
ce30634422a264f9,2013,0.3233722281757229,1
dc3deae609874677,2013,0.40542453421427027,1
2bcb1b0b05e2c739,2013,0.585686451879796,1
0cd79ea89d5931d0,2013,0.6380661318280378,1
dbc3afd71525c83d,2013,0.60782859484702,1
b35f2071e6dd4b12,2013,0.28211288223693876,1
4c257f69fb974088,2013,0.5272430974765172,1
26e876df6d498657,2013,0.33394004192924287,1
5cce3bc28ddb158f,2013,0.3995379789155521,1
2dd0a47f43dfe8f6,2013,0.31252348676133135,1
ee4d086121100177,2013,0.5588833064915535,1
e9bc416752cadd29,2013,0.42078343249465533,1
0a70601cc9f2426f,2013,0.31987487472207893,1
2e042964c6498e7a,2013,0.5396736257664223,1
389c844a1a56177c,2013,0.7620730107233944,1
8de959ac3c3eeb85,2013,0.5771812697108247,1
c6c37a9e8990baba,2013,0.37789469279854637,1
2d57ce76f7922ed9,2013,0.7364427973768686,1
1d34e2f80cb91188,2013,0.5687083999860802,1
d8b864e673f53ec2,2013,0.5125429625678264,1
55f4c3598797ce6f,2013,0.6268036933305472,1
a4d7e8241422ed41,2013,0.6170929421207532,1
9cc0582c703637aa,2013,0.7679683500976595,1
9bec9d2d0dd1d7f7,2013,0.6097029190164219,1
e9ed827818e8cadf,2013,0.553889932229729,1
67222a0d79c83086,2013,0.5401614528877702,1
3081e6e1bc1235a8,2013,0.3837230801705528,1
1f5c71dd2a0672ac,2013,0.32787735107836635,1
6c1fa30e1dd38c0b,2013,0.24257433750091684,1
25cb0e15dfc8deb3,2013,0.49450804604558124,1
7ff036c99621eb1c,2013,0.6599233980087015,1
c9ebbba18e4e1e84,2013,0.36380802092605513,1
64e1197b8d5d0706,2013,0.5277245916200117,1
2b5058614b56a898,2013,0.4744484739760214,1
e9ec16e4e7cfb120,2013,0.3122381100079381,1
b186f4778257ca6d,2013,0.3355480454830212,1
2a940fac11da404d,2013,0.5392566195974453,1
1b7bc992c26ac10f,2013,0.6144877786780415,1
a072ec605bebe5a8,2013,0.5660501736746618,1
fca7fbd0bafc480c,2013,0.6079334147140154,1
f0815638f558968d,2013,0.652892388564797,1
2389557cfa02df78,2013,0.4831488671670633,1
678eb77df5589eac,2013,0.643644731662202,1
e14b4f2c7b36d0b9,2013,0.5961545597038,1
e982a2648d69fda6,2013,0.4230393950027308,1
b951f2d4080ef172,2013,0.6712855144717019,1
39efb868dbe7e311,2013,0.2344193536099991,1
adc1b34f6988bd68,2013,0.5977462654542779,1
45e6eec6b35d7dfe,2013,0.49465130449683475,1
bfc321f0b0a7bf40,2013,0.8433151584993505,1
b568f3700aa2c1f7,2013,0.6330931486062241,1
0f215b143e08f425,2013,0.47620775888008726,1
4618dcef2dc6250f,2013,0.5476850127350733,1
5929c539190c8a07,2013,0.5577683056167212,1
5ffccdf4af20dc0d,2013,0.43656499313613395,1
f5fb4435faf1ca04,2013,0.7467204661279849,1
a5c76ead1a2767b6,2013,0.5650984279243934,1
c1d2ce95229cdbd9,2013,0.5775487699391078,1
319d75c21fbb5d3f,2013,0.6108504659847337,1
631f0721b3fc56dc,2013,0.6077852180792542,1
00566b4d89565373,2013,0.34037275799343913,1
e6663b2c16df6191,2013,0.5386487897145149,1
27635cc4d9fcac98,2013,0.5968289130427726,1
49c0071ae52fc83a,2013,0.7276981197969001,1
a6e494c82d136172,2013,0.5140509628392903,1
b1fd21231f0604e1,2013,0.48978317021495477,1
11706648d34ff3e8,2013,0.616463530429246,1
5e4f358e0bcc2f15,2013,0.7735950093847989,1
39be68189f2d5074,2013,0.790851790575489,1
a060b6b0dfe275b7,2013,0.4412980950348073,1
315968a74789600a,2013,0.61527727325288,1
2a17686c6b5f334e,2013,0.3988956516350503,1
f7bd56e197bab2a6,2014,0.5572648140469922,1
eb82e95ab678f8bc,2014,0.5914740345476135,1
181429d8227794cb,2014,0.6066633800759974,1
e2bb4b8ce5ada2a8,2014,0.5619677940737512,1
ab8722d48a5a447e,2014,0.45477011879747675,1
4b69545737f1902a,2014,0.6099316813393721,1
221cb15141299346,2014,0.6464099314723375,1
74edd53297a084b9,2014,0.4750180165601392,1
07d1d120dab41893,2014,0.34206665701558875,1
3ff7d02ef633ee22,2014,0.3489962446881171,1
6f3e189c393c0e09,2014,0.4858377326753441,1
1143d37503a9527d,2014,0.2967557555953175,1
c2f70bd2fc1bac73,2014,0.4924944886780672,1
94608c62dd497366,2014,0.6714589259244441,1
3b8b70b448b0c604,2014,0.7275609627843904,1
bbb810f50d60b31a,2014,0.7223522749235692,1
fac335e6aeff29f5,2014,0.6183028204910733,1
eea06604a47ea9a8,2014,0.48577675652828417,1
7e3609b672c7ecf9,2014,0.3642302614705979,1
55139052f4641670,2014,0.5575765373013531,1
8d6392d59e1ca099,2014,0.562467916379068,1
0f3e6876516edeaf,2014,0.5350430862948713,1
e53c8a20819f9be6,2014,0.48936882813665394,1
ea0f7fe570c1533f,2014,0.3706141258326914,1
3f1d1bd33a296f26,2014,0.6564991696460859,1
df7cf7ef41eccbe6,2014,0.6370543848885427,1
97ad3419f2029ba1,2014,0.5748948379940977,1
6a7f68feb5c0755d,2014,0.5584348106714863,1
6fdcd1caa0e9d239,2014,0.44118534776921137,1
ca8e482388e7ac82,2014,0.5066860256241559,1
77d82e8a220053ea,2014,0.6510649481838707,1
7fda79ba69b06c0b,2014,0.7363475309151668,1
7a91b26b3e231fff,2014,0.8187165613087567,1
bc9dd73e0a982c08,2014,0.39867022648249006,1
131732f248cd2829,2014,0.6390461326381305,1
b51163f358495b41,2014,0.48058915276565206,1
c145e4b6206d4c18,2014,0.5180056820257426,1
b705fb146638d859,2014,0.606791728537307,1
b9be2e52d02886e2,2014,0.561252757904991,1
fe936088ec4dcb0d,2014,0.3790820256345949,1
a851348faa460c2d,2014,0.4424118628978706,1
651bdd9e17a58c5d,2014,0.482836991522577,1
a3b37f8ea171b962,2014,0.7537131809140096,1
4c9047d1c1bc1e29,2014,0.6788088189214563,1
816119e4d9d983b1,2014,0.5707422787238103,1
496a169f4c9becec,2014,0.5580581814469872,1
8619c3cde7dd4e15,2014,0.49952111860773907,1
01d4d1d8bcb014cf,2014,0.459592347115109,1
ea60fdcfd423a15e,2014,0.36542242918514034,1
420114bb94080b3c,2014,0.41848794196746364,1
cfefbf79340d3346,2014,0.5370797041292733,1
b96e1222eb1a0faf,2014,0.5963481166980729,1
d0e084b6345c5af0,2014,0.36340528685849915,1
dadde3eb4e5f43b4,2014,0.5547243963332831,1
ffbc12e4f821ec68,2014,0.45533202901319936,1
aa11f2375ee2118f,2014,0.6170510762212614,1
328ae84bf2af537e,2014,0.49444595348551723,1
dc28c6e66f333d2a,2014,0.6940203508050895,1
1a8b815679bc89b8,2014,0.6265545561182829,1
41727d51af72b1d5,2014,0.5449067231542492,1
faaa7340f4ede814,2014,0.6993308396413402,1
36630b8c820db52b,2014,0.6450478530710371,1
ab0d6346b7938a7f,2014,0.43096180721587196,1
9988ff4d4197663b,2014,0.3560524615403775,1
29657325bfc1d590,2014,0.7018798899548349,1
b1a033020bd6d3f3,2014,0.7848709277760352,1
654127f5b9140be2,2014,0.6238883890586369,1
2ebe2ae9b4812f0a,2014,0.42342749009970665,1
36d4e8f650539bf0,2014,0.578715380370844,1
3fa2e753afa0bdbb,2014,0.47417227219055247,1
c53a5dca56870ea5,2014,0.29190216852347856,1
57ab45aa1ebd087e,2014,0.7145156607308425,1
82448697e7a44028,2014,0.4962041386321717,1
0fea1cff62e26b46,2014,0.5467351627557671,1
e38d7761a92e1bf9,2014,0.6197636430824988,1
54845ec0646a9bee,2014,0.6856102968836001,1
4911fcfb1b28faa5,2014,0.37278176324121975,1
406154260435c65a,2014,0.7299918790228502,1
6242126d8d06a7ca,2014,0.3286632052288927,1
0b3c3d363c82835f,2014,0.6122033072858826,1
b5be58e7fa1e7439,2014,0.60517294207363,1
73f55778c5c55c2f,2014,0.6422847246941427,1
742fcd610f344810,2014,0.6961993950915606,1
543dca66a449d9d5,2014,0.5707512892934735,1
8f979d206eaec468,2014,0.4969023232919152,1
0175c0d2a98576f1,2014,0.8006841244560474,1
364ed6aecfc8d16d,2014,0.2663007829296113,1
a5f39e8ff1398269,2014,0.6135205794071527,1
639013929b61e834,2014,0.39528056601583594,1
99170b2f2496e479,2014,0.3666114534793318,1
56b57d076f874eb0,2014,0.4274304747033447,1
2d050cb1f7d8789a,2014,0.6729986813009425,1
427a10db0406cfba,2014,0.6099579104017039,1
d4d4aded862ace46,2014,0.5419095419174065,1
ba38b96f39db78c0,2014,0.34889757336968513,1
cdf58f62e289efec,2014,0.6593467983009371,1
8f120352072bd5ed,2014,0.6632638088900558,1
8e87b33bea7c5da9,2014,0.406183959880109,1
5464d7ccb4177464,2014,0.4624424672973494,1
a5827bfce19e63ea,2014,0.6252825570959364,1
283c0b3b7e425252,2014,0.2438792775746774,1
995f0dcdcd5fe43c,2014,0.5330016548820387,1
fcb3e9f89987d519,2014,0.2665934334909241,1
98cea844501261a9,2014,0.5174960361093071,1
eae8d2c30c0bb499,2014,0.44953767900206265,1
981e2f5a8e46a1f1,2014,0.3811811814358472,1
f7fac3df5c6dc91f,2014,0.46245371798617085,1
a523ac02533f8b4d,2014,0.6746960323852463,1
f524520a7fe0a8b8,2014,0.6110692870927393,1
beed8bc1f800de8f,2014,0.709961520641121,1
8c47c4b9503dd5b4,2014,0.6576045614720247,1
a2e1e35e4e84e08d,2014,0.6733959112660015,1
20d732758337f0a5,2014,0.3960521476567404,1
d2519c169f3039ee,2014,0.5707736947072266,1
e532ef88b8cb26d2,2014,0.5270654952708156,1
01c67a3990800dc3,2014,0.5646846513673104,1
a7aac5f6b470ddaa,2014,0.6632787371746116,1
3427667c1a265fe5,2014,0.4585656086581953,1
f0b117394e52996b,2014,0.623361276192349,1
2e8d68b14dde981e,2014,0.5676734139296,1
3406cf3e28e30d1b,2014,0.45799250407110353,1
3e6b5cb3c37bef3b,2014,0.818392428164658,1
0dd560fbcae2244f,2014,0.42849170621291766,1
273f9520d75f3dac,2014,0.5738314358179889,1
1a6e7e7c98886198,2014,0.38274843487106425,1
3a5b53d1123d9f7e,2014,0.44461352875459365,1
a283975bf9355757,2014,0.693863163557684,1
70e0e57a6755e31e,2014,0.5643898502596555,1
b36362f5db72abee,2014,0.5997618777814118,1
73f72edb86c82eef,2014,0.6348070862244964,1
7fe2f0213d641540,2014,0.6908148738639053,1
3808db1e982cb103,2014,0.5508659237275794,1
f8c9a597f719d75c,2014,0.7828957483156517,1
220aa11288e919c6,2014,0.5193897396018995,1
9d1722fb8b83a92a,2014,0.5383177536011097,1
f5445d367e7dbb2b,2014,0.4137306004217661,1
4e3ccffe18641d9c,2014,0.45102075312431417,1
e446c5e4a8b8d189,2014,0.43369943903215463,1
a9660625bab5d4a3,2014,0.4371191391246736,1
82f00e723ed5f6ea,2014,0.49207989054403056,1
e4fcad8261083dbf,2014,0.5843133268326307,1
c3455ba522bb37eb,2014,0.233284878052181,1
23861a2085ea34a3,2014,0.6170297087916751,1
553a788a44b8e794,2014,0.569553918686738,1
5b0cc074c657ebd4,2014,0.49573954344894733,1
484cf23d5110ca04,2014,0.560388638057425,1
9b10db4499b211b7,2014,0.6187748820851628,1
9a1d57966d8a17a4,2014,0.30553548606732694,1
e332aec001b34f50,2014,0.7812702719915342,1
d6e4d0d62a96a948,2014,0.6482672574267903,1
2b6c2cdccb2cc659,2014,0.8215503583555878,1
687b9b2c11667531,2014,0.6953571091171118,1
23e96ddeb14b5936,2014,0.32499241474555063,1
9a8fedc4fa968bbd,2014,0.5561243425209575,1
8ea70cfd5d3aa5ee,2014,0.6422434065941499,1
289004336bd71d34,2014,0.49652258182262177,1
7d947be4c15ebe36,2014,0.4875026534590863,1
4ceadad9c2dd0a87,2014,0.6870888642471176,1
107079f548338ac3,2014,0.6534157604886062,1
3ee1a3216cf66b95,2014,0.501586469914221,1
2d14f73c374f2875,2014,0.4386788189246166,1
f8cceeabeb2afd4d,2014,0.5438253920892979,1
b56fd6eb7d0b6083,2014,0.45523483495359063,1
8d98ccae1057815e,2014,0.36514846870799944,1
11d2b546c8533c0f,2014,0.42880913535375803,1
4ead27d52c14697a,2014,0.4208691857032082,1
ee0075e188e87e86,2014,0.5250000359396438,1
002c1562708ac307,2014,0.6772540541297406,1
1789d630e31e9c77,2014,0.7115751890157478,1
164eb9071caf3fe8,2014,0.39790216766700764,1
f9a59f7c67fbce01,2014,0.5804640134851855,1
c3e3d5ef06a45616,2014,0.40537280685371724,1
2f6b63e8ec62e3ca,2014,0.5954739734891361,1
edcb573f1462846e,2014,0.38348074376762414,1
f132535656f28648,2014,0.3914686376914942,1
2baa02e0df86b566,2014,0.46663722212188086,1
ab27a211bcb9550b,2014,0.5743657591588944,1
47bdfab3cdcdddfd,2014,0.5513913671093031,1
e64310b89b54db3f,2014,0.46758297596033616,1
e886e22d31bc96c1,2014,0.4843806940918735,1
c556a9d615f11483,2014,0.41186110075641524,1
2133f8798f089140,2014,0.6187024685671247,1
c16b1dc7577fc31c,2014,0.3233228931053811,1
5b6405eeb6757637,2014,0.20059909879688906,1
4041e280dc113323,2014,0.7268407070275794,1
042fee3d05e105fa,2014,0.4616435331160831,1
16216dcec4a48768,2014,0.5667146213422742,1
0b1af005a5f25561,2014,0.48225553638880103,1
a104c62f69ce47de,2014,0.3867617197123661,1
3618e0e165190576,2014,0.5533423961575195,1
f9109d1e7c4ff9aa,2014,0.6264531611274432,1
0ecbb881c74a63f5,2014,0.4267242304360147,1
bd0497a410822291,2014,0.43156812627088864,1
5d7c91acbcddda2f,2014,0.6034656627398518,1
c16454a3205506c6,2014,0.6738517391162009,1
09f9849d363433a7,2014,0.7914735781064226,1
0c2a634606639d71,2014,0.28755597199632876,1
5eb07bffdc8b7acf,2014,0.5695333497354228,1
d02ac0447fb2a7a0,2014,0.4089866357916088,1
6597b770486021b8,2014,0.8260849366127339,1
6eee347f75f223f0,2014,0.6694925209911753,1
410e3163827d6d3b,2014,0.37064250523937037,1
6ff8fff0fe2a3cd9,2014,0.46720164873585396,1
b97d2f97d109cfc8,2014,0.6667568444285371,1
dbc35626d0f0576b,2014,0.519242252473181,1
8d7ea177efadc718,2014,0.6334245470549881,1
753004dcc9c53eb6,2014,0.5946973533718534,1
357ba2f1da89031b,2014,0.4402679085046314,1
2d7ead5ad0952423,2014,0.4737058044511413,1
a84d032d7d217427,2014,0.4925629575647912,1
5fe5c8cb69d8825e,2014,0.2756635501845188,1
594ce25b9e16c7ba,2014,0.49914582186965295,1
7767149280471f2a,2014,0.3500217401091028,1
db747a157e1f264b,2014,0.6746112059912284,1
f3ebce624bb154ae,2014,0.38079147386384415,1
b72c19b80fb47ba4,2014,0.8174619974700408,1
de65739f00350c58,2014,0.7255570088281031,1
933660cfab154f1a,2014,0.6239676580977629,1
612333aaff795989,2014,0.5480432996571595,1
25a28456f684503e,2014,0.4515449115204212,1
f3fb4be38377e1e9,2014,0.6729667784506305,1
ee532a38a0b93127,2014,0.5525303900457643,1
47cabf79c3340581,2014,0.21015574867672893,1
2bb2a2652fe38809,2014,0.7244324152583297,1
4eae10815ebe78e3,2014,0.4292116546370409,1
eb13a9d04dca676e,2014,0.4350961241711269,1
cbf36e02c68e7719,2014,0.41247715507703053,1
2977a9b5c30d89c1,2014,0.25335742378472437,1
9afda67fdb4d7c07,2014,0.48116123762499285,1
70e49c90d012de66,2014,0.5827504553445187,1
7d26a6b4b6845e1b,2014,0.6597532554148366,1
1f65f03f1225e061,2014,0.5690058247749752,1
2c8d1f5bb73a812b,2014,0.5999921655071654,1
a4759c52378f9d1a,2014,0.5726832917880711,1
12bf24fa110513d0,2014,0.5585258167547341,1
7962611f2adbacc0,2014,0.6034882343839343,1
0dab467898de22c6,2014,0.5898700785088752,1
bfcabf1ab823942f,2014,0.6041127344569388,1
46cfb41b00cb5ad8,2014,0.4833668181354606,1
6445b14dbd24ac25,2014,0.08091049185056876,1
c576e311ea337a32,2014,0.43833758304972825,1
2e8058fb2344ae3f,2014,0.47674475187302034,1
f206143bb9347444,2014,0.4562852507876931,1
27c34f7a7e1c4d67,2014,0.46194964986742404,1
9cba1f0cdf10a8e5,2014,0.42295598120512945,1
f560035058bdb18b,2014,0.6130067751830625,1
5da7d95051699adb,2014,0.6159675402181878,1
f966ed41316504b9,2014,0.6264553572263034,1
e7318f41bce58b8c,2014,0.3957615904641909,1
1117f90ee81e0bbf,2014,0.46868107928722963,1
2f91307892d163ce,2014,0.6101619267187646,1
8fd355e482806ca7,2014,0.4031762237640963,1
94371d1af8aab471,2014,0.5717049864622212,1
de17a01ce8a0c654,2014,0.30966414432347594,1
e7081f3a0a982f9d,2014,0.7570699957766488,1
14a59abb3160ddaa,2014,0.4528319408615977,1
8c5785de472dd9b2,2014,0.6710924372203255,1
bdcb43bf1daa790b,2014,0.6275500315247713,1
5c30f6535a08d598,2014,0.34561720728294615,1
635ee9448fe2ddaf,2014,0.6673172516484265,1
02a183fa803a33fe,2014,0.6465602546860636,1
9fc7fcbdb6587265,2014,0.11707140141002267,1
b0271fa12935bf88,2014,0.7061993972214013,1
0dff8509f6a861f1,2014,0.45955342328318227,1
3c06557ddd86f8e8,2014,0.6093759470787216,1
c1bc2a42652f685c,2014,0.47166535602275306,1
a822be2a017f329e,2014,0.821090592414557,1
4e7c06f8b2b8c24b,2014,0.6189313397013237,1
c8998aa536614a5a,2014,0.39602213903235894,1
e554e9910cb83d49,2014,0.5416188616638637,1
f6d6b660e1578744,2014,0.7134218950352207,1
c805552171b20b68,2014,0.6149200513148723,1
f3a970c83d8de1db,2014,0.6184789295804778,1
b2457e9da89967e2,2014,0.45029738778823714,1
85a58685504c63b4,2014,0.4594655300354509,1
611ccad0fc46ba51,2014,0.9074280706419304,1
0836a9bdd8942bb3,2014,0.49496932615304856,1
ab3820fa9944bd22,2014,0.5087434064875865,1
1e603e6aa6d1a750,2014,0.757745630662075,1
55b3724a98c0469c,2014,0.3832647085019958,1
f29ba17d818d4fac,2014,0.5688365549954231,1
5da651d5867cbdfe,2014,0.4636286614299698,1
f9e672ec431fed3f,2014,0.5012771843363186,1
35cdd5e50d30f26e,2014,0.5320540262545984,1
2e23e7ab6217c034,2014,0.5584333230403005,1
17dc833cda860933,2014,0.5828665106027359,1
23124e6f3e7aa37d,2014,0.5425316185396666,1
1258b6f1cb5eed64,2014,0.4457239030832252,1
1f63949591ad61bd,2014,0.6542131636109919,1
677910683d0fd88b,2014,0.5554997643690593,1
99dc6aa635a9cf98,2014,0.3006969824119672,1
49d8fc8e4aee9b51,2014,0.46209450281736203,1
03ba4f9ba7c934ad,2014,0.5491644142417336,1
a0e4f43827aa81c4,2014,0.4296779088642373,1
6989466d287b4a57,2014,0.495242809446355,1
2573a9a722f238f4,2014,0.7716651531230655,1
5df4632f6238e612,2014,0.39215240801838147,1
852442b380088fa5,2014,0.3730683308388268,1
efa3f3c8945cad0a,2014,0.5088297747755183,1
db209b782f35e0e6,2014,0.5000899823308821,1
01be9ab42f1fd8e6,2014,0.6378048734856853,1
63e4cd10ed47f1a8,2014,0.638582387492791,1
bb9c60bc6924f373,2014,0.5213841857696528,1
fe1130f34dea28d8,2014,0.6375372395411028,1
b2867869d4eb98ce,2014,0.24381767411177474,1
4de8b5898e1a23c8,2014,0.3398829568204865,1
53fe9da9fb8d4f88,2014,0.3966945756425141,1
e5cf527ed3963a0e,2014,0.5285585420063325,1
954362efa4564d60,2014,0.6860055058915892,1
d0ee52e17db605ab,2014,0.5388652364341889,1
e8f6232d12d52b58,2014,0.48943538808252407,1
2d323659e430bc92,2014,0.6057687108535876,1
20f0129fc4861674,2014,0.4782715034632551,1
2c417643d6de6f04,2014,0.3376822313979121,1
56fbc2a376569c13,2014,0.5298087355620482,1
0067048aaa2aa2da,2014,0.6490882526281248,1
735ed861dee80d25,2014,0.5156798896793426,1
7cde85d46dc0bebe,2014,0.36611790023050644,1
c7765a3255701267,2014,0.6348311030377456,1
a57b9c636ac198be,2014,0.7329409794895255,1
351532f2fe6804d1,2014,0.36923545760507737,1
788c4bbf925cdf40,2014,0.4697827434188604,1
c303b8a07d0d06d2,2014,0.5644952684421911,1
bd83e4a6f216230f,2014,0.6255024227084909,1
7cfb05c08ec91525,2014,0.6769144239021371,1
1748b2b5aabe23a5,2014,0.3775075010653217,1
8452ff5ae6316931,2014,0.5351736718468151,1
ae0b5ab5bc4bb6a7,2014,0.5447956776936693,1
e8c16b26a4bfe163,2014,0.756870715145703,1
7ba4a04673307cc9,2014,0.6240617157140091,1
603b0b1fa3ab8f20,2014,0.5109227236488614,1
98e21492b6bc15d3,2014,0.5638413784211919,1
1c980547431ddcef,2014,0.5987332105130322,1
839c8cd7b1a32c7c,2014,0.25927064015241724,1
c9733393385105cb,2014,0.27549071424313654,1
fd4d5685c2e207b5,2014,0.4555102233039052,1
1520290d28b75b53,2014,0.27930358437905245,1
80faf0c138d20999,2014,0.40229037598918027,1
6f19f24780c4f23f,2014,0.4705365993456557,1
972b0643185b2570,2014,0.42586347729001645,1
e79e3ee088b76d46,2014,0.4327678955741786,1
ebb9eeac1faf73ed,2014,0.33353434006857385,1
7580c93fec606442,2014,0.546913489673441,1
2798c746fe93502a,2014,0.3672183231348423,1
36c2ce10809f17b3,2014,0.5185223985507579,1
033e4538b9014f91,2014,0.5356455654339406,1
72d2ab073f4120a4,2014,0.5075662398255012,1
246f38c7855a6400,2014,0.5809355800945939,1
61c9bbeb2806534b,2014,0.504124315567984,1
284e05afc9479620,2014,0.4189993255290407,1
3dd55cca2358a511,2014,0.3785529826911339,1
a4398b9257a93d78,2014,0.3773040435619761,1
de2dad48d95305d7,2014,0.9154354304127474,1
7690e946d9d81f51,2014,0.48056215097163707,1
b516beb27416e492,2014,0.1989022508580791,1
c2a36e996bba3a4a,2014,0.47968507730892973,1
26cd506de4221057,2014,0.31650485456480215,1
36d9d7e331e6b589,2014,0.41921953857807603,1
1e797ccd275a98d0,2014,0.31557348114733774,1
5ff0c4c6006f0873,2014,0.7551235630618163,1
ef3c1a2ac6510d26,2014,0.5565561835432893,1
a49706a6edb0c5c3,2014,0.41579337918012027,1
9c0721bd410e7a0e,2014,0.6578373501509538,1
fc45644c62643c71,2014,0.5930679705008438,1
fceab09944a65840,2014,0.5729709065923421,1
65f4d4f44e6e73f7,2014,0.6274255282106116,1
72656e864ca1c972,2014,0.4400462656316198,1
b1b82605646eb850,2014,0.26232132659676155,1
3e3db8c37096c260,2014,0.5085912994074554,1
6bcea00473e43a59,2014,0.5540552858197763,1
64eb4ae171613218,2014,0.672599289343245,1
79c2461046e17eba,2014,0.7714166162398169,1
75a88258eb967e0c,2014,0.6457087687853894,1
4664432c0d592411,2014,0.5841834413615177,1
23692b9936363da3,2014,0.6280168168807957,1
17bb1e62772ac5af,2014,0.2971408534032313,1
6c62796d9b7e94a0,2014,0.7662954915704718,1
4e981b587c1012dd,2014,0.29264126314319666,1
63e21ff20866b8fb,2014,0.5420564622740782,1
2d1f8ee74824f983,2014,0.5829445734763073,1
24ac3d1bee1610ef,2014,0.5863045461492801,1
88933cf1edd83034,2014,0.5834249626221794,1
562d3261ca7bdf01,2014,0.5210920157452148,1
2d13778322a8af82,2014,0.5913268267907763,1
5563d6de0b4c4d65,2014,0.5216614379031721,1
5e07077e84fc45cd,2014,0.6199717710449572,1
5ed0027812582ad9,2014,0.43603937313920105,1
7e25199be406dd7b,2014,0.6334198945451629,1
699a70c8fb3c0273,2014,0.4975447860267132,1
20af0f55d226f320,2014,0.4504072040595346,1
ca16e203eb2bde60,2014,0.6706352213456239,1
06fab49a307ff3d2,2014,0.4947590057057968,1
da26301ae3e7a9b1,2014,0.5175310331994674,1
64542fe846b9aea9,2014,0.83235585632604,1
4cc9ef5e68009fd4,2014,0.6205694784878037,1
2a44035824303dee,2014,0.5827348365851548,1
432e57033ceecee0,2014,0.42036671692630434,1
a90fde18a088f99b,2014,0.7445464186366091,1
502d7cb01921170f,2014,0.7871646825024402,1
d1b2ce8ee57307c0,2014,0.6231729538289933,1
852223ee1a2d0a74,2014,0.47194728582096257,1
ffd3e3d37cba32da,2014,0.5532906290868272,1
2bfb60face19904d,2014,0.5442214293073256,1
06854105c3503075,2014,0.6425914083912336,1
7099374e91f9283b,2014,0.663887432293899,1
c3d336f9aabc9fb6,2014,0.730472251851121,1
3a7d76e3c0b503c3,2014,0.33715985971872797,1
681d77e5d5c0f0ee,2014,0.43094481314957744,1
0f0473dde4b873ca,2014,0.6389639495429242,1
920b8aae22c04f13,2014,0.5606899490573886,1
b1e7100c2ab1ab79,2014,0.3157474560199577,1
2faa7b48b4d51cab,2014,0.855134746493859,1
3e9f3ce3a01bb97f,2014,0.6467926435691969,1
13c4251fb451f440,2014,0.38741906284852623,1
73954f3895cac499,2014,0.4419254557916339,1
3d741cee0dffe165,2014,0.5541391720338968,1
cccb99dd4ec5c2d6,2014,0.8264302093666895,1
49b05e23e3a2af13,2014,0.4864877183721992,1
207f105716df54f9,2014,0.5378650517669561,1
208674403b0936d4,2014,0.5649963597850287,1
7826c23386a1e09a,2014,0.4963298827606741,1
db9f8144b50227f2,2014,0.5353021076522814,1
fadb129e71d8fc22,2014,0.20347498975248532,1
a3480aa7bdc63c11,2014,0.4858518886604548,1
cbe954d004415b51,2014,0.6246657608263083,1
e8907b881151b79d,2014,0.5660361508358018,1
22f52e3b614e0d8a,2014,0.3934186636393423,1
a788042d4d0c50d4,2014,0.46956841188235576,1
4087bb7b3b1b9e24,2014,0.5455328345985405,1
07f9fc40f1e6aa87,2014,0.8426674066036679,1
7a440fcd8048b091,2014,0.41951130985387547,1
9e47b2a66d0e9315,2014,0.41511351494341364,1
1e1a09bbedf7781d,2014,0.6604220141276443,1
925f745c03ebd638,2014,0.2600148540565814,1
7228398a1ab12183,2014,0.5266641929709746,1
12eec1df1fd078a2,2014,0.5685876679197568,1
03a200326e56d597,2014,0.6832322279357355,1
1a637fbda4bdf575,2014,0.4071675673788028,1
e7859b4e70d4a9c1,2014,0.5410657021446342,1
56a0f335ef05c825,2014,0.47031720038522795,1
e947baa4cad609d0,2014,0.6089773745681785,1
55e9ea18b8a72b2e,2014,0.2025887705959993,1
171af1114dbfc29d,2014,0.7549513326237641,1
a2bd4c46f89f19ae,2014,0.6278316640703855,1
079308cc2efa2e5d,2014,0.5719203995372096,1
2ff14dfede1d02dd,2014,0.28164435852266945,1
033d968f325842e7,2014,0.6094131480328537,1
2f93de8b39ec4625,2014,0.5393282331924966,1
8f9cfe0e283a6ccb,2014,0.5776280730735026,1
bf1a7590c455bc7b,2014,0.49110672865813165,1
2417f4130d707978,2014,0.5316182858289787,1
802eba82d2b6113e,2014,0.6292490419067602,1
60030b35e276d338,2014,0.9598018537003129,1
acc987adeab45bfc,2014,0.48277709143919595,1
c5ae278a05b73db9,2014,0.5931604458635644,1
7e8f4240725316a4,2014,0.629144890330941,1
58112f9fc0058e68,2014,0.6458981878573344,1
9b1e3d99fffb9c10,2014,0.5549945397708034,1
93b7ae1e0f79d100,2014,0.5434382324687055,1
44fc830a664ed611,2014,0.42730558052440704,1
d643fc29c147d33c,2014,0.41234641539462924,1
a2c28daf0be59fa7,2014,0.6026372582651067,1
ed3222701a8c0521,2014,0.4982745177317049,1
b079f3d5ad290afb,2014,0.46289753442886766,1
54afe8c42e2062d6,2014,0.3852012378581238,1
e1cfe75b3a8fe709,2014,0.4066424502217444,1
fa2bed87e5d6c568,2014,0.5271774391491814,1
d417609ea9670fb3,2014,0.5465669678624511,1
18ba44e67d5c5f38,2014,0.5848817767806743,1
73c70a628f0ef14b,2014,0.4255654820204467,1
1b23096378482313,2014,0.4832494756372513,1
383f0de18e7ab9c5,2014,0.37482260358595093,1
a4816be2c49e3942,2014,0.7794974555706063,1
7ab72866ff2a6a7e,2014,0.53630384608521,1
deaeb2383bbd32bf,2014,0.3705252935492208,1
1cf53a0b9db52ac6,2014,0.6941460020642645,1
64f5c4f3f3d8ad2c,2014,0.4888395799053099,1
70d69cf33984d7d1,2014,0.4694938603713267,1
5a346087f4120fa3,2014,0.6142865243348501,1
002921976d27b7da,2014,0.5160032229164563,1
d4bfe75b61d2cbc6,2014,0.4837407258914579,1
2ab2753040f455e0,2014,0.5668890371956836,1
8a6ecf3dc2b17c19,2014,0.4463762424430469,1
b9893ab3bed62e60,2014,0.44365918064069065,1
fb4bce82541b4061,2014,0.29560337716336055,1
9f5c84d05107f42b,2014,0.42626548310585866,1
c26a094aa7ce817e,2014,0.4956555164549394,1
d92abff61b0ff5db,2014,0.46665315574912747,1
317e6940e8bf5290,2014,0.5292933159596671,1
647f6d2b9b784222,2014,0.4279860750534396,1
8040697ea2f36dbd,2014,0.4053487926820818,1
e17c7b239e8d6c32,2014,0.4661458441490544,1
53e818dd5abdf787,2014,0.6460173169793609,1
b57aaf04af8bdd34,2014,0.6786456069083013,1
e0f49380b9d31de0,2015,0.1979025650980647,1
e4a9c93ff23eb5bb,2015,0.6570411102457547,1
b10a94377bce3e22,2015,0.6719959491911491,1
c0ca05832f518fef,2015,0.6487712452808445,1
22e7485bceb841af,2015,0.26811385782031605,1
cee94cd937bf64f2,2015,0.3583101062408548,1
f81cd5b3903bccf8,2015,0.859799794199445,1
b2cda211e0e72811,2015,0.42490185321721763,1
f4d91498ca3f0a1f,2015,0.38467228679984944,1
57385188587c83b9,2015,0.7733102994874919,1
a4a78ec539238a5f,2015,0.5083847405078119,1
4d3cd5ecf4276c92,2015,0.9189474082464821,1
85e57ad2b3831621,2015,0.5629151444996978,1
53d2d2de5c4cccf2,2015,0.5761030928643543,1
2d24929eaadf0351,2015,0.5493236683442406,1
cf38ced734978fb8,2015,0.438735239027309,1
90e5169190971647,2015,0.47604189821043985,1
6359bba789ce28ae,2015,0.4682248611710411,1
293919e355b362b1,2015,0.4952984651161103,1
837a7a922066b214,2015,0.752496719270997,1
93569f4876c20488,2015,0.41033188222627703,1
3d468536e8904b93,2015,0.7769506330862818,1
f88fefd5df0ba06c,2015,0.2832252377889609,1
96f09d5db68951ef,2015,0.707853713645363,1
c740ceb0427b6317,2015,0.6714501499331704,1
ee65977baeca3c85,2015,0.6622297263290668,1
b2398418be9a3442,2015,0.6333506053087519,1
9c1d4f57a997a490,2015,0.44506596512701124,1
c565bf49fce2a4cd,2015,0.6630847528290363,1
eab6e19a2a2a67f0,2015,0.45960821458273904,1
eb0775cf8ee7a4e6,2015,0.47280420647436017,1
c3544bce29be1281,2015,0.3837441179217326,1
c910d2fe570b368a,2015,0.61621747017454,1
f47a32ec7dfda660,2015,0.37480362110432675,1
6451724f8a836167,2015,0.4388925795848913,1
5b0ebb843af7465e,2015,0.9367639150947561,1
fa537adfb4a7b719,2015,0.6033465171848249,1
c699c0e56664ff11,2015,0.623648571026201,1
b347480405118de5,2015,0.589641064964866,1
7fa227a1c5ef2238,2015,0.5163828157568038,1
0a2f344e419bd4fd,2015,0.42045052314981646,1
776a8a645868f616,2015,0.6686881447328585,1
cbb4673397b5e96f,2015,0.5737499011169346,1
d52a5d085bfa569b,2015,0.3913493131881741,1
357781ff34a3d39f,2015,0.5958976709402183,1
93ac52a9fdca03e1,2015,0.5094549387953559,1
b91807add93763c9,2015,0.5664123341595275,1
a4badfa86304f799,2015,0.5270234687311162,1
1a3572d1502efdf4,2015,0.5394600722101266,1
dcee56e0cbfacb45,2015,0.7574633264889317,1
60820d105e57d5d6,2015,0.29423090354677806,1
0bdb170e1fef36b6,2015,0.774533935227934,1
509bd83b00e4ab7c,2015,0.650025117734943,1
fb5ce6329f243d8b,2015,0.5889304298004019,1
b6a609806d44659f,2015,0.5000676546076468,1
10cff9ac7ce89c28,2015,0.42494055978023043,1
a7ff11c5dfe65e86,2015,0.5343186748753981,1
ec659c4e19f62700,2015,0.27309763551614363,1
76726a66840ccfa4,2015,0.4023571796346789,1
82e713f037e37fe9,2015,0.21942787388258078,1
c7cbf6b47051fa7d,2015,0.39227824574104825,1
4228886e94a25a63,2015,0.33254383061177784,1
1574bb7476c9e556,2015,0.3651356348999774,1
d785f22c4cc99a3d,2015,0.4627439121939414,1
223f9a750428e1d0,2015,0.4779082026733578,1
5c827dd56a08f700,2015,0.4466852585040609,1
adc1038ed2e76391,2015,0.4852599550005742,1
f3e1c02ce14bccfe,2015,0.8817422613304642,1
203b3098d892c3b1,2015,0.4288063446591134,1
fe49ef11584415d0,2015,0.29793311171838044,1
ffea776913451b6d,2015,0.5230717693020834,1
9f4bc2063685211c,2015,0.37564417523039995,1
618b581f14a37e06,2015,0.600902021393829,1
31e62d34abc3a762,2015,0.33213658907782295,1
e083c7ae1548e08a,2015,0.5700891851862205,1
1cde536c460b1a0e,2015,0.39177694352300757,1
d4d6c5ff6bef93ce,2015,0.5087085175688797,1
875304f54becda0e,2015,0.3255122521535869,1
0027e179b743c86c,2015,0.7810692254458148,1
d61a7b593218234b,2015,0.518355230979437,1
27e421b97bf57d3d,2015,0.7466352855634063,1
0337fa731f5b02c1,2015,0.646360142631101,1
6b07c3a9a95493cf,2015,0.5217520671030503,1
7685da6f627bd98f,2015,0.7339016421170335,1
66aa57912b5c5170,2015,0.6828067595829866,1
bd52e19f2fbefdde,2015,0.4623941044791672,1
39e6cba2480c6d82,2015,0.43889987455199686,1
c3ba8f1a4ddc0dc3,2015,0.35851795213297777,1
0c299ce3719d9ea2,2015,0.7170173060223058,1
632f6960544caa3c,2015,0.3962094275272148,1
7259a1046143e632,2015,0.6138051792072029,1
22a243c5fba0fb46,2015,0.44737000269938426,1
9150344ed35f355d,2015,0.32097001524930463,1
55c6d02e838dc60f,2015,0.5712412327327285,1
fe5427398fd9d9dc,2015,0.76510511480146,1
0eac602503b48b1a,2015,0.5632620976746447,1
1641d396e409a350,2015,0.385262305938627,1
bc096e8ae14582ec,2015,0.4367892844738557,1
3845a6838fe00265,2015,0.41642661434460787,1
f9373ab59b7a853b,2015,0.6027798888002145,1
85dcf9425d3c4e56,2015,0.4866783787239375,1
8cf571afc2618df4,2015,0.345204103254746,1
12c600dc64edb403,2015,0.7216561895707351,1
0c25bb24dbb63655,2015,0.5629836159270796,1
cc7afab68363e076,2015,0.6023446151010909,1
9eb92b670eebdcd4,2015,0.6331818471432232,1
634dbcef5111f939,2015,0.4641505836118035,1
bbebfc54abbb1d8b,2015,0.5193733737472782,1
8502afcf211973a9,2015,0.6446629828421867,1
e8d336f4465e6640,2015,0.6474043846968569,1
6e652cbaaa406598,2015,0.3727162984260872,1
a39d0adbeffe49de,2015,0.5001307393525872,1
439905344ee8035e,2015,0.37732115771300667,1
79e293137ef6421d,2015,0.5094387721092155,1
badc8c379cc2e6ff,2015,0.5627016884431651,1
ec0a1c09d1b113b8,2015,0.6823401708217797,1
fe9a58e79d54695b,2015,0.4363256939838602,1
63c08ecea35e8bee,2015,0.6019500190972262,1
b2bb725b17ab51b8,2015,0.511073463647432,1
6a7892754af30685,2015,0.22873045520080237,1
642a8cc1195c5198,2015,0.2946993776568665,1
4785bf265d05d85f,2015,0.4214499445023995,1
bd246b9789f88e1c,2015,0.4807477955140786,1
2230a5dbc0907859,2015,0.6246152933203404,1
6b92396d42918366,2015,0.15864193309444002,1
c19f394f3c237789,2015,0.6184993596144938,1
2bcb878e9d02b8f7,2015,0.5172977346027684,1
e2b4130c7b1ff8bc,2015,0.6588985826288498,1
f22d193f3ab42bc5,2015,0.46262810410405364,1
f4717203e762d780,2015,0.6246399199743947,1
5965800d88e0677c,2015,0.5073749541699285,1
ab475a3a4487d6d3,2015,0.4845755838009367,1
71e123d40fff9edb,2015,0.6653651514071317,1
059dcd0b3b8e0a3f,2015,0.674616347482127,1
0590fb4acc06fa93,2015,0.5050029428794314,1
48f23cc8cc5ad9a9,2015,0.4608129317701692,1
6b532f492e98d22f,2015,0.49377919189785013,1
591699203b264f6c,2015,0.4347955323317934,1
78f1457371e2ef6b,2015,0.7004596228695359,1
0c74e600ded0de97,2015,0.6107138175666232,1
ccbbf1ccd4513551,2015,0.5401024214426413,1
4669c07f3cc9e35f,2015,0.5874301234745657,1
6c2097664ac1bf16,2015,0.6542297451651093,1
398f4857f9692204,2015,0.4632413234459799,1
979269d4ab5784af,2015,0.7284365087865808,1
d1c4c06780cbd36e,2015,0.36612015437652484,1
8a39075a9ffaa971,2015,0.5963846554517178,1
e4549c57faca7a64,2015,0.43441438943684985,1
f208b79b0d78045b,2015,0.6516387888144684,1
43baf5b905686ebf,2015,0.5997496401212985,1
4f722e80eadb6d2f,2015,0.39692503430124626,1
418b6f692abe9e35,2015,0.3609581988155531,1
0fa31c9f7495810b,2015,0.5277051148136268,1
7ec24848cac6c5a1,2015,0.48042057254689974,1
57b986d06bde71c2,2015,0.6861737213854121,1
c13b2493018fc98b,2015,0.6015331462183202,1
49749ee78bc54a48,2015,0.3347538795654341,1
80551dceed42e7ab,2015,0.44217802251821425,1
00684df5ed23e6ca,2015,0.49719115410877646,1
97c302628f231da3,2015,0.3774366026199654,1
1e176413438fabd5,2015,0.5606161615266438,1
4702ef17c48bf1d1,2015,0.42249653945509247,1
093ca77f7f7219f6,2015,0.27365084661762396,1
14a40f30e0cb22c9,2015,0.7328189486535812,1
3b463d688d598a72,2015,0.4301730346019345,1
1caec47dc08613a7,2015,0.7623311052626256,1
7d60cb78ea70fae0,2015,0.7078274777826237,1
419d8143afbcd61c,2015,0.7980913473705455,1
3c3da227fbe36a28,2015,0.6155790724587585,1
0c36a08b1bf60f45,2015,0.6468107145820055,1
b34c608bdfa655e8,2015,0.4177938693547879,1
c2f0a53cd67e1736,2015,0.8747911238722771,1
6257627ba49e42ab,2015,0.5022059207438833,1
3a25be6438e3f94a,2015,0.6465847859747715,1
652a73f4bf7f1932,2015,0.43651022054897737,1
bee780601ad13583,2015,0.6789870481366709,1
318460613b6018e9,2015,0.7466224032567613,1
530fb0d1a26fc57a,2015,0.4447877014607522,1
0c5640433ba44a1b,2015,0.5483503203174656,1
109674a1ee00f55d,2015,0.4092569460458196,1
e54fe354981fe3e7,2015,0.5572391361955826,1
7af604e5aa43bb3b,2015,0.4881133242197893,1
d6c02b4bb64ff795,2015,0.4139563248909085,1
61d6b591430b6e25,2015,0.7288308622218816,1
d4a309663a4da799,2015,0.3217975948147192,1
6a9ea8e420a52a21,2015,0.4684694405542179,1
bf658320ccd69021,2015,0.6059750244749356,1
ff64fc34065565d0,2015,0.689691594701017,1
8801fbb87bdedbe3,2015,0.5535796279698855,1
5a36c9362552e0dc,2015,0.43719889986620813,1
c39da8538d9c0321,2015,0.6044167093450363,1
3caa22209cb559b7,2015,0.5794862230949229,1
a7c04dc830923313,2015,0.6100146770264823,1
245009a9e1a0f60b,2015,0.4807016953795114,1
5b0fcecc55bebd5c,2015,0.4904920886652443,1
c611e81778c0b1fc,2015,0.3816811536292317,1
cad44cd2466fb68f,2015,0.7092746861189201,1
29c7cb102ddd7ec4,2015,0.38568367226838196,1
f930743af6564795,2015,0.6817810161554725,1
09f67db0cfaee022,2015,0.39573431137916726,1
97febb293c99e5a8,2015,0.5661335573520777,1
0452dd001f4adb6e,2015,0.4306067316838882,1
ac2887a0855a3266,2015,0.6214946730192397,1
b2b6cf87cde17136,2015,0.7196220034715334,1
c7bc785e99d3ee2a,2015,0.4265284142819659,1
47e8726b301f3f32,2015,0.5695289477619971,1
28c33e9353dac666,2015,0.6086985501738587,1
3b6dfd089301d16e,2015,0.5282455742896328,1
243e5e9b6678f303,2015,0.6113918062933543,1
dc93921bd9342341,2015,0.6759195582765046,1
fd776d7b554a85d0,2015,0.2392350876096072,1
93f1b09aa792405e,2015,0.2981605519653935,1
312c742e614f8993,2015,0.6873316718581346,1
08cbd4c521831adf,2015,0.3373551887304539,1
e00da416750f75a9,2015,0.5887109457904386,1
7045f8c1d5f6abff,2015,0.5141446783447235,1
cd7fd3f034717d3c,2015,0.4471375870102456,1
0b98d84a2795f7f8,2015,0.5425900208083774,1
447462bc8e540f10,2015,0.8028076470036924,1
951ccd0041bd1700,2015,0.509098613084057,1
008d0158831dcbd4,2015,0.6939718705069767,1
c1322d09e8b6efca,2015,0.31568303255685753,1
2f0cbf0502173a79,2015,0.6863117381619563,1
913d6763b570d060,2015,0.5914583200450669,1
665e9a25c5d8c17f,2015,0.4410099910770441,1
babfd62f1d4a43a8,2015,0.5875920170047336,1
fd80d6d9f4e54387,2015,0.8080241192431981,1
72d6996a60856b5f,2015,0.5835064790546189,1
7ad6511fb5fb28a4,2015,0.7123108866663632,1
5b51610a9c8c88ef,2015,0.6349145878057528,1
87b0475688168a42,2015,0.5079533600208036,1
42d09ca167ecae07,2015,0.4130216186897457,1
b90eded8d6b65e8f,2015,0.6088736448431625,1
9f56b3c053c44060,2015,0.669551615720441,1
8c8c2499d89da07c,2015,0.7008071002769212,1
2c5d329bdf182468,2015,0.37991173780837956,1
824368db1ed8191f,2015,0.45090689276932966,1
c4a7f7d8eb8fe484,2015,0.5910075285407229,1
a9d8ddb49dbe414b,2015,0.7606128439608826,1
4b997af9fb321123,2015,0.5080039995358591,1
4d3cbc7608c8958e,2015,0.4858540369309873,1
ecb4534c0066c5f3,2015,0.28509664817765024,1
70290140b6a8e038,2015,0.6756036575028002,1
96740aa476055413,2015,0.5705419254096428,1
b2eccc1b75633d3d,2015,0.48287188653987095,1
44e3a7b4f4c7d95d,2015,0.5525798593380581,1
c8ec30a470f08748,2015,0.3047863815213737,1
b823aa523c9618b5,2015,0.5935207716288393,1
8410fb6d495a2cc2,2015,0.538343906067707,1
95233ca23cdb02e6,2015,0.4738843019215248,1
11aac355349ecc94,2015,0.5956966588072496,1
43b9e58ebf4a75ea,2015,0.4338437408302076,1
d4e3baff532df842,2015,0.6057242823150253,1
54a15700ab185420,2015,0.4006409806122435,1
c3b733bf084c2cd0,2015,0.3397438258958765,1
a16d8d0cc93372c4,2015,0.3588119817817204,1
5301d765d64f863e,2015,0.6602751346913046,1
3100a4e29da974ad,2015,0.5782515177218401,1
d447919ec1a9f34c,2015,0.5088565739922394,1
541e5c7a87712fc2,2015,0.5328420580734937,1
464133df9ca19865,2015,0.6230243097070929,1
b8019af428c064ef,2015,0.7424660594366914,1
ea967877dd4d6efb,2015,0.5857747808999636,1
fd984e8a9e25c927,2015,0.48970102568419915,1
c0e8095c91c39b06,2015,0.6100500886178203,1
3b83ec99accfd271,2015,0.4877678318753593,1
2e12db181792090f,2015,0.5359151155238184,1
9cbdbbc414d6dd83,2015,0.34186092272110435,1
3bb7210200d90d90,2015,0.5311804624271798,1
7e9cb0c322773157,2015,0.6166809711788364,1
b0cb6a1da8e0da81,2015,0.46314171495185724,1
486fbba33876da4b,2015,0.6201089204941033,1
976d2cc3d08ca814,2015,0.5813503637885757,1
979538ff8ae1ccd5,2015,0.7266994616867269,1
d45474993a750878,2015,0.614376749387619,1
c7780ac294530c0d,2015,0.5410425536619596,1
0b8fdeeb626b4396,2015,0.4305366710956209,1
2e47823d38a5649b,2015,0.42829051132886875,1
c1bfbf5447f21f37,2015,0.6871572684335872,1
53efc226c8eaf768,2015,0.5172828181385553,1
23a75c0338d25abc,2015,0.24260055944721526,1
da7d7b4f20cd2af5,2015,0.45711423273485663,1
23fd9d50a99665fe,2015,0.6838978896647467,1
e8f499827178a321,2015,0.567350765262831,1
6275b448b6c35f1f,2015,0.6736724358921422,1
cd55220a7b1378c4,2015,0.6623047648455378,1
bb56f4e502512ad0,2015,0.5461088394642918,1
c97e99ca5422f03b,2015,0.6583864017495127,1
05065fa2bc3693b4,2015,0.45636299481101783,1
f963d716384153ff,2015,0.42845770126968846,1
f7ffa11d592f4092,2015,0.4973585117614554,1
959de17703476f44,2015,0.2690550153436607,1
7c9830ee4835f757,2015,0.5572428775455973,1
72330020a732c635,2015,0.5849406514571306,1
2116affb9c8f193b,2015,0.7598319118110153,1
17daeb7e36e60cdf,2015,0.37946015015754336,1
0bf405dabb25251a,2015,0.7734133341580908,1
8baa6b8850262595,2015,0.63507183728193,1
b0367c907cc549c0,2015,0.67091322598292,1
480aca1906276700,2015,0.3530323410778873,1
431e7931d8be8b5d,2015,0.645157433464283,1
aa62b8f58fc09790,2015,0.5851994154884977,1
60c62fb7bd17a8b3,2015,0.7564746640463498,1
503a9ac5679c9cf7,2015,0.41865955062639726,1
50d5a170516de2ad,2015,0.5194653151306213,1
b0c2442c5a7c509a,2015,0.44896023455410117,1
d757f19f3d34934b,2015,0.44518000326780094,1
92f27d13fc502d33,2015,0.556413496688809,1
00dcad4611fc63fe,2015,0.6041007224864563,1
664e56d8a98e2b49,2015,0.6790337901301675,1
e2535e0753954514,2015,0.6955039811493824,1
bd6d144f5c0b6cab,2015,0.732341737009663,1
9d72aaaf34e5b512,2015,0.586454351177138,1
9900550cc697eef2,2015,0.606533435862152,1
d4e98b827e3d6918,2015,0.5403329119038108,1
2ef16a5ff3710c92,2015,0.3664963490660038,1
22e5596f75d9d8e7,2015,0.5479653953798356,1
2d23ca9d8abc0c97,2015,0.2521446065525071,1
785dd27b03946f95,2015,0.48696808424862625,1
21d6db22c6089308,2015,0.4922574312375474,1
1bf7f647f309464e,2015,0.703397126049071,1
3945b08be8d62861,2015,0.49093629286245183,1
20b70a226f1c13fb,2015,0.4717656051457816,1
961246a6d621ef40,2015,0.6547366526436034,1
870a98d6f943d9b7,2015,0.4411836157028262,1
499557c33e67deaf,2015,0.5640760709707899,1
2c01f4df404ff6ee,2015,0.7457787317279708,1
05e2832cd5ffb7a6,2015,0.4142068770401407,1
c43805df4f45b6e2,2015,0.4892029344787687,1
86afc59ec117c1ba,2015,0.5132662580281389,1
777df8b5e28f42ff,2015,0.3953422073112657,1
1b52b08f195581ad,2015,0.4877950608870444,1
52f0398eb74c139d,2015,0.6232428689068743,1
0449c55a8c24a59e,2015,0.5645303824716935,1
05d2534e0f2d5042,2015,0.8614791498743861,1
7e1ae27779ac6ba5,2015,0.5606841658268824,1
e0f8e1e8cbdd63da,2015,0.6039476479846726,1
6f5f4b256f643ffb,2015,0.5627241427294499,1
4496c2fa6aaccba6,2015,0.6747703981629075,1
74e86c7782cafe27,2015,0.47363059524032936,1
b82b243982fcb2ac,2015,0.8001956591979719,1
374508c76108d7fe,2015,0.4964790525861077,1
85e1b21ea88fe7e3,2015,0.30390146476883695,1
1c5bed46920ab3e1,2015,0.6267327666891636,1
e7e244a0bf244e61,2015,0.6581733621365764,1
26ac85fc4bee63a6,2015,0.631191041896171,1
6712440cd01dffdb,2015,0.3888450100040983,1
34fd6ac116645ae6,2015,0.7215034923447282,1
2b3b6e96cea0f757,2015,0.5099081590955991,1
278cd1803ccc004f,2015,0.5981523834219686,1
fee873593f588437,2015,0.5150844960471981,1
32b030138bfd4f88,2015,0.4710563184036629,1
678db400f85ae15c,2015,0.46367442082936905,1
2615d94ab16380f9,2015,0.5494167795976376,1
7ab1cdfe3e540856,2015,0.4902753065646402,1
bdc1561ed4c6e22f,2015,0.762165500391248,1
c43e99000f3c77b5,2015,0.6374052544392521,1
4b790d75c4bc694c,2015,0.41790499751688037,1
e2e23aee91e27847,2015,0.47542498884929263,1
f5de8b2c81e91129,2015,0.4385365073358375,1
43313a340ff0d2b5,2015,0.5124409834449359,1
cf3a93dd5460593c,2015,0.5350092152926353,1
2ad291d61792fd7d,2015,0.40163767747560286,1
3e39829aedc9346f,2015,0.6329398275393219,1
475a41d83edd47dd,2015,0.425378679447083,1
665a35fcac41d277,2015,0.5405767466739612,1
a1569926652ebc36,2015,0.5416568289844237,1
5ae114b3fdef6d2f,2015,0.7035352487042967,1
8d1559bbcea7e92a,2015,0.562974504763339,1
e5461559114e30ff,2015,0.5361246187788686,1
d2198a7ae05b24c1,2015,0.6795131755732214,1
4ff0075d932d5b14,2015,0.47322117732009816,1
6d9f6f7004c791d5,2015,0.39946064394565894,1
b21e4b6c4126c782,2015,0.4593468558127748,1
dc4f7eaaa2c9d450,2015,0.7113058483595593,1
37c732554828dcc3,2015,0.38933814097790254,1
0339f66f18a3e0bf,2015,0.7508804114128681,1
f0b151cc6c91b259,2015,0.5397350810073389,1
a637cd1012af870f,2015,0.634437209187682,1
3c6659f1b09760ba,2015,0.6891868915122725,1
2be2c9ddfbee0cd4,2015,0.5497681840093098,1
93c4b798134c71d4,2015,0.6553810327955168,1
15aced6a6a61df90,2015,0.45087430226365593,1
d20dc2d68305fc31,2015,0.5837749441356507,1
f281a6775bccb8df,2015,0.7629316345327115,1
d5149f02b1ee7dc6,2015,0.46138616808058897,1
f602cc168383432f,2015,0.48905316665383214,1
1dfbdd569585812f,2015,0.6428430331871844,1
77185ff8b4dade6a,2015,0.5213064743033915,1
0f85a1d9ce42d13e,2015,0.7576873637150596,1
98301c092f00cb01,2015,0.46928435827058146,1
766dc3c5592b4d0d,2015,0.43377154549256114,1
27a6a6d4e3f8be75,2015,0.3788803795266008,1
391d458db6dae33b,2015,0.6361345012438613,1
08af25ef4252b138,2015,0.32481240579262094,1
d6482fcb69b04904,2015,0.40619335535524814,1
84d89d2f36d07dc0,2015,0.40218366942730943,1
44502b8c5546fb12,2015,0.454313514773785,1
f5eae75fc240aaa6,2015,0.4858992018675377,1
4339e30a856c1da8,2015,0.5786264931365642,1
2a702055a79d95a7,2015,0.791981784329057,1
83b32e9300fec365,2015,0.35258078241359603,1
4e3611c9a9e20ff0,2015,0.5072013362731609,1
0cbeda449bc94af7,2015,0.4749318929479459,1
06c124a55f77a7a5,2015,0.48863996347572336,1
e8d087f822be7b02,2015,0.47164948873995455,1
34a39beb93225e2e,2015,0.5116813554319617,1
d3ccf71e68480007,2015,0.410709017902561,1
5a79d4b9a8f8352f,2015,0.2287501039261841,1
7ac1c2f87b795742,2015,0.4391918010427337,1
3a932a4cacacc939,2015,0.41748476075881547,1
0f641756e99605ad,2015,0.4781721411233557,1
e8d3768f293a699b,2015,0.5094827658416288,1
85168b8d99f7ce42,2015,0.6089477852463985,1
3266f569a6246d90,2015,0.41214469628397443,1
a09bfdaa83d99efb,2015,0.7659090015462138,1
caef4f8801f39345,2015,0.4737801955966179,1
6ec62f8822843edf,2015,0.5647513110718442,1
982f4f96b6d0f346,2015,0.5638784483447681,1
8bfa9df5341c95c0,2015,0.5194474544551174,1
f2ac86cd3e863243,2015,0.7410479491135815,1
3e875e1625bbdfbd,2015,0.6671727410476348,1
3636ca71c557c5e8,2015,0.5322986020837432,1
5574c020655b435e,2015,0.8232500642125218,1
1cc9816d18aa29d0,2015,0.3243440140538675,1
69aa797cef2e4782,2015,0.5132858248322774,1
3e6babcbd7b9d364,2015,0.3763023583147217,1
cc1993d02d28a3b9,2015,0.8610308002582409,1
045c298c72fe196a,2015,0.4928337930299623,1
d8fe965281e2e312,2015,0.2629503667284559,1
b22dbe21c21060b9,2015,0.5124536657817297,1
c5ce4f39269c842c,2015,0.549388188754783,1
465707233fa9cf7c,2015,0.6126364758167173,1
a99c3328e25c51c7,2015,0.6140492092598544,1
1362ccc16713d404,2015,0.5222986896061901,1
ce82f34bc14f7af0,2015,0.49931703369727254,1
991680cd8d0b7900,2015,0.5255461164012838,1
c64c2ca5d4d2c7b8,2015,0.5126420477984575,1
1123fceef316106e,2015,0.5507111156048823,1
18292c8eb20ae045,2015,0.581030171144898,1
d48f938269b8ed0b,2015,0.4764942183648724,1
064404b0aaf6f95d,2015,0.537062468672867,1
5edfc539cc58a28d,2015,0.5591887439737246,1
fa2e2a035b36b9d6,2015,0.2855437995400094,1
01924e35b149b28f,2015,0.4931390353778943,1
0eab2845f901f8b6,2015,0.7267302526599174,1
c4fd59db24f978ec,2015,0.567004710377962,1
3b321550c8b4aae6,2015,0.6183288538347562,1
8fe1859721e95ce3,2015,0.4560292376971217,1
f83c6bdd553b5851,2015,0.556153539336662,1
ff389a4326fc9255,2015,0.37665183818595815,1
b302e12550278ffd,2015,0.5700443413188021,1
f7fd4b82e827c9c4,2015,0.5320735070744866,1
e1ec8774466db669,2015,0.714345857411713,1
2f0bfdc3c325662d,2015,0.5391586040555262,1
0ad5c6752e679de5,2015,0.4865912427385751,1
7c883cf0b5eedc59,2015,0.19609888594876035,1
b26ec098a5a57401,2015,0.39350926904666106,1
3fc9fea36fc7ec37,2015,0.5729953015371239,1
164f56eb25d6a9b4,2015,0.47144117348151116,1
95ead23dc0c73285,2015,0.3448812926639217,1
4942323a5d5a6594,2015,0.48619679543406036,1
1f0254eeb2025e4f,2015,0.36967300759563615,1
81f287d035190506,2015,0.5386244409201997,1
d5778494ce663d7f,2016,0.468143587487871,1
b46b27222e62aec1,2016,0.8670501018929089,1
4fa02674b920ff0a,2016,0.739145535248992,1
99a7172fb7438244,2016,0.5355850621245501,1
595557b808febe27,2016,0.47492533383206126,1
454861874ecc52d7,2016,0.3703870498400992,1
a19d619f1b9bee7b,2016,0.6107126285597777,1
5337461354f23b98,2016,0.5183639669916073,1
71499934c065fecb,2016,0.49854402762000105,1
050eb872a69c66bd,2016,0.6492935673288491,1
f2916c10b7ecfcee,2016,0.5341516259837785,1
f079cb2db8dbbf04,2016,0.49757109634295493,1
649b2db3709b07fe,2016,0.6286102370393364,1
18cdc16fc7ab7ce1,2016,0.5511239040027687,1
5afd44d1e567d2e8,2016,0.5837020709821491,1
2e0493171c4ee80f,2016,0.5105643885728088,1
52abce3a11b43b1d,2016,0.5030308285780827,1
cdf048ec9b917cfa,2016,0.3503586627412172,1
226c6a86f4f81122,2016,0.729054237672871,1
f8ad660497e49187,2016,0.5548497955620106,1
a7adbceeff234b61,2016,0.3664570593397302,1
d0dc419dc7acb7e2,2016,0.4553244207827545,1
762de3b0b32ba937,2016,0.6159653161027824,1
3ce6f9eb59a1e149,2016,0.2674636353447347,1
c4938baf92d2dc31,2016,0.3663668775176411,1
318449b3f9346566,2016,0.6272072068302375,1
15f48dd8cf8ae455,2016,0.4737625817090606,1
6066dc40bb3ce8db,2016,0.6274688257993524,1
6eb4b84c4b10854a,2016,0.641486038063104,1
fa5244817650f401,2016,0.5341803229762712,1
7bb335510a749419,2016,0.5649470559428791,1
b810951e39a0af1b,2016,0.3187656266045549,1
44c6d87116bb3a10,2016,0.39084460424283574,1
d2591df4fa9cc44e,2016,0.2895830197166198,1
4ce0a62cdad7bf32,2016,0.49889505709522286,1
6c1dba8a3ba4f42e,2016,0.34172995064350836,1
4c7390e4d169f6ff,2016,0.5441401265174525,1
02ace8fdd83c6480,2016,0.47691154380194484,1
ee9173615ef4cfae,2016,0.5948864753887946,1
3760216f68f448b7,2016,0.5359620023428637,1
311156891c7bdf60,2016,0.46824667664865294,1
640dbb5a89c0aad6,2016,0.757752940272819,1
d0a8304574e65ec9,2016,0.465140058989708,1
d6e1205babf27a9d,2016,0.4525201379290662,1
45500515780758f0,2016,0.6980434871741856,1
98035e427b476717,2016,0.6430781915267816,1
37008594c087470c,2016,0.849948593629338,1
a3935c950c40462b,2016,0.2669610867367042,1
3cbbf947fd0d2144,2016,0.3692376670207435,1
e508ba268cb295c0,2016,0.336743326978386,1
cc4a23ed2cbc8aa4,2016,0.5407194366661688,1
5d000de6fa836f66,2016,0.5995190947539247,1
94d708a8a8fefdef,2016,0.32346518728973306,1
d373de3e072f7e57,2016,0.5875153039442457,1
014a3acf91ada8af,2016,0.5667313141135889,1
607d22f0b3db4f1f,2016,0.5915445782125905,1
b7653a82f4b07b1f,2016,0.5660964416336496,1
a06a3bc70d7c4264,2016,0.5028390928283515,1
3bd5dbc1598c409d,2016,0.5952254622457742,1
2f15a2ed6cd4711f,2016,0.7870680434280177,1
eadb215519406e92,2016,0.7539410681143165,1
214fa13c3f230259,2016,0.4300185348537068,1
0845e0f9e8d61b0f,2016,0.5890583952609204,1
4bf6b6904ec94421,2016,0.6233209537940809,1
a80579fe679d24e2,2016,0.607914119154982,1
b29d4e0117776bb3,2016,0.5263743819287221,1
2af50cc7f34f6fc2,2016,0.6185474633951384,1
c82f9bc365ff1074,2016,0.694424805819897,1
5bff1ece35abac7f,2016,0.6591742954570483,1
c959b92fb36220a3,2016,0.3519388865363243,1
dcf052ef89a66397,2016,0.6164837867672477,1
7c20284c4c2dc9d3,2016,0.3941972447437049,1
0d043ecaf5bbc3ae,2016,0.7396569725656115,1
b45d0e0d2bba01e9,2016,0.564877734818948,1
0e9091311ca565ce,2016,0.2252696536773816,1
6ecd93dbbaba7e10,2016,0.6433741016122491,1
8295c37ad4b6187e,2016,0.5770963239876195,1
3f3b8dcd16dd7383,2016,0.4733195086297899,1
d3255f2b8ef2b559,2016,0.5220510354197181,1
49f83168974fb60f,2016,0.7133841580932219,1
90a5ddd6738605d9,2016,0.47268535996953864,1
e86f7b7f3a047d2a,2016,0.369250640457811,1
ba2f3b9a12400aa0,2016,0.6181849151491359,1
0bdea30d7a7322f7,2016,0.5861230674871946,1
17c598d7841daae0,2016,0.5377241135078756,1
7ffd80b65b0ff942,2016,0.30822684802675426,1
4ace70bff9debdfb,2016,0.277405056843276,1
95d46f7a7e72f91c,2016,0.7361712296085628,1
f7c9f7a6edca5299,2016,0.5409260787204766,1
d2105d00baa3e15e,2016,0.43594920262648285,1
aa92030dfd8b5d40,2016,0.19731822291565468,1
e3fb9146a7eaaa47,2016,0.6205098023283868,1
ee31f081cf576273,2016,0.6381431616626021,1
8bf419824ca91470,2016,0.5206957538478371,1
cf13dd810b2bd061,2016,0.24632414005870462,1
b33d1e693e3c9958,2016,0.31004176925456695,1
784a57385d0e87ff,2016,0.5808446840060628,1
a26db2cee9eab1f9,2016,0.5902882345695291,1
fb98219ce569b384,2016,0.37321938514872544,1
fcb225f454ebf1a1,2016,0.5657632078698984,1
a020b5b917c27bb8,2016,0.5931828372305111,1
42afd8c4fc85f485,2016,0.5578713062476497,1
3b5e1d6cbf9c8c9f,2016,0.5400460400236022,1
79884c0df84662b9,2016,0.7471031817490643,1
d1d7400c131ed40e,2016,0.7277337538819784,1
5aa7ecc6507841bd,2016,0.6416498965479779,1
1a0bf11582ae518b,2016,0.44559746301369085,1
26779cfb01372664,2016,0.6502544388877701,1
eb53ec8983cb2a95,2016,0.6952080550515823,1
9b79c05aa978c066,2016,0.6044866877737387,1
f4d9138ba502b7ec,2016,0.6129114791763023,1
5f6b8e48e7d3b66f,2016,0.6746560275566826,1
815fd4ebdc288e83,2016,0.3997280038046258,1
3daf1c5fb854e626,2016,0.4676285944764139,1
249b75a787dccfe6,2016,0.6772482874509302,1
8d9c71e110196262,2016,0.5068041629150033,1
110e1d794443b736,2016,0.39088918698539804,1
377c8eb085bb8e00,2016,0.5754933264432682,1
613a288e8819fead,2016,0.4844136616778349,1
43e416795dbd10e9,2016,0.5704300048781463,1
781b4b6951df64fe,2016,0.7207937929620352,1
28f5f50617f2b686,2016,0.6068973689998807,1
e5a88d0e816fd0f1,2016,0.48584553343835796,1
083a0283b7bc503b,2016,0.7089905169652512,1
c7e084949531a443,2016,0.3675748241407609,1
92049ba4483fc840,2016,0.4851792339335428,1
f519753cc38362d0,2016,0.5268701122978258,1
2c0ece9f70a62408,2016,0.5053852801423343,1
be0af5916c8e8e99,2016,0.3742555066878192,1
e3a45f48dbda99c3,2016,0.6501675522035176,1
43b416cf0c75dbd7,2016,0.5104008079411776,1
b65d0243d397802c,2016,0.6365778878372804,1
8b52a32f3644f493,2016,0.41067394391661083,1
20dda78057d17a5a,2016,0.6770517051771217,1
05c8aeb2806be99c,2016,0.7781408522837163,1
5a9804cad2335272,2016,0.6362086099110721,1
6ccf478dca83757e,2016,0.6233522683500077,1
d37ed975c2b70fd2,2016,0.7078410107979574,1
711fcf95370fa90b,2016,0.46878788554493045,1
7786b5fafee61c36,2016,0.42039010656312753,1
6d47170d069df8bb,2016,0.5530206378523742,1
97e895b7c2cb9db4,2016,0.5958193230476542,1
c5990f9767b16c48,2016,0.7103800110998744,1
61f80a1732d37288,2016,0.6481048367206943,1
692ceb2ac5fa4427,2016,0.5306876631381492,1
03b9922d777e430c,2016,0.4701811069140384,1
d480d01418ae0143,2016,0.594478890668752,1
5838305c25a54ea1,2016,0.5908088883487053,1
958f3b45c132c3b7,2016,0.4329122101780018,1
375c2ecb6fe54cc6,2016,0.46901048574917936,1
040f227553de7838,2016,0.49740833316360233,1
65d777a16fce2be8,2016,0.5178024967827404,1
e99f92b92e90b228,2016,0.4766545892456524,1
9231cef371b89a46,2016,0.6379389306152128,1
93026e3763542c05,2016,0.4143714665648631,1
8ec7d82619bfb564,2016,0.40767454872566256,1
ee9e4f8523a484a6,2016,0.5796361334987613,1
80c4f70b7f7a1945,2016,0.4866009148180582,1
e27504d07ebbc441,2016,0.49573043285871504,1
969970fbe24945d0,2016,0.8693122198989562,1
6e093a1d4286dad6,2016,0.3153322713918135,1
5724a9cf463c8390,2016,0.48375656152347996,1
09b8253a30360429,2016,0.6611786922400791,1
f457d55f78d581f9,2016,0.6114670014445043,1
934718256f4d082c,2016,0.3360082836445751,1
6387fdb44c61ccdb,2016,0.6168117781766773,1
8d975de5d033ccde,2016,0.3714970071364675,1
313801a4262f1ea5,2016,0.5370032679761774,1
a78ccbb549d36ddd,2016,0.5103337968384394,1
b2c3f1783a0c8530,2016,0.36999544108221655,1
8d9b460143ae19bc,2016,0.4437621732622991,1
1cbb930fb77a3781,2016,0.49112054633231983,1
5e794b8ef52c88cb,2016,0.3809937524831143,1
3e020d62796a7ce3,2016,0.49816357325603533,1
5b55a8e33199d71e,2016,0.5654990278093547,1
e06f96f3484ad74a,2016,0.6903011442519735,1
2c65d5d20cc893e4,2016,0.5550581969086561,1
db1be0ca226d3a2f,2016,0.5255799148168838,1
e86a77b69d50a834,2016,0.7099890992495947,1
c33cc8b85b9a202c,2016,0.39860994838747754,1
345b1bc51f0f5e86,2016,0.5761076489310972,1
9c884cbc3791bf60,2016,0.5928376158421326,1
812ff38f0ed409ca,2016,0.21395586495885044,1
f8b32aeb9b628d89,2016,0.5352889860022059,1
315b6e91a0239148,2016,0.7802727692577103,1
afd53c8033f6ee82,2016,0.5743424595125393,1
b2039609019496d9,2016,0.5201440647968093,1
4cf7792aef993be1,2016,0.3158399619394646,1
68a93f8eb34f3251,2016,0.5125174468493554,1
911e151d1907197d,2016,0.6277218397131329,1
2e11087e1a4f066b,2016,0.5070151394037459,1
fe6da751f2a4859a,2016,0.5330004135341677,1
c69c5830064fd591,2016,0.9279942734795145,1
ad61d042c43451a8,2016,0.5052193987870253,1
4b8c8ae61251ff83,2016,0.7259151566636128,1
75e21e2f5f3be42e,2016,0.34875087792787185,1
caf3ca7fc0195412,2016,0.5370627855139957,1
5cf03fdfe557803f,2016,0.6900942696083475,1
e71a155192ff2f6c,2016,0.5465633920928418,1
509519d82e906c0f,2016,0.6646517996029354,1
a815119606930378,2016,0.46873470340047957,1
95a0d706e1f4cfa2,2016,0.4683038146741393,1
5e13fbe15c887a33,2016,0.5506440408682592,1
d18b33bdd37f4683,2016,0.45209687963433376,1
d39010c3511fb972,2016,0.5164891023191296,1
420f4e4dc341eb57,2016,0.6751643553381468,1
9a984ea967886979,2016,0.6747976430358724,1
bb9020ac324fb706,2016,0.29217591107575164,1
b3b5bd50fa34342c,2016,0.4537651361787227,1
b319a24919106555,2016,0.3984007579457,1
0c703bf17c04fee4,2016,0.6630734045570919,1
f990e8b2a08053db,2016,0.48012543604127234,1
9275134accfb1adc,2016,0.5605472474696029,1
36388dce4a8cc18f,2016,0.5439129218793105,1
6c4b3cca92fcb9c7,2016,0.5239510353850749,1
febbd4eb209b4579,2016,0.5666422148813296,1
1299f04f429bcc0e,2016,0.36816858138407127,1
f8b9b5ee3d4a8ac3,2016,0.5006729781207261,1
9fc85aef42733a16,2016,0.3951208193768633,1
6ab9d2d334f613c8,2016,0.5790708207067201,1
433e3fd8782b6e0e,2016,0.7039504896520341,1
7679c5ee3514e119,2016,0.6082721728706254,1
9d7a798f0c20c04a,2016,0.3297255747083275,1
d1aaef0d7f0c8e8b,2016,0.6765585103827936,1
c1f74805a4ff9396,2016,0.6345608792926262,1
8c2e4d3cc4b9e93a,2016,0.6106575290511328,1
96c93167c982c467,2016,0.6021862867524138,1
1a66e67add5d55ef,2016,0.7247886080688941,1
84c5035830ebb421,2016,0.5806480423111215,1
424221c96ee13ceb,2016,0.4459034459606529,1
135760b07e1fb79b,2016,0.5642280014302765,1
0864112e968630ea,2016,0.5261245823085711,1
df661c70c40adf84,2016,0.5452546404033327,1
5b6451f3f83c719c,2016,0.29172251246605885,1
2d205cc1da2e7930,2016,0.2181086010310752,1
2ef96a4eb306fbb4,2016,0.7106357561363938,1
ee46c069ebe691ff,2016,0.4727514827288737,1
a2fe63d064567d14,2016,0.6208210619734125,1
bb0770ead53940f5,2016,0.41031024724698795,1
0fed8d8499eae01a,2016,0.49401948161289955,1
0f73ee9121ec7539,2016,0.3398661204437003,1
824fb74f5fc34218,2016,0.6552648477318737,1
08c6b88ac22717ed,2016,0.49425906221905014,1
43fbc59edc7dfa9f,2016,0.693988387745327,1
435c93cb89016fd1,2016,0.690683513239145,1
3aace29fcc65ec51,2016,0.7386667183184504,1
adb86e0206cba97d,2016,0.46652900298964006,1
e09d17f97d6fc6b8,2016,0.615218425304055,1
1eb0491642f276ed,2016,0.6699616891351379,1
8167500af262bba5,2016,0.4533138059020162,1
5a09a7a3f2792d1a,2016,0.473435016721071,1
9d2f46b677246e41,2016,0.8057401761534059,1
b1dee00c3052e65e,2016,0.5454241995774078,1
9e90800495c1d607,2016,0.40162305489775585,1
09c092dc766fa3f9,2016,0.3116825292830187,1
8b61a3acdfb007d9,2016,0.747402143394406,1
8495283a56311b4d,2016,0.6346663109428271,1
806ee07a1a7042b8,2016,0.6643754434676329,1
ae6fb7829db7ecc7,2016,0.6316326627249611,1
c8f946610906bffe,2016,0.4479041614519622,1
3cf1d67a20ae1c18,2016,0.7260746106676016,1
82d057278298846f,2016,0.5279465751274027,1
7f3763caa99a3486,2016,0.3271634001746395,1
c67e5fec8e1876f0,2016,0.4568292671812817,1
02f4277726712796,2016,0.5074953515010737,1
537c77f3b75a75ae,2016,0.6748703495213138,1
34644c44229e41a1,2016,0.600393541993861,1
cb76509b5c2f2a90,2016,0.825816170433684,1
3fe9e895b2a45049,2016,0.49560547354349394,1
4a46b63c19cfa932,2016,0.5398893055688614,1
58c73a9562adcfe5,2016,0.6764823524740857,1
e35d878ba90d9769,2016,0.5203558261034005,1
787d94246afe18a3,2016,0.3614597484392026,1
78410b48feaba213,2016,0.6231544650809001,1
0344687c9852b1d2,2016,0.5745521889181016,1
570f3407722cc512,2016,0.5585863911096522,1
41eb39f532e148d9,2016,0.7240439554113592,1
0294253e4a5b4725,2016,0.7588385210505608,1
ec067e9c9efd7aa1,2016,0.30157828745452486,1
ec381753e852cb63,2016,0.4031017823736187,1
d101d2ed58a7cf84,2016,0.40326489627604756,1
6b6680338558bd46,2016,0.6256862153895881,1
dbc72a4092a0b296,2016,0.711214309107656,1
a69a6da9560ed62c,2016,0.6172039701722187,1
70f08a4771138817,2016,0.46960759501429394,1
781f9a642e7a9278,2016,0.47667749973753487,1
c0329bd8d3b302c6,2016,0.5601977254079934,1
648396cc751c730d,2016,0.6579157349067978,1
f7114bf73eec4022,2016,0.6280827552631517,1
00742aea8da72a35,2016,0.720494643283025,1
c64537874352793a,2016,0.3754630202743746,1
f8df4cb5f22656c0,2016,0.6275704599972507,1
df33799f117000cb,2016,0.33081177488795427,1
70ab91b37be75408,2016,0.6447332454768433,1
e15b393a27c07043,2016,0.6407758015334173,1
0bf8bb9b4ef329f9,2016,0.6819815857255574,1
51d3be5e8aee5cd9,2016,0.4771847014717948,1
f19d1c8ca5660240,2016,0.478862145852285,1
c5c1deb1607f69b4,2016,0.7062138230205458,1
d38cd293a0c3fdfd,2016,0.37476384224573744,1
f24144fbe9e32c10,2016,0.7478903216080867,1
bd887c173d3050bf,2016,0.4356990965992137,1
69ecd4aa5a550f7b,2016,0.4781558161638132,1
d6389fa434e86916,2016,0.6141248807644444,1
31dd8b5d6444f19b,2016,0.6263588807547709,1
5237736e6b37c609,2016,0.6982118345346736,1
0549b655619774c5,2016,0.7360270564231783,1
a3b972117a3998ee,2016,0.49820928079438564,1
1c85f793ea4f9caa,2016,0.5377469128882219,1
5d5abb5dade718de,2016,0.5479347383636749,1
9b1386a28b81bcd5,2016,0.6421470272283064,1
c8ca99d1adc5448d,2016,0.545483238333188,1
e9ffcf05270a320a,2016,0.563135424379749,1
52bc6927e80aca5d,2016,0.47900327821966426,1
971d9fa5947a4bb7,2016,0.575473039654132,1
26e6a2705a1e9e72,2016,0.5139004827131423,1
409bcfacb259999a,2016,0.5748403852287125,1
19df0d0cb1269fa7,2016,0.5303699434404179,1
30b33d032605c885,2016,0.6539357426502934,1
187681b2843174b5,2016,0.6327284725011513,1
c87d2569da8d4305,2016,0.7620460178944597,1
4df1d3183929d021,2016,0.5786469699796339,1
4f6f7f1ad8954bb6,2016,0.5884679957230926,1
00b7497b02b3b2bb,2016,0.4838206070754203,1
144b0c1dd6c909f3,2016,0.5637933970325648,1
054f1423ba7c121e,2016,0.45185335274151217,1
0596fc5eba5c1fe0,2016,0.6181557206506718,1
f4cdc944e27c2cd2,2016,0.6308657798886326,1
692241119228cc82,2016,0.334648229154792,1
fae3f395669b7285,2016,0.2709252315463654,1
5948876f1d80c21a,2016,0.7228556527387033,1
1afa8d6ae4d8a5b2,2016,0.4800596197869489,1
0e9b7e682e0a79f1,2016,0.23991871724991062,1
39c16381a9722735,2016,0.5394761437491087,1
0408a452fb5c3e14,2016,0.48520986552813533,1
6f2a4a2f769eb9e3,2016,0.3400048605287197,1
c29b63d6cd2ba413,2016,0.49584744121243224,1
66b8f3426f36fdf7,2016,0.392152581516901,1
845907142e023077,2016,0.5066308615567948,1
5c5ed0416e881faf,2016,0.4365433754032808,1
50935ae1627fc89b,2016,0.8180161850401871,1
76c5f66afe6ab192,2016,0.8386466523098404,1
98e3b4d05ecc36a2,2016,0.5627063084178058,1
4efbd869aa0211d2,2016,0.819857521156987,1
1cca8ba792f1e1d9,2016,0.6623979913974248,1
ba7250ef080d1603,2016,0.5470482117714941,1
958f6e5b79ff8c33,2016,0.5280056830048891,1
412735f3e0b66ea6,2016,0.5710626342340508,1
11b369120409d2aa,2016,0.5317131283917548,1
a27a9b7b8194e8fc,2016,0.7355096456682934,1
b43dfe6743160a66,2016,0.355842315725344,1
21b361d723fcf3cd,2016,0.42352940754198753,1
3a8cc4cda195d758,2016,0.6601817344874302,1
8793208907eca67f,2016,0.5941638066779067,1
87b61c1d72232a84,2016,0.43042861339380134,1
85bec51d0bdf511f,2016,0.5622318624902444,1
8794b5f9a591daf6,2016,0.4756940653240297,1
47dfd70b5780d68a,2016,0.4900422525746574,1
3be121d4f5460893,2016,0.5169994029312467,1
2f9a8807807b80d6,2016,0.7218680664262206,1
23253ebb1d86d8b4,2016,0.7449214825032034,1
17067cf55726c673,2016,0.6677036350731267,1
451d7d8c2a6bacb3,2016,0.34037101685272486,1
ebc7ec239faf7b0b,2016,0.6016024847385268,1
eaa63c8fb9379426,2016,0.6195625033041046,1
4fa26e1e88583ab5,2016,0.6112801119083797,1
c1e039419a671b9e,2016,0.6329514393752284,1
2c39797c6574ff29,2016,0.6554956168271194,1
29df50b2ea446361,2016,0.5782201894338849,1
23c6a428df1569bc,2016,0.5481993419987433,1
588a39cab19065bc,2016,0.27891408501591153,1
51010081d59b4687,2016,0.5809096321456171,1
52943c821416dc38,2016,0.6480922391584962,1
00494c77d2a88f8c,2016,0.6412670712562905,1
43a941e005a2d463,2016,0.46302207256989747,1
e322eae035f7c00f,2016,0.3934533134146627,1
c5a8e0098d1024ce,2016,0.6114394916374569,1
9220acccebf14a46,2016,0.4584295082641865,1
706228ddb6076b3f,2016,0.3935587799138921,1
ef80a6eea892c296,2016,0.56631085578861,1
14477908199435e1,2016,0.6270639247423151,1
8172d8d996335d0a,2016,0.4411039786763585,1
c26806c2d554e50c,2016,0.5316509642922813,1
9c4cbd0546d03f6b,2016,0.725856752698204,1
9ebfd601c43b89b3,2016,0.5610157790874343,1
f37d18b5c35145bf,2016,0.32141552662536943,1
4403857f545ede75,2016,0.6156272915593838,1
1d7015553debd1c8,2016,0.7360391673869604,1
bd6909a463a1de2b,2016,0.5817555178835899,1
30a2c7e5b90e6d74,2016,0.26523163780350884,1
a337e11f80a75b7d,2016,0.5149663829350215,1
9e75fbe17a35f272,2016,0.6333292063226793,1
7fce3efc5d2add6e,2016,0.37868322297062706,1
02b39d683f027517,2016,0.4736450852231655,1
1b52e24d09700dd9,2016,0.5017910596198422,1
a5e240bcd7731725,2016,0.3219539233407258,1
8eaa23d64c20b0f1,2016,0.7161423174662407,1
13d2b7aef67cb6ea,2016,0.5495460583061877,1
24411c5356903d11,2016,0.3921065989551815,1
edcf1d6a1bd8acc7,2016,0.5945457103686105,1
dad034faf3d62cb9,2016,0.6710465614181359,1
939cc30f07131724,2016,0.5928250897751409,1
ad0bac98558900af,2016,0.5240404278704417,1
3e1bd51261cb61df,2016,0.5597183725894139,1
f1afa75c8d492550,2016,0.3888668130457462,1
4c05732d411d6412,2016,0.6061356077559819,1
e4795ab9bdd6fb38,2016,0.233266088813078,1
ac656cebef8cf0a4,2016,0.5278672039316311,1
689116759885e4a5,2016,0.34679537192812343,1
106088694fa0c682,2016,0.624040332797512,1
6b5fe10e6e7d160a,2016,0.5830880741988469,1
b5268a0c2df32a24,2016,0.6987106370109611,1
0da0dc2c7eb29f58,2016,0.43876302856752936,1
2e209dc450b7ebe3,2016,0.4359009959974093,1
4f60a7e7b848bc6d,2016,0.46789416571009856,1
291d91378a96d1e8,2016,0.44471005575990924,1
2c0a58ef0324e18b,2016,0.38632409798160183,1
64bc223daa594bcc,2016,0.4031311386750075,1
71854cfe738d6ee1,2016,0.39745982108843025,1
314aea77cd24210f,2016,0.6811077976021549,1
d1c519260c0ddf3a,2016,0.42363131948759125,1
2cab927474cb6e62,2016,0.3127252047394977,1
450760216f5643ca,2016,0.5161103090055397,1
0d33d43bee65d98f,2016,0.21416078691503485,1
6d04fbef6b8e4551,2016,0.3825599795673361,1
fe132ef2ab8ae9d2,2016,0.4808233088314644,1
163fbb2185730846,2016,0.5021448907943117,1
5ae45d20a60dc109,2016,0.4781878675411684,1
c5d48ca7c22f857e,2016,0.3201039794945113,1
63b35df1276b3d64,2016,0.6047103806000074,1
019983faebec6d64,2016,0.4894270816286125,1
36830f6eb3c847f5,2016,0.6416338171421498,1
a716172939767cab,2016,0.38067479218358435,1
9cad47cdd6351e50,2016,0.335797197588699,1
27ff7028ec8c2161,2016,0.5500884653503697,1
5e1370a92ce8abb0,2016,0.5903300308599153,1
02822c35ffef5a50,2016,0.7694225794770672,1
87b6c507a7684ec2,2016,0.390936540380467,1
770312f3ca8506b6,2016,0.47103554816478627,1
a71febed166b7d42,2016,0.6123475829402779,1
4bf0be780f2d09be,2016,0.5559146752970384,1
0b26d635106aea1c,2016,0.5502153960311191,1
85feac6924abb35b,2016,0.4316985990974983,1
02e3699be1d8daa2,2016,0.6153973341332668,1
9555d8941df4a998,2016,0.41351110008154257,1
25cd989ac5569629,2016,0.5151496094535104,1
14e7bb7a9d49450d,2016,0.8524661943971439,1
0769ab47fcf0bf6b,2016,0.7703460886879336,1
cb1e57b5f8c92922,2016,0.7555362767217276,1
d573e571d8349b5d,2016,0.49860450181031496,1
8b983e834df0c6c4,2016,0.7240082141849707,1
071d488ec8ccf254,2016,0.4781799304969838,1
b121f30d7fc9ea6c,2016,0.4672064700895,1
ca9804845b010845,2016,0.5503426884025409,1
04f27a78e4ffce47,2016,0.6196185763886057,1
0af90a49f0ca1879,2016,0.42133493232131514,1
761a215d51a0442e,2016,0.3157941030056041,1
07b98dbf5d2c62a2,2016,0.792074479422468,1
5f0aa841c21f7d30,2016,0.4821581120615085,1
96404a3b32791c8d,2016,0.6817178021493158,1
977a758d869f9e7a,2016,0.5022394945400732,1
1ca4274019680d23,2016,0.20899795035605195,1
88c712be47805d63,2016,0.4041689522984265,1
ca6d4239726931f9,2016,0.4722007149941567,1
d77ace7aadb2383e,2016,0.3514583201673869,1
7979888b1fb5eb39,2016,0.49080633373937943,1
30f6cf4253b13b76,2016,0.4761563454823097,1
677588ea237aa5c0,2016,0.49301127926627,1
4b35edc671de861f,2016,0.43890393821077717,1
01f396a7372dc8ff,2016,0.33544190200803625,1
473b9b56cdaedba3,2016,0.43647641272916404,1
2cdf841a057d9039,2016,0.7498917248440243,1
23bc29f1b6baacad,2016,0.45015649650599276,1
5840527835a8ffb2,2016,0.25233331659064534,1
d8c7497043e7e5bd,2016,0.4444920876033574,1
31acf87e89a4a401,2016,0.5994543494161656,1
78736e322574e500,2016,0.5620495518148328,1
abf0f8234f6be37e,2016,0.5024006261391192,1
ab847a4cf397d7d5,2016,0.42626871128512883,1
3d07a533feca7458,2016,0.5690121628068538,1
7f663d67422c1b24,2016,0.6080156140148936,1
25e6b11e1cf45b83,2016,0.5487487294204941,1
0aad210fbaa1db6c,2016,0.5098702309336959,1
c1356395d6b055d7,2017,0.44294679638820317,1
ae803440d778a12b,2017,0.5483516166735867,1
3f7684492c9df05e,2017,0.4454205551880983,1
53c3565ee1d3411a,2017,0.47643926348629173,1
8156479490877d08,2017,0.49255624732979786,1
1a81573425c585fb,2017,0.5124232335018539,1
b60bbec8ec98941b,2017,0.4634918828227933,1
bbb67c2ac4453d64,2017,0.48424172131734833,1
7685701c382cd49a,2017,0.6039810186343315,1
8edb831924d69dd9,2017,0.4944557921493662,1
00720c46f864fe03,2017,0.39973396045533083,1
5742025a09190829,2017,0.6179249024314265,1
6eb382e2c51fc4f5,2017,0.41351549580141944,1
0094d2ed98819f7a,2017,0.4826259169725883,1
99373dc33dfbf6e0,2017,0.5944383567384691,1
481aef2d2802ec68,2017,0.6081775858253424,1
1cd0ce0e2312ad52,2017,0.4021637190711478,1
c5865afc31cb6c59,2017,0.551439381091453,1
637f561cd731fb44,2017,0.34823455065993114,1
3c8eb8ad5e98876f,2017,0.5318423043630929,1
43682a646b9b956f,2017,0.49282993458866,1
a45596cda51a1816,2017,0.581414253068683,1
b91756d955e14d2e,2017,0.4924923821537436,1
ab79fe7b35ccc3dc,2017,0.3677094222543604,1
f3bb58f485dc2008,2017,0.7061686509845495,1
ebe38ba75cbf2320,2017,0.6360242360748749,1
66ad9f88f063d2ef,2017,0.4465639737471458,1
478221ad98336565,2017,0.6356462767474329,1
451525a1abe30a91,2017,0.738763434761207,1
49e344834626c144,2017,0.4217898428038989,1
36220644401d85e1,2017,0.2811555029985858,1
94cecf4bd29793e1,2017,0.5771603459956691,1
4a2e7e2c8cfdaf5f,2017,0.32760655354942436,1
8c220d4c96895a98,2017,0.5171602115197418,1
1f9ac1648b8e501e,2017,0.7003172771705245,1
c4174e22cb22622c,2017,0.5539238107443574,1
ddd9e64d97b095f9,2017,0.6785390665630198,1
febea68b205f6273,2017,0.5866318567989521,1
f680e6ebe3bdfe3e,2017,0.3721503827832565,1
8b8f9485214f9e48,2017,0.6387403449087086,1
244357514dd89bd6,2017,0.655433721009599,1
ced241b99eab5f22,2017,0.7181030423088466,1
d29750cee389a0b9,2017,0.49279529839381225,1
252074c8554bf30d,2017,0.43905247049503,1
c1d86f1e6d41cd03,2017,0.669147834602028,1
e59aabdfba9d6c45,2017,0.5248220156583874,1
ad9ecef413a5b48f,2017,0.48004933121361293,1
e4c4c54a10e06973,2017,0.36967911997371344,1
1db121859d2fcda8,2017,0.5271789634173543,1
f00ac5af033f44b4,2017,0.6331317922024015,1
9c256e94c6b584b6,2017,0.48357624259321313,1
16e28dd989ee1dea,2017,0.5024914513189466,1
112e6a0ddce893e6,2017,0.4634710898801079,1
a5d24caed8afbeef,2017,0.6422281508273059,1
ab14dbff9d2ae41a,2017,0.48077776048870025,1
2d4743a82fc55642,2017,0.7200143575203735,1
6db4d7827082d5b9,2017,0.5066340890461705,1
08b65f5009c34997,2017,0.47024157197125005,1
4804776154430aad,2017,0.5587557277415849,1
3b536afcc9098925,2017,0.3656192086057859,1
42ad1437a1280294,2017,0.35376908910492255,1
c79b862be039d9f0,2017,0.7218822867188086,1
54f9e3e1fad7a589,2017,0.3824534379465132,1
e3ca9462ad0d7685,2017,0.3188793018191962,1
7ac4b9823b1e139b,2017,0.6505051784472798,1
dfc8c5161ea0ccb5,2017,0.5154886360269278,1
0ace7e71f5d66bc9,2017,0.487023589902682,1
ebb94e00d6431e7a,2017,0.5455787450040445,1
12740c6b17779fe9,2017,0.5365380652177225,1
dc169cc01d675125,2017,0.40429816111986794,1
f4f5049e789b7716,2017,0.6157350023283751,1
76602c3658d70273,2017,0.7102602215039133,1
24f156a78bd32026,2017,0.7118863647699385,1
74d4e37b97866514,2017,0.5725201578782805,1
b47e4f0982938e5b,2017,0.3839657491015176,1
34524408fb4d6752,2017,0.7132965866652503,1
0bb419537705fb04,2017,0.22202287572772106,1
794b63b4c1e1e789,2017,0.4874548943372472,1
eee7f546c126ee8b,2017,0.7120551603691971,1
88ce808e4e604180,2017,0.518510192898524,1
f99ee57f75b20b69,2017,0.5659585211764416,1
c365a488a8de3c89,2017,0.5086386836497538,1
55f727e00553035d,2017,0.5889544351597295,1
7ec86f2af631344f,2017,0.44487724252069927,1
1e5c66d12761d4fe,2017,0.7099391588298618,1
7e6f91cbf8e93210,2017,0.6227416655050084,1
00be3852000f8fe9,2017,0.3595604358800121,1
c4da9ec26a924a7d,2017,0.3660230535681183,1
2464a75ee75dbf2f,2017,0.6734703840071435,1
97b7638c592a95a9,2017,0.479641576881612,1
8b4eeaa048361ba3,2017,0.5605656239122182,1
e7ad1c3a763c7cae,2017,0.5429700399934818,1
ddb015ac5c067aa9,2017,0.5766984254544424,1
b2c1f9bdd5d3073d,2017,0.5812496885786534,1
23ba0218f9f65e33,2017,0.7689971291222222,1
56c7c59c9bb3b610,2017,0.6208486805747128,1
a68672f66e12a3c2,2017,0.657562014872308,1
687d973d71e068dc,2017,0.5014610408664036,1
87a969d51de6e179,2017,0.4382998271291877,1
ea8eaf881d38713e,2017,0.46072584223841573,1
94ce682e4a3e556a,2017,0.38782596134738667,1
2a0d4dd0997bd712,2017,0.7356921236737854,1
0673d8ab0add7a05,2017,0.3982477173205282,1
4291b38643547fa7,2017,0.5436416094570247,1
677e98ae5834ba70,2017,0.8062580027991333,1
41cef92a01e7ff3c,2017,0.3535484891745079,1
f24c296256faeff2,2017,0.530679844938695,1
20be16a1db95156c,2017,0.5342288049000097,1
b0552b065ca7f401,2017,0.5691008212550079,1
d764ef3e078c96c8,2017,0.410179923836354,1
0459297e86a14981,2017,0.498198236616623,1
e52318719d839d2d,2017,0.620770891206152,1
f63961f9d14bc33d,2017,0.6482966750929297,1
6ccfbe3a7c5aa55e,2017,0.5910421665306894,1
7d4e11c2a9485320,2017,0.7766730312798427,1
f313eae425b7c539,2017,0.5835009124348879,1
c0c587cb52de929b,2017,0.7647275677010076,1
cf18911df2052826,2017,0.5119277152225372,1
319f3fad278368e6,2017,0.6730557852739791,1
2d6182d1d398ed6a,2017,0.4548210037272097,1
3905e5dc489811d6,2017,0.5024556363744627,1
41385f4e63682b5b,2017,0.5976129374792128,1
8b97cd609c7152b7,2017,0.6052105476269043,1
53c96668bf850809,2017,0.6660311792927421,1
2310fbcb6fdf3b47,2017,0.5013309677592992,1
b29ed164b3014a42,2017,0.6893530052183892,1
14dbcdbe8e7251bf,2017,0.646581533916907,1
7188621a628e718d,2017,0.5102179323786993,1
af2ef75664656957,2017,0.6739585085930686,1
567cefcaba821205,2017,0.7381784146806971,1
f26657d5018ee428,2017,0.5815591013707635,1
9882c1dac77c0367,2017,0.573035608585269,1
362a5b3cd4a70330,2017,0.22372677657871698,1
39f746cee66e8771,2017,0.506328942403016,1
6e3139f066149a81,2017,0.4651582138730941,1
0fd8214ac276728e,2017,0.6378451543710477,1
16a0352f3e19b931,2017,0.5506396363129986,1
b166f1582946fbbc,2017,0.21072904420453886,1
1ed9dbbe604654b9,2017,0.5831473573991766,1
9c3f3bc7f7472e0c,2017,0.602943699098841,1
2c101a0bcf334d31,2017,0.5709207128079494,1
ac6cb989ccc38f73,2017,0.4051123755374357,1
9674c37e3a2bc399,2017,0.45921219815489106,1
2105210529457ffd,2017,0.5653434391609438,1
33913e8e56c49a4c,2017,0.5441863838027481,1
78e38f1ad43c3479,2017,0.6665582773060024,1
8cdc9c13d75adb28,2017,0.4362627070585403,1
79be3a6d483ad64a,2017,0.3079976653804679,1
923d5041c3b6d763,2017,0.6081469990847419,1
6486579eee778b4d,2017,0.38552184168075454,1
88e0de323a83f241,2017,0.7416907822863312,1
2fd43be584ef522b,2017,0.47668219452254856,1
cb2844bb15d22cc6,2017,0.36555199114531856,1
36f0c6d7126e09ee,2017,0.6534800995671703,1
3ad3acca165a5d90,2017,0.5512980664426632,1
228879162d8be605,2017,0.6742266945603252,1
6c9fdcb95393a49c,2017,0.49759745217272333,1
6b581bb1bc9289ef,2017,0.6236148157296838,1
823e9449bd47e408,2017,0.6189986640570038,1
5bfaa389a67139fd,2017,0.5591781204915162,1
9ed0c3acc436eb56,2017,0.4208491185304332,1
bd4a648bebaefab3,2017,0.48874404205923117,1
1b1d1900b4051344,2017,0.6953806667969746,1
11cb7d7d774d5e6a,2017,0.552728551200975,1
288b479c485c48b2,2017,0.36699228799484596,1
165d3a571fcc5e3c,2017,0.5692192729693628,1
e4db3b1669d498c3,2017,0.6859500849933606,1
2dfa31667cee74c3,2017,0.4847180915836286,1
4507354cd97f10e5,2017,0.6492465635914251,1
dc7ba55ca764cfbe,2017,0.4972475395031488,1
ad772f626b5dd31d,2017,0.73031961648733,1
cd96998e837b0da1,2017,0.3031390548860845,1
7d14f95d03afb359,2017,0.5901721111683672,1
e7b5a8c97106ca60,2017,0.43729454357798314,1
361e67af5f462aea,2017,0.4553248155122476,1
8984ab656cb1818d,2017,0.5813213202859104,1
a71e4206f87ae74c,2017,0.3666532429392301,1
b66f4fa1b9b96b51,2017,0.6875634988508789,1
9072bf6135cad3e0,2017,0.5487470888339055,1
fc2585e234e49dee,2017,0.5267901838372958,1
a69a155a25b84679,2017,0.5380572144823962,1
b6464850da8f3099,2017,0.5604121896064906,1
205ad947e8c94901,2017,0.4784243302389424,1
0096879f5708526b,2017,0.5254851423749791,1
aebdb007f8d1348a,2017,0.589704423421344,1
eafda776967c6444,2017,0.3812377460189934,1
1e75ee0da189857b,2017,0.5090326955835818,1
f7ae397fefa57c70,2017,0.43946467667351563,1
1bd52b0c01018f4a,2017,0.4613583502199702,1
3d1f83264d87c529,2017,0.6368399150626857,1
9a79a4b97a0f1e24,2017,0.45019374176288385,1
3a4d2a933a3c7291,2017,0.3347180563850344,1
b53fd8bce62aa1c6,2017,0.4280507224864306,1
ae5c7517d9f2516c,2017,0.609258949811362,1
bd59c07a106d331b,2017,0.5242614960175948,1
0ad57af26ddc7930,2017,0.2474017803757795,1
7013a95ea4014606,2017,0.5909176280813666,1
88c2da7b33cca8d4,2017,0.4318647745819013,1
f0ac3761d3fdda3e,2017,0.6877364545715641,1
7f3bd3b913df61f4,2017,0.4800100269129603,1
c7c7be3b0d65a7da,2017,0.6014052897801213,1
c94c3e4bbed24421,2017,0.31784319998934174,1
3e5a3ecd2b123fc2,2017,0.6926673546931794,1
6ec0a046de95fe16,2017,0.42941089515789777,1
e97b609eefc5fd61,2017,0.670155532118724,1
6f836a82a0530884,2017,0.31731974267585294,1
5934de85b9c53e7c,2017,0.34912796403901164,1
0d5356c506111a57,2017,0.2540962634846321,1
e1100fc357e61fba,2017,0.4998150502669715,1
1645ed92dcdc5c03,2017,0.4918987721178092,1
9298175cb2ad7d41,2017,0.46545522101323367,1
323fb015ca2444e3,2017,0.49422401690607726,1
19eed5d9781b47ac,2017,0.590732207834302,1
00b801e7e1679f2f,2017,0.3204868556838203,1
a5a065cb6d33ba9e,2017,0.5976002962153204,1
1f49b59e4058568f,2017,0.5438799032549175,1
cf4c2b601c2228aa,2017,0.5522432820759312,1
b67229e7675eed24,2017,0.5197488951716555,1
06cd9812e2b9b747,2017,0.5234348023460558,1
d49d2c810583a56a,2017,0.391738911132536,1
2fef7ac78df0cccc,2017,0.5384620825108106,1
a0909aab15ba53c5,2017,0.5133438705943453,1
7e7fba47f511f8ad,2017,0.7464332180804769,1
8fd14eb227688467,2017,0.5896830432009316,1
1ccde17f48fb709e,2017,0.5793379284084135,1
a77950d6a0a451f4,2017,0.5822171288263778,1
0f8b2f7299b5e114,2017,0.4441321500960502,1
86892d114b204bf3,2017,0.6197580946210803,1
c62a90c19af6a0e2,2017,0.3571180654167862,1
b7f6d05d3afbb266,2017,0.5185533890554835,1
8417a20d56fe6776,2017,0.36436413598598316,1
b2297232b9310ba5,2017,0.5359355500741665,1
9f114a219523bf7d,2017,0.5981397214526253,1
d83ae4a2e117b775,2017,0.3376329922716478,1
573908b71b361312,2017,0.7383141905343651,1
bcf842992f9accdc,2017,0.7907512571993649,1
4f07c6724682cd00,2017,0.806096037386598,1
d0e5487f55c57ad2,2017,0.5783456039755497,1
7e2bc09d866b3bd7,2017,0.4046872120447034,1
657fd7ab7bdf9f15,2017,0.5827724201887737,1
7c23770c639dcd22,2017,0.44961550331107886,1
76d6789779d3721c,2017,0.6614677241872876,1
8028d5de087755dc,2017,0.5134766259769667,1
5be97c1fa222093d,2017,0.46213463919656816,1
3636e085c098dbda,2017,0.6129575810250586,1
4f4806952ba2a72c,2017,0.3104347705055449,1
e80a8338d86e730b,2017,0.5590901264321623,1
3d95b4f94ccffa96,2017,0.2880134467205485,1
4924d7a980f4cde2,2017,0.6189958299750169,1
ac9e19a4075f6557,2017,0.6108353679344087,1
dffad417175400ba,2017,0.4339729961292946,1
49694c2d00c581ed,2017,0.5206110063107339,1
b8c967c742d3c107,2017,0.48996266823055556,1
79817ab0129c5598,2017,0.8226925977779016,1
30553d630491094a,2017,0.540163249105816,1
e02fca0d258283ce,2017,0.5714374135619927,1
a3723f0f672b0912,2017,0.6531601381485835,1
0b89c88d506da083,2017,0.4990657035707942,1
19348172178f42ed,2017,0.7214431683656655,1
02732ebb104793d2,2017,0.5023219011797375,1
a3e4322f55454897,2017,0.6287719942929824,1
48f7e64b548806cd,2017,0.52841591981368,1
c8f619a71b714ec7,2017,0.4596852464640097,1
2f9b9ef5f6833aa1,2017,0.38130826699816855,1
cd54325a9a538837,2017,0.45522993330522493,1
d5598322f81db6c9,2017,0.6831086390383418,1
253e42894852b26a,2017,0.37697937369441237,1
b7ab4cd6ce7a71dd,2017,0.28872586291321595,1
af5f287198f20eb4,2017,0.6281035805787869,1
ecbc282542a395c2,2017,0.5501645997594643,1
89f83750703d5fd3,2017,0.5050249152337133,1
605c2ad801f594b3,2017,0.6493004503163009,1
5afbc04a153d7efd,2017,0.5020793901136081,1
b3bf1b6ad2d1a533,2017,0.7404354380052578,1
b1f7bc82f7dce1b9,2017,0.4436181311535845,1
7303ae36077411d9,2017,0.5397136708448959,1
0ac25b4180406ca1,2017,0.5116394877683138,1
75a978e0ecce2536,2017,0.5335480738678215,1
cfc550960a7ec353,2017,0.48744368171206975,1
cce5b9dfe84630fa,2017,0.2904965578560379,1
7020840980f723b9,2017,0.30065781298204086,1
31c4518a1e71c050,2017,0.5078939829364406,1
f597d2e69ab7c270,2017,0.38808070960521746,1
a773883743242df9,2017,0.43503212280454195,1
92eb0a297c7ea197,2017,0.5429197067729838,1
94c7e64ce88c9b9e,2017,0.5063343361492265,1
6afaf0ca45431a11,2017,0.2744904525621804,1
fdde8777c7ae9769,2017,0.46849031522792306,1
b6082b551288aa5a,2017,0.4803048379552465,1
cb16346d93746ebc,2017,0.5774746035125509,1
2ec12d4bbc0752db,2017,0.5017615137212894,1
7094c05bf73eee81,2017,0.3818995747390581,1
7864fc46de247f58,2017,0.5942814123490651,1
52e4f12eaeffd142,2017,0.5980828493330107,1
7b80dd233e200dd2,2017,0.8018085582062874,1
4c1fd940e1619e68,2017,0.7892730165417926,1
128e818254ebfabe,2017,0.6514528436711668,1
ff4cef86bef2d0aa,2017,0.45552477443246486,1
3dd22a9a0ea68cc6,2017,0.7479951582643061,1
24438a644b975751,2017,0.7781561211095951,1
e0e4ce7595b5c26a,2017,0.4908140492691816,1
da7afd49fefe6a46,2017,0.44159622657178654,1
37cdf5bd5c975a5d,2017,0.2826523710724899,1
296cc69bcc3c1635,2017,0.46095731862173195,1
3b89556b3f177b7b,2017,0.45511181292923,1
6be073563a421bca,2017,0.6260642282461375,1
690ab86bdd94149b,2017,0.3627697618386709,1
ba27835ff05df0c9,2017,0.44313096380437245,1
e8d59c27b467d716,2017,0.4248630407437522,1
d1bee15e60ee6721,2017,0.59350713097392,1
2142ff2a46d22741,2017,0.46799173656561766,1
3f5f6c576046bf77,2017,0.435955423910066,1
d97970009fbfca30,2017,0.3841482194504433,1
0f826e7bbb73b53f,2017,0.36857666043099313,1
e08479759c296bb1,2017,0.5545272524891558,1
1ff3dff34d0b60b8,2017,0.471945579140124,1
53ee6c3591483193,2017,0.8078134607530071,1
d042d18ad568190a,2017,0.6391270522075627,1
03aec9073946907f,2017,0.37605113935938317,1
8b10419db5bffe28,2017,0.4144284858412538,1
f3f252b9810cff0d,2017,0.6874999458595786,1
88f36fa2945ccac5,2017,0.6815044529272232,1
06287b822837a616,2017,0.6357203365969254,1
9da4e06a403f0d27,2017,0.34108372208038445,1
4dcd6ff5e32a3779,2017,0.412208677353078,1
61070325bb440f58,2017,0.576531926834952,1
fdfc700e56575d67,2017,0.5886024929209137,1
6a315ef5bf22af29,2017,0.43735541208022277,1
d71ad0033de24fff,2017,0.6352226775377721,1
aa7b1fca60a21f3a,2017,0.5745707653069441,1
4ffd88b2f00f4250,2017,0.6352001638304383,1
e11e290d816c119b,2017,0.5450805280427966,1
9dd9affa41eead4c,2017,0.6638230114673341,1
f9e07282f3444d09,2017,0.6169244506671377,1
72d703db67371e1d,2017,0.6420235988957953,1
4838bf4ca76c1c6b,2017,0.47944019662024606,1
d4eb3614c7734781,2017,0.5222510462655496,1
23ea24013d15c09c,2017,0.4505011801415087,1
bed03663bc577f02,2017,0.3985845872344722,1
0b557aeb2169b59f,2017,0.41477168161768374,1
7a5baef71925258c,2017,0.6302407218619595,1
405c0b8d3960016d,2017,0.6074974650742853,1
56d8cc470841f454,2017,0.7082642085273732,1
8c2fb17981464d8c,2017,0.5679530823804919,1
e686df21c24c6c03,2017,0.38796398009816624,1
5cab50839f4a0d94,2017,0.5057813037070571,1
8375f311e8c6c079,2017,0.4940955089490454,1
13635ba71963ad0c,2017,0.588844508049063,1
0a46cb2887890502,2017,0.4134781076314369,1
80572cac6ab57866,2017,0.463616544028689,1
fc29884851f9cebb,2017,0.529652674224633,1
b3a304eadb9f7fb4,2017,0.49282500742664215,1
d361b51952944a26,2017,0.6776659049577773,1
4b202bae6c87b98b,2017,0.4252715107805244,1
78e554aa129711ba,2017,0.4545186757542792,1
d3c78cc516417797,2017,0.6739143368381509,1
7006a98fe9944571,2017,0.4972585948335843,1
60de5efe5b439c8b,2017,0.8218190695242465,1
5db3e2fdd18129a4,2017,0.6770967377138841,1
5519d7fe2cee8353,2017,0.5434602369751005,1
935f559ab0521c27,2017,0.51386155107005,1
151c597d2e609a4e,2017,0.4433233257309904,1
7ad85c84025c0db0,2017,0.5172571998366055,1
603354ffe9cc0755,2017,0.5381889282906841,1
b6b5ec324449befd,2017,0.44203463834407886,1
b55605791a4d72b9,2017,0.5980017920537765,1
51ec53f442d2cc9b,2017,0.6120415413689279,1
c06eaf92bdfde8e6,2017,0.6179776103004488,1
23b6ffc0223f8cce,2017,0.7861635037424928,1
823797bc6d532b52,2017,0.5776674568386491,1
6971094300073d47,2017,0.8319232259114825,1
fd2c018aade60a14,2017,0.4724053363104944,1
b90a5b9061ec54a5,2017,0.5421944250450798,1
097bc98e15722998,2017,0.6687746528430284,1
569e2c02f7699c0d,2017,0.6522239965790636,1
344bfe9c1ff511bb,2017,0.5318762179762643,1
5ebe8d3849273776,2017,0.5650910433468999,1
2060e8172f820d80,2017,0.41227338254639745,1
4b0aa5c67e69ce74,2017,0.5770426350415272,1
34c39a5a5917e0ec,2017,0.3505218742621603,1
903feee04bc91c59,2017,0.5852182058459904,1
e5fbb99bc3907516,2017,0.3711455378512114,1
4d5c3ddc740b89ca,2017,0.3932940271452763,1
c8609059d2d87724,2017,0.5991705149120847,1
47628ab025f19796,2017,0.44206869022693934,1
43ae6a9daa51ed93,2017,0.39580105377698366,1
4ba97e13df33388b,2017,0.6037041888797167,1
9f428684f3db247f,2017,0.7353922789988966,1
62eaf9f2436bef25,2017,0.26270220396006355,1
52bae6f01ea9f926,2017,0.49790815728592275,1
32ad75f6c8ca7e9f,2017,0.7315811731915314,1
1eccf793b54b84f8,2017,0.559553233708445,1
f0e0effb1b2de6ae,2017,0.45400143093568096,1
8b79a80f775d9f03,2017,0.5241651686576878,1
b40bed83fc062380,2017,0.33704428165528705,1
f9830f1c23ac92d0,2017,0.6261874147632643,1
37835a0f9bbb4d4e,2017,0.6549319765584366,1
52db9c816eb99800,2017,0.5396851392736589,1
dd0c8e9880c6fa24,2017,0.6408807635468166,1
c11b2cbe2460db0c,2017,0.612048505988392,1
2f1f16c86a8cc6e2,2017,0.6481338764023625,1
40d9b5b47acf260b,2017,0.6786235612366034,1
a3b7cbdb6d2607f4,2017,0.7741695029767014,1
6aea6d3e6944999c,2017,0.5844478925891359,1
6c25f8fd66f16d7e,2017,0.6770929309997805,1
1a502852b706f674,2017,0.5683879394208218,1
676320a61f800f10,2017,0.6621207683214049,1
54c5284c1b792912,2017,0.24665587263500247,1
c83487136636e9bf,2017,0.35547317071648293,1
ea674e0285fb77f5,2017,0.5957051872119472,1
23e5acd1549b538a,2017,0.5511708850583192,1
cc2809e10315a6b5,2017,0.4673410312260602,1
4712708adb1507aa,2017,0.4887826808305797,1
21f7fc538ea646e8,2017,0.5041949067968606,1
7a57289563f9d974,2017,0.6789711635586988,1
f9536ea60551b840,2017,0.5823188556260885,1
1ed266bed8005bbe,2017,0.4910978215730063,1
ab853176cfe20b01,2017,0.47990533009143765,1
061081f46950fdb0,2017,0.2575212110627684,1
fbce8f52689bce87,2017,0.39851984155410536,1
10a1947cb3feabc1,2017,0.5827981823442452,1
bc84680df666c96d,2017,0.4249330736666812,1
c9e19742c4146bff,2017,0.7436033822422271,1
6fe21a4cb2d839fd,2017,0.49431375743426076,1
1aaa1a9ceecd6063,2017,0.3333494260625657,1
0a444f30cae13d8f,2017,0.35451489389246793,1
1d166488129030d0,2017,0.5509673753825587,1
a6fbd8964400dd89,2017,0.5809659572042466,1
1e3c67921162561d,2017,0.45989888339310186,1
9a1a57b0abcd4599,2017,0.4267694252705153,1
71dc4379c738450f,2017,0.4615348646233562,1
5b8d693bd1780102,2017,0.5784644503954064,1
535b8e5494cbc580,2017,0.384218564110701,1
01619207a811ef01,2017,0.4638193079068622,1
e83046dd074ec0fa,2017,0.45741101859500344,1
11b8d7e801713abc,2017,0.44589049621745136,1
6f350d91fb07a819,2017,0.39815387697176585,1
d9375ede2ec2f924,2017,0.5358132382324318,1
8f40ac90544d0003,2017,0.645441347842441,1
7e9ed49a1831056f,2017,0.4713802827561228,1
147d2ab0230af48d,2017,0.6821198558626326,1
c381ad2c0bf34dd9,2017,0.5539626444918948,1
f77e3c681fe1b04e,2017,0.5263567136563749,1
3d76ed7e224e9c99,2017,0.3757959599169297,1
a88a4c126d585320,2017,0.6165757599366744,1
279b4190d9ef1379,2017,0.6151441547589293,1
c4ecf4b894ccbced,2018,0.6127689793417243,1
9f10afab94cafc45,2018,0.5671806503290304,1
f8bb0aed83bd8638,2018,0.5092432333866739,1
1bf1a6fc9c9acc26,2018,0.5782563495801586,1
738e0ccad2c9224b,2018,0.4337967519988696,1
4843f369dc8b5de5,2018,0.499808794532011,1
3b1453df439a5024,2018,0.5889516377874552,1
d85c76a61a820be9,2018,0.4651900729855972,1
f767243bb48ab9d7,2018,0.7564918245719552,1
0820a29a03d58282,2018,0.2807894767348137,1
51e684bfce8d94aa,2018,0.5158195409191901,1
b9726184624ac076,2018,0.7136365751250495,1
1b0fa021b1158121,2018,0.7763385662044079,1
50385add37239184,2018,0.511220643402738,1
0990ac7065412e76,2018,0.5243192365541528,1
f91709b071e8295a,2018,0.6102745134964253,1
ea66be2688f542be,2018,0.4986563214191604,1
889207e3c622a5aa,2018,0.3876691511326986,1
5cf56c22cbc24758,2018,0.5197103507279929,1
5f617d6c19d3a281,2018,0.3474941165822786,1
9f96d11017f9c824,2018,0.48292751209108453,1
8238f9d2fd961757,2018,0.5061778276959839,1
fa7cde1e2d3ae338,2018,0.4945879521592528,1
4fcbee643660d679,2018,0.7074697008790409,1
ce4314886c57718b,2018,0.47556600541299465,1
6e65bec924996b5a,2018,0.5198321830588098,1
5a096f2acb44c776,2018,0.5332378798580376,1
c5f0c83e303d80bf,2018,0.464588824235605,1
b8648b32caf36c5a,2018,0.72066491170216,1
04a1c5b7993fe4d5,2018,0.5795739202852276,1
f23e2bed86b62462,2018,0.603202335038024,1
d571486369996a39,2018,0.6446538862547057,1
27901ef9e82d5690,2018,0.47329069443049093,1
3a94bf34e62ae5fd,2018,0.37919689517352406,1
1fd5bf36c42ff1a2,2018,0.40844288775238513,1
fa77134e0d90da3b,2018,0.5392156240928638,1
7bfb92f7ea59dbbd,2018,0.6924093391628932,1
59b384dcc3ab49b2,2018,0.6968558068407971,1
eb0f7127f22457e9,2018,0.4662012356551317,1
bc767f1eb6176dfb,2018,0.5717403656330141,1
a0ec4eac058e6050,2018,0.3167206586920538,1
0da43c3ec0e11650,2018,0.25376990432548807,1
ee1c1e9037fee21e,2018,0.3775207292564375,1
10f5bb70feb1df53,2018,0.7703552013602593,1
420dd305cd1d062f,2018,0.4472989145038381,1
194d3950076b2f83,2018,0.3858737560830239,1
58286d3126cc5263,2018,0.6007944503455982,1
e8f2902be7b350ad,2018,0.5688341217489611,1
f8fce67abe0ab922,2018,0.5049579921654195,1
f3a60ca18747aeac,2018,0.46044503030417233,1
1cd5d5e271b646a3,2018,0.3695552582469044,1
6cb9bc7c86ae43b9,2018,0.6162599381762276,1
b6e086dd8093355d,2018,0.7329829108540123,1
0d7dc1ed5eb995e4,2018,0.6503791725319512,1
3112430100d2d0be,2018,0.6720010882720558,1
cd67f6ddb2920193,2018,0.7285895481767735,1
9444cfe0c7c0f6a7,2018,0.34591450174463745,1
d07dd6239afe1cb0,2018,0.710635639006503,1
5edd1cd479f3919e,2018,0.7311222043692744,1
0bfb221a0944f8e0,2018,0.5424788672721017,1
6f981a44898fb4ff,2018,0.43205406258843904,1
4335683beee93652,2018,0.5667747847021662,1
07f234a488661125,2018,0.3757068053962195,1
aeac1209f15157ed,2018,0.8117173248977946,1
a8d189f56de9b451,2018,0.6125302334038923,1
357a5bc5de4f545d,2018,0.373408189152203,1
6ae96d1de3bb0506,2018,0.6761296767329451,1
f73dfeb48b09e6a6,2018,0.5138499080946901,1
8f7a73d05387b159,2018,0.5039971583906594,1
0328754c15ecd37c,2018,0.4497941473348416,1
0f2611c3ec4661dd,2018,0.38984793097518544,1
bf8f747e57d6d1c7,2018,0.5936420782021194,1
04970dfa4d531e39,2018,0.7161120851018373,1
093ebd3375591101,2018,0.5755187445496639,1
037c68d03c970609,2018,0.31303646367499016,1
3cf4582b48302bb6,2018,0.5154716687081138,1
e22a887ce4ab30eb,2018,0.42370494836321154,1
424a20da52b4f956,2018,0.26010897260554455,1
9c79433a4686f3fc,2018,0.28434726059674925,1
4d9d371b8db6fb91,2018,0.45164182633148975,1
519dcb290e6db845,2018,0.4973068607961567,1
84f236d6c57d7cfb,2018,0.712643330438969,1
12a64dfb8147566b,2018,0.5073520446694049,1
c6c975ca66a7f91a,2018,0.6254742700820177,1
6c2f05c47f494e15,2018,0.5484957668072232,1
c73b81e7c1c1cccc,2018,0.484560595722581,1
9e21a8dea9663e26,2018,0.2656506127250776,1
ead2ca0d2afb46be,2018,0.4524821532044487,1
1f52e665587dc645,2018,0.5309938538874439,1
bfb7d17161aec938,2018,0.4536597662177093,1
efe055854f19a1d7,2018,0.578095175184214,1
2361b51aa72e5551,2018,0.5057963794179835,1
4960379abe6ed525,2018,0.7147010071997779,1
2fd0c6d914b77205,2018,0.48835377555292697,1
fe9ee00fa47dd7b3,2018,0.4114872403048799,1
714d6fc1eaca9624,2018,0.4755539522485255,1
0b4583d204797d19,2018,0.5179279463956565,1
288c942b0ad152a6,2018,0.4084324186427237,1
f8ee14dbf966b9e6,2018,0.41283415876443325,1
e84fa12d87993ec5,2018,0.738222203689231,1
848e7af760788418,2018,0.750875751784457,1
5f19b0135414b454,2018,0.4301389650628542,1
e835e9a4564db497,2018,0.594660303561225,1
12563423bf15e75d,2018,0.5333247226791996,1
28f7ba820350e3a3,2018,0.4641453497054541,1
8803935990adafc1,2018,0.5782236716541644,1
5315bd4542b21c4b,2018,0.5094179665198971,1
bab65d16fa74fc5b,2018,0.40514864475974444,1
6c5f7f98ec0b6f17,2018,0.7209135945198635,1
95edc0b6438f2592,2018,0.48964933505731206,1
829b3ee4145a1ae6,2018,0.629607934176851,1
eab7b76e177e1903,2018,0.6921383513173502,1
4210f9b11debf1fc,2018,0.6790558015473414,1
bd1e01de1f24962b,2018,0.4800188618440616,1
47fc0736929125bd,2018,0.5939241823592707,1
418a7100e490e791,2018,0.7916782539004878,1
85060e6e71ed14e4,2018,0.4667693248968764,1
59363451049c929d,2018,0.6182591487667375,1
01c9acf719298187,2018,0.46044825975132003,1
15aee8ad5d9e9d58,2018,0.4243921724148133,1
17c53d93d549cb03,2018,0.5670449073590571,1
5164f1c4103616fd,2018,0.6994235149062384,1
57d05d28e3fbee4f,2018,0.4929614868208881,1
b8b9a8e504d51ba5,2018,0.390195927478851,1
e18a8b333529cc09,2018,0.5759406630535746,1
bfae2fb50efbdb0f,2018,0.759484974217894,1
d2b5ce5548b71668,2018,0.536529754002455,1
a22add1024153ddb,2018,0.6732044046597546,1
dbed6292db8b0212,2018,0.4162189430791226,1
a017d5806eaa6018,2018,0.2847482800712958,1
ef86720364837f68,2018,0.6030643843812087,1
0f88658e787815c8,2018,0.5750083710210868,1
6dd0874dec826397,2018,0.503541809681174,1
62aab95c866a9c5b,2018,0.33932517290336367,1
bef2a2e68fb4dfa8,2018,0.7241074951213569,1
6d8ce1abde550bc6,2018,0.6356991685180162,1
dbb0ca0198ac514a,2018,0.6587343945611293,1
5f1a828f8d4c3b01,2018,0.5907926356980414,1
53d6a7634c7fc036,2018,0.6519655692385005,1
014f7dc96c90c199,2018,0.5369960570605254,1
25da6035f591c245,2018,0.7367586662236788,1
6b325792b8fb1f46,2018,0.40728433248057794,1
5ea39e0fc3b64e83,2018,0.5451066712637342,1
3dcb1a7b081afbe1,2018,0.4179673976788172,1
c8fdd3f7178fbfa4,2018,0.5438252502131717,1
7072a324a82c4297,2018,0.5398986463041926,1
b152646345037056,2018,0.5800771832623531,1
7ec70261afdecda8,2018,0.46726964293079754,1
d86e31793564cd31,2018,0.67797849711619,1
3454f5c7203467aa,2018,0.6493182391969726,1
866b2c2e354aa27b,2018,0.5799812541304574,1
e6fdf9e67f84a0e0,2018,0.6538857974957378,1
53febf2fb416f9de,2018,0.6369151104373163,1
79c22394d9c2144d,2018,0.4397002150939138,1
c571ac76ca45c1cb,2018,0.6001683519570246,1
49b47b5b5f15c7c0,2018,0.3335235726614205,1
df0d4130944776d9,2018,0.358136454101974,1
47c140debc977214,2018,0.6568517353993317,1
6222cdc86b12d251,2018,0.445011838669489,1
db8887f2085f7971,2018,0.35194572069636326,1
1290d7eb0fefd3f3,2018,0.6603496111597749,1
24f2d2dd9fea5d79,2018,0.6765909117855602,1
47f42aa7cf851a29,2018,0.7683232501725694,1
f71d46f804307bd2,2018,0.7100435436736454,1
326c3eaa1e9e3dc4,2018,0.6222672795102697,1
3e9ddcd30fdc5d85,2018,0.5607626370559131,1
b3096e8dd4e90718,2018,0.20340128725427536,1
8b1dc96a00a8e881,2018,0.7460791486714923,1
20b5de395c0f1375,2018,0.4569240815154313,1
9dcf8ce308eaa050,2018,0.36423389940617307,1
52565f62fb3822db,2018,0.5629240620731654,1
f6efb09c01e4cac6,2018,0.726646958432243,1
426ca5caeb857f1e,2018,0.7520059206662923,1
cd117bfce747184f,2018,0.5925650949057992,1
7969abc596485189,2018,0.3299594451385638,1
4b155647201d549e,2018,0.6248296643182967,1
19fc916df1f0e6ff,2018,0.5937328487719741,1
026c4a26106cc158,2018,0.6760767939462371,1
a25633b1494f1360,2018,0.7183421231592959,1
9fb0a4e18ddcd14c,2018,0.4488752671169351,1
194d73490eb731c6,2018,0.7111964792964467,1
9cb4196446f3ce79,2018,0.6776675074597693,1
b7c7707ccea492c7,2018,0.3746156245901181,1
f43f9861e73739c8,2018,0.4332197960480066,1
921a8db065cd8cc5,2018,0.6302431899182117,1
69b147aaaafeb47d,2018,0.4680754512295017,1
d3f5854d16fc31f9,2018,0.5508559691948421,1
e82d734674ce4d46,2018,0.6376734902258158,1
5e2f2f5d9a756de9,2018,0.4608714369924082,1
8f9b16f170dbdbb6,2018,0.40772484559251587,1
140e810f952714ea,2018,0.6019410561409047,1
32990cbf8976d94b,2018,0.6251971810595298,1
c3425412e4f2f486,2018,0.45813821682884526,1
7fd0f7b3866b2c75,2018,0.6123117134246884,1
319b09306094259b,2018,0.6382227566461395,1
051124b25d576906,2018,0.5721891801408279,1
eb6f80ccaf2a3dbc,2018,0.6014736295797495,1
5a09fd7cb3db9705,2018,0.5998694434138585,1
3d12c63c47828937,2018,0.4515258575638724,1
26582aa0b79d2f20,2018,0.6745169766762589,1
d5176b45df32f67e,2018,0.36065706031253886,1
d80b0bea0e260b95,2018,0.4192245471609043,1
ab6cd718c5459eeb,2018,0.741936283409385,1
b125025990755616,2018,0.9305702347943151,1
bb7408d59b7279f7,2018,0.604889576670528,1
c5c5f678558a0ba2,2018,0.5222315391292071,1
8167bd097a16062f,2018,0.4195648634975102,1
484c48d3723e72cd,2018,0.4812787433869912,1
2242e7df6f320ea6,2018,0.4776747464924806,1
bb4755924dfafaea,2018,0.5347814233108761,1
28c70663b99560a8,2018,0.6755286851458211,1
363b72bf7f75091c,2018,0.48799929557519417,1
4d549f33c0711a7a,2018,0.4820297823607992,1
ca3963b76a38c408,2018,0.5988402883501328,1
9fc03704a10977b3,2018,0.4086697976693788,1
4caa0dcdaa253612,2018,0.6116517562108629,1
b3caae587e956f54,2018,0.40954802582922284,1
760b90b0805e0fbf,2018,0.6520655945129727,1
7c2b219fe208c565,2018,0.4279498556238934,1
674f3fa16e717ff1,2018,0.47432247798031035,1
1901d27ea35ae733,2018,0.5193018676290446,1
1d8e2e8e3bd28cad,2018,0.3762650937908866,1
247f9e56965a1c07,2018,0.3984518772172906,1
c931097a857ed60c,2018,0.5137688537432507,1
bd97a96ac8203457,2018,0.5795910132498788,1
9589b41c4637b057,2018,0.580103284374196,1
2817a6f9e09eb15f,2018,0.4359154741626272,1
148c26038e80465b,2018,0.469702429348304,1
c9e4aa12aaa7309e,2018,0.5744491254910877,1
55bd050afe169b34,2018,0.6198532524459672,1
d3f26e0fbf694375,2018,0.4763405652408727,1
7a3947a0e7bc3558,2018,0.533455009341548,1
9bd9a8127b55fbf7,2018,0.3767490242363363,1
fccedc456048216b,2018,0.4106687688625052,1
7fe2b6a9fc4748fa,2018,0.41362118441634893,1
c1677875a80c2584,2018,0.5086369931680877,1
cda0d9b5ce9b9c12,2018,0.5615988107625931,1
66ba984cc547e31a,2018,0.4290919077534566,1
48d21357134ca51a,2018,0.3115297789402283,1
67018331e90a9949,2018,0.6365414359991107,1
b25eacaca1499e30,2018,0.6550584874766048,1
691c0d2f30e4de5a,2018,0.6301930610459787,1
c3939438ae7934df,2018,0.39804407715152373,1
a3dd2249d046cf9d,2018,0.5235486634090774,1
786296db3c4749f1,2018,0.4479397379281724,1
543de77637ad2a20,2018,0.6361244228433465,1
35ebaf80f8730b14,2018,0.736031506261636,1
43af04881587abbc,2018,0.4915712976967299,1
981ed463bf5d91a8,2018,0.5127932788353726,1
110a49a43aafe044,2018,0.6030942734981798,1
afb0d61f22e85d90,2018,0.529722757742561,1
b71192c8fe23078c,2018,0.4191134542126759,1
e8190df7465ba2df,2018,0.5208820086805601,1
3ce7f58911773a56,2018,0.45476773199918513,1
4f16ef3e707447a0,2018,0.4797070277409473,1
23e03d226eb7af80,2018,0.608742709214007,1
8784ae31153178cd,2018,0.4653429523614109,1
20bbf7e139c73e8d,2018,0.5144134410931915,1
e0e19f79019d63d2,2018,0.5912491009362666,1
62389e8fb68f93a4,2018,0.45903091807729623,1
62f564662f33692d,2018,0.5592824797316356,1
d441715577c5934c,2018,0.46840795731744667,1
09ab925c4cfe0cc5,2018,0.4280781334716778,1
c4253cb471013765,2018,0.5656343972971242,1
3249bbbb7ce837ef,2018,0.4886560148530189,1
95f37dc43e808ebf,2018,0.5922513976353976,1
e54c16d867875738,2018,0.7479817124817647,1
11c851a73ffb55ba,2018,0.6636189760309048,1
77be83973766e104,2018,0.5128257150903845,1
ef2c7bfced561374,2018,0.45846840320693893,1
0b2ae6c368369d1b,2018,0.5850083629559341,1
6b47093b62155478,2018,0.6454949766815182,1
bd1fc4ff619f4e61,2018,0.674245262752808,1
8e971c1ec4b981cc,2018,0.5924891642347481,1
5d8a1daadda47ace,2018,0.418597636250205,1
866729ea2ceddb25,2018,0.5740043097669679,1
e85e83ab4e60e768,2018,0.5086313058091614,1
65223fa6055df489,2018,0.6323151000290658,1
e57a78a422439774,2018,0.46844951772297516,1
c8a9d3917d77ede2,2018,0.3888100665147655,1
3b03f8d3a55f3cb2,2018,0.573749775995626,1
d2f6b87189908088,2018,0.6081833745110214,1
520f6379fefd8fda,2018,0.5430633184489693,1
f2ca358ea9bec156,2018,0.3086438442222472,1
de32c5a78aaf89e9,2018,0.5530985821802868,1
5362ea7c63432cf9,2018,0.5092983749282358,1
047d6739aa1d5c1e,2018,0.573353305075057,1
9115354413739aa8,2018,0.4794392448355767,1
67e1ec8ee2db3423,2018,0.6985718653127763,1
5e3779f7c1c39679,2018,0.5198219583697739,1
3e0090669d51415f,2018,0.6291913641362035,1
62fecd327391557e,2018,0.38643131956641913,1
3b701c0a0525341b,2018,0.8340596545469593,1
7fe1486a2c33bf91,2018,0.5619936748847457,1
aa91cb7567d6c48a,2018,0.6381565684966496,1
f20e742e6b0c0b3b,2018,0.6151298000878693,1
48a9d2a3967d13a4,2018,0.5488327751385681,1
d6f6ac29008509db,2018,0.2653348211098576,1
9399c772adc7bcab,2018,0.6074358951988897,1
a65909d4083c2088,2018,0.3309476704273471,1
e40a5bd62ce710ac,2018,0.5714533106460404,1
294a9e9780afa789,2018,0.5150607088960921,1
7658965c2a700b39,2018,0.5318464788006432,1
6caf9ebf42ddae2e,2018,0.612313897875697,1
e65ffb177a2c7669,2018,0.664446922336408,1
fd61e6146f3b2942,2018,0.7058715367186918,1
f3bebb48771a414a,2018,0.28846405794393726,1
82342dc6be82778b,2018,0.6136865765870673,1
b2625001e0b89369,2018,0.7359736717969463,1
dbf786f9808c6a08,2018,0.6181601844083162,1
b66ac52bfb217761,2018,0.38355685503156506,1
6455d9c54d99b851,2018,0.7419620729461075,1
67f559403a6ec7cb,2018,0.7332068840884781,1
ed72edc2ce0f3c5f,2018,0.7177412343754813,1
1687e2cd061b7aec,2018,0.5494649479257059,1
f56c6646b54c0662,2018,0.505410837218036,1
ba33d0868b25483b,2018,0.7262535975262379,1
c76fd2ddcbc4713d,2018,0.6161815270958368,1
d40f865aa6be9cd0,2018,0.4407476674910811,1
dd0a3aedba5cee87,2018,0.314280971111862,1
a7e8416f0d57c8e0,2018,0.30956929881593526,1
880f2bb0a639a5a0,2018,0.39465211070886846,1
eebb4dde70a67369,2018,0.5300629317229455,1
37ff18106c6e38fc,2018,0.6521866111142198,1
1c6d3ef6beb9966e,2018,0.6133287047058031,1
c5479f20e4db357d,2018,0.5724926913657481,1
0c618cd41b88c558,2018,0.29438830437435676,1
b509c337d181c567,2018,0.48259597615790445,1
d7c7b312279104d2,2018,0.512519566547688,1
30eaf1650bc359b3,2018,0.43380311730543086,1
3d9398386c84109b,2018,0.48410190639000616,1
ba766bd03090dab9,2018,0.7417589954113329,1
f4187c30c311eb93,2018,0.3952539578354135,1
1669773acd404217,2018,0.36208328949857793,1
a409a5381f082e8f,2018,0.6444255186471167,1
7cdda45e7d52bf40,2018,0.4354224663517672,1
68ba4aca75b02496,2018,0.3880099175496462,1
9bc042a700d9a531,2018,0.5345449209539574,1
21be9181725ab599,2018,0.5621696998832181,1
c835ccffa472970e,2018,0.25233892014218906,1
e2e524bb5392a3ea,2018,0.7180927560918932,1
48ea8a30f7b88cfc,2018,0.642963721387404,1
8f5482992dad74d2,2018,0.4353131212514226,1
adee1fc200ed1a12,2018,0.5272755921840504,1
397ace87deeb8697,2018,0.34242101222945587,1
3c5442bb62ca1505,2018,0.5738919674514695,1
8f6dda53ea3b09c7,2018,0.5799835795480852,1
3eea92e7f26fb05b,2018,0.47310527627247,1
53bb7c4a606d60c0,2018,0.641260464921922,1
4f42acd810ed5173,2018,0.4438027802260254,1
9d204f44a9988b93,2018,0.5329716102619251,1
8dcfa933877e3a0b,2018,0.45243865712604386,1
bd0622b184ab4f28,2018,0.5784893771682693,1
3d7ea6012fd8f786,2018,0.8154335989742937,1
6fd7f6f1deaef4e8,2018,0.6775118296293505,1
8a08b8043f83d245,2018,0.4383855364158613,1
53d6e37063f9c404,2018,0.47509091547651683,1
e1eeb61d0669ce45,2018,0.47929700167532674,1
a9a770bac1261af9,2018,0.6472921603156522,1
e202f273220aa533,2018,0.7423407090580869,1
96b59d89ecac66d0,2018,0.38790305105838463,1
33116969380185a9,2018,0.35279261726415545,1
3729ff914eaede07,2018,0.7292057444398596,1
b8b2cdf962cc65a0,2018,0.5565555570791695,1
41be95916aef568f,2018,0.3639448689788131,1
752f19e9c201ea57,2018,0.6337326130552597,1
78bb2b441917848c,2018,0.3302392337875781,1
e4e1d12441b90866,2018,0.4721388595469132,1
7aede55e4e47c698,2018,0.5476930543714559,1
b4ec3e067604f90a,2018,0.36565749454232,1
c037cdc1de53de8e,2018,0.33877637001571403,1
e9700d51ec2b940b,2018,0.6302006249334977,1
38abefbf24624a35,2018,0.6259777747341531,1
3210723fbb018fa7,2018,0.5710745074332783,1
79fb77a0b0294aec,2018,0.5600957278149334,1
933cf2674503c63d,2018,0.6279645284116054,1
bd5efa4b53dc1642,2018,0.47707715995047806,1
2c84f2cb1bb23ab8,2018,0.3779560121673833,1
17f69a241aa952fd,2018,0.6009806997046868,1
14cf0828d6e373ab,2018,0.6978060681361746,1
0a667143584a2d96,2018,0.4200099747412954,1
46cfd4aaa02ce202,2018,0.45855324137011144,1
0ccd16201ac41ef8,2018,0.47124755548098207,1
c7bc8750e9503805,2018,0.6671187423910634,1
9cd172df74575fd4,2018,0.6198449257436165,1
629c0eb319e01374,2018,0.43256599662904044,1
85f85003fadf7a7b,2018,0.5074576557463568,1
961f434fe238f40e,2018,0.4739519744004369,1
410aca28fda60f76,2018,0.3239400489558332,1
99bfad1679112591,2018,0.41604135396402897,1
b9a3b520e68f8142,2018,0.7056903459965462,1
3bde8910fabf0dd3,2018,0.27061686934283335,1
51ce499611a5df68,2018,0.3871910011762652,1
f9ab603b763998f7,2018,0.5118046024702455,1
7e695ad026b2ec66,2018,0.4254578794801912,1
8c109a0c53ed9618,2018,0.46802447471474795,1
02731f017c838ad4,2018,0.7040797388573292,1
e8093d77f566fe51,2018,0.6244521223749212,1
43af7c5772e8198f,2018,0.6739009842318295,1
a932059e61f4c25e,2018,0.6871405880357973,1
438fbdd4cf27e324,2018,0.21380634143153746,1
d1a93a55c8063ff3,2018,0.419988473768523,1
9e1853861f58191f,2018,0.6009081799989608,1
21992c366d3b4602,2018,0.44862140203472745,1
d755a29a49c9ee09,2018,0.7721914893593386,1
1c43b38c1f4bdbe2,2018,0.5479808233323036,1
12e12307414dafc6,2018,0.33716284406135816,1
e3f31cdd33b4ca92,2018,0.4918115804948333,1
c7df07266a9597d9,2018,0.6482936553237433,1
d2ef04d5f384c05a,2018,0.5716805618488617,1
6abf4f61a1e11d34,2018,0.5820718604103333,1
86046081e767437e,2018,0.587367578253859,1
1785c7fb722d3007,2018,0.42828667257864506,1
4e6bbc5832e55f64,2018,0.3551176258709572,1
c2fd3d874f558408,2018,0.3898845319938597,1
5b2835ac76f05993,2018,0.47530241179339205,1
aa7d691fc6385acb,2018,0.5530901202967021,1
d99b2abf50e9a03e,2018,0.5295075873138759,1
cc73c73e6e3412d4,2018,0.34938203055368505,1
0d077813b6164fe1,2018,0.7110261900213801,1
44c60f91b4f7b23d,2018,0.44637683224175295,1
69279781a89c893e,2018,0.5424825896262163,1
c65f4b4c0338d0c1,2018,0.509233055586863,1
94dcbc64641cbb6e,2018,0.45737340999394827,1
fa9ec0b8c4b3a84a,2018,0.4791526374465872,1
73a299d44d2ef5cd,2018,0.37424279657431186,1
29f40d82bd128c65,2018,0.5418316070662784,1
0ac4f0c1b4d021f6,2018,0.5014010684764365,1
60cc0ac9ace28324,2018,0.37648036495198967,1
70feb2bfc12b97d4,2018,0.661929911069631,1
20063242f6e40d31,2018,0.4916101081915114,1
b6bd31215bd7ec1f,2018,0.49086667131363126,1
19d1ae54681bc722,2018,0.6876801313337217,1
fdc97f9b88bdef7d,2018,0.6374294572192672,1
e909e34cdee01831,2018,0.2673052393070958,1
41feee2c08af2235,2018,0.5108870450737656,1
7d679c16024f6f38,2018,0.5340634540534313,1
00b1e95f6aea7027,2018,0.440375569364341,1
1fa8537d3992a09a,2018,0.3706632292824328,1
d5577e3272ef3032,2018,0.3870327904885461,1
37a7dc68f3a0e65d,2018,0.6209050182373416,1
e0e22d7bc5a293e8,2018,0.6450126454381606,1
3a42dd84680f444b,2018,0.3683892530256469,1
48a2a476d3b59866,2018,0.5259934126019828,1
4e55251b7a0df0c2,2018,0.5686538756728431,1
c4f443509308dec6,2018,0.7133076798071989,1
05f1e8ff81dbe05b,2018,0.49998775118843597,1
1b6e5363eb81c409,2018,0.5298008024050701,1
bf41783b9446891e,2018,0.671416560055942,1
986f0b480389ad25,2018,0.48310256261043333,1
92fd2127f46b0cb7,2018,0.4470263278165655,1
b69d3d55c84f5dd6,2018,0.48906706760727003,1
c0ab927864bb6e98,2018,0.6514118460643299,1
f3e289f1423c0e6f,2018,0.6087812865441313,1
4da4c5ef6a4ffc5b,2018,0.4643136013874324,1
920b6f739a36e721,2018,0.4407731891631923,1
b9c82dfde8b66e37,2018,0.28227963746226054,1
8ce926b4d38a55a0,2018,0.6014578808299608,1
3f5a623cf360c494,2018,0.569548309345126,1
4de25b19c4dedb14,2018,0.6125401398552466,1
61bf6748cf85eb84,2018,0.45559847228769784,1
bd7a8c6c74655afc,2018,0.6145867362060956,1
498e7b0800af226c,2018,0.6393075675584129,1
b0e16dd491bc4fea,2018,0.39137066353609923,1
a5ea53104392fa9f,2018,0.5993438070140578,1
9ee818e10dcf3b45,2018,0.7247793046589732,1
1ca41d3b11d88b36,2018,0.5363756890292154,1
3278e45b30f7dd33,2018,0.5816347835820256,1
ceaae1db8ccde29c,2018,0.7421275504712291,1
e76227f395b94e47,2019,0.5381671400031556,1
2cc1fe3570999428,2019,0.50756762641192,1
2ea1f463620bcd3d,2019,0.6095650367197247,1
efbab76bedbfb65d,2019,0.7794874625288408,1
8a9c8f1d53d8c664,2019,0.49351733436991263,1
77c6a6f33289b872,2019,0.5021054595609838,1
3dd0951b8855137d,2019,0.2985718543319442,1
5d1f24e034772338,2019,0.46534279641789844,1
7ddd21d48e3b34b9,2019,0.6291726836922766,1
4738cd4cd8d33eeb,2019,0.5487761880726085,1
0261adcfc6e49150,2019,0.6864266482583022,1
8da2c348ba6001a0,2019,0.45714000017411105,1
85511ab7fd9ed061,2019,0.3397110306656581,1
8f8a6c578308d014,2019,0.4106715166809577,1
9192053a3884aadf,2019,0.3494470732641286,1
818456a713fdabe6,2019,0.4895987782546779,1
491b7d974254596d,2019,0.39618955029563335,1
59097097bc09cdef,2019,0.48555007209871415,1
904e0e46392dff93,2019,0.46294685865611634,1
ebb685a81f65ce1b,2019,0.3937953513674839,1
53abea410a0541c8,2019,0.649866440591254,1
44cfd4330eb6e2bf,2019,0.6585612368611109,1
85036b967403cdab,2019,0.44277621103204046,1
ce246b336b6bd638,2019,0.46677266642112125,1
300f1489174a3ece,2019,0.564195574882953,1
4e8b2357fea211e9,2019,0.6213574646175849,1
8e43d61ca6f2d904,2019,0.6750416721814692,1
11c0ef97497303ef,2019,0.7347372105417327,1
b247a1900cfae052,2019,0.5694226057064559,1
51db35a3cf225bda,2019,0.5895612275888699,1
49f7186e1e3cf6c8,2019,0.6136848076952941,1
5ff8463edf8155c0,2019,0.699018679577831,1
e4862c4f20117cb8,2019,0.5146322959732568,1
fd1854062406d287,2019,0.6749200867240728,1
069e3e704cbf6337,2019,0.555573089598321,1
aa71cf96ba4e5a36,2019,0.6887515173380884,1
4eb91cfc892a108e,2019,0.6632398622910202,1
a9184def876faec6,2019,0.4873748572080404,1
7fec3b1ec923ad24,2019,0.38462490338158195,1
f96f719ad667dd96,2019,0.5486421051452876,1
bdeca00572419011,2019,0.5550095033410428,1
0d698108c5f5d1d6,2019,0.49206728659402765,1
58e21d505c082a9e,2019,0.567718104704095,1
0a4247ba4ae1cca5,2019,0.378938082278056,1
1521f94cafdfd783,2019,0.5444085393243501,1
c8bc7e668ffffc7c,2019,0.37089964714275325,1
354425c41008a01f,2019,0.559693144449414,1
a212e4c197983ad1,2019,0.38639429953107784,1
01983cba42704c49,2019,0.415030361721341,1
e4b13f7f43018ec0,2019,0.6326735063043583,1
9af62d6e404c1002,2019,0.3756030328750618,1
c77486266b05f934,2019,0.5078891372696777,1
18d6df67968bf06b,2019,0.5030975427883395,1
4e22e3cdb8757be1,2019,0.659426304458715,1
c827f5212a34bf2e,2019,0.6649477539735512,1
fd438db3e60f062a,2019,0.4636769548535932,1
14c505d7ad55883c,2019,0.5773045818960134,1
244aa8f002274344,2019,0.6780218622859733,1
1db00b3e736c22bf,2019,0.37614542143906293,1
34c649f3f43a919b,2019,0.5699938687034546,1
4de28817db9fc9d8,2019,0.5636435875393374,1
cb010b41cd20a1ed,2019,0.5710119233299259,1
0405e4446e8f239a,2019,0.31900515358948883,1
8adc6266a7c2fd40,2019,0.5173677974793192,1
7a26c9407ef64e10,2019,0.763907757296883,1
e3826e06d68ed4af,2019,0.3873770592979142,1
3744d4cdaa6b242b,2019,0.45917956093625895,1
7adaf85915993137,2019,0.5790865255366497,1
bac3ac8d7330d05d,2019,0.6684752586460959,1
39fa341fb9161d6f,2019,0.4367605158791299,1
ec149b086b0e7fac,2019,0.5341792096630534,1
97dabff880f33202,2019,0.26529884240899226,1
851645c373f50e16,2019,0.6504697439273385,1
5b9f545890407976,2019,0.8467354467243587,1
6c9bf1d285cf5dd4,2019,0.5650802934149922,1
583f2c3cd0e2385b,2019,0.6383968927588226,1
858696528ab7035a,2019,0.3821324274423012,1
b776b08e2cc6aa0c,2019,0.5770086418832838,1
ddcfa590f4644240,2019,0.6016646915197513,1
fb34734f84d0a14d,2019,0.6729353185410838,1
51808d929c84b8ae,2019,0.6455412575930172,1
aaad7e29825b3264,2019,0.5800612350516614,1
9cfad21ef1911728,2019,0.6571744857756953,1
4b1606ab1893c242,2019,0.48998032829459287,1
aeb0322f619213b1,2019,0.5925040683257454,1
710c7f8c7dc2af46,2019,0.4271319373583241,1
1b1792afe4457e83,2019,0.6074299314674618,1
9763e27bf80abe42,2019,0.32920116753274975,1
a2f4acc81f7886a2,2019,0.6899055709086033,1
bcef35d6e0964f01,2019,0.5300817471792292,1
6ada4f4286e4261d,2019,0.3643721852539798,1
44ab00737c3fb890,2019,0.49000196406626656,1
8cc4c597aecbfef5,2019,0.6722987216892289,1
437c6e18f41287f1,2019,0.7291262837714214,1
8a8190f3f71408a4,2019,0.5252944443802617,1
40687c9412e0c279,2019,0.5383229840083819,1
826fb989c0e6208e,2019,0.608052047124467,1
e068f14acd47ed69,2019,0.6034701969986511,1
c6dd17ab89437805,2019,0.3706416167320924,1
469fba0129c95278,2019,0.31110092666304434,1
0717bc30025f3656,2019,0.4911025255699195,1
0f9679fda36f7f41,2019,0.5444656944895192,1
8d70694ceeb0dc9a,2019,0.5118226408309818,1
971b3d35c302cf8f,2019,0.724978436824355,1
721b23d896a44e2e,2019,0.6496324323051292,1
55b53fdad307b708,2019,0.5678108123061271,1
3812b265afd78186,2019,0.707664080435801,1
eb096b0196a7ff65,2019,0.4509790927701734,1
ced0e31df74f27d6,2019,0.31807094871007296,1
9532ebf4d9405e65,2019,0.6379098859520976,1
56ae02578b1163ee,2019,0.46012155839707314,1
3db15d45e8490c22,2019,0.6605088043679009,1
b695fc80bd538172,2019,0.4093092453530528,1
93a081342561d0c3,2019,0.3478097050253294,1
7dc3ada8f2135477,2019,0.5267106110442406,1
6173056f0e080ca6,2019,0.3873031291920979,1
b7ff74563d034519,2019,0.7196794806357081,1
f5a038c18f7a44fc,2019,0.7289960947245708,1
818b55b087013e64,2019,0.6571203724004193,1
1d8ee477e682a8fc,2019,0.3739715521012122,1
b70e72f23446520a,2019,0.557339390240815,1
5c70b175f08ca141,2019,0.432501697633365,1
a0163cdde4ec785d,2019,0.7113253486769529,1
b309cdde35310875,2019,0.41042674072696333,1
79da0eacafb22f86,2019,0.4744691677272374,1
75e580d5ea37c519,2019,0.5753595612950445,1
8da5849a6e7307bf,2019,0.6500476603139291,1
23fd92555246d61e,2019,0.37817619629130933,1
2456c4550c26e5e8,2019,0.5319966895531774,1
bf719cf83cab229b,2019,0.5534276565918117,1
c6b040021b4ceb0f,2019,0.5453555391751228,1
31b283a5559ad44d,2019,0.4173801102273156,1
d22c19fd92426567,2019,0.5021213917897701,1
7dc87736c304b3dd,2019,0.4777633747933394,1
e0d92694d8a2d38b,2019,0.3851619324012022,1
9bfda7c26578aaac,2019,0.5140540465110572,1
87126427cfcaee52,2019,0.41043858668741956,1
75bc89630027c601,2019,0.5503303779816948,1
56f984ac83fb34cc,2019,0.720108511385862,1
0bc7e4852f75a06d,2019,0.3068550887094105,1
d9a797f632686568,2019,0.48052432728175265,1
23ba354e606df0ac,2019,0.3901040308553707,1
1b4374c9d7e5139c,2019,0.5223101019018487,1
e458ace6a440b738,2019,0.735466754178367,1
a40c70d5a1a1be01,2019,0.3189739739983472,1
2a2b00e9bfd089cc,2019,0.630339285347106,1
103a7d8c4f17714b,2019,0.7520776185599395,1
470a3c1b89504258,2019,0.6522284075312571,1
7c13de66ce543d84,2019,0.36032998567392305,1
c300085cc08357b5,2019,0.5731380581403179,1
3b6c18a966a2cea4,2019,0.6352465626083725,1
c2bcdcc472228768,2019,0.6107598157332149,1
f08ccad48500eb2b,2019,0.6569839103907507,1
3256d907f58af95e,2019,0.5296805251292869,1
80e68a6453e15ab9,2019,0.5226427073726444,1
721d870849de4a57,2019,0.5775158514669092,1
bcb697c4317f0997,2019,0.6026567278804296,1
bda97d9a44a89d52,2019,0.3692716560276359,1
3286d8406eff5c85,2019,0.3869436227657339,1
c68e57c19c82d500,2019,0.858961993633861,1
f0ca713121289d24,2019,0.546554048868165,1
16a05f3c4a765f65,2019,0.41527825183725553,1
0bc354fbb6e99ab6,2019,0.3818119539811599,1
a3731057c8775716,2019,0.6096644024924344,1
003c84fc7c3fa028,2019,0.5394611122680186,1
c936527df280b8b4,2019,0.6342843090392181,1
3011439ecaf74180,2019,0.7082338670308701,1
a6cc776330194937,2019,0.5848637117861516,1
e939acbd9894c686,2019,0.430271138847849,1
e6b2d6d33968c66c,2019,0.5037862092863901,1
feaf740e3ae53b7c,2019,0.569261021802121,1
ad59540382d5b7f6,2019,0.5261748948597015,1
73eff675e2aae30c,2019,0.49218674831691245,1
e4bbec619aa04dea,2019,0.42238978399516053,1
1218cba28d4dce94,2019,0.44383378428793396,1
707cb14717df5960,2019,0.6942712477061661,1
0febad4c4a3d69fc,2019,0.51610444629556,1
2b038a467a89c73c,2019,0.6340159702285185,1
017c090e9e8d2957,2019,0.694374261245355,1
413a4c217ee0193f,2019,0.5403809040512795,1
8cf4836e2b43c241,2019,0.5249632924271073,1
3d941525f5c623e3,2019,0.48935631487147613,1
7b53967f282a0d0a,2019,0.5590046296443982,1
a08dffad240dc3d4,2019,0.408597735545543,1
07c00213ec388e07,2019,0.356105605970712,1
115fa6f5f3e51bbb,2019,0.7138970725056702,1
35f80e003d16a439,2019,0.3595471971575414,1
f27e8d63f526d326,2019,0.4768579273990351,1
476a6245b43f3119,2019,0.5443611988841617,1
04c9ebe419195f8b,2019,0.4456902426076559,1
031647c36d12788f,2019,0.6868242987061468,1
1f5178fe56c5423f,2019,0.6694886609170404,1
65c1ca715dfdbe05,2019,0.6713098197290165,1
5782666ca117fa5b,2019,0.6926259351797085,1
083a6edd8bb21bc8,2019,0.8134274181434826,1
4fe799b4fa1afb76,2019,0.36290125526698197,1
9fb9af6599d67b1d,2019,0.3220661195022536,1
d401522de73b7bee,2019,0.3767031430089789,1
a4e210bcdcc1bf5b,2019,0.5161516315770561,1
a072481f307dc8aa,2019,0.44223188985362194,1
b58972ad7dcf65e6,2019,0.43147606031425123,1
fedb6a1b15b05694,2019,0.4345496471715238,1
e1bd72aba46f46a1,2019,0.3903924978806854,1
f993be991eea6016,2019,0.5532836775664878,1
93330422e1f2e0be,2019,0.5122356975167041,1
c53cb796b4a4cdb8,2019,0.36243914793661786,1
a5acaa5f693529dd,2019,0.4830072750242231,1
2ca4a039c07acd38,2019,0.6457126521081766,1
138c8807fef52564,2019,0.7422638845115104,1
4f9939af9a1d40a3,2019,0.37415254161915257,1
82eb6fa58ae52428,2019,0.5297262273104321,1
aa430402314b4459,2019,0.6238201926521877,1
a255ed658a2ac9bb,2019,0.4182220489816634,1
97c76d44699f7c93,2019,0.6528263885557928,1
bf2a9732af50c84c,2019,0.4256460416197624,1
a4446299c1f85d74,2019,0.5879856070855345,1
17753b728e5404aa,2019,0.6547309466096217,1
56403d0fd259c5d9,2019,0.8212532384677205,1
cd2ceb5530529c9f,2019,0.4246046004617597,1
fe0c844a671dd6d8,2019,0.6113329942824512,1
323dc938d93a849b,2019,0.6352488129853949,1
4127b45c3d546eef,2019,0.7511302549864166,1
cf4199c8517bc1fd,2019,0.40420460375607614,1
f81f8cfe30e0a1e9,2019,0.5369364902925688,1
fa98e2b8dceca9bb,2019,0.4485757069160212,1
e4559c3cce6edec1,2019,0.6349138343404335,1
ab4862ea4cbd0750,2019,0.6761670094401417,1
6e9cf53cd87e1b7e,2019,0.6038629457655764,1
f047e3605f8852d8,2019,0.5031469641695492,1
b1da312483a974b3,2019,0.6579108863977948,1
13129c1f044fdd47,2019,0.3090259636656669,1
8f1b727757a60c07,2019,0.6768505331612643,1
4096b302747d47b3,2019,0.40236271589795725,1
aec1339028f3416c,2019,0.49229177904396626,1
9ba051e0f5674108,2019,0.484855854756255,1
e460bf4db340ca9e,2019,0.4048768258445302,1
7ce7075951c9aa31,2019,0.520592041781001,1
3f8c6e31ebbe54bc,2019,0.6000858244132121,1
c0982b3919cc74f0,2019,0.758900733296719,1
8f5d5dd10a167cc0,2019,0.7332359296863465,1
c770192a9f3261cd,2019,0.5944486610058628,1
966bf043577f8b6a,2019,0.6676724609546735,1
2b01da1699f0305f,2019,0.36908410534218283,1
5fcf65d4de66c970,2019,0.4428006738179916,1
2418af6da44fd361,2019,0.5246607461173964,1
4e71dbef18157288,2019,0.5527310740182297,1
934b44ddcb3d95e6,2019,0.4525485031959209,1
f6a03399c7a721cd,2019,0.2224779241065354,1
e9f00c16810e0e61,2019,0.723979144868564,1
00f4b6184f6315d0,2019,0.6724674624330619,1
7fe0cec2b0f1c146,2019,0.5878756326795314,1
7dc551f8153bd053,2019,0.6440932589298295,1
c48af5eafb532d0a,2019,0.7418802931386774,1
feaffeb1af7e82ef,2019,0.6448790756235602,1
531d9676d767da66,2019,0.27289311345341416,1
70af72a72b31fe4d,2019,0.7742888838734475,1
69c06be4f87ccdab,2019,0.7875285309540249,1
8fcdfee81cc604e3,2019,0.8507969266611174,1
358468724d7d4322,2019,0.4829403413117568,1
2d42ef44ad2470e1,2019,0.47560852318835956,1
ad63c30e22e63344,2019,0.5623040873847182,1
37a8c442fb38db75,2019,0.6440118519195576,1
60be02c5566c8348,2019,0.6317659823184237,1
b436dda934059631,2019,0.6249966706822863,1
9b0de83b4e504bf6,2019,0.5851494236386056,1
a7cf716f5d73b558,2019,0.6222274449031985,1
138cb102906573f2,2019,0.3984559501118686,1
75b1533cc3cafae9,2019,0.2904434632524666,1
edc87836fd998929,2019,0.3717810445012043,1
c5259566abc552b1,2019,0.5583537808981655,1
24bcade0007c2246,2019,0.5092590255242028,1
bc01ce748a5723df,2019,0.6097097233619833,1
dd51d1aed9536da6,2019,0.588686997372946,1
f711b3ec6bc3c407,2019,0.45767833193581653,1
017e0b7e864b0aa3,2019,0.5558109932424087,1
96d33e46267d4eaf,2019,0.5932290937301106,1
f065dc596a08a258,2019,0.46440136999068826,1
c92308bbd6107b11,2019,0.7020087159497232,1
9d6b46a3cf5ec494,2019,0.47107943050258894,1
88b1d4f951070f83,2019,0.4310736542218377,1
15ce105716441c54,2019,0.43168099497746154,1
816662e622987a14,2019,0.646815929120934,1
d47fd8fc3886f86c,2019,0.59695011986536,1
68c77a11b2d308dd,2019,0.49289745942116786,1
bc1787883f9328be,2019,0.44304695754672424,1
25c4013fc187762a,2019,0.3684307781997182,1
10b31e991c2d0d4e,2019,0.6038315888126644,1
dfa2fda311df08cf,2019,0.6082430298308437,1
dbca9f6bb7290c0d,2019,0.7054090393480363,1
7ed98f8d1ffae082,2019,0.5786738047567315,1
e186bd5e556f1b5e,2019,0.5218836481089145,1
240e9389cca3bd18,2019,0.4418679129983306,1
c4704eab5e2f51b8,2019,0.6084102000820899,1
94560d1dc6248347,2019,0.5466247256099555,1
f6ab2eec90980ac0,2019,0.747904757584275,1
e3acb789f7dcd34c,2019,0.37454174160749426,1
60162c95d921d1ae,2019,0.49787691898459224,1
326de7f7ec9e7035,2019,0.48643167887151195,1
f4bd11655adeb078,2019,0.4945167168493372,1
cd6b799ec79c489a,2019,0.5924467199884792,1
1d9f862a47540785,2019,0.5474654425261691,1
dc49373c52eedaa3,2019,0.4178399173633429,1
dbbd17b6995f014b,2019,0.6237916366868304,1
e96d929f8207a3e0,2019,0.5541407879512807,1
e139628170777bef,2019,0.7279816839852933,1
494042bf96730bc0,2019,0.40743700227383667,1
975159720cfd0103,2019,0.7225089596047556,1
4c489b3c9d14cbc9,2019,0.3962720915181526,1
cb4dd24535ef2d94,2019,0.3073186447875024,1
d93b589bcec80ffe,2019,0.4773460410324335,1
1d8a86d37c7ef3d3,2019,0.5391145835285138,1
1019f2a9c012e949,2019,0.44915078106616146,1
4dd3035430a5ed43,2019,0.5537160483686193,1
8da94b2c1c0443d4,2019,0.34305940217729136,1
f7cce33f6563dd72,2019,0.6967796630078966,1
aef94727eb3897df,2019,0.42876312684817164,1
7feadf01c5920285,2019,0.6277209804549007,1
9d80bd1f92d23dfa,2019,0.7929281732801068,1
51f955029dbf6978,2019,0.6549607701745757,1
445d0d44091b902a,2019,0.619641152949332,1
8ebd6e9d41a51e31,2019,0.6444476617355246,1
29de6ddc42a2e674,2019,0.5388583910923213,1
25e1d17d072227c6,2019,0.5456073643099011,1
fba7d6a42f137938,2019,0.6827493838193948,1
2671de30a1736f51,2019,0.19036641800373078,1
2eb56023c4a54504,2019,0.5622653647585899,1
ea43a5fe4ff9a3c4,2019,0.5371559868238593,1
3e16a71836e85212,2019,0.5539835359418516,1
f2ce79565c0820dd,2019,0.47913356233688514,1
6921344f8e706d0f,2019,0.4815563585973663,1
a072be4f806d360f,2019,0.4822678012215913,1
2e001d8c2f6106fc,2019,0.5124572531032303,1
060dfbc982c6c4ef,2019,0.5608479196468712,1
5ff390f7bbf2bec8,2019,0.4730806844843646,1
09b91014bd88f815,2019,0.5465745865402165,1
8182dbc752c71137,2019,0.5873841356845448,1
5f900e4437e079b3,2019,0.42871523384869115,1
676561d9690ce31d,2019,0.4863221407319065,1
b07188063c49b755,2019,0.5903061964883681,1
55480808b1fa1f9c,2019,0.3026750195740951,1
357cf8a9b6737625,2019,0.45390038715471764,1
84d4b658851b7e0e,2019,0.5002728825642041,1
9a46f95c1c1e57f0,2019,0.43101120132192416,1
43496ff308e681a0,2019,0.3697625632899702,1
18aff757c54687f1,2019,0.5957623160834342,1
2c7b788effdc1b4c,2019,0.5179525932249389,1
8e1ae2ae6694b131,2019,0.40878400176731,1
77f123712368bcbc,2019,0.307646154561972,1
8accd04438b91262,2019,0.4201719410769554,1
066756ea40b134a7,2019,0.8274959030834352,1
849eb47d349f3fe4,2019,0.6819461310371587,1
357a34207d70da69,2019,0.4639947479230635,1
01a4827b3596d111,2019,0.5634999894604253,1
acf658afda38d8af,2019,0.5519141815080834,1
241687ff5fe92331,2019,0.611893919772765,1
462a95890423d3c6,2019,0.4255503451065096,1
14176809bcdafd01,2019,0.4225256875546095,1
9de23eb1471e592b,2019,0.4194426908453692,1
9d3a38cc18807e10,2019,0.49295610069241746,1
92b98afec5eb4e05,2019,0.4199002082859651,1
ece3a7a9e930ef9d,2019,0.3990937189142516,1
dadaee9624256e07,2019,0.2307564367577254,1
36d90f1812f0d432,2019,0.40382193284390666,1
490724f8b3658f67,2019,0.5203289578256067,1
4f7ec66199bba232,2019,0.637522449974481,1
c2b842fae4e9f1dc,2019,0.3842055483105211,1
8cf6b22995c9efb8,2019,0.6755641113621421,1
d9c0351cd21e40e0,2019,0.7882581881894104,1
52311c2cd0c84d67,2019,0.4619310361330171,1
ad878cdd4fa36a3a,2019,0.45696157838190654,1
953c89aa931082e4,2019,0.6047103078048063,1
49b2a6a93d529981,2019,0.33986445160333745,1
c163ed45c21c8548,2019,0.6240793914936038,1
b2cdb4c34f37ad37,2019,0.44266325943435236,1
fc16ccf0994c6e50,2019,0.37182252128404725,1
951968aa52a84928,2019,0.5600208699148185,1
0a3df9b1918cfc2f,2019,0.17503427651388787,1
688908886d8ac900,2019,0.38035269756470474,1
18d84b333b28de36,2019,0.6781579814652665,1
d5e927306f5d859b,2019,0.39850682480572563,1
9fa3623172adb4cd,2019,0.3968508388070605,1
9c7b6a20f35fb708,2019,0.21040967330328206,1
b6dad3a9bf911bfd,2019,0.4545517677731481,1
b44531903be4729a,2019,0.6092748699240684,1
7410ac7e4e5acb74,2019,0.4373811225444163,1
975840814b233bcd,2019,0.26420613752560473,1
476c31184332698e,2019,0.30095581179857667,1
668d077ac9d7d3c9,2019,0.3822486170265274,1
b8c21a311f3f7953,2019,0.6402230445323616,1
83d59f5e52e0ac46,2019,0.44779438745070255,1
578987d534a0d205,2019,0.23115459599914867,1
1cb7138b107b93b5,2019,0.6870747824380197,1
9dfac33cd3ae4afd,2019,0.35244727969520795,1
fd0fd9a2d6ef8c4f,2019,0.4682148537258883,1
8cd7ca0e7b861b3d,2019,0.0766056290033509,1
0697d5520b74a8df,2019,0.5444762934660178,1
2556b7520536ce1d,2019,0.5114612552367398,1
64bee58391921b4b,2019,0.6387608486691476,1
bac178dea57bd545,2019,0.727844553642477,1
1d26ceb1c995655e,2019,0.5654255067959123,1
70f01e9ff0b4e519,2019,0.600245199993997,1
18dde81d45ac2232,2019,0.6204260180824672,1
c5b8a996eff18540,2019,0.5577287560512607,1
6a0217099efee13f,2019,0.40276417916504703,1
25548d526c3a7587,2019,0.6418011354162605,1
834f67e96612cd6f,2019,0.4430834355819046,1
bed2710e06dabe6a,2019,0.3243746670765101,1
2d7f29ec900a8948,2019,0.693492833993614,1
f3169b755afcdc5b,2019,0.5009841801029374,1
707ba52845d399c9,2019,0.5078419349812656,1
f61f5adf7e0a80c4,2019,0.6004522797731741,1
1e3d3545b6dd13a7,2019,0.5054473779525875,1
74b44635535cb290,2019,0.3182749097931066,1
26d75187369ecf2c,2019,0.43727726512768383,1
38d6c2538ce6ec4c,2019,0.8466934315374834,1
9c3fb95a1558b38d,2019,0.5770090466619436,1
baf17e5e1fe1c744,2019,0.5029693222361111,1
076c98ac0561521f,2019,0.2812699575854588,1
93f3e9b9f093ad57,2019,0.536323259505547,1
7510b0c96f5707ea,2019,0.6209450214807728,1
57d989702ae72dc1,2019,0.4370584541105152,1
d2dc6fb05ad78d80,2019,0.6835731911586568,1
0d1d7cfb2a48d5ec,2019,0.5195376690637359,1
3d9aeef58dd0b51b,2019,0.3625932866222008,1
4ea4d0a73a90bfb0,2019,0.5407409204998699,1
cc477d322638ba30,2019,0.6025815203187974,1
a4527094aa107b55,2019,0.5471814007708139,1
1c91deb42b991d18,2019,0.42194338885805105,1
1f9a6f2120835615,2019,0.4524735544541781,1
89266a872e1f92d9,2019,0.3460890560717682,1
41b75c9222c33cdf,2019,0.5770900641819072,1
b2d05ae88f820421,2019,0.7640369744766602,1
3162ae3ccbf785ac,2019,0.5090625535897295,1
241a0833e1c76804,2019,0.7187860554716466,1
d7cbe2f23d75afd1,2019,0.5017941228583669,1
a6c29d2cb319d923,2019,0.5165075922767666,1
515ecc54219bcc4c,2019,0.5259551672820133,1
83f7c3b91a402306,2019,0.5161012841364653,1
a3e8ef1ce72a7d02,2019,0.6592919921030469,1
216fddf542707629,2019,0.45525528106200785,1
a2af14e9dba37b03,2019,0.47558544202459135,1
d5955b81c26230ff,2019,0.47506388304384145,1
f870cacadb058733,2019,0.4412743732376977,1
28deed0ab55ca350,2019,0.3579723807884835,1
7c40aa2cb6883a91,2019,0.41114360283694706,1
ac0a63ad13897564,2019,0.5324489501960932,1
f0418c2c989a5cde,2019,0.5677594866890346,1
c814ef3b3a26e2fe,2019,0.471774591349354,1
a7807ab56cb49cad,2019,0.532417991019799,1
1af574c0814429ac,2019,0.612054828178516,1
495e64df4c4ce7a7,2019,0.624468282481474,1
c8dfcbee63266273,2019,0.6080308617799282,1
343749a2f7c5d78b,2019,0.4900711911399108,1
f820c6292e19d854,2019,0.31199245161348027,1
1317d7cd79495a0e,2019,0.39918349518704865,1
408fc024d3e91b0e,2019,0.41677164884390383,1
071a1cd551b7b4d5,2019,0.3508931330989455,1
3cd1f2c31b4e325a,2019,0.68020271834015,1
c3bb60dc82345a9f,2019,0.6660792808068693,1
18e1b0df8da7010e,2019,0.5752466326271461,1
1800ffbb34ac7ed8,2019,0.556186493244373,1
80ce8f7d988d5e57,2019,0.3888050373781937,1
e6a0f19af995c432,2019,0.4918537258707475,1
22307b580e0c8d0d,2019,0.43921703553345015,1
094790e50afae55e,2019,0.6523866619322622,1
aa232e53d285cc6d,2019,0.6697111432771965,1
9e1ecdb9a8856a8c,2019,0.7191414668263525,1
57b111b54a2d2323,2019,0.5998215212814887,1
7afe2a15ae7359e9,2019,0.6957097340532353,1
c04274c8caa505dd,2019,0.44742791285062944,1
81af3b60203d92df,2019,0.6060849170659697,1
652a956adab8ad0e,2019,0.5608911308280216,1
a3f89ad71e1caa81,2019,0.522461546882808,1
fa3f04be9344804b,2019,0.6171777372556569,1
d9501c6985c1b38d,2019,0.3772598915108572,1
57d04160f5438654,2019,0.4871111801671789,1
b9ff9ebe19ae6358,2019,0.4685595742568228,1
b5365d22172e414b,2019,0.4911948227783634,1
bbc8e8a69e9bd106,2019,0.3918347185353902,1
e91f289f1b9f9519,2019,0.46871239575172907,1
30523303e8d85c25,2019,0.44897504933567045,1
35d0ef51fede263c,2019,0.4237909097807555,1
1881b1e85cceee13,2019,0.5487620368264703,1
d42410f6f1039ab5,2019,0.7213425997986024,1
98dd88d83f57c17a,2019,0.6034526277551473,1
dd88960598219eba,2019,0.4824965948560864,1
c4eaeec8ac778b27,2019,0.43545708129866145,1
ad5ef8d8678ff97f,2019,0.6031767921901859,1
a0c82ba11a373008,2019,0.7586978497702194,1
b5ec939fd1edf048,2019,0.4547643567756937,1
36fcfd186a8d6df7,2019,0.7097731244376696,1
efc40ec41114d8fa,2019,0.5430995786462667,1
82177c0f91d9618a,2019,0.5732179752275315,1
15aa55a91cf848cf,2019,0.46915680679271177,1
60e1b3ac3182f5b3,2019,0.2624792286063628,1
75523d31940c9344,2019,0.40311692616570816,1
5a5a65d8df176506,2019,0.5376548924140656,1
9140e6fdeaa7cd3f,2019,0.4513050292241516,1
6ea23c2c30f85a89,2019,0.6411081260433859,1
3637e661b6854b49,2019,0.6117778514934779,1
f93f794247af708a,2019,0.5886721284781653,1
b3bd27affa038e9c,2019,0.36550163493048077,1
47e49e04e32be7e9,2019,0.4585412571463112,1
997ab1ea9fab5643,2019,0.5336076646700566,1
2b8cae68963a40a9,2019,0.44310251430237935,1
06f37329b223b451,2019,0.5108854243259491,1
96fe84d051847591,2020,0.5862553872142253,1
6087c50c5f95a677,2020,0.5163024342414839,1
63dd38f0dcc2ee88,2020,0.318686487671819,1
ff467a5f06a91a0f,2020,0.6256071608744345,1
5868c154789648f0,2020,0.5902289775148033,1
760b5b16b4931a77,2020,0.09554329934191663,1
32a8f38bd1d46e3e,2020,0.5427736376371438,1
4eff0432bd364a23,2020,0.49352117778368626,1
702759500d47a059,2020,0.4816498288263087,1
36032308b7e86fd0,2020,0.4360418285229365,1
eed6c9aff2234b7a,2020,0.7225222854872075,1
901dbd1e6463c4ba,2020,0.5033003736573023,1
918c2efc59c1952e,2020,0.6770026665294875,1
79161bde28636128,2020,0.4740126480112854,1
737e2781e4a7db5c,2020,0.734375226393823,1
151c2bd6dfefb4b5,2020,0.4165750598180767,1
ed94cdc0f2b97e15,2020,0.7628556257205059,1
3fd3b871e83434c5,2020,0.6701429348269391,1
6195d3e7c412c8a2,2020,0.507809744690968,1
b88b170a7fe40544,2020,0.4332175209525704,1
7dcd5d8a44a284e5,2020,0.608671034848435,1
2ef54419defb2364,2020,0.5566443394243487,1
037d2f426c916ffc,2020,0.6634805233275454,1
a6441acec6718f03,2020,0.5506196440021037,1
326b843cb2b7fd94,2020,0.399426661328277,1
d3f44fedc561d2d5,2020,0.4963754687130562,1
ed499508be1e5532,2020,0.36133770432985457,1
cb56e868deaddac4,2020,0.2866762853407454,1
11f7bac5037a184c,2020,0.4700926433940499,1
cefb47bcc04f540e,2020,0.6955730291827563,1
be822403f364fff3,2020,0.5094966854950418,1
57961c6adebfb13d,2020,0.545623861620903,1
05cceae674c81b86,2020,0.6959875819405889,1
fae99a4089f8abb0,2020,0.6875006396162602,1
8725dc88f2e0a6f3,2020,0.5959136028722298,1
d629aa5eb31a1e38,2020,0.6579820661789667,1
51218519be104794,2020,0.41182135171895184,1
94c0819fde11364d,2020,0.6846520789486871,1
f3e2038bfb9b5d9d,2020,0.40123861348959455,1
08426f06239d903c,2020,0.2819486467801489,1
2dc48a745d6c662b,2020,0.37443831642972114,1
eab100e978c730c5,2020,0.5354963121780592,1
b41e3be867afd6fa,2020,0.6139214748514805,1
9d98e1c0d62213cf,2020,0.5491743294047554,1
96919cf8d3e988ff,2020,0.7496004960856415,1
a02ffaf1fe462d28,2020,0.46335402096619127,1
801b3f24c670f19a,2020,0.31063031210258996,1
102fb91414fd24ab,2020,0.3693313749695112,1
af5b940f2c686524,2020,0.382722373117452,1
ecc23234e820458d,2020,0.721302546410425,1
03c2707563915d7d,2020,0.647479703453205,1
3bd20b66b585d621,2020,0.6635516443155193,1
02bdb7a5b2986571,2020,0.5937566829326819,1
f882cf76a8bce308,2020,0.46874165832889014,1
6d48f75153e4ad6b,2020,0.5103407807568763,1
9bc18b63b07bb328,2020,0.5768393361262683,1
060987bb3025a0a8,2020,0.6264632485413706,1
2b417eb1ffa56ac1,2020,0.456929450414021,1
5fceb95c29d929bc,2020,0.6082210293351276,1
533d0b5c0adfa15f,2020,0.2765385308293753,1
0bcb04163f8d8ead,2020,0.5110297255256749,1
59861c3d19eb46ef,2020,0.5894456078882422,1
9d2f7d29bb9c9034,2020,0.6809855017870776,1
e30b9829e42aa4ca,2020,0.3805364399014902,1
d9a218ac3e148541,2020,0.39189276653246563,1
0e3af9b5e1b3ae80,2020,0.38682345808410973,1
eba6055d217d5b99,2020,0.7356899460502144,1
671f42536454e541,2020,0.6286941853631784,1
f5b49f4c5a27e53b,2020,0.35510430577998275,1
8a85dffa80e6c7bd,2020,0.6528105775148519,1
e8219ea7da46f67f,2020,0.48782745471942274,1
467e08195b29e857,2020,0.6372850555148329,1
daa38964824f1b9f,2020,0.5638007713192673,1
d671f436fab2a252,2020,0.5863725958851105,1
a70c43cafabc73c3,2020,0.5643649437599215,1
60c441c5838dfac2,2020,0.771939465849941,1
cd258394e8d58d04,2020,0.5453554527972678,1
4d607b6ddc77a34c,2020,0.6019090095372474,1
d66a8591af39ca7b,2020,0.5981915533836822,1
891470d896b1de5a,2020,0.6094924855235424,1
cf0a6466b762c668,2020,0.5567771285336562,1
b46f2f007b622bce,2020,0.7564689699471185,1
ef526567c4dcf371,2020,0.4399575947477511,1
1a2d13834696c4ab,2020,0.5564942439676861,1
2a1826612a7d739c,2020,0.43972819278722985,1
9fc6aba53508dc48,2020,0.5350375902216542,1
ea303a8e6e31f264,2020,0.7685218619806125,1
b3c74554c871fbf8,2020,0.5965508232412526,1
dc45c8d70e256749,2020,0.523735659458023,1
5bba49d88db7430f,2020,0.5697286677851249,1
c26a3f4c08333886,2020,0.6717913524174306,1
5cee1d8f1e43d6f5,2020,0.5287624103615608,1
e0b323dae5bf4c90,2020,0.42304703241801633,1
b70dfff154b135bf,2020,0.6789639353311546,1
08244974cf39ae38,2020,0.6410821258661774,1
3f810c3433dddb80,2020,0.5619497311049975,1
f2520dd5457ab293,2020,0.5821817386057316,1
593f3b051aa82b0f,2020,0.3688384945842873,1
b9abcce29378e5cc,2020,0.5474253913706606,1
f0d4652f8edfbe6d,2020,0.6578233831101421,1
02f5621f480ad1d4,2020,0.5507619064048365,1
fcfaa28ed6888088,2020,0.5789312526858439,1
4e77cc2c8d604241,2020,0.6016058734851683,1
d395828f5cb045a5,2020,0.3906173391121921,1
b2ca310c9d0037d3,2020,0.551116180912097,1
3ce634d03af7e14c,2020,0.44295513179838053,1
918103d82ecbed75,2020,0.3924249771709204,1
fbbba3da4438cb04,2020,0.5616734093765839,1
87f58feac6b50367,2020,0.4664339549775224,1
312946f6b72ebd51,2020,0.6178712350141187,1
3094e82731ec55e7,2020,0.47781206239033736,1
46c050a827ee83d6,2020,0.3283727519686023,1
394ae51820bedd4c,2020,0.4156673563446738,1
8539c4b795d33a92,2020,0.4115953582338106,1
ebe122e962d26fa4,2020,0.5507422458658722,1
906283a2adcbc3e0,2020,0.5567983233151708,1
f039c93516e48253,2020,0.38538599510081417,1
b1e66cea3a4d4709,2020,0.5566749221064663,1
51461da4ba467901,2020,0.6255606903588866,1
adac148ee6fa3bf7,2020,0.5475639456661769,1
81f2f2d4b0302590,2020,0.6090339433809362,1
821a1c6f5d7fab14,2020,0.5518602403286026,1
58540b24ed77d31b,2020,0.5934482778227435,1
27bfb9205119f23b,2020,0.6180289961327218,1
ce0748519d5ea5c6,2020,0.6588488041468852,1
2300ad7f87080ad7,2020,0.49473017417479204,1
57dec2b07b75dada,2020,0.5827500657587641,1
0170db5fad04e4d0,2020,0.4466021261774,1
767819f321431bed,2020,0.5620234988575024,1
a41384da70013373,2020,0.4887097649127261,1
3640defb8294bd37,2020,0.5493681978232601,1
03e5127d4832750c,2020,0.7504280064343479,1
1e9a2b197ebff074,2020,0.2971230605428912,1
a6743d41b0b95271,2020,0.45208929660088093,1
e9eab0fa03eecd9b,2020,0.49872612215751094,1
20ba608a6e717f05,2020,0.4866401699518126,1
5fdf6611815efdfb,2020,0.446380876703777,1
de4c4997f1429dd1,2020,0.627816746986128,1
1c7ea3928c7d0ad8,2020,0.6574620634935296,1
c6ca435e24c5f4e4,2020,0.6299795084913875,1
6fe8bce03a46350b,2020,0.4427357477480067,1
f2cd665eab69876a,2020,0.3117025098417563,1
58584ccd0f63e3f3,2020,0.7771678568377202,1
8bede5047e97d602,2020,0.5672681762053778,1
c03b6b6ce5d03276,2020,0.5296042809834542,1
0ddf834a47533d15,2020,0.5900845266437484,1
dc38c78358e053c3,2020,0.7390443977213125,1
58e72b1a38880ba9,2020,0.530054069238138,1
dfbb110855354039,2020,0.37305926151210345,1
97125cd6a94b6394,2020,0.4817686153614704,1
05061dd590c9eb34,2020,0.786326416527179,1
7606d2f8d8b0e889,2020,0.6684791833683023,1
e36b8b88646f72f8,2020,0.6243588096032678,1
cab532b4544580bd,2020,0.46861500380691856,1
1109a8f2adc81ce0,2020,0.4526668702543762,1
e857ca0bc3b9fdcd,2020,0.618334397536767,1
b8b692aa2aae3310,2020,0.5602465564037165,1
d333a6c34ff16397,2020,0.5957079063008649,1
088b47d890b389e9,2020,0.5066441409895905,1
7f0175f71481b63d,2020,0.43013243439950966,1
90715135a543b6e3,2020,0.610611097938101,1
1adee75d6c671cc8,2020,0.3204953984815056,1
d851cbbbdfd05a49,2020,0.5958092411643834,1
9b39e15b42422a08,2020,0.36138358068293397,1
f00921c62315be96,2020,0.5006157612954979,1
8b9e9f283e76b429,2020,0.6805916633274461,1
4f99b4a39925cb47,2020,0.42881441567052525,1
0c3622569cd8062a,2020,0.626519373868616,1
0f369d09416b9e34,2020,0.6669960465656262,1
1b8d366ac0f110f3,2020,0.6630949311144851,1
75570ea2da94a4fb,2020,0.5469153485184544,1
9025e3c6b6d71253,2020,0.32730461338513783,1
8a8fea2c10512434,2020,0.21218754473225812,1
67ed3ad521ef619c,2020,0.6988329602091305,1
cfd47fddbb705f26,2020,0.7474323555029319,1
9ce56acac775d386,2020,0.5477190741537119,1
f2d9814936a6eb35,2020,0.5680902154263087,1
f8dd1e75978a3957,2020,0.5349110956481651,1
5d6fb4acfe5cc8a1,2020,0.3242243043325345,1
08e48648e3504638,2020,0.6115646241066794,1
0e8d5c16eb9cb1cf,2020,0.6941063813522288,1
137646de0ffd9c35,2020,0.7308173298289649,1
7c76c752c7abf2e0,2020,0.6036881721233515,1
159646a9d2ae8ea5,2020,0.6665058932158885,1
ce7cd2ec773bea7f,2020,0.37512540816492884,1
cd8cdb539deaa47f,2020,0.2716473676363932,1
6e0c1faaf40caf9a,2020,0.6327495867678099,1
e16f42a666e163d8,2020,0.578030318193476,1
0f9be7ac405772f8,2020,0.6283232233740719,1
94b1596c6ff9a25d,2020,0.59861524349728,1
d292243c6499b2fe,2020,0.7030996324162164,1
f3c42ce9fad55eb7,2020,0.792371714712365,1
dccea04cc3567955,2020,0.39241386093902075,1
819f51ef9d945a46,2020,0.5393686473740263,1
0e969ae805006d1f,2020,0.5748223247599473,1
f3efc6121c5323ff,2020,0.4215121975341788,1
7fd810af30144119,2020,0.5876479095268499,1
33d2a1dbb8a7fef5,2020,0.36107078356916955,1
15def71ff1679e06,2020,0.5648779070945753,1
d4c314616eac8f8b,2020,0.4615904751336344,1
7dbf23cb872edc9c,2020,0.4842430619320949,1
abeaae1a64934178,2020,0.4187628502358629,1
147e31abbe3927d0,2020,0.6300776270415175,1
ecb24300bb3bef8c,2020,0.6811706821691104,1
b9b0da84b243213f,2020,0.5351280332033492,1
b5f70d0c88f12645,2020,0.36630454388918565,1
b76c0b0ed2926737,2020,0.5247460388323641,1
bb881d4ee6dfbf86,2020,0.7384559013409967,1
e5a9f75b1117d848,2020,0.35325675306272575,1
ba4485ce4e8e3fe1,2020,0.5096695523121363,1
c4c379b8f99fea88,2020,0.4922322765995399,1
e5872dfa5b93fcbb,2020,0.39555311723512776,1
fcfd2e6eed519cb9,2020,0.39810316555041125,1
4dc5039b21013b3a,2020,0.5609608332705115,1
67db05bac9165722,2020,0.720276259626761,1
87daaa6db4f6940c,2020,0.68417754001225,1
54bbc7974df586a1,2020,0.5851044914939758,1
88d3b6b833e31712,2020,0.6211439374222253,1
32b0e450b11b32fe,2020,0.6581572841454051,1
6cfab1da57d260f4,2020,0.5300322046750818,1
3b209a2aee014ac2,2020,0.5885386709670873,1
573d3a6984cbcd29,2020,0.7102398052782384,1
58e07add007685f8,2020,0.693009384042397,1
74dae3d87a99cf5d,2020,0.5920282473677345,1
5632f2364016e879,2020,0.5113044238637553,1
f786136e55007e17,2020,0.40009009810942187,1
a3820f1eb82f2ba6,2020,0.6189494430731829,1
11f715fa5e825e51,2020,0.49870595052528977,1
76b9a338597fc604,2020,0.7069687128128248,1
6ba9f6a7a9361354,2020,0.47931964868214877,1
94b48b98d0292720,2020,0.7610833851150267,1
0b21755eb0897396,2020,0.49937275465349856,1
2fb1abeb337e0ccc,2020,0.5405115449468685,1
5885445f39dac389,2020,0.4989348341601499,1
0b88d0c76f9cd7e4,2020,0.3967271199506212,1
5c8d9d893d163d51,2020,0.5577295859838444,1
e255fc129f225a55,2020,0.7995061739306409,1
1308213458d8596b,2020,0.25587029274347384,1
e8f4e8ff49678b44,2020,0.31490273233334215,1
26173f6491300eaa,2020,0.7233351348343374,1
05f6459d1f3ed13f,2020,0.6357872431455701,1
6f1892ed71d943d7,2020,0.4204859155636471,1
cfb189e326553f0a,2020,0.7343364986683661,1
ad62675e819e92fc,2020,0.5673250420654171,1
c2ddadfa1a1056be,2020,0.5479958744578357,1
22e10b23784e5efc,2020,0.63654388795083,1
a2e34655a41ba45c,2020,0.6531161904755654,1
86deadaab9905a03,2020,0.6203086906248546,1
2e9ad55f2e2f7c56,2020,0.5659019724533874,1
745bdd823161da89,2020,0.4708972631137299,1
3e4b8bd71e8bceb2,2020,0.24702279121043635,1
5081319e58f9759f,2020,0.5731198522690701,1
054794810817c1cc,2020,0.47171491211499184,1
57939328c1214107,2020,0.6620018999710781,1
0d9e9127c62811f9,2020,0.20276393798986658,1
dc24c4759651c6ad,2020,0.5481662567063919,1
7200343d2e957cf3,2020,0.3188375579909253,1
3bdacc82209b33f5,2020,0.585209526294057,1
949619e1b1de9e5f,2020,0.48219475993223965,1
0ccc86f7d0e84c3e,2020,0.7788892556464082,1
0a3e48cdd97267f4,2020,0.450742372971678,1
cfa0dbc7534f3545,2020,0.5692357492704845,1
37a6fc5e69a7932d,2020,0.18217512216714224,1
23e548f618dd0e5f,2020,0.6211939537187797,1
5d9a3bfdcd28abb8,2020,0.7188462075129509,1
dfe14e13aa727a0c,2020,0.5746923500915949,1
e1e31a8dfa9c27f6,2020,0.618419532580207,1
16358c536d739017,2020,0.4346031464522856,1
c5ba56d51f6b0171,2020,0.555755031250468,1
d43c007dab9c51b0,2020,0.6827399836644336,1
0a7517a16d2d9db6,2020,0.6348087582244146,1
eb9097be07a3c26a,2020,0.49189795618698917,1
3a8e4b830750e9d4,2020,0.621511533306194,1
0a9f22de8600c762,2020,0.6079837346287573,1
864cddd6e165ea2d,2020,0.6808617855317918,1
1ff4586752ee8a93,2020,0.63502308063469,1
7340b4cbdbac5863,2020,0.5628771705236073,1
7930c605c6a6ec88,2020,0.31106334175697203,1
7595aabe89020780,2020,0.5953406400552541,1
e8206c7380441fbb,2020,0.4575683167194887,1
0f279b25ccbecc76,2020,0.5798701344536332,1
0e809b7e37681783,2020,0.6614702005623169,1
24341a8cf1152c5c,2020,0.4771561907189244,1
ed8fb10b596e6fa4,2020,0.713710430340728,1
463fc1fd1f17befb,2020,0.7834861673501634,1
bcc9dca5136fc765,2020,0.7316740052901952,1
2461756d8acd56d2,2020,0.6214611624125315,1
cf0e0f95524f187a,2020,0.49816047756917436,1
c58aaabf2c5635d7,2020,0.7287477084841472,1
06910bddb0745856,2020,0.6179518172209568,1
3901d9cdbb0949bc,2020,0.417582918103635,1
764012f51c7dc223,2020,0.28873764753550235,1
1ed8776f978a0155,2020,0.4228784640740416,1
0ffbf3096a13b47e,2020,0.5971059733353323,1
579f3280456ad450,2020,0.29874062666926715,1
3a38b0b566f3045d,2020,0.6220464055671415,1
42ecb9a94bebc24d,2020,0.5519037310853194,1
36656dfa32341671,2020,0.43697660251764175,1
bf614956b28f231c,2020,0.44147573999421863,1
4f3cd94861c6a876,2020,0.5634205154238409,1
aa08ebe1a69c76ca,2020,0.20578587840875054,1
36807d8a7ebc84a5,2020,0.44751712371187813,1
78c3ca588e55bf31,2020,0.6193121597241639,1
859ca56770ac7672,2020,0.5788143248541602,1
1a484c452623181e,2020,0.46320974027316186,1
498766b46b8b4a7f,2020,0.6962481228634901,1
ca531425f5c042db,2020,0.5953516477626613,1
e10481ee3fda7080,2020,0.35862461946002666,1
8e7b2d62f834b417,2020,0.535377917150924,1
5fb63c34935acce9,2020,0.24805624625972572,1
eed8c9955cad1e30,2020,0.4506626569663249,1
73dbbdfcf7f989c0,2020,0.683921232781145,1
9f4d6d192ab4a027,2020,0.5100654186166063,1
5a00c73efbcf323e,2020,0.5126804245608725,1
e842c6f63fa2e27a,2020,0.5031656744822164,1
9e674a02db6c03c8,2020,0.4767657646694015,1
4c12c9085200121f,2020,0.33557845612456844,1
fd76b75c28dc247a,2020,0.6474762449313797,1
d866afa89d62a4ae,2020,0.561774020231466,1
ac6b2a5f24c2b8bd,2020,0.6917236688462354,1
87105c63df95f929,2020,0.6352541382477239,1
15a422574c3b89e1,2020,0.5374364018324368,1
24ff0bb908095565,2020,0.6009555645025213,1
1e7caef3f6dfde10,2020,0.6318413456499492,1
c00a8682fb5b71bd,2020,0.7680217264661362,1
81b16b26774be5d1,2020,0.39203567367274317,1
ba6093c9136f99e9,2020,0.6277938346914379,1
0005e00b07cee542,2020,0.46568461494465235,1
dbb5d682a2d7f584,2020,0.5267021967877691,1
849cc2c331e9b24f,2020,0.6838102497527394,1
89dd4c256ca5d317,2020,0.4718316602111367,1
dfb856d4c80bbf04,2020,0.354904813396303,1
ee57cbd0b68c689d,2020,0.46682329833267855,1
1e525f9857019a2e,2020,0.44512453015708153,1
7c4eb0b4845eb0ed,2020,0.6830398773321311,1
22fe6779c3fa649d,2020,0.2878384173228503,1
e4d831dc318e4e98,2020,0.7140646373858148,1
e64075c104471ff0,2020,0.5865198555762671,1
1720a97a2fa261f8,2020,0.5254472052688113,1
db5802643b9fd7d4,2020,0.4682834405074233,1
727ecd251325b6a8,2020,0.5407559299690412,1
024a04f78b37b7d9,2020,0.7018100833024551,1
b3e12698e65cf8d0,2020,0.5588551220925142,1
2735a2ea77ddc0b5,2020,0.6345547489802631,1
50e0bcba7551a25f,2020,0.6668379101952318,1
9b6135943a4c8fe7,2020,0.6257783913138159,1
e5279358b128c2ac,2020,0.49147723652896896,1
e4d0be5ae320c4ae,2020,0.5565672388558907,1
4eb5f99202f5fe97,2020,0.47315259560557255,1
948da1b7ebbb06b3,2020,0.7473607060881986,1
e7a915f39ecf6db0,2020,0.5837499665333084,1
5a440bdee19efaab,2020,0.41628495750234207,1
2279d909f6e3e552,2020,0.6334540859160664,1
47f9c14a7dca1ad7,2020,0.6122179765545694,1
5b062be91c65fb73,2020,0.34435041386742193,1
de2069fea664c4b7,2020,0.4871553104945675,1
6eaa4981d0335c8a,2020,0.5189455595126806,1
eedcb6c5d163e581,2020,0.47718798498109133,1
e8ef17c0babcfca5,2020,0.5257644310257272,1
a2620cbef573a837,2020,0.42075998282376836,1
ccfe7b0d29c5440c,2020,0.7842305779678925,1
51108eabae8391ca,2020,0.6776814267282987,1
59eea37af7efb06c,2020,0.6626837215531638,1
7e6f12a95c14f9de,2020,0.5649904569557274,1
783761d95060ffc4,2020,0.34806154853498994,1
696ff200d98fa878,2020,0.31482847442099554,1
09f5fb0bec3c948a,2020,0.7564759363086975,1
4e566bd7094b49da,2020,0.5374890554151799,1
95beb5ec32718faf,2020,0.7394242134999658,1
6915d46b49999f60,2020,0.45891160234230843,1
997dcf5fd2eb0f2f,2020,0.7530968420400462,1
d763ad79532b27ff,2020,0.5858071696435997,1
83955de599b2d874,2020,0.6161558346652244,1
039c645e8f3ac00f,2020,0.5309856904203946,1
cb720b01fd6f9785,2020,0.5546892304714168,1
55019da3a4bd5d54,2020,0.6132512562623107,1
69fa167ba5d0fd82,2020,0.5186843941283739,1
2267d967d1daf08a,2020,0.6513556803245054,1
fea7dd5904ab4c91,2020,0.6343995598499251,1
b76590c02f86e705,2020,0.56530226879607,1
0fed97329b78b887,2020,0.6244906498962877,1
6ac3d588f9630f0a,2020,0.6256824317066718,1
f0cf92b063735164,2020,0.38857748463173203,1
923e151bd990961b,2020,0.4827913909678244,1
f6472ca263a863d1,2020,0.6387364799654908,1
d80fd2ec736f7df2,2020,0.7699901620719939,1
9e4dcac049327529,2020,0.44320624595718117,1
470391c4067bf49b,2020,0.5434660352984565,1
742dc4196d329db0,2020,0.3483088258908529,1
fa6e8fa6c3f05e31,2020,0.40828420077705707,1
34db1e0e2499e7ae,2020,0.5394194943975722,1
30eb24f7904c2128,2020,0.8294538159597894,1
80cb3cf9134b677c,2020,0.5850981067989283,1
91afc389191d41fb,2020,0.3948182802771095,1
90eb22b9eb6ed2a8,2020,0.7159728246387721,1
a02764f92a84dd36,2020,0.5222202227869464,1
e22d5aab3d099c7c,2020,0.3224536147505519,1
a485281be8e9d2e2,2020,0.4508300322790171,1
6c1b38dd918793ff,2020,0.5695398036900888,1
8d5ea3bf3be7cb91,2020,0.5480185234958826,1
1671723154d8e324,2020,0.41958361834351776,1
08ef2ed7393efd24,2020,0.458605627910296,1
2b13651b97f57b6c,2020,0.3455733559599611,1
c93eebe24aa0299d,2020,0.7344431681412695,1
3c098e2946b4c824,2020,0.4829493572855016,1
e64d80dcc6853ea0,2020,0.45963861752814605,1
8868957c1735bcf0,2020,0.734719624973823,1
711f00d287344c77,2020,0.5142486332619833,1
0c27552ea7bc8c8a,2020,0.40085340365750344,1
4d56bcd82438e632,2020,0.18696999460073438,1
2a7909acde26a240,2020,0.6259716621299637,1
181c3312f14de5a8,2020,0.43039387827533415,1
32a7da2f34ae3803,2020,0.3490909419408226,1
28b6ee9c3eb8b753,2020,0.608450528897424,1
09a29fb09fe07559,2020,0.5827961180678046,1
c4d1c4b82cf34afb,2020,0.5086401884124802,1
b1be8b41b1a4fd85,2020,0.6851077532222293,1
771d8ce136a12a13,2020,0.42253734792728526,1
856fab879c68ded7,2020,0.6256486163734668,1
4478ee77a647ae9d,2020,0.5541935150243842,1
46860358da8b8d82,2020,0.685967412453443,1
8d4a475e48722fea,2020,0.4948276365859424,1
2723f4d275d3f619,2020,0.49389762610068816,1
33d52ac2d70b8415,2020,0.6287675746964951,1
5ddf45e816a50fac,2020,0.6202483707241193,1
87d0b767742d3239,2020,0.3616646630205256,1
cb7616f92a9a4e5b,2020,0.476545064119019,1
022bdd58cc6e571d,2020,0.6122711958025557,1
fe3ff5b1d9135add,2020,0.5287828156224934,1
4a172a5191cb8e60,2020,0.6060639581021827,1
27200d53ba9020b8,2020,0.4488273708519648,1
b7b867eb3c3cf163,2020,0.5409067713766389,1
8da75fd76a9b8e1d,2020,0.571102001085909,1
62e6eadbb2805760,2020,0.3141586522682174,1
0fe4906754b2d0f9,2020,0.5763478830240027,1
f2fb049980631302,2020,0.45627890016750294,1
f004d3d50b78af50,2020,0.5482148191233769,1
4cb249714ff56656,2020,0.5642462360716263,1
1c4602efe5587902,2020,0.5217793026268671,1
cd150cd28738a7c5,2020,0.4657604681459697,1
8955ea3c7c332e6c,2020,0.4634644902101341,1
3d35eb2d46bf74de,2020,0.3054699151046457,1
014f1da2083ca174,2020,0.5302024501897002,1
c7375d5db21cbaae,2020,0.3458612838919627,1
3d903bc35023f50a,2021,0.677367373626059,1
97c80f69ac312030,2021,0.42255859302796195,1
3fcd53eb27945231,2021,0.718731410285063,1
0165bd3c26f0c076,2021,0.5463255064674257,1
97ad63e644757cf4,2021,0.46321275927445105,1
358f816aff469270,2021,0.4732633436771637,1
775c1f401815bbd8,2021,0.31657838312614006,1
aeb7ff8ce6e1beac,2021,0.35353552166019486,1
6b0da0b1cda7799f,2021,0.6309163176017336,1
a4817b7e46028b4a,2021,0.611638028268906,1
ae38fb2a6b6a0cc1,2021,0.5033658738266004,1
11558384f80f6506,2021,0.612803311730348,1
031e6624f96aceb8,2021,0.5190138270226006,1
4e451881e0e47b05,2021,0.377309180601925,1
76b61ff4c9760f79,2021,0.5650252232704739,1
ddbe6fd66d7f9e35,2021,0.7508118402448616,1
4abcf14faa7f92f2,2021,0.748438797280496,1
ac475de5a3d0d7e2,2021,0.3920331608310484,1
d27ac1bc677b89cf,2021,0.6896738257970247,1
57e784028ef2c17d,2021,0.6623196613307715,1
a003e8305d4dbdc8,2021,0.6162327714045017,1
4f6d3cdf2c77fb57,2021,0.3659864508689503,1
dd34dd337e637767,2021,0.4404996058060878,1
61bedad39b15db7a,2021,0.4736097637273575,1
aaf45b095452be23,2021,0.5855438314713881,1
f3ccbfd7036f3cf3,2021,0.751436441993732,1
c597fd8bb66d54d8,2021,0.23564431885583184,1
83da743f6dda7dcc,2021,0.7299148683199783,1
92f569a6d9374b86,2021,0.38856900008891215,1
99dbe9669f31ed91,2021,0.7519678580964484,1
cd08b68f0bafafbf,2021,0.30261627410880965,1
65352221c0bfe52d,2021,0.6089889863458184,1
c4ea3f6fae702459,2021,0.4761543997879415,1
a5075f4eaee6036f,2021,0.2290315198318148,1
3d3e7dc7b4bf2bc4,2021,0.4400507196896023,1
3ac61bcb406e1a0c,2021,0.5437274659230552,1
eb4e9ec015533ab4,2021,0.47614042041859733,1
86d6e09932c5b551,2021,0.31030337956166937,1
d65da3a3bc675449,2021,0.5742581340288267,1
8c34e1e0d842618d,2021,0.43486321331178884,1
464cc19d42446da9,2021,0.7707777379032624,1
af8ea6db042674ef,2021,0.36933269371082855,1
bbade63ca780668f,2021,0.5561367353785324,1
2c81668d1459991f,2021,0.6049122885427642,1
f4fbb11055301e75,2021,0.4198898829083213,1
9ef858837dfc65eb,2021,0.6395342460576114,1
8b9bdacca749ec90,2021,0.6134770392283261,1
357c5b86ec83b826,2021,0.5030492147698337,1
f98e954823bd6e02,2021,0.5042012637410807,1
17616514e8fdacb9,2021,0.5862923856678934,1
8cf076524cad5a55,2021,0.7077217299322882,1
96b1430379c0694a,2021,0.35107800688413693,1
9201312dd860fa5a,2021,0.47516935974885693,1
54e2490959f66dc2,2021,0.7033775277529792,1
26fbf026beb8e9f8,2021,0.6188058796735273,1
25b8c932da5e91f4,2021,0.39419299198185864,1
be94e5b7a35ce5f2,2021,0.7430304097362066,1
c3b6aa47e7532a7b,2021,0.6905290316890377,1
b9cd4910f0ecff45,2021,0.3748984607991357,1
1d892fec31dc7ad7,2021,0.6311702910746226,1
e175c1a0bff30187,2021,0.41702434009065337,1
990c2378caec68d4,2021,0.5230962646020986,1
931fd51ab69fb443,2021,0.6446604459672007,1
15b1c7ddc4415fdd,2021,0.7609133755519282,1
05ceb8b2f93993a6,2021,0.5632845885433535,1
8f7328fe18806fb0,2021,0.6411816041248508,1
82243207b4dfce87,2021,0.46605276320484434,1
a4814d682954e8ab,2021,0.5167756842086111,1
b12bc15f384ecc42,2021,0.25123999133530683,1
bc86601cf781a89c,2021,0.42172173829280146,1
11a83369d49ad138,2021,0.5243248987405408,1
a7315147a7022a93,2021,0.16557705801590727,1
3eac2d47ac252f4b,2021,0.42149214567027704,1
6a0341234ecc4e87,2021,0.6813905091317496,1
c2ee423d1f0b4f6f,2021,0.4100540414303546,1
3a4e2dffcdd1c838,2021,0.5080090678519069,1
4a704dae3091adaf,2021,0.5436752245444123,1
c096342c57a6f2c4,2021,0.3178167180701945,1
e2abba69c3371618,2021,0.7422034235842228,1
50ef636148fa6fac,2021,0.5057833641493642,1
7ad09f889d2cdb6f,2021,0.48435675425691194,1
d170f6580e1c244f,2021,0.6621112143359452,1
2704d31de2c2f43b,2021,0.502006814141106,1
873306ad79b62f5e,2021,0.5329232986472903,1
ae5d14a9fc1ad19c,2021,0.6227457100862245,1
5980ab31e4718a83,2021,0.44453809710447134,1
f4363f1317b47213,2021,0.3836187471945717,1
04a788abbbd1f256,2021,0.6985887530984616,1
c06d7bb29bc24d00,2021,0.7057282633675276,1
15c9cb5f9320c555,2021,0.45357750759283,1
fd92fe0c494d0959,2021,0.7626491891240068,1
7de9867b7cc2b1b1,2021,0.23579686340977823,1
d0ebb0551377a1c1,2021,0.637312220791161,1
8a7b0cd5ad9ca4fe,2021,0.3368240013470487,1
e8adfbbe0053c321,2021,0.6208836229997402,1
a6828a6dfb21d33c,2021,0.7325194314667598,1
03bdbf2d18f3025d,2021,0.2713401501669075,1
bb7ce8a6ba7f7cc5,2021,0.7329002866558119,1
18c67631b76c18e5,2021,0.419446104736888,1
01f262b68a6a2223,2021,0.4525229836358138,1
70aa6b8f863e6861,2021,0.24541568567039157,1
d15a87087b6f1452,2021,0.5869225323683666,1
4944437e73071671,2021,0.48160305566424594,1
55bf7f19a132e0fc,2021,0.44060051745132867,1
b8a0047c927faa75,2021,0.7948130458868643,1
68cf99b6551dc3b3,2021,0.670571974424774,1
a043e279434d5c8c,2021,0.6260538712343713,1
dcfbbebc0aee6ded,2021,0.7643033249874926,1
9e45cc594a5a2506,2021,0.775423895252259,1
afc86d1076c4c3a9,2021,0.6702397853584494,1
dd7f3f91ea6067d4,2021,0.4533072848955284,1
edac9fd482177a64,2021,0.5868425306469466,1
2efbcd870f1f7bc7,2021,0.46451654654125724,1
41622791b276ad9e,2021,0.40644328517496786,1
2220b73ece1730c3,2021,0.4271833618271386,1
6002c24f0b7f8cc7,2021,0.6339921191372335,1
4b3af85b0df51d09,2021,0.4613808456534988,1
48292a027df02443,2021,0.4402616894021196,1
390694c179f05c7f,2021,0.4111312405924068,1
8317208cfb030ed3,2021,0.5286588491607035,1
0aa335dbc4cb3473,2021,0.6735340298674217,1
39d188fa9b95d550,2021,0.6052360888596419,1
b1eff235241e719b,2021,0.5371097196786244,1
3209bcfaf95de90b,2021,0.5196159282946078,1
cd5d9828b278181a,2021,0.6006288668713881,1
93a1cd50374397c0,2021,0.43290258640841245,1
1fee9eca658d9808,2021,0.571435969547283,1
444f0a732695dc81,2021,0.4368385721927064,1
7aebf01b5afc0109,2021,0.42666495335010923,1
998296216e7171ed,2021,0.6572211746818885,1
e27c28928ed4390f,2021,0.7114154290958026,1
ac9a8b73e58f3d71,2021,0.4583375897181038,1
0992795fd0fa06d0,2021,0.6226759864519353,1
646eeca9447c6965,2021,0.4091047985313796,1
71b81d8199a0fa19,2021,0.568176330508471,1
ddd63237f1b857a6,2021,0.5536906983234257,1
24ff385ca78c80d3,2021,0.7021146678576798,1
8d634c9240f161dd,2021,0.5686512914167259,1
627c0a50cff30405,2021,0.5211646891898003,1
25d4376e00b16510,2021,0.2594760111200631,1
fdfe4e7cb2d0b665,2021,0.6253045928677801,1
a33ecd2c88154890,2021,0.7061385164331285,1
0b2c3c4306620d6d,2021,0.6883862892625693,1
a850ba762f3c5334,2021,0.13604817862967378,1
f2c82f027201ba21,2021,0.6150561363829679,1
f67aa0b16e16a9ea,2021,0.4920376836834418,1
a3cde349c8e018fb,2021,0.35168842949356643,1
b5a8323de18f7e95,2021,0.5658971237774271,1
c3b8d8e7d256c307,2021,0.39025766614763024,1
eb5d62bda1581c62,2021,0.586174664218005,1
6a7347d1da8a2b87,2021,0.4333111438406938,1
f5dd0a24a7dba53c,2021,0.6411022364950936,1
c5dfce1eaa2dc169,2021,0.4801919619613022,1
512af32553d9bd70,2021,0.5360774486508184,1
00bbcd4a6d647fdf,2021,0.3403255298662319,1
1820fed0fbcf6294,2021,0.35184689280901316,1
34d2632fd26e7078,2021,0.6242137179337357,1
6d8da45352344964,2021,0.5401671850925212,1
6a5eb525331fa1fc,2021,0.7710880581785264,1
3d790112d2e6d851,2021,0.46026250765985577,1
78dc032441394331,2021,0.5864429532031723,1
d6b5a6ad27a730ae,2021,0.7057080772404374,1
2ef09c8fe29251ac,2021,0.45999169755956437,1
d72f9b3ac742a9e3,2021,0.45603662416081314,1
c9c79de21823d941,2021,0.5383480987001072,1
26202a4bd36d3fd2,2021,0.6314576540265242,1
ffd8e8575a551875,2021,0.5724470159425127,1
2f82e8079ba354f4,2021,0.5173702419484631,1
394802bb096b403e,2021,0.38970931985296475,1
37fda56a435a9b24,2021,0.42172433210815363,1
8a95f0e3f9111f0c,2021,0.3761543193172431,1
4ffbadfb86284af5,2021,0.34275530346495764,1
00fbeda449926c13,2021,0.40823460596389044,1
295a0bf12a7373c0,2021,0.5323276372575938,1
3f71ac21472f994c,2021,0.5300564789924493,1
178c4926223dca0c,2021,0.5078629534839616,1
db2c805201a3116e,2021,0.5692290822561167,1
b948102c6205af63,2021,0.6346183255441984,1
de332779baa1b103,2021,0.7623190129845008,1
1f2f27b36e79da74,2021,0.4539405217928958,1
bfd672cac0726a9a,2021,0.28731122800373976,1
2b894d87ad9aae05,2021,0.5252986449535917,1
5573d46130d6b967,2021,0.4906735224004496,1
be2e28ba3bdeb400,2021,0.5907237307250626,1
ca22bafab913aae7,2021,0.592795009638011,1
6655a8da2655f2d0,2021,0.47400294538984655,1
8cb4e3f056a84b0d,2021,0.4953284318741891,1
cfbaeb80b5ff7c00,2021,0.5902468076006471,1
fef29aa73bd5b907,2021,0.6654514671846442,1
82d48296fd06c27f,2021,0.730200671703294,1
d44a814b106b94ff,2021,0.5966988525012008,1
c7cf2194fe5c751f,2021,0.5993376590107197,1
b381dc272b32ce03,2021,0.5883281781009186,1
e624d85a0d718578,2021,0.42320311208805894,1
3627f5133ce55902,2021,0.6309707417345678,1
7f8340dfe4220c3e,2021,0.49276291293005203,1
ae0afbff5ba07a34,2021,0.5351763025033256,1
138f719d370e8ba0,2021,0.5227511685126831,1
559c0c3d752f327a,2021,0.38609137434905405,1
16369fa06392f6a0,2021,0.4494395167994708,1
d16f7ab4e28171ea,2021,0.49543861229624503,1
58c5d506181812fa,2021,0.09323605695366274,1
73a83b2595416f0a,2021,0.38574955992371684,1
419d1e29668b57fb,2021,0.6141801113248077,1
827aacd14f80e8f3,2021,0.4332513752752657,1
23b943e9ce495f0b,2021,0.5491720085353011,1
0716a38768a34789,2021,0.3433148021789004,1
1a50d5c7e1e5c058,2021,0.662152190811029,1
9252ad2304fd9a26,2021,0.33169753455552686,1
5c0e5d850d8e661f,2021,0.3590507687608546,1
bb6438338bb8aebf,2021,0.44151277095509595,1
f187c7ec92f43828,2021,0.717458369587763,1
2c0cddd12deb7450,2021,0.5995683014381801,1
1b4d5dbf5f663a97,2021,0.5902163086479202,1
dedb74ee9d84deab,2021,0.5464789064850812,1
84cde29aebf6c00c,2021,0.27147482934288253,1
d4ad90ac58429b64,2021,0.4116155938541758,1
34d38d77c1d3f00e,2021,0.6750649028188425,1
d66164d2c770da68,2021,0.6274765228610457,1
34cb6e9952cd30a4,2021,0.4783218867376149,1
9127a6430e46292c,2021,0.5007046149205536,1
7d2051c6bae907cb,2021,0.5376694208503723,1
4560734220b96851,2021,0.29468511161073596,1
43dfb2c1e5fecac9,2021,0.611915967324097,1
b070b8c2c489d838,2021,0.6960493852271653,1
0f51869f98afa6c0,2021,0.5510245634050098,1
6cd44e1b2d093ea4,2021,0.5943988290440854,1
d684d8b02ab53031,2021,0.6088370147287384,1
1e9f081a84e7ec18,2021,0.4884611613807396,1
e8fd128286788a6d,2021,0.6469061161412853,1
87c8e086c29ae543,2021,0.612735323515102,1
53ed3f8f653b37b2,2021,0.4497803834533728,1
744627aec853874e,2021,0.30145287229309004,1
2bdf774dc8b17504,2021,0.5602368058347531,1
bb1ac382e0277b3f,2021,0.3089482277408453,1
d3c0dfa57950aefd,2021,0.5820925041423588,1
a83ebbf013905949,2021,0.653688071755311,1
6fd9a013cea5a403,2021,0.7387078825305577,1
50cae63d530ede7c,2021,0.5152575475078727,1
23c7c6ceee34585f,2021,0.42836319473838314,1
5357dab4d331eb18,2021,0.6593134649174083,1
0eac7075bf3d7ab7,2021,0.46744622663774493,1
d988760df61f027c,2021,0.7536035658698246,1
81de3929330076d2,2021,0.25922782594800253,1
086c2a0cae0835c4,2021,0.7786298216173257,1
85099c6378ff87c5,2021,0.5593266668229683,1
4341ebb5a56e6943,2021,0.5719778306081535,1
c9283da5f4d7aaf4,2021,0.5039973269748,1
ce0fda34122f3d48,2021,0.37961301669054326,1
d40eae4425092219,2021,0.5385345942474338,1
78afed76d0e9a639,2021,0.5674628163169977,1
ac0a1d87e9ff4085,2021,0.5344495965639858,1
1aba46988c9b58f9,2021,0.4561306251958871,1
5d5bf07dbfada0e3,2021,0.5744048401596141,1
858feabaf429a963,2021,0.40825182250047765,1
07468b6347ac5e3d,2021,0.5543225672799934,1
96bbb6c573dac27a,2021,0.6096579999743914,1
7070abfa26c079b8,2021,0.4745258385325204,1
dbcc5b5d568efa8b,2021,0.8041520758316558,1
3740c8033e31c90d,2021,0.3611030663262593,1
53b480b44b0b51f1,2021,0.6203292870025505,1
8245791a3d3403c6,2021,0.4672003618806637,1
7d0ce28ce8a77eb1,2021,0.5033801145423347,1
49876b12d440af40,2021,0.3524145856460923,1
93d5452726f5f364,2021,0.4014132940344454,1
c5e71fbf22f669f7,2021,0.5396938263176675,1
8151659b2bc16f0e,2021,0.679472532509509,1
940701effe1d2b6c,2021,0.46770603674686556,1
813444e109995c97,2021,0.521886509007509,1
72105dd82d964e7a,2021,0.7041475970573385,1
f0b83b05f3dd9580,2021,0.5950128632690519,1
7d4c160dab6eae73,2021,0.6608330206336513,1
40ce202eaa78860c,2021,0.5399425162500614,1
c13474b85d3ced32,2021,0.5480287853664298,1
cade0268dec56f3d,2021,0.5246015871721281,1
1be65a0d2c1383f6,2021,0.6215220138984815,1
dff1dbb8fe1f31cb,2021,0.47713908249062625,1
4911094a4ee26868,2021,0.5656154008632066,1
43c391b251337c9b,2021,0.616406419079129,1
7c3ad06a520b8716,2021,0.4101936381479513,1
1bde9cb65d31cc76,2021,0.44939912645050406,1
4bb77b1d8efc53a9,2021,0.2547855922504068,1
214b268e4a92f950,2021,0.33657625917848105,1
fb9095887dca34c7,2021,0.5574323394395901,1
1978b44503c3d9ff,2021,0.4513730619106229,1
96c51bc6316a4b47,2021,0.40210649955210576,1
12ceec9431fb0827,2021,0.4347620896385341,1
9eef9b7967991296,2021,0.2722127345989086,1
6671b567c4eb9982,2021,0.5081091790464961,1
e3ecb94228c2739f,2021,0.38002449597554466,1
b4622ca7cf0e8506,2021,0.5531851766521024,1
8522bc62e8d942ab,2021,0.5738188967275404,1
af9927b5589e708b,2021,0.566362392653756,1
cce232c1b1b2e4a0,2021,0.6892738294951077,1
9a678f346946b6a4,2021,0.6941815862205374,1
85c5dd604d5b3634,2021,0.5925818566478369,1
f2336b7545f5f442,2021,0.3550146418391642,1
dcd0793ff1a43b68,2021,0.5066714051880529,1
3d75081ce43774ca,2021,0.4252977543746742,1
76ece0ee2ef5d240,2021,0.5989807875468994,1
962aab0abdd34173,2021,0.5402680306364239,1
903d2c361d005b70,2021,0.6403972622552729,1
efe985e626a0d8c0,2021,0.5203898255146723,1
980927e7dcc131c0,2021,0.5825303587142756,1
bf732e22055e8634,2021,0.7017107276724821,1
47a157222b2c9092,2021,0.5779630396707588,1
8badcb2134c1cdaf,2021,0.5531010265270232,1
5e2ce5aa3a92c2df,2021,0.5455938178118123,1
92d39a17e34cf581,2021,0.4522111908884856,1
bfacb44c24bfe0e9,2021,0.45764244183663244,1
12d2b282561b5e5f,2021,0.5056637356740588,1
0b47788da6de735e,2021,0.5271481401205699,1
755d84d5f4aa4dbf,2021,0.5145092173992158,1
e1897ff433134cb8,2021,0.4109930056634805,1
47230f9b5d7ae037,2021,0.45201455523220946,1
3a9e0fed344fd07d,2021,0.5376393825195812,1
f536ba47f006474a,2021,0.3401373877233098,1
be4890f4aaadec28,2021,0.6461152457030946,1
ef4484943b1c68a9,2021,0.45834826015373054,1
2cb9ba68fc855f33,2021,0.7564519064843502,1
0f3a91caeaa55094,2021,0.461920716575258,1
58d5e4afc2dd35d1,2021,0.5083816503093894,1
e24c8aab497b4fe1,2021,0.40594005562822877,1
1de342e9309c5f0f,2021,0.45909823057979154,1
ad3aa9520131ff2e,2021,0.5714208162825091,1
089a17e450cc98aa,2021,0.42470152239981174,1
ed64e42263bf50bf,2021,0.4061381344821681,1
5086f9fb4fdc2f60,2021,0.5002419832563839,1
5cd1869013741767,2021,0.5256161950603866,1
a7c38d4d66abf923,2021,0.4781413103532428,1
3f76035e52e8819b,2021,0.2522256651922374,1
4fc128b1bdf088b1,2021,0.7704647935666746,1
06c0c7dda5a5909d,2021,0.4827892170312438,1
8fc238e84c4624a7,2021,0.40008975400995794,1
ad81be01a461c936,2021,0.38174194526960015,1
f09912e9d8eaa968,2021,0.6292323668280096,1
b977ffcc6428046f,2021,0.5683590000189686,1
14f2bb86fd888e91,2021,0.5178674570434814,1
eb10feae98ea7d36,2021,0.45695085237437394,1
06b3226c34c17001,2021,0.41986588547247017,1
0ce63c2148e70b4c,2021,0.6644063189240138,1
dc870fab1e0f15e1,2021,0.8250329114809578,1
85e5498808346d6b,2021,0.614607136033943,1
2d42742aade53799,2021,0.43298541230189513,1
d06495deb1ff1750,2021,0.5872489325612875,1
401f5f4714132d50,2021,0.6260067040112234,1
576b795e33ddd62d,2021,0.49056578561258846,1
13a8ddb1c3f55ed4,2021,0.7569613775547795,1
ceaf7ed5ade30d9f,2021,0.559493472943593,1
4b5f9b7c31d1205d,2021,0.6638789460158917,1
d1621b3da377f34b,2021,0.469926749710856,1
7484298ad57099be,2021,0.5097404522723078,1
73f6b72b4889088f,2021,0.6610537263876479,1
d8189169b2c8a2aa,2021,0.6242793777799136,1
7abc4520f63f2c06,2021,0.22793304257794697,1
e7bb37681652c2c2,2021,0.7917713356379793,1
f085f32bbb3220e1,2021,0.8078866007802081,1
b3c23fb2d71bba51,2021,0.46113020511382496,1
bc276e0f07e30a54,2021,0.6729800503528075,1
f4a2806f77ac1cdc,2021,0.6103055257734635,1
f4df74046a1c4364,2021,0.619815034001723,1
92e006a93f983fb5,2021,0.5332363392551376,1
7233b2a56438d77a,2021,0.8180977727259425,1
18f1b88d8977c216,2021,0.6371291241043875,1
e7423a91a253b416,2021,0.7559553608528009,1
c1e5859053263811,2021,0.5629452884591707,1
5f444eac11e55161,2021,0.5166784717787629,1
dfa2f5c821a52c63,2021,0.37948148805473136,1
16d31775a8dcb31d,2021,0.7721223087336899,1
6832e9e62da0f9d3,2021,0.7710120445885664,1
3b7eb8e56052a2af,2021,0.2837970695168537,1
a00b4e82f9d4f92c,2021,0.7728489599594727,1
dba710edbc3c29ff,2021,0.506533439835573,1
9c33c8d4a381ba70,2021,0.4918508618998497,1
37c484012ef24a5b,2021,0.3729858851933773,1
ddb927b0dfcfac2a,2021,0.640829013946764,1
f526892a27b50576,2021,0.7165466649223029,1
df16b9c2fc9722e9,2021,0.44404158932887516,1
777c65184aa63894,2021,0.6926122642233539,1
6101249c2cdd1493,2021,0.5649750967536008,1
38957d8eb185391c,2021,0.35081900700666113,1
20f19439e9b100b0,2021,0.5587284638252351,1
d5ffdb5388ffabc6,2021,0.7098720989194042,1
149d6b90f33634a4,2021,0.5296470007874685,1
814d481e79e9a525,2021,0.45551628475853934,1
cf020c71f1dbfa0b,2021,0.5719495345526764,1
be8bee783d22bee2,2021,0.4177873148708092,1
e3881a6895be3e9e,2021,0.2987458356763504,1
fefa96b6d939ffea,2021,0.5971277097848771,1
a2e1116a9fe84aa9,2021,0.2875071205987094,1
b193e2317b21125c,2021,0.6293566788129772,1
d9ca00b3c62a874d,2021,0.5250272081399878,1
188b63ec6ee1c1c9,2021,0.434141110422889,1
330e67abac6e5ce7,2021,0.4281113359558546,1
7151ae256e6c181b,2021,0.68817789404981,1
61d9eff5fa4c8578,2021,0.41389740703878913,1
acec5f4c6fee1ae2,2021,0.6231449259474926,1
6d7eecf4acecda2a,2021,0.5352073402853558,1
85f920746c58d0a6,2021,0.2441039816737599,1
1fe58cdab57d233b,2021,0.2970815306638652,1
d44d735e5079bfb8,2021,0.5952910640077343,1
88256dd5a9aef1cc,2021,0.5186097125530236,1
e078d18fa9ed100d,2021,0.8108970431846281,1
587d373f18f6c8c0,2021,0.4191416203141173,1
98842f17dfe4b4ef,2021,0.4586544325191516,1
69167b996ce7a7e4,2021,0.31790916623219334,1
860be3cc82895177,2021,0.5662847816812607,1
6163c18411aca830,2021,0.6356264485008551,1
4a5e5232346993c7,2021,0.7677656438359597,1
156f2425a937b22f,2021,0.6082703458821473,1
92c49cb075f612d7,2021,0.6990139351674104,1
efc6af0151f72b87,2021,0.5704309053092449,1
768c86e307295944,2021,0.38580247888519914,1
41cdfea7df63003f,2021,0.39276544939667435,1
d84968d7e9fcb4f3,2021,0.6427135772405619,1
58b19ba734fe93a3,2021,0.5865269324950916,1
987cdcbc809e210d,2021,0.7768783062913316,1
13e3e41e0c6f4e04,2021,0.647143173091622,1
5ad4c0eae7512878,2021,0.6668595849027983,1
18edff5447989b3f,2021,0.5212470830494518,1
919fb76d2f3e5827,2021,0.4259047731196437,1
8081cb92f71401c6,2021,0.6289282120921823,1
73d541adc2909dc8,2021,0.5843165161423017,1
88cc78d2d5d6bcaa,2021,0.47852474928006283,1
e25875165648162b,2021,0.48259102232425083,1
733dcfec0cc9b439,2021,0.5589422926863243,1
095a351dd6f09f7e,2021,0.5359437968723146,1
fa3b28ff3585b4a0,2021,0.2524106845672724,1
d69e3677060af4c7,2021,0.5272791271452352,1
385101e8ad828c39,2021,0.4328082726861834,1
999a0fad4c82148d,2021,0.6071876531369773,1
a260238fdb9c47cf,2021,0.5212908218960777,1
c634ed84212723ca,2021,0.517403082203306,1
19722043e7eb4e39,2021,0.6125930650295801,1
31b3ae9352d9389b,2021,0.7021947626591016,1
81bb4d9b214adf4b,2021,0.5683632021491737,1
2c21abbc28e3876a,2021,0.33576546227234205,1
66eee2320e900a8a,2021,0.5995354784377056,1
a27a355f52883f3e,2021,0.5930418676384337,1
c0518d213b67e754,2021,0.6119992972550315,1
0273dbd5dedbdbe0,2021,0.5010244183690632,1
73c97d5c314f1270,2021,0.664244722889211,1
8636b67096df4b27,2021,0.6045548837901366,1
e6ce8360ef43891c,2021,0.5455740544707747,1
1013cdbb6c9a4a2e,2021,0.4725750616623386,1
147e984aa34e3028,2021,0.5754886670541457,1
8dd086e2e70144fd,2021,0.7700773458098711,1
1ff89e2a9cc2f2d2,2021,0.6300245652101756,1
84c68c4c387d2e32,2021,0.6411423906628525,1
450534f9fb9b13cd,2021,0.40194558325556107,1
fd60e75303622e5e,2021,0.5568972374074688,1
f592f168f3b8b807,2021,0.4614916170417952,1
9b9ef12603e820ec,2021,0.7130764394271432,1
1cd8f5a107f64e39,2021,0.4553169358601737,1
bb15c0a2911043bd,2021,0.7577471798062172,1
50bf4bb2f8d9aba4,2021,0.5477244472980819,1
18f19b1422e8154b,2021,0.5141453553190592,1
1ce1a43ef68ffc7d,2021,0.42790912219186705,1
c74b03337a8441ed,2021,0.7422130355971663,1
42b28adbed6966b7,2021,0.46547133686258957,1
3fc8afbb23b9ac16,2021,0.6540838071855702,1
405bded9cc7a7c15,2021,0.6320130991454417,1
376dddfa82debbf4,2021,0.6522412696185795,1
723a8a8c82cab1c8,2021,0.6032644033576584,1
657b7da9c89352fe,2021,0.5786120973249271,1
9e5bbbacf1d92cb4,2021,0.165886088519284,1
5d64044b985004e7,2021,0.45037275242466324,1
b3847772199e2639,2021,0.4387813203677732,1
a38648a1c190f9be,2021,0.5211785158491937,1
3109d1151f149aaf,2021,0.5148978701360041,1
505397f405e40206,2021,0.736471314812513,1
8bcdcfb0f93f1409,2021,0.36491561108299164,1
537a5aa4c248830e,2021,0.6165518407631022,1
fc2a30bfb760bdf8,2021,0.40408171788613934,1
16243b1470887cb6,2021,0.6886700338382385,1
9039762cb9f4abdb,2021,0.660462750699222,1
50f2539c73b98eec,2021,0.5980532858631756,1
abb8c6c0a057184e,2021,0.5394904584698871,1
6537a32e7af905b0,2021,0.46494504042797796,1
8c01b7dccc4d0926,2021,0.7030130954580602,1
795aa42785a46643,2021,0.4351138720205723,1
2d0d13dfc6c37ba8,2021,0.5529192165052721,1
0b633295d9e017a3,2021,0.28630070874906766,1
b22eab3aa1522f40,2021,0.4501005989894066,1
ea76a3af8c5ecc55,2021,0.733301181217364,1
a760d0f5de2e1aaa,2021,0.5780928979114294,1
85d9a516c3c6c205,2021,0.4226227215861491,1
b4f88d65b47c2a39,2021,0.5985767917570528,1
dd552b389152636a,2021,0.621992484874996,1
fc0927c657c51622,2021,0.8049477234022333,1
bdaca0a96d44438a,2021,0.7000738408996202,1
2a5484a6d5e7a2da,2021,0.4852172693990997,1
730f14ccff80f3b0,2021,0.6583131990338902,1
a43dcd04788d95c7,2021,0.7130796733538779,1
2e200563dd7c4922,2021,0.6944500305322187,1
8b3b38167060b1d7,2021,0.5344890440057578,1
4b7ec02b39fc6f70,2021,0.38708983316065537,1
3a8c0158d910546d,2022,0.5108337648700472,1
7c2a02b5ea169b54,2022,0.5465795778852124,1
3738135e4c9d8273,2022,0.5501251966017395,1
e8517ed0b49abc37,2022,0.4458483548182913,1
8693027377658e61,2022,0.5723786124914316,1
b5b5156c713c5d47,2022,0.35930758407041774,1
f9a4e625dffc30d4,2022,0.5608252651907546,1
8d89f3b8798f444d,2022,0.6073402682488623,1
3bcbb0e039f4f5d8,2022,0.6145291384886788,1
9dfcf675cf2c1575,2022,0.33357842027407386,1
0a0beb5aa9810de4,2022,0.3059639188128123,1
4047c2e259529179,2022,0.6140454824125874,1
5da7168ac2ff0e1d,2022,0.5898898492264146,1
9687021e5c4d092a,2022,0.5886504983983248,1
0669231ebe3dd560,2022,0.5092555585555858,1
44a55ba1de2b30e2,2022,0.3230138191563956,1
453283e947919ff7,2022,0.4633662504467879,1
80f65ee9b6f8d63b,2022,0.5575038150517605,1
5ba543efdce072f5,2022,0.7564680507552425,1
cddd3d4febe097f8,2022,0.3648308566868935,1
e786542667fdecf0,2022,0.4378283322780163,1
1765fc442ea03873,2022,0.5528950949983643,1
342779192b116314,2022,0.5365962935121931,1
e82f15afac3dac93,2022,0.5059002263273525,1
673ed36fa5c12d5f,2022,0.4626631362520559,1
f9ab966e63968c15,2022,0.3908483848986936,1
84ebbad426d25713,2022,0.5627253804424345,1
c816a969cb001168,2022,0.42543008486204426,1
208c5dc52ccfd47a,2022,0.5348946801620356,1
0489b42ac0ab6d4b,2022,0.582678865135589,1
0730c4e6fb247fa1,2022,0.7036118876612728,1
6b4c2cc27855506a,2022,0.7163730949155742,1
ace166f26c2ac2e8,2022,0.5749873186046317,1
4b67a1875390e7ad,2022,0.560570902224174,1
6708f3a32861038a,2022,0.31640684385437146,1
507080ccded73591,2022,0.6697292400360344,1
821bef3a3394dd96,2022,0.49225773416638363,1
c16bda7548181613,2022,0.7324609932863198,1
19e742ccaa09cf08,2022,0.6674664240565878,1
3bebd99d5f94bec7,2022,0.5443369637544346,1
a0ba726da4a50458,2022,0.7880785615824017,1
b1e048825b5bbe1c,2022,0.8651111345529953,1
81c22cfa22002ea4,2022,0.5127232806486683,1
388adad23aaa9d39,2022,0.4485429333153965,1
238832b58a66ae07,2022,0.4318930399812442,1
18a1617ee7356352,2022,0.3816214676737426,1
bb42336d6417914c,2022,0.5706292032750362,1
ca8f73d038c4d6e7,2022,0.5523207362674656,1
8cd583f6d10692bc,2022,0.6067992304934648,1
528c208293bdef13,2022,0.6243262156390922,1
ea63f56779100678,2022,0.3244218242375422,1
33cc40fc1da409d3,2022,0.4086251739245015,1
2d8db91f91f68069,2022,0.8373611304351165,1
e36a5d4d53b97d4e,2022,0.5267936232644099,1
25da52bc590ef664,2022,0.4946977920221226,1
04e2d50c24a88dbd,2022,0.6288614332686472,1
958799d957945a3a,2022,0.5963798407327369,1
93026443e5140415,2022,0.6689970037791375,1
99fd8396cbe1df03,2022,0.6277368272037982,1
f7865e5a6d009a87,2022,0.5510106302117126,1
181ceedcacc01d48,2022,0.5150595321788461,1
c5d5fcf290cc029e,2022,0.6164123710561445,1
901e62b7af57f559,2022,0.5641691938266338,1
cb1f27818d46af0e,2022,0.3759147490884308,1
f087a10a6f2bcc99,2022,0.7454215402001101,1
61a20ff34b6948ba,2022,0.6252966682796365,1
84d633d4a9fbf331,2022,0.24486323173038804,1
8515f07911765f89,2022,0.6535282962940538,1
c4eb14c3de579842,2022,0.3801951803938209,1
01468f766dd7385c,2022,0.45277184170877527,1
2f4d42e0b9696f71,2022,0.7524200993090127,1
d5323490163dde0e,2022,0.385350575244888,1
36d9337a27b71ba9,2022,0.3975300879035738,1
c420c376cc1d149c,2022,0.43434146493889264,1
59d44b6888885500,2022,0.6569567512055742,1
c6fc43c351b08bda,2022,0.37839447527306624,1
ee278a5a25744cac,2022,0.3591301977361221,1
9321b3c90ea5ca6c,2022,0.624174712822289,1
fce6ab43b7d09aa4,2022,0.5656064444141315,1
cda06ff86cfe4f5f,2022,0.6383352255658474,1
43b43c5d439b2f98,2022,0.6193723263230793,1
abd45edc07a8d9e3,2022,0.6522512754804193,1
838bb84a5a976a9c,2022,0.47818949437842384,1
d03d0abf331df751,2022,0.5984376644533542,1
f10c2c84652ef573,2022,0.25228484810977386,1
b400c29fbeee0206,2022,0.5482925923338113,1
9cb78122a23e6a7d,2022,0.5899024780396677,1
b55de7d791b9f62d,2022,0.6075366001606212,1
5cad3ab6553e9ec9,2022,0.3579626612324567,1
b70313eae7c24b27,2022,0.4329251321730254,1
26fbee4ed13ff35d,2022,0.46381677902987106,1
3b06c512abfa0494,2022,0.6686928247408457,1
226884e46a10865d,2022,0.34320316609205237,1
463fac0e48505b62,2022,0.3485096323611079,1
23eec2d9cb2d78cd,2022,0.5252721892564823,1
70b8d357e89383bd,2022,0.5942441911152968,1
9b46a662b8fa1d8d,2022,0.7269062658932333,1
8aa16cc1ba99aac1,2022,0.655147615993305,1
4c7e55061dc3bf89,2022,0.49268529608582123,1
5e378c52f26935d6,2022,0.2935309749722869,1
53d0df57a917c6a0,2022,0.6371825694434416,1
766b4f5e77ab0860,2022,0.4211845839824112,1
ae989e21c3839b49,2022,0.7664690455243647,1
6e705b2365bc03fa,2022,0.5874807452333902,1
a200b5dcbdd2506e,2022,0.7790996611879144,1
5a878a6bebc973d7,2022,0.4137233602750158,1
bcd1e1d71a172d53,2022,0.6187555232742918,1
001441f70c293931,2022,0.6536951504078129,1
ce3d94186567a684,2022,0.6381125134875533,1
06641a8c62e45661,2022,0.5549408241928138,1
97e522591ac7eb29,2022,0.45203615509949874,1
82b2b97b85c7225c,2022,0.4893751810298401,1
3ecccdab76baa59c,2022,0.685508281522254,1
6ed495c177d69a3a,2022,0.5504688037859746,1
d0b7a79d3e7f3362,2022,0.47935589548240654,1
bb31c77bddd1317e,2022,0.19245344682729346,1
f6afaf2a39fa441c,2022,0.6321732153108415,1
3f92025b29e06bfd,2022,0.6026547911739167,1
410e65e4d1782bfc,2022,0.42914301149257145,1
f3c37e23ca30c87d,2022,0.5921142590652482,1
1b650c76387c0f4b,2022,0.6778477731603142,1
c4e866d9dd606faa,2022,0.707762150188863,1
313c36ce9bde6cf6,2022,0.6265928289230244,1
9e52a67410f2c879,2022,0.3434202560289509,1
278b965694e563b2,2022,0.3531447405345214,1
7458a37feabf8788,2022,0.3704663940632712,1
88c6e7f71b79fd65,2022,0.5035474611871331,1
7c6ed5b3d830d0cb,2022,0.5841510347766048,1
313b85fe82b2ba80,2022,0.42365243807284203,1
15311d4b33d93004,2022,0.4536692862759065,1
d8945e21a63e2451,2022,0.47197921121699404,1
394b0347b0438622,2022,0.7474018167176808,1
9a8964b148cb5923,2022,0.5023423973490047,1
dc0ab34f1952cb48,2022,0.7099355655993346,1
fb7ebdda8658fa05,2022,0.536485615143613,1
0daf776bd222daad,2022,0.3909579425242982,1
eac46cfead228e11,2022,0.7651958641827205,1
1ceab8fa45996f51,2022,0.481522524999765,1
0987b3f785e26d1c,2022,0.6325009072052274,1
74c58b9d638c5eaa,2022,0.7140659294001014,1
c20e6697335c3b3d,2022,0.7594298727545479,1
b09f8cd4cbd7ba56,2022,0.49463586469742665,1
559031e51ced0b53,2022,0.6374656215215572,1
4f6e7159e77d4215,2022,0.9142859886963651,1
2e94ee4b9f5fddea,2022,0.5186556466299119,1
7c5fc3fc7be4a997,2022,0.3875633580321731,1
a0a120c50d93f70a,2022,0.5352947904457472,1
6d4b6224f26572f9,2022,0.43102362317676846,1
7cf7960c6ccb5fa1,2022,0.41807127285773177,1
6a4ba72b084193b5,2022,0.4536139665863633,1
e4d946470fd150fe,2022,0.4076771757213498,1
926977ec3ed0ebe1,2022,0.6028153237390265,1
e8c57c6259193466,2022,0.8819791128212376,1
9b8a82276f06829f,2022,0.5369223497017693,1
992e84bf59837e21,2022,0.523365994038107,1
173d576e6247a88a,2022,0.5054762308461245,1
a45d4327bc82bc28,2022,0.5395144905656069,1
6017351e164dbca3,2022,0.7433843066672515,1
3a3ac7b3987f6799,2022,0.5723597422609933,1
80cf37627a129145,2022,0.40517865673794895,1
9217ecc287ac482d,2022,0.7829169602066474,1
5b731da9e4be4391,2022,0.5849395214741209,1
7e4b7a70838e5ba4,2022,0.43137185371684195,1
d2484d74f819d813,2022,0.8665418207932296,1
6b956992204ec040,2022,0.4952892237587537,1
760e3f292b834637,2022,0.5815343113035304,1
7c8701bb78cb4de8,2022,0.6775618194591997,1
632c2d4ed12f2bdf,2022,0.4944088320186662,1
eb277b5ea2a19124,2022,0.5239063199625783,1
5ae5eb729c6bb169,2022,0.5165326832966691,1
430309e0f8a315d5,2022,0.46275891395682256,1
88455c967a7ef6fc,2022,0.5904458014416263,1
8289033e03b4d9a3,2022,0.5140847734067396,1
60d9d50b763adc62,2022,0.3700342665617281,1
397dd9a8694ef413,2022,0.6649321458530197,1
ff6c8dab41efcc09,2022,0.5925785668639708,1
80ac36a9dbc4b1a1,2022,0.5497581058177072,1
fc4939b3c9071e66,2022,0.4636653711491713,1
6a902b97ac98c283,2022,0.47004899018443846,1
8390441d93736719,2022,0.37095056993612396,1
c020ccbd7cdefb6e,2022,0.5365471978354348,1
a2ebb5f86eb64f22,2022,0.40934400924810366,1
9d61012a6020516e,2022,0.35136070459078717,1
7d4e49d8a6678157,2022,0.6148159567310871,1
afed0bac5ce5a2f3,2022,0.34269083254886507,1
22f1133d02700bb2,2022,0.6235727453004828,1
f549164690d723bb,2022,0.6005297384517156,1
8a1aa64eb1f17913,2022,0.5276619178962323,1
7e047b195135ef06,2022,0.35380319626370466,1
b3248692dfb954b2,2022,0.5346147704376797,1
e240d6f77747ec46,2022,0.5978753571368309,1
fad150a0288efbd7,2022,0.38074099095042624,1
43543a2c1c7a7135,2022,0.44176673825995827,1
2fa88b72973478b6,2022,0.45021674508897935,1
5c281439d20184f1,2022,0.32371579949632,1
bc7228d30ff5be46,2022,0.46405356368087236,1
5136dc566f46daf6,2022,0.5994388867710481,1
3542f9f30926f364,2022,0.6415990369234374,1
534c07488396e124,2022,0.5718091934047791,1
1b4d0c9e3c59b33b,2022,0.8399371665279407,1
cbdfb3c648d7bada,2022,0.7511550604208211,1
4a789cdd5aaf4439,2022,0.4317360109187303,1
5eaff5c832430378,2022,0.4605512809814766,1
f682118709b4143e,2022,0.7571827739416381,1
5d4fb748ad246269,2022,0.6475808640099588,1
7a2c841693b54dd7,2022,0.5513474822911401,1
59b2bbb251968ca9,2022,0.6502154671253442,1
a09447d185a62251,2022,0.49441690640463654,1
7e20b0536fbbd560,2022,0.8013767240448383,1
43d7d4b67be48553,2022,0.5305059706779934,1
ed32da52aff68944,2022,0.5642236206127809,1
04e6198326be4857,2022,0.6290003703683652,1
e5e75d831670b401,2022,0.6518650271165981,1
4f2501e804c84abe,2022,0.47356798646824977,1
93969a7368dc2e14,2022,0.5691971100565559,1
a679800d2e7c3be2,2022,0.5491684403244996,1
3aa49ed298e4c34f,2022,0.4681612322927464,1
344d60564cd136ff,2022,0.4118317662631228,1
aacb47949a572f25,2022,0.6287139916253114,1
7a635063e5f1699b,2022,0.5416308647509458,1
5f4a107d930e4852,2022,0.6122381358691014,1
f466cd99d02644e9,2022,0.2532341408758062,1
029f5c36820fdc09,2022,0.5063006135724515,1
50eed57ea1390e16,2022,0.530532855304938,1
4a116a55ffaa0d64,2022,0.39903007312864996,1
c94b153951be7590,2022,0.5488653071472778,1
f115a91066a77ee7,2022,0.5185737305057643,1
d7a7ba46c4f075d7,2022,0.5316614501580009,1
4305cb30533dac77,2022,0.5078924931677903,1
049ad6d87b42eba8,2022,0.5684829719902791,1
fd49f89b9d97566b,2022,0.6659545801537621,1
e8a5e53ffd33c0f9,2022,0.37535167470519903,1
897d9e21c59d0633,2022,0.5781693115913525,1
8b5c760f34daafe0,2022,0.6895318048512245,1
5b5d7f7ae712c6d8,2022,0.5723573791587712,1
1378fc2be3819b2b,2022,0.7357827311823635,1
9a92d376fba2379d,2022,0.6174072064587001,1
2c7c7648e847f2e5,2022,0.5004201745583146,1
20cefe64f4b28be8,2022,0.679513292668179,1
5095f6290670009d,2022,0.5374971286645617,1
4e6218b6b892b017,2022,0.7540788679197667,1
11e83902f5b8ff63,2022,0.6721247500618862,1
1bc662949337a8c4,2022,0.7055170545170764,1
6e559181bfbc77e1,2022,0.5350716432373714,1
2c73bf152247f25a,2022,0.4261694785062998,1
24a9fc95a3112f51,2022,0.6265556564952762,1
8cc43d79b61efc25,2022,0.5848956836850256,1
a457331c27bce6d5,2022,0.3722303916644929,1
21f79cd40513d075,2022,0.44843911457897623,1
28be3fbe5c377380,2022,0.4350927771537312,1
3f38100fd8dae286,2022,0.6359369256419638,1
28bd070f7ab0a0b9,2022,0.7003695034259148,1
029a12d36a4687e1,2022,0.6128565146134279,1
c57c8e22a3e8dde2,2022,0.3941099750727813,1
3c98739eb42f96bf,2022,0.6453178059243635,1
1f5f59924b59408b,2022,0.39275035280792836,1
0e2c7ec02a095813,2022,0.48074391198266814,1
1c85003f6ec59c9d,2022,0.8077231691325027,1
99ac96bb67e5c5e4,2022,0.7090544759486499,1
57775c8af89007c7,2022,0.6282799935457428,1
4d8d1701c43c5fea,2022,0.565190064825994,1
459bc7c0b47719c3,2022,0.5387397331765763,1
98411542ca0e847d,2022,0.6547559974359594,1
12a33d16e1d4e2d9,2022,0.5284421622535733,1
0308bcdd00cc72e2,2022,0.35345536189065563,1
4047e98132306cd5,2022,0.6425845298468016,1
a7eaf7b101166d3e,2022,0.7186609514618313,1
fb3f5a65da9f2ac7,2022,0.452324704487024,1
478bc7d1288e043e,2022,0.6223172072489687,1
a652918360fe9a72,2022,0.5694816477584026,1
81cbb709dedc914d,2022,0.4596116706645338,1
04e1ff7aeda2a018,2022,0.5280078557322498,1
a103b30f6898de7e,2022,0.5121817277402041,1
c58b3223b5caa18a,2022,0.3868630920871109,1
cd63b4144a45b611,2022,0.29355051695543244,1
bba6cc8760da34ab,2022,0.7152077408050261,1
6c60e58f8e9e7a4c,2022,0.5772300721934692,1
be69cbf1f1671c8e,2022,0.5925491826956513,1
b1af3bd0f8266a90,2022,0.6199535714160618,1
9f3326195672c2b9,2022,0.4349869322650455,1
a5d2f0fed3ce2899,2022,0.35238889090463554,1
4dd2bcd2b025204e,2022,0.6447525363013544,1
74b8a36293758342,2022,0.4888982404942734,1
ebefe958473b3843,2022,0.7073412158732971,1
4965d8eab468b839,2022,0.40728891132674416,1
d439374c1fc95581,2022,0.52877653361243,1
8e4024cb49c963f2,2022,0.31767547507591776,1
dd456668731bd52a,2022,0.46043886590970995,1
e57bfadb506e4f51,2022,0.5745529320576303,1
7503d5c892f238fb,2022,0.509881402894521,1
1c84dafe38694c05,2022,0.5211783460062718,1
e600b78e5a652dc0,2022,0.3546290567007891,1
a1029686c3f1bead,2022,0.6871960149228826,1
2dbf9d8d6915711e,2022,0.5583305810390791,1
3d35f25d9792a69a,2022,0.5803544350921861,1
f6fd50bf69bb59e6,2022,0.7566840581485464,1
dd6dbe644f599795,2022,0.6613022142703285,1
b0d06858fb725654,2022,0.4384300469851406,1
47b1cd4e3e2595f8,2022,0.499821169968801,1
a57969d4ba7d4a79,2022,0.6348586424904835,1
1ff520024da5b3b2,2022,0.4923569502184676,1
8e02bdaac8ed50e5,2022,0.47763505014789576,1
925a36a4af600291,2022,0.5080145255759028,1
d0fb381cacbb0446,2022,0.4992220045135677,1
66f7bb31d24b3b36,2022,0.4925990299113307,1
1ed550f094ca7745,2022,0.5047903971845248,1
0366e183296fea07,2022,0.7185458642383763,1
e492dc60d8e44866,2022,0.8136772550054041,1
189b9af881b96de6,2022,0.5224732222086721,1
81a18de517a3336a,2022,0.5988324404413312,1
579b5770129b328a,2022,0.5116711966586547,1
058c2724dec1add1,2022,0.6407904714580519,1
96b62bd56b252bab,2022,0.5083301332521838,1
52f87252af59e23b,2022,0.6394556013960394,1
5a1ce88ec1f75160,2022,0.5545786935736302,1
72c3e5eacde4f0e5,2022,0.521205277245047,1
a274ed04c36d40d4,2022,0.4856040438641187,1
b5274277ef6707c9,2022,0.6750545364846592,1
4adef20ce69217be,2022,0.6462752857135956,1
eda397c27787afa4,2022,0.651004962979339,1
b530bb13aac1e48b,2022,0.7079768103612423,1
044d210d7b1eb519,2022,0.6447627826167877,1
2b11aa4b90b1dd41,2022,0.6002636203327065,1
36f38c2534ef646b,2022,0.5447107616607857,1
a6b328733d610e2b,2022,0.45737459419867654,1
a8bc6e005077bb0b,2022,0.6890853794802412,1
7f9a331bc3100afd,2022,0.4717335691206037,1
0823f97be9c3a62e,2022,0.25610804942757504,1
f858f91453555291,2022,0.6346528120351888,1
8986373b4a6e90b6,2022,0.4628703834655541,1
b96c8fef6c9f92db,2022,0.6551712263790734,1
5f31f3e32669f5b9,2022,0.3043842973862044,1
38b6ef176439c39b,2022,0.5503673842973023,1
abd50fad1e7b030b,2022,0.33732062292010767,1
d19e010f071a4b45,2022,0.38779186117723563,1
833d67f423315d18,2022,0.43733965270856623,1
efd7efba85092c6f,2022,0.33293901171207496,1
11cc331fa40ede63,2022,0.5399841252209541,1
06d6cde7479711ee,2022,0.6204858982885165,1
d497d74a0df9e35e,2022,0.47115771750563595,1
6b9f82291930bfec,2022,0.633775504728343,1
4dac5258f22be059,2022,0.37152998383260427,1
0cf7a4593fd44e59,2022,0.5507700271103284,1
e0b98f3cf4a7cc3b,2022,0.2991708298268495,1
5abcf9f282983acc,2022,0.7904432534331645,1
2cd9e3796be57a79,2022,0.446741235296202,1
2ac3ce1f62b3c4b9,2022,0.594571607953648,1
2de6652160cc7b9f,2022,0.4978774236284219,1
f70c817388602681,2022,0.31882324341070467,1
ce62a50e97d497f9,2022,0.5669612720351331,1
ca7fd237c16cec84,2022,0.5942104987166048,1
3e2f00991f511607,2022,0.6828276381271775,1
fd47032108b85cf0,2022,0.6700250993390056,1
7bced112f3229b1b,2022,0.6650228505671778,1
cf9035f2fc2e232f,2022,0.39218051755628736,1
acc9a109b00a99e1,2022,0.5761252234226769,1
398db40015b3c81c,2022,0.5663754574888378,1
1a191251620a84ca,2022,0.4705378285282491,1
20f316f96c9e4458,2022,0.5954115673971141,1
b8ca1acdf3dc2f58,2022,0.49956696122749866,1
810c9da07970c4a6,2022,0.5960939400017639,1
86d57e8ef2191316,2022,0.4583187124910323,1
a5cf273faa3982b7,2022,0.34673814325370317,1
6010f681e54ba2cd,2022,0.6911789842822347,1
db3e26d02d790c97,2022,0.7703289756913445,1
bf334cb4e63f3430,2022,0.3813689439355544,1
77acb96700e89c92,2022,0.4295114014298901,1
301f230c90c4bd7d,2022,0.7622860538063096,1
0e6d624086f7952e,2022,0.3772898641922509,1
d869eaea38426f06,2022,0.5069686826162163,1
989b8d362742f40b,2022,0.3932571980674016,1
d3e23d7d207d3ccf,2022,0.6098566126078611,1
0111e6a64b5184c6,2022,0.6062001382078192,1
7e8fd03e070d0c25,2022,0.5106375797639374,1
8a044e5400b4318f,2022,0.39662948263149933,1
be73f75b52b06f14,2022,0.49496940877184503,1
d9f5d05b07bae09e,2022,0.5281430906732918,1
35d06627d91b840d,2022,0.45759187191025474,1
ec0740be19b2ef90,2022,0.5111446449453626,1
46b9acec12a35d37,2022,0.6693175013426473,1
f521ecde1e96a1bd,2022,0.3971289019504922,1
ce5ebaf8caf8c4a7,2022,0.6132566310101234,1
3cbd3565dd631cc4,2022,0.32884671719152636,1
160c17b8fcb0e2a1,2022,0.7046069130231831,1
adb78db5ba8ccc0f,2022,0.43871851094514747,1
bd06f1c2d7e6c4a0,2022,0.5445190738624348,1
df370b97ea49e6b4,2022,0.4478634743409318,1
6c79db79da9ae874,2022,0.41577021549367443,1
ad59e2de1ab5c8d2,2022,0.46804349751760355,1
8c9ff13791378784,2022,0.5973733880694587,1
ecc56a86a1eead9d,2022,0.5380417749126571,1
de93fda66d203c26,2022,0.5194047091441784,1
63f6af6d5f7b82ad,2022,0.3596613369153632,1
330506571d2778b1,2022,0.5979361242133735,1
1aedd959f1523a27,2022,0.7850372677044789,1
a73e33dfce8fcfd8,2022,0.5006845413310993,1
7d0d2cecab358ba1,2022,0.7297957852060715,1
d33814971932422a,2022,0.4870882719222366,1
84b04e8d6b251c54,2022,0.5997721448667714,1
fac560495e61d34c,2022,0.7400767225717596,1
60bd4d2878c85f70,2022,0.5974967119854367,1
b4bbc1b7efa770f5,2022,0.6370959661141637,1
860050f211b44d10,2022,0.47899487725410206,1
8252a314c778b8e6,2022,0.532305353913537,1
59695aae245cca73,2022,0.5059076929973507,1
96d4fe315722d1c1,2022,0.4405219439648206,1
759c55755d70f7ba,2022,0.592802787736282,1
1af23e7aa71a1d17,2022,0.6146435881120977,1
904cf687d22bb486,2022,0.5975738662774239,1
4011cdf1f182804c,2022,0.79640870885962,1
1e8c33b1917fe1b7,2022,0.7889048890336562,1
1b204fc28bb023e6,2022,0.5471497525221749,1
cea6760d7bfbe19b,2022,0.48179884335517764,1
f4d8266a42a41dff,2022,0.5206186826830689,1
2d36e2c10ee349fe,2022,0.572708985494901,1
d325a1483d78ae75,2022,0.45183029143727604,1
25f3e4fa781c1c8a,2022,0.6015359607380825,1
69f39e5d959311b1,2022,0.4423298701561147,1
5c3c4bcc6c746ca0,2022,0.5066138574718069,1
1f0d4572e0facbea,2022,0.6552909529629448,1
523815acf1bb2420,2022,0.5823006022106598,1
fdb9d29cf0edc16a,2022,0.7010026628327704,1
44abbf6b947be6de,2022,0.5573240918022786,1
86dff1593d8b9a1f,2022,0.3679221128294474,1
d6d141afdd31c3f1,2022,0.4744163973088411,1
5dcba156bd13e0c3,2022,0.5176697773386438,1
f32d918ee06cb83b,2022,0.4424962681118998,1
98b7dd0ddc52cffb,2022,0.4037415093987367,1
6a7db3750822d7be,2022,0.4286183373198672,1
5b6bdaf89e493674,2022,0.45890085382360946,1
bf59d9f8bd9536f3,2022,0.6022481443079649,1
a554a72bb0377213,2022,0.7337738221352432,1
b87ac039e3b13940,2022,0.6583654043685503,1
cfca30d3ef3c86b9,2022,0.6409084427944977,1
31cb98ce37fd87dd,2022,0.6043831022200672,1
5475f5b6bad40989,2022,0.5934687485845457,1
2ab395e21080b10a,2022,0.6132166856264123,1
71afa8354da2491e,2022,0.826558611652815,1
1535fb6549fa8bab,2022,0.6809491772421822,1
3adecfc4727a8d73,2022,0.44754355062305845,1
2664805fde34fb1b,2022,0.5073737568286992,1
b279559f15ecf29b,2022,0.48925800371787787,1
abfc03893551ae73,2022,0.4070720668447634,1
db026ff6eee4d174,2022,0.5193844751006294,1
bee95769a221af9a,2022,0.6495548680123113,1
7f93b2f38497caec,2022,0.4043222635853275,1
ff2e4b411f695017,2022,0.6891159040535563,1
40707ddc9fdea500,2022,0.3373903331688271,1
65ce9335b93d9c57,2022,0.5470234836468103,1
93da91272d4a7ce3,2022,0.7906776249611593,1
6f22afbc5f8e0bd3,2022,0.4868381819320357,1
1f922cfe6178e830,2022,0.5147643626845028,1
77c78d0a71b10692,2022,0.35442030006566944,1
09afa6ce4747a1a2,2022,0.515693753689791,1
4bf3010fdeea9d93,2022,0.6112343982364961,1
85b5d59f8eea976a,2022,0.558441259743027,1
04f32bb0c0d3a8cc,2022,0.33526065971601926,1
33719a2d9c69ed17,2022,0.639377842500543,1
a3696c847ef6c7f9,2022,0.7472641201721874,1
bd064deb3494b41a,2022,0.3609848145960376,1
0f2983fe7753403f,2022,0.621527708031782,1
594435375d641f63,2022,0.55085733867331,1
144443d4dbf43990,2022,0.41237060152958815,1
b4cfb34e8224fd77,2022,0.6260313909999415,1
d0c01840c72429c6,2022,0.769655425950518,1
c317f85a8266313e,2022,0.47092693616563985,1
110f539523a4b571,2022,0.6124996057533054,1
c33257dd0605c7de,2022,0.48923322895483523,1
2cec230248d7eb97,2022,0.6993222367862777,1
1114cd1515cf3b8f,2022,0.6835990228090556,1
30abc50a2e71c576,2022,0.8436050861851218,1
be977e524ef56aa4,2022,0.7110579974744043,1
92c1d9a6d313cb0c,2022,0.38165282610082535,1
7bd6969c4ed979f9,2022,0.5638018837104004,1
0c9faf26efe2cdcc,2022,0.3617155281715412,1
7fbf09533c59e43f,2022,0.4664754131316007,1
ca0f0a35a1fcb453,2022,0.42414981900048704,1
a71764d5da04e3bc,2022,0.4120348267582531,1
972e17c1b98fca06,2022,0.6547523809661626,1
5a8f7afc5ea69537,2022,0.5971563329426194,1
f17813d03fcd8e7a,2022,0.4848134571201328,1
a419e6df765aa755,2022,0.36987600183042024,1
5bc31abb5842942a,2022,0.5389397135309965,1
2d9d966e0e8df232,2022,0.620337354437889,1
a1a5d06b0e7ada62,2022,0.3894478592262333,1
a346180c8b109469,2022,0.46008628968101317,1
4e9d76ed54f1f352,2022,0.750905668122551,1
1779cc4ae925df01,2022,0.5556657707151341,1
fd7421f421e802bd,2022,0.603814214134453,1
4a17876e99f6baf3,2022,0.5218978564251763,1
ecab8b8b36727b8d,2022,0.6018707235171002,1
11f65de5348e4bc4,2022,0.43024100300796686,1
144cd3f62591a5fb,2022,0.6385426419241115,1
ccb7e2851319345d,2022,0.5767688820664487,1
f87a7812733f7e8f,2022,0.5633654351331342,1
8f00da6ea8186ce2,2022,0.3206453144395398,1
efc64d8aae5628c9,2022,0.5597160122895773,1
ed6203e849a2bf28,2022,0.4892492947781311,1
5f4e944ff1bdcd9c,2022,0.38594143739885245,1
c960184a583f1861,2022,0.525278574391236,1
e0444752d18fda7f,2022,0.6168524902013023,1
c335f44e4f3515ea,2022,0.5118777672637456,1
9c1a2ac64c98d2f6,2022,0.48286670795943865,1
d95eeba3de7ecac5,2022,0.6810456153747568,1
ce7744d45a698aa6,2022,0.6870310877462159,1
4ea48bf2407b405d,2022,0.43934710441973573,1
b6723b9c6ff4d594,2023,0.6512410816895052,1
9f09e77e46f15766,2023,0.5517218890358967,1
c9144a294c73b06f,2023,0.6146902541956961,1
76b6058cddda9238,2023,0.40953777510208034,1
5305049e4215d263,2023,0.48910140265578606,1
5a2fa552e70958d4,2023,0.6631247072035845,1
a4c7d59d340794c0,2023,0.8125661128800832,1
622cc4ef46913020,2023,0.5335472861387336,1
d4420be78065de03,2023,0.37333070929544915,1
c88a7dbe7717d2da,2023,0.49668247151831635,1
868c83e734dbbceb,2023,0.4081368163748927,1
1d35e4c0941d1397,2023,0.47784382596266906,1
fcf385ae75191b57,2023,0.8967065215316001,1
f09c3d8a26806761,2023,0.4676959555146818,1
911b73db91738da6,2023,0.2613253193498443,1
354dc211166a3982,2023,0.6598069876629373,1
fffdc57255274be1,2023,0.8578967102144249,1
7ed9e8f3258446c7,2023,0.3746993048144135,1
8cdcdfb76d1670dd,2023,0.6324624025286538,1
5ad8aa57c8d69680,2023,0.24430117799770812,1
a3ef3d05ddd80a94,2023,0.49394041302430136,1
2d1ac675e6c1e6ea,2023,0.6391299609987461,1
0221982930283140,2023,0.7348909012437752,1
1c51f405e5c46572,2023,0.410815955027104,1
0462bcc27498f7c4,2023,0.6202487311234471,1
dde7d29cc443e263,2023,0.7449452988922005,1
a26ca06cce403ce2,2023,0.7782253913032222,1
983fab4080743ed0,2023,0.6406766754721992,1
98094a500529d442,2023,0.4964255340459432,1
a8067e65eb737a09,2023,0.4912337878816107,1
765482eb58e8db48,2023,0.4913378370070228,1
b1b20c686dfe3204,2023,0.4906859498940034,1
c63d8062c89c4c33,2023,0.4213504356178631,1
8741e6a3a5a22a7f,2023,0.4266475185394414,1
7a1abc0230af730c,2023,0.3292141857241848,1
caeeb398f73d213a,2023,0.6449191754654856,1
0ac5fc42ba039211,2023,0.4247529364973838,1
5c962ea13cb9b937,2023,0.3645433332828916,1
51a12878b151d67b,2023,0.6566503235450372,1
28af78600d6580f1,2023,0.7332223655167431,1
a37a6b6f9551a6e8,2023,0.5746397622698245,1
16dbe70eb7007f17,2023,0.7191249190502532,1
8b7bc2af1e15b668,2023,0.4589456035924103,1
ca2672e68fedf4b7,2023,0.3520371732251396,1
da22d5a717ae9e35,2023,0.5995280492967764,1
4f672dd40867d8c6,2023,0.5930660685060567,1
2208b9f471a201d9,2023,0.6046956867207272,1
256894b49303537b,2023,0.48585084512038496,1
40781a64c4cea877,2023,0.42428362201999476,1
435ba9b407b844ef,2023,0.5683171992285658,1
3d46d635f9ae5e68,2023,0.34966668859585226,1
43ec12079ccc371c,2023,0.6008635031627259,1
c3a4187fc821bfff,2023,0.7854637324293365,1
d45d9c7d60f332da,2023,0.44557216605308864,1
682ff095649c9a5c,2023,0.5455458767426521,1
dc6f69f923744948,2023,0.40347597242033717,1
3e90b7fd1e9f86bd,2023,0.6129176267872548,1
3f837b469ba33c7c,2023,0.6134710764851984,1
dcc3da324eb5f26c,2023,0.691938915011211,1
02615499125b4b5d,2023,0.6069870336574879,1
12d9b4a3931be5ec,2023,0.7949614762690453,1
63670e1b8f164d4a,2023,0.44211731279008787,1
a7f66f13f953352f,2023,0.7337382131901236,1
faac24c1b3d6368a,2023,0.4723298669513395,1
83fa3a382acc7bdc,2023,0.523437957645679,1
00a94d5fc7ce55cf,2023,0.6591152434532026,1
5737084215c45792,2023,0.6870266738091961,1
d6357dab7ccdf2db,2023,0.57901723121915,1
2ba11e0bf32829d6,2023,0.4165507320132883,1
ee2354d638c078fd,2023,0.41022630892025314,1
cd20dac4daa4f93a,2023,0.4282779120575443,1
c3b9b97467f828d1,2023,0.780887282143402,1
0eb16f1307f66a11,2023,0.6838314869610749,1
ed9f8f702585ed44,2023,0.7576138762171993,1
c29e2c49e1e417c8,2023,0.4680406176834483,1
009feda296ae589c,2023,0.6760667445440958,1
c2fc4c1e0c769655,2023,0.6977340320525742,1
ec490d4224d3bc78,2023,0.6369825329517654,1
2b9daf452ab40b9b,2023,0.6275311080415655,1
d6d034e98ce85246,2023,0.4643473578619879,1
22fc6b3f4e48cfa3,2023,0.6868693234778454,1
a69afe4a88c0ca12,2023,0.34905880848539694,1
636fd144716a3084,2023,0.6127386456546862,1
ccb5e29cd0347110,2023,0.6004815183943464,1
c3af2b6ab1262fef,2023,0.5680163178156397,1
8e5ce3308c0e2046,2023,0.3597216173035883,1
c4e4954beb59eca6,2023,0.48453113782502305,1
3cf3771274a4f8b1,2023,0.44980733463086664,1
804c350ce714770f,2023,0.45382402116401066,1
e9c6bac0d1a5ec0f,2023,0.2578081161733987,1
8d5b88e0ff253617,2023,0.5081550280245364,1
2c58a97f2fe6c985,2023,0.8149514512695035,1
b9539d5e379b3edc,2023,0.46155471962189154,1
d6945828f5fa7492,2023,0.5227648096113952,1
3b561a154aa2bbb2,2023,0.5984193469608643,1
0ccd2593c88209e4,2023,0.5418254279293728,1
53d6d5ad08ac0694,2023,0.2803724526655963,1
8a3e7085e8e5a6e9,2023,0.44719106224415683,1
6068385c48de6801,2023,0.6187918834902905,1
38094db8e3539cba,2023,0.4353427824129586,1
533984c3ff4b4858,2023,0.7081263088125784,1
f40ac11da3bd7f8e,2023,0.8416031210864994,1
9f8cf5ac0807d64e,2023,0.4222827543010367,1
cdaf65287d9a0ecb,2023,0.5076054595300513,1
13f5be7a2ea5577e,2023,0.6226621188405922,1
5e9c027fb24efc2b,2023,0.6005989487317211,1
dd9cbf6d6284de26,2023,0.23633775796956405,1
019b4d006800504b,2023,0.5882347448444085,1
90a83875e1d11238,2023,0.39297890277443936,1
c483ac06b1e33c3b,2023,0.508686640689105,1
6f6fec9c78244174,2023,0.5182726951941588,1
16bd47ba50891833,2023,0.6207481053464855,1
07e39fd5f4f23270,2023,0.5291822491797008,1
b9e037a45f8850fb,2023,0.5779641759968865,1
c6cc6ae23cbf8a27,2023,0.25145730754854545,1
2f382615155e32b9,2023,0.3920805849217206,1
9433730f95d52fc8,2023,0.656828204119368,1
bce8ece2ff26b4d4,2023,0.4860506501129599,1
1c2d0db1c9eed052,2023,0.44189082072147545,1
33fa6793a7f984ac,2023,0.611510037019618,1
355a2f4090c0ca31,2023,0.44295966219447724,1
0810cdbeb9dd4d02,2023,0.5836448830564165,1
d7022b6058dbb26b,2023,0.7085225308635172,1
780147f2ed2637d1,2023,0.5800927234313792,1
28e3d939eb043664,2023,0.39623643761278043,1
95349402616097cd,2023,0.5818566674551706,1
bbc76ff9e1b1b142,2023,0.6052698317831285,1
2cb34fc074f7a9ae,2023,0.44135522506869507,1
3165b03ddc6d3b6e,2023,0.5568610296729641,1
678d27af287476f8,2023,0.45281522420705794,1
71ea7d7985dad804,2023,0.5348595993513567,1
fe143cb868adfded,2023,0.5381855568461428,1
8b2b2562884821a7,2023,0.5877368018268221,1
119559fd8124fee3,2023,0.598139102890392,1
5de3a1bbcf705b58,2023,0.6013947655260447,1
cef255a992ba7af3,2023,0.5731415446109434,1
68c1b833ed8849a3,2023,0.5163522573649686,1
50e675146cda6e7c,2023,0.631728150760449,1
bbde45b2c766bb67,2023,0.44027885549553614,1
b01e6e97d66681c5,2023,0.6240628581676626,1
bdbddbc00d07dc4b,2023,0.6396226128940228,1
d856812dc733690a,2023,0.3775695229033632,1
995e79b951da945b,2023,0.47759929313990623,1
792f139c2b9fd294,2023,0.5217363112518679,1
83c81018bb3aeebf,2023,0.4641724008829241,1
6049301b4deea035,2023,0.3811906737933888,1
277233ca9ea25674,2023,0.6731676766893557,1
a941c4e25ddddfff,2023,0.6123215864893982,1
8beab5f941dae8e0,2023,0.40218465467923814,1
01aa5949ac6851f3,2023,0.47042599053429257,1
034cbbec91f67852,2023,0.7624213263882911,1
16628e25a043043a,2023,0.43398557053925135,1
06d9fb9c995f1e4f,2023,0.5344493186956825,1
20c0f50c11509301,2023,0.7301716332951083,1
d00d5ef4ae0ac01b,2023,0.42169822143241553,1
856468ba24a37fcc,2023,0.49159255413757164,1
e434035be5453be0,2023,0.4314999815580318,1
88a63555728c2025,2023,0.4725484112887018,1
f9345fa82bf43847,2023,0.35227705864905867,1
ca63933f8c898fa2,2023,0.49507377978272626,1
5d11b618f24082dd,2023,0.5479060234032811,1
c02d44564cb006a9,2023,0.48347121430302237,1
8dbfbd8f8bd0f00b,2023,0.4858722212761568,1
e0e2c1fc1a178d89,2023,0.519344971855359,1
37ae5c09d6f03f33,2023,0.44059794961036025,1
ecec1b0dd64ca2ae,2023,0.5009101488222473,1
2b1ac5d8f98639bf,2023,0.49572361041156515,1
93fb6c7e590487f9,2023,0.5301264301412891,1
d22de60b7a3d908c,2023,0.37684167638246613,1
2372578d3f554c65,2023,0.4860174621965588,1
5f44d6d9e6bbecff,2023,0.4335011151886222,1
4c9bbd9758be1168,2023,0.7450445443303848,1
c3ca708aaf4262a7,2023,0.6287529143561349,1
3f8b4aeb3baf4724,2023,0.4620379816761274,1
0c6e3c1f03cd4061,2023,0.7217587839073716,1
069ab7e7b8b5d262,2023,0.8047105739891517,1
11a5a852313d1f5b,2023,0.4348099872135155,1
ed707998b13d0101,2023,0.5703339048837752,1
e3aad51099a23ba4,2023,0.693880329920421,1
acfcf75f0215b7ab,2023,0.5276714994373074,1
81fda78adcaedbc7,2023,0.621943840913529,1
6ca856d1950d8f7f,2023,0.4327332433857742,1
14e689e60419d469,2023,0.33228897252834566,1
3387f430abb7e39f,2023,0.7384107677841523,1
f2ced83baf0457fc,2023,0.48628162408120607,1
838a022ca5d99cc1,2023,0.6262598726256053,1
dae2484418631ff5,2023,0.5033636222969448,1
b0f4c7788782e26e,2023,0.632586388419578,1
c501576b8ec35758,2023,0.621900725209707,1
755202fce24b8f83,2023,0.6433528130135572,1
8502f245aabd64ac,2023,0.5078821371525144,1
744cbe6e49d4f41c,2023,0.857898366022231,1
eca400aeeb2763d1,2023,0.6305767117891932,1
fb70b62915fdcec6,2023,0.5762923712106771,1
7d583e4002622848,2023,0.6057882413645249,1
33007109c9ca1ede,2023,0.551793717792624,1
49bd9a2f1fbebd1f,2023,0.3584257933627797,1
12683e06369d1a83,2023,0.5144278805932376,1
73700c8c5107f719,2023,0.6275328055386453,1
924f982f0d9d2142,2023,0.6008529952297412,1
3638ee66c7d34fe0,2023,0.47201885296903423,1
cb9654746447b934,2023,0.5864119678760584,1
99808befeece3a8a,2023,0.544812030991667,1
72bb7605e340a8fe,2023,0.5021853334950537,1
dfc62aa72446e4a8,2023,0.5234435184515964,1
ad7bd4b3ee923498,2023,0.28888661211151756,1
c98f62eb74e69bcb,2023,0.5734864696462652,1
5459c3bb88d031f9,2023,0.5268162875671151,1
84f60cb00b8d4187,2023,0.5383145800855295,1
a122968e96068800,2023,0.659283589710579,1
4d0029ad31bdd85a,2023,0.6308858612903013,1
913d8a35095591d5,2023,0.3998858966087122,1
e2f4cd4a9a579488,2023,0.579001680681603,1
7be3e513a31f6570,2023,0.617470699660214,1
d7ae0993c7a378ee,2023,0.567153186681357,1
1676c64a94be0557,2023,0.4231563767490679,1
947ea1122c04ba18,2023,0.4125714329011376,1
7ee8b91d7f80f8a7,2023,0.39564835134219023,1
e24b65cd8721349a,2023,0.473847632568396,1
47a5d4bb68352055,2023,0.24606707419323132,1
5311298f79414125,2023,0.430980616784425,1
46c67efd68a0b15d,2023,0.6030311554794181,1
e9d5ffcacf7d8757,2023,0.6259992735029678,1
40e8bf8ce508c436,2023,0.40864139941137856,1
69bc7ca8ce831731,2023,0.7045111452552322,1
8794031c523bf534,2023,0.6087194437368374,1
9cfb84817a43b63c,2023,0.5534182636419511,1
8ea12c7360fa0f6b,2023,0.43253130609424395,1
7ba54a10f28c9496,2023,0.38999184764348777,1
bc1be168c064f028,2023,0.714538662303035,1
870672b1b443311e,2023,0.5073773928959376,1
98458778348ea5d7,2023,0.6640955803188728,1
76fd6919d828d5c2,2023,0.5245715913476958,1
5d9b84493f1ed114,2023,0.3644580362412475,1
6c2199524d762b11,2023,0.8424105608460212,1
175d9e1ac0725145,2023,0.3673798312646037,1
7b909acede0a26eb,2023,0.42294653301574126,1
fcc1191761e365f9,2023,0.48638529947330844,1
f18d44292036d5de,2023,0.2866225234269516,1
c2cdeb207cce5ceb,2023,0.6574309222604433,1
c22de92b9d9030dc,2023,0.47288455737124013,1
8b296724a6844865,2023,0.5782783511784343,1
42922bab8a3e1828,2023,0.6101964589547075,1
ced01368259428f5,2023,0.5675733784652656,1
9124740fe7816d70,2023,0.7453968421507821,1
582806c33ce6dcf6,2023,0.33511929131272583,1
07cb64236ae7aaea,2023,0.5261814693721303,1
c3ef3cb03edde8bb,2023,0.7739939960754657,1
bd2e14ee959f9b77,2023,0.5242377793490426,1
dffc65202afb881d,2023,0.4891201586143218,1
454265014520a3f8,2023,0.587563732311153,1
fe370c518cf7873e,2023,0.5601532383209132,1
f5a6acc99bc5c634,2023,0.733065740680148,1
962e74250884e4c1,2023,0.4932907047697665,1
288f7fb936c1523c,2023,0.3443574610085448,1
cd137988da724076,2023,0.41337411901733667,1
ea29714dcfb07ce2,2023,0.38580912008882917,1
0548a24a9bf8d7a0,2023,0.6788791160011242,1
4dc5a41f357a7d85,2023,0.6723959153285066,1
f557405652165aa3,2023,0.5324385206706868,1
5b71958ee063a6e8,2023,0.46615686941046686,1
420f7e6530dbc727,2023,0.8464300733418112,1
dbf8a4b0870a47d1,2023,0.8045857974562634,1
69f67a4a690eb15d,2023,0.7007084056197251,1
6ef12db5b099ec81,2023,0.35215729079529995,1
ef270d8cf29d071b,2023,0.44239004008983807,1
d3a9aceeb7e23580,2023,0.7550457552293485,1
20d8f6b4b7c8bae7,2023,0.43496845730972256,1
1ffe6e8df6dbefd2,2023,0.6343878083619583,1
b6ea8880cc7af439,2023,0.4126882666838051,1
4ec5d9bd1442e6c1,2023,0.6098530443163541,1
0f24f3bc1b39ea45,2023,0.3495458883863063,1
4b12a4b48755cd6b,2023,0.5627420172120207,1
cae7de0873e03947,2023,0.7013772412056415,1
57785c9be5b4526d,2023,0.49331871998069454,1
dae80502466c8726,2023,0.6620829513376032,1
3624f4ae9c1d703e,2023,0.6114967344231147,1
b4cc389bb4af3707,2023,0.5913101676157735,1
eb30c9c975e15436,2023,0.6649809827076181,1
8362b372adb2f302,2023,0.4355692567985453,1
e4620f3fa451a3a4,2023,0.37265111438656806,1
81b7a6aa147bd912,2023,0.519543034718773,1
6adfe44b110c1510,2023,0.6019666151437846,1
b52dccbe69864d2a,2023,0.5226134239730521,1
3352c65f3f6d9b2a,2023,0.8600956150651216,1
d918da575ee1bc35,2023,0.658720133252729,1
c81d1facf185467d,2023,0.38855870568458206,1
a8a4c9f98ff73839,2023,0.2137847623418575,1
a0bc695b35f155f1,2023,0.4981043831394625,1
8b341eb556c97c23,2023,0.48349972205388636,1
89b96bc5f3e824c5,2023,0.4062187526917085,1
319b96f615a0a154,2023,0.5084560991946878,1
d54ebd2a3435a357,2023,0.41663054405535216,1
b4e2037f180c1e0e,2023,0.5201156525562642,1
3c4305abc2e302d0,2023,0.6072634909988582,1
c4caa8a4f32a0eed,2023,0.6469440600994294,1
8104fe27bdc46914,2023,0.27789123833461354,1
9541cf21e031354c,2023,0.6364992221951082,1
743a04674ab72ee0,2023,0.4038022911292296,1
90e46589a18064bc,2023,0.7099975297384666,1
74fef059e229d217,2023,0.8193291186593121,1
3de326b65aa6245d,2023,0.3759367102101152,1
7a8f218c07347c88,2023,0.7195403897007537,1
5116f9398bfca446,2023,0.5600046614728353,1
e5ac7343b6d45188,2023,0.3235837027816604,1
4327fe98e1b6f222,2023,0.3644723058242053,1
cbf1e76186a0c8b3,2023,0.5959631254669246,1
f1eca70738ca073e,2023,0.4844605022097267,1
eff6ec2b2f1fb27b,2023,0.5381202865774337,1
800a35b3a7e52308,2023,0.5874406702623407,1
c27e33ee8ef53866,2023,0.41951103158631675,1
6b5c225814a924ed,2023,0.3514617521665032,1
436a1ce6b0c6b4bb,2023,0.5535780483452228,1
38901948cff43ff9,2023,0.4626414231663861,1
1b0d5e65fdfc62cf,2023,0.5271429307503974,1
bda7992779a005fa,2023,0.38869015077926067,1
e5cb9dfc1189d77d,2023,0.7168360005702261,1
531ce3d8011fa1f6,2023,0.276345766842239,1
2c0496a5f39ab8a4,2023,0.5676022897160022,1
79bfba62da6242a6,2023,0.5369420784057818,1
2c54be25b09fce50,2023,0.35484049063568823,1
ec2358459ffbe7de,2023,0.7437026762653804,1
554163b1c8c05522,2023,0.6417526785924119,1
e3573545220ca4ea,2023,0.5552305382157443,1
91a5480f48bfaa71,2023,0.6104191985948293,1
ca2aa660bea0cb60,2023,0.5122123826442508,1
d5929b7fbc801ce4,2023,0.7207966786527136,1
9479ba3cdcb1e513,2023,0.3436364257752822,1
9576d9cba5cf5c4e,2023,0.7195273536730339,1
2c160a1d1fdbf0b0,2023,0.6268931313698094,1
9a9479663bedf8b4,2023,0.6172312114113504,1
560a971c6ab8b854,2023,0.3895984922523885,1
c2f730cb33df5221,2023,0.6448385069183963,1
c57a4810c932b296,2023,0.4444041202085679,1
1b1fd32485861655,2023,0.4677398708898206,1
e346f2b7af63e804,2023,0.5640651015423399,1
f329bd89e375d6df,2023,0.644197698114665,1
8c7b5b21b3532027,2023,0.685266954569317,1
9f7c28381b6913c8,2023,0.6321403482854984,1
e9754f597ec50f6f,2023,0.6663754532454357,1
62d53ad8f8769666,2023,0.2208655033863126,1
f995ed679ef8bdf4,2023,0.7670564617639474,1
1a95cc401f68f4c8,2023,0.35096210817317686,1
621e6f0929a3dbfc,2023,0.5788538867990671,1
fd4d30036a3f3efb,2023,0.6091436963803358,1
78d2c01dc963f204,2023,0.6258424459544,1
845e38dfbfea6e53,2023,0.6431976677628422,1
ee796ecb4ee8680b,2023,0.44635056681549046,1
b65b37c0e00074d9,2023,0.46413086223356365,1
23865dfc8361ac62,2023,0.6961166805508946,1
977250a28d3b8a3f,2023,0.5301368438029765,1
da6b863cf684e0ae,2023,0.21128917642767275,1
293c5f4c9aca5c54,2023,0.651735250891387,1
48231fbd1af53674,2023,0.7596492654191829,1
bfc9989751bd0d04,2023,0.5181966591621895,1
f7bc845ce74f5fe7,2023,0.7263902262382864,1
5531317352862978,2023,0.7077116003775805,1
de89bea7b0dcd2d3,2023,0.6465057426718324,1
dd617f6ab4916ec4,2023,0.5489837157991954,1
c53b0f678fe2f16a,2023,0.43815870236809296,1
96704d7ba3a452d9,2023,0.6681829623663903,1
2a48d0a98c21e736,2023,0.7012897674343228,1
ac73c6888ee9322c,2023,0.570088248515753,1
e3a5a7ede88a2555,2023,0.2680023540614175,1
1be27d95bba03f17,2023,0.6467273708179803,1
1b9a127f9dadaad9,2023,0.6542699961983429,1
0d41a3fa5efef91b,2023,0.49284888842390556,1
1c29c53ff032c5c1,2023,0.7195281469820249,1
5098d052525da54f,2023,0.7095902723605093,1
dfa8fd0b82b37fa1,2023,0.5583074191667573,1
4eaf54ad3c82b6fa,2023,0.5452090904160793,1
ea006bae605e2a6b,2023,0.586252026191451,1
65c89e0c92e51bb8,2023,0.5825010496950952,1
5d481ff494bf40da,2023,0.3753695603392848,1
56809feb4fe7ea61,2023,0.4436205921424387,1
bfff5a3777841344,2023,0.6765512351272698,1
0aae15358d8606b9,2023,0.6675377725757949,1
09a7f0979a58e6ea,2023,0.5370300320208328,1
a3d75cc363a6544b,2023,0.5504576622138073,1
3e1c27f17433f9e4,2023,0.510316000705578,1
f9d2137f380e66bf,2023,0.6506319159040945,1
222bb2c67a87d312,2023,0.616923867976948,1
e4ed294e16e16d81,2023,0.6359035145291101,1
7f16e7725245bb2d,2023,0.3617259039715983,1
11318a7807cee8ca,2023,0.4705188786831714,1
58b2fdad7af9be02,2023,0.671780028685655,1
bcec26b425194e40,2023,0.5669479837370517,1
7a0813ec0fadc84e,2023,0.6566140641911544,1
79f03eca3fe5cdb3,2023,0.654533109516775,1
a5d76e93a5052e3f,2023,0.35599996041176707,1
2e1435c160bfe8b2,2023,0.660633899247492,1
c0ca4c201d086ea8,2023,0.7400786427458566,1
697efaf0d162e877,2023,0.5901143133652893,1
0732e6b6eb0a607d,2023,0.2938668105156361,1
adb411b0f418ce33,2023,0.5873132205970241,1
49ede01b061cfae3,2023,0.5747343283850599,1
1496969c1497dc85,2023,0.2209754919417353,1
b3c7a5a97978d156,2023,0.5227514393726989,1
6e1bf1b163b3aeab,2023,0.520674057171825,1
bf647be41de365e4,2023,0.6805590479958474,1
d8335b728604b222,2023,0.6460490825600287,1
da1b37edb8ccd3e6,2023,0.5754465734319445,1
23a604f460289271,2023,0.5281758341892772,1
cc4fcfede19bc196,2023,0.4737451814000285,1
df146b0592259e5d,2023,0.41000358910251045,1
5ee83e03aaff5fa1,2023,0.3301351678910335,1
eb7b0a6f06dbdb4f,2023,0.41030564020492255,1
b6a6ba08898f3b6a,2023,0.46672083096563727,1
b638646fb297228d,2023,0.4459362291666117,1
68095e551ff6bbfd,2023,0.5635105546689076,1
eb76a5b76a68e4c4,2023,0.5241947924365069,1
e966de63c8e6b1d5,2023,0.7224722358851501,1
1aa4c2fa5ffaff00,2023,0.32690351552838803,1
85a130a4b655c8f5,2023,0.5598630351656284,1
a74a8c1e0a49070d,2023,0.60093655193656,1
1ba282da76ca82ad,2023,0.3606708604501457,1
7f7d2abc21f171ca,2023,0.6737548161909964,1
5b7b5b01f4dcbd9c,2023,0.5329922281373211,1
3a8af8ee23444b72,2023,0.5815211974353263,1
0197a61472fc351d,2023,0.3659383942159795,1
6acd1c591170f597,2023,0.5701764875212434,1
0d6d212fcdf47f2e,2023,0.6243100240196959,1
751cf3d52fce1d1f,2023,0.44689019021423404,1
824859c7580eb35b,2023,0.4082023144163506,1
539732694ab2c8d6,2023,0.392826223777473,1
18e5af00a8478a0e,2023,0.8952050339510862,1
b84c447bb74febe2,2023,0.325101983602784,1
75c5f923f966b53b,2023,0.2336693273689983,1
43de9ff6064361e1,2023,0.6946938033971123,1
3c6fb6bf9b7afd40,2023,0.5396288185011383,1
e9256316716499b8,2023,0.7918191084571093,1
ed3334d108b257a6,2023,0.5721244796884609,1
7024385b5107bd4b,2023,0.5337994142854057,1
f23e9729b2b73c27,2023,0.5820475761529302,1
0ea435ddf02deb60,2023,0.5886151681825437,1
3c69bed42893da75,2023,0.6277175593899318,1
9e2bb8d5961b44d4,2023,0.5472223815705306,1
7df5998eca143c04,2023,0.25647066803855667,1
6532b71560ae39e0,2023,0.6026036181394762,1
ff8f92cf8fb1b76c,2023,0.7302702924205797,1
7d474fbf31894108,2023,0.7977274184964249,1
119bc264e2bb9877,2023,0.570579325173687,1
3a81276a9641c6a1,2023,0.3870796057011272,1
ac37849f627a79c4,2023,0.7693354955926397,1
1cf69de0eea46877,2023,0.5472364481703349,1
8a0fc4624578a7e4,2023,0.5720361210725424,1
57333b7bff20ece0,2023,0.5085592193091485,1
4c025d1fff9e9fce,2023,0.5068781359945145,1
480c4dbd2e792d86,2023,0.657698699549279,1
a0362d60d2e1db0d,2023,0.39996636450341133,1
5704e73f91b9e7f7,2023,0.5126291304529578,1
128ab9aa4802c73f,2023,0.39325790043175773,1
9fe98de1eac21f2e,2023,0.7030406321181019,1
6fd67582d8adb1c7,2023,0.5436658706224683,1
db49619221b282af,2023,0.4011180410424911,1
b1f2ec122beda7a5,2023,0.34621065484858304,1
9abf0b60a44a82d1,2023,0.49522019383828525,1
6997693d552600dd,2023,0.6265264677822329,1
f0fe73e650b746f2,2023,0.27372498587920246,1
36f10b949b935b8c,2023,0.674860580080839,1
16109688429c09de,2023,0.7141654826984013,1
c1aef0f60a5b62e3,2023,0.6227615343882792,1
62b64802ea49e2fd,2023,0.4354955448980663,1
b210b99d9c1c9196,2023,0.34693781474454877,1
bd4d2522cb0d1a23,2023,0.6671079741015734,1
2ae243f518948794,2023,0.4900054486807692,1
5be63144ac46f97e,2023,0.5019924841278929,1
73ebbfb998edc1f1,2023,0.6883340998737859,1
7990b6716a53b2cd,2023,0.7325848022380536,1
d0ac2cc5c57c4e66,2023,0.5729016548840214,1
32813f5f46f045e8,2023,0.37639871922587376,1
0dc2fc8d39e226a3,2023,0.41823409006032397,1
d0602cdc04d2c159,2023,0.36930934963408657,1
0320a6a967069571,2023,0.5484857933730817,1
626c82ed45fdcf59,2023,0.4933793130711439,1
02713b2d25f74d43,2023,0.3878123952364695,1
20bfa549cb2cabe7,2023,0.4996474495978285,1
39c4ae4624052f9f,2023,0.4291872342524172,1
246d06693b5ca1e8,2023,0.43911459485446014,1
03eecf1926d9c77c,2023,0.6124881396156,1
9feb9500b0fedfcd,2023,0.6621559631679588,1
acde7c89bd724af8,2023,0.39711064496337356,1
84f6de7c99779e5f,2023,0.7984647466160463,1
5a6e894e4b6cc703,2023,0.7986805451152896,1
5ac1725f775c6f00,2023,0.4920326775401972,1
35addc4646509286,2023,0.873791482494461,1
3adab28c5c6a9254,2023,0.5170064180081986,1
1afc4f372a125c74,2023,0.6301304333401344,1
fbedeb4e4b019b94,2023,0.401843712168015,1
acc57a9c114b694a,2023,0.5464931982691179,1
91093a019d32af2e,2023,0.45260231614653024,1
f9ec8bedc15ece93,2023,0.6410489413702858,1
fce6522f42b48f18,2023,0.3210013206313822,1
abb6e2169ba580d2,2023,0.5676478696426732,1
4ec249e549309b16,2023,0.45644565478354193,1
c442899c21d58779,2023,0.31518941487608715,1
f8a8871d167fc929,2023,0.7118067633141968,1
609d994bfe440ec3,2023,0.39254361376385916,1
521a0e016878d174,2023,0.48873779457265953,1
3b21a9f48bac4a44,2023,0.27272860506136853,1
ac8628d945a78b03,2023,0.6692604727391304,1
1efc813ccd7a5aba,2023,0.8064747717681676,1
4896b36f1333d25c,2023,0.5366710370154173,1
3fa8ee3fdc04fe36,2023,0.658826084940968,1
fd29123ff92789e4,2024,0.7749563947096865,1
5344e76e26503716,2024,0.3231773645020669,1
0494ebcee93e717b,2024,0.6944691588792282,1
477c3b9de012e4b3,2024,0.5156303302156691,1
03de7404decde12f,2024,0.47625992019592556,1
5f622d812b8f407f,2024,0.4687045179616247,1
6f13fe34cb3ca906,2024,0.69046663344599,1
d0d99889c6abd8e1,2024,0.4604022008557781,1
a8239866e1222eae,2024,0.5319700137606806,1
640f2ae3995b3b4f,2024,0.5638019702994824,1
f2b407019b2a5c15,2024,0.4949439806367403,1
ab105e5a56b5ee90,2024,0.30749107139224663,1
7736eb6bd5c1ff4a,2024,0.694525266612162,1
a10e2d5416972b9c,2024,0.35261282494209556,1
dff2685afd98ed9e,2024,0.6385876421914264,1
43d90683078fcee5,2024,0.4480315379240027,1
331ddc1141e934d1,2024,0.3907873186267955,1
670e4754d8d3d172,2024,0.565255867635346,1
1a7cd191f0cf160c,2024,0.5436987671473119,1
ba5005d1116fa45f,2024,0.5695275644240936,1
97817609ed46baa0,2024,0.4657705796935486,1
faf15b752fb8924c,2024,0.5125449820424341,1
14e53999507c76a7,2024,0.6846325206654578,1
df9847839c73a678,2024,0.5353550178870483,1
e396c509fb47b037,2024,0.4224928865299261,1
c28d40498150de90,2024,0.5583543418623951,1
e1930496b33fa636,2024,0.564324942294314,1
4cff9aeef3ac75c1,2024,0.622272409865305,1
ca7d61e167d7789c,2024,0.4866857776742136,1
d4ace70b3661ee6c,2024,0.4698984944825998,1
330d86bfaa4155fe,2024,0.34686804034969104,1
7b1882dc76786d77,2024,0.7734900007654031,1
af6d56860ba4d259,2024,0.6930047915867295,1
733e675fd7c0052a,2024,0.528613390878197,1
767ceb4a0cb43ade,2024,0.6166826324221946,1
478a637045ad49fb,2024,0.5157184128092416,1
ad26bf55ff201f4f,2024,0.47252427886558446,1
08f7a60bd84a6b3c,2024,0.4615281293822632,1
dbfd7616dec2b6d5,2024,0.368612542680345,1
c3986c1a56a6e94d,2024,0.6494701165490611,1
edf46d6962be7e8d,2024,0.46162099109156307,1
246fef4b19c3a7ed,2024,0.4033677892777665,1
9d8473ae274ed625,2024,0.4243961711956511,1
5304956aada097e8,2024,0.5612755893055867,1
e7938bac3ec8b442,2024,0.5706614298599234,1
17050a7b673dc49d,2024,0.609781937863863,1
25259e230be9cdc9,2024,0.5796546256613737,1
406f2aacd1d1faf9,2024,0.3560887739000919,1
b7d238437d6644ce,2024,0.6710066631397444,1
9ddaa62cc806958d,2024,0.6682741373287414,1
ef13ed466e0b42d8,2024,0.6175217891903262,1
aeb3e4d9710207a4,2024,0.4881841205073323,1
e92fb5c609e20b49,2024,0.7675097112931901,1
1456a3f96ac7e35b,2024,0.3869278711581871,1
2aeb3ec2d8c05dc8,2024,0.48998771475759384,1
f87a3fa07f0009c9,2024,0.5488592126274978,1
9785420602b452f7,2024,0.7142229569384689,1
8fb0092430448368,2024,0.6990647844178872,1
01432891260084a4,2024,0.5671610891059454,1
bec3154a11df3299,2024,0.5985791201747999,1
50dae6b76c9c6490,2024,0.8100959271419528,1
93ddc6b233d1956a,2024,0.6442498493280584,1
5e8c710f9f27aff8,2024,0.6326884365727055,1
a376f6d5806d0c90,2024,0.5115489243572635,1
1c03c1bb62f3aed6,2024,0.7916281938413574,1
d1d3b6ab8a56e973,2024,0.43862893906201517,1
063e7ce759c52f81,2024,0.4287569147528033,1
673a156925dfb31d,2024,0.5519901012524914,1
6e4acb2aaa2cee56,2024,0.5904044834046885,1
ecbece0cbd60029e,2024,0.5749652869094927,1
3b05a4ced6dd74f5,2024,0.3843491026236808,1
74f5cbecac011abb,2024,0.34450992825955185,1
ba8f219260e212f8,2024,0.49309419034056307,1
4e566db7d26df001,2024,0.6870269194955806,1
3ea7d69a1238f26a,2024,0.640373557531527,1
a7d397cd0f2ac93a,2024,0.252666830671263,1
cde2f88251b73305,2024,0.44898028465974743,1
32bd7ed48f5aea7e,2024,0.7103339737773592,1
024beecfd3f0ed7a,2024,0.6966773954400458,1
dcf5014e56649c2f,2024,0.8364524156818185,1
5a82757b553c40fc,2024,0.7708319206343393,1
df3cc5ec78d05a71,2024,0.6777825820094393,1
838fd9d2b14e0790,2024,0.46326401812561524,1
3677ce6c1ee06a83,2024,0.4363803619998825,1
3d3dde60e3d59c1c,2024,0.6566644876757631,1
cbdf29f36b343f6f,2024,0.5934517829534031,1
f0a9dfbb6f6ac852,2024,0.6213269197416642,1
7bc7af11050e861b,2024,0.37394333137000724,1
ebb758b49e82d0ed,2024,0.6857747362322357,1
8baff440b82afd2b,2024,0.6828273075695965,1
33658a3ca932d15d,2024,0.743158311927484,1
0133019a4f1055ee,2024,0.46328270068048055,1
9861b6d04e6ed43c,2024,0.43533358798427435,1
68f7f992603192c6,2024,0.6888654263415324,1
270edfb687c0d20c,2024,0.1809998026996137,1
6e73ebbd089aff5e,2024,0.3705236906790921,1
894c44c3d04aaf6f,2024,0.6846948112345772,1
f1cbd73e7be64d28,2024,0.37260192309231727,1
537b3cef39d2d573,2024,0.6906329493096848,1
66873dde4077bd5d,2024,0.43899838748458575,1
c26f27667c230391,2024,0.4016556895129023,1
451df53c13185584,2024,0.4971094440077053,1
711ec0545552455b,2024,0.3748073327487931,1
4f20f3ada1489823,2024,0.5517622658391582,1
569e0ba18701c305,2024,0.5318050744964791,1
2f414494f2b6f426,2024,0.49844565904579125,1
acc7392d48cc09a0,2024,0.4342563322932827,1
35f9beb94b4ef9e2,2024,0.37171751267740694,1
8bc0c220f7dcefa7,2024,0.4433338258867042,1
3223b7e196a07224,2024,0.6120048354060839,1
f4ea27d942a390a5,2024,0.418107603510537,1
f1c3abce15ef053e,2024,0.5034419011702618,1
0e6782b758451063,2024,0.5279369207283036,1
48ff3f1bcefbf965,2024,0.7336080444954207,1
8c8337ce8437fe2e,2024,0.3428259829910073,1
de7cb625bdec0f91,2024,0.6553513290760531,1
a1294453a28beda3,2024,0.6276434914777498,1
72f123ddb4cc9d1c,2024,0.48300728347613364,1
127be512f86618b2,2024,0.4014978989134013,1
d564e3a6c77d0c85,2024,0.6624133132832506,1
cd6452a463ec8a28,2024,0.5352656995160525,1
faf19712bd7ea41e,2024,0.48025325451315737,1
17e8ab0065e9085f,2024,0.6431509421987894,1
ce33085fc5205bab,2024,0.5994568001986177,1
697e38075fd41819,2024,0.49126627591222294,1
f59cefe16905d62c,2024,0.5439911880390274,1
976abc27a4e5e26a,2024,0.6842132966261496,1
99dc6d45cbdfa322,2024,0.46800680861310806,1
636b01ee49925e49,2024,0.43037241953530003,1
eb9f9f61507497a5,2024,0.5452401250840719,1
91aa08e910fb4412,2024,0.36153564917435843,1
e30250daa73005a8,2024,0.6974216812324548,1
77992b8727382373,2024,0.6733673507833168,1
de12349f334c964e,2024,0.4564875790288897,1
e6d4fdad2b3422d1,2024,0.3318973839532561,1
1685eecc7ef37fb5,2024,0.4371994160518602,1
3cf5e0ebb5f8322c,2024,0.31106206894101884,1
1f7566c90343a680,2024,0.4118012166164592,1
5c3b8819dbe98114,2024,0.5407585216106991,1
188e6416157e5a1f,2024,0.6415923428227868,1
ff5a8078ea85bbc7,2024,0.47870056422804735,1
0b9cd718d7e329e8,2024,0.6582535520245417,1
47f8812a335b6ce9,2024,0.5877782918942703,1
6ff21ea2c75c48ed,2024,0.7171165195008895,1
32375b4435fea5e6,2024,0.532410566799371,1
9c22ddb8d8fc1838,2024,0.39806494856690877,1
3ce96bb0c69b39be,2024,0.7619975387149166,1
3ab0d8b344d2ebea,2024,0.5118225910134577,1
efdad54c8550e6e0,2024,0.5613598052129285,1
603afedc31d95999,2024,0.5397743338158763,1
18824fa5c15c212f,2024,0.3427456085941923,1
538ca98010ed00ec,2024,0.4547980433322284,1
b1ac165326d8f29e,2024,0.39890279027586995,1
d95f21817a56eb05,2024,0.6996879964883593,1
eda1e8c285a0a788,2024,0.5802118671921789,1
0c2e3988793b418c,2024,0.6291535336835712,1
01f7c28804746979,2024,0.6861761409265554,1
cf5e8f98159c3971,2024,0.5929944965769759,1
66eddbe35056c06d,2024,0.6258724256501529,1
e4931f3ab3bf4141,2024,0.398700723230503,1
0976778a6e6cf8a8,2024,0.47802648336512243,1
1631f70535ae5dcc,2024,0.7190747769352115,1
0a85b3ad328205ff,2024,0.4474167089000364,1
4915c8a588513c22,2024,0.5455592655490789,1
417049c7a3d65ccc,2024,0.39385965637762466,1
681cd3cc6299d652,2024,0.4744057107958165,1
55231cc4112334b4,2024,0.5706925278717063,1
6ea77cb62aa2f276,2024,0.5819758160650559,1
7ca5604d99220e88,2024,0.3909966519978163,1
dae70ccdf9e7475e,2024,0.5763767303324903,1
45de6d0b9cf5451c,2024,0.6435002301403554,1
f41e83de703acf85,2024,0.27930034682965565,1
a0cae57eae875820,2024,0.5259600664765812,1
fe0f1b418e6d3ecb,2024,0.613871215053901,1
89db7aca37b87711,2024,0.6349125179784049,1
4661e9ca9354021e,2024,0.3695888519111077,1
b9de363e6b406853,2024,0.3958795378381055,1
2faf5b8d708f8e94,2024,0.6564113795032369,1
8a121f9c48f3773c,2024,0.6083446077689277,1
c84a29f426f1aab7,2024,0.7575970537184379,1
c456b1950208e0b2,2024,0.5654793948213374,1
2db0998b24c11ea0,2024,0.7103977917470594,1
3e74caa9fff4a5eb,2024,0.7574918370929948,1
a8718a3419a11e15,2024,0.31934381987838223,1
b3d88eaea611a4a8,2024,0.3785196828188784,1
3f419fce8ba8aa0e,2024,0.4786935938227112,1
ccf3b6eda4c2a564,2024,0.46576108546462014,1
4b45f190122a1ce1,2024,0.49483219758838465,1
ec5d705232983b87,2024,0.5531082994030004,1
13d8d5cd83e5b57e,2024,0.6119126730039045,1
8d9bcbb48888a5a3,2024,0.45385257810849433,1
420a5e3b4010ebef,2024,0.6817883381991894,1
e98eb6de29c62c9c,2024,0.626031410078199,1
8aa07b6cc40f0cb2,2024,0.561888129405168,1
6c67aa7063717a0c,2024,0.35058989048181355,1
a049c12f43914449,2024,0.5760099969214909,1
b78a222fb448aed4,2024,0.48012013697462164,1
6f0f84075fa1a4b0,2024,0.4669515091330497,1
069df63733dcf697,2024,0.3741746009144104,1
63605e9f3e71d738,2024,0.5030430910762603,1
28c6de749d0d0e9d,2024,0.32258741723076145,1
fc2bdd67c1a056a4,2024,0.4392161090828085,1
3aea9c60d25fc93b,2024,0.5189016391748713,1
68ee31dd0853cdc9,2024,0.6349915031109867,1
b5df5a0a0bda9256,2024,0.5021184882633667,1
2a43df4cc047a28b,2024,0.46413377379774423,1
5dcade01fc840da6,2024,0.5740149635949348,1
20220ace492af368,2024,0.6589853826721657,1
85ddb65429a9d517,2024,0.6014187124834944,1
17aa636aa98678d3,2024,0.6104641550843235,1
f1d3eec12662d8d7,2024,0.5137448885087956,1
2554b31a07f34e1a,2024,0.5810515856376627,1
7d9bb6fda0ea1ee0,2024,0.6212001177662028,1
b7575b0ec9f81741,2024,0.5352928558042306,1
cf306c4714530f31,2024,0.5626995100999562,1
c0af8cf5befb2dcf,2024,0.6281630318780366,1
ee24be90a01f552e,2024,0.5868639551907662,1
fd2d814a8a23798f,2024,0.6105006488462594,1
b5d5b8e06ccb70a3,2024,0.4150779657647117,1
605c16fa5a803b15,2024,0.5690940029572756,1
9e7538a788e6d789,2024,0.5468689041993463,1
1a0031e2072f21b6,2024,0.7116237073423056,1
b20640f9b2634de1,2024,0.3299743204897617,1
753735b48b1c20b9,2024,0.6059291969867325,1
790a8cd528233e50,2024,0.43177355905825116,1
e976815e397c40e1,2024,0.4264817088968993,1
a91fdb21a7ff52e5,2024,0.5103412138261963,1
4c0adccb34c1d995,2024,0.5446125649055049,1
8afe89f5c451b372,2024,0.4960834692950698,1
251983e1bdae20fe,2024,0.5178512395469332,1
393f9bc7b51791a6,2024,0.4248553601934272,1
3b12094dd48c2dc5,2024,0.4660551304298564,1
dcc0c53100fa1dd2,2024,0.5952560649756267,1
b34abcfe4c2e8a57,2024,0.7620945181867248,1
2d12ae4683bbf433,2024,0.5762244073125938,1
052f53e006b28132,2024,0.6330452775563173,1
06713afc60301c0c,2024,0.6531826576959576,1
94f5b35b2b6c72b1,2024,0.6294106620004793,1
e47523ac32bfa24c,2024,0.3168397107393709,1
19ef5890b20f903a,2024,0.39972069611190303,1
6f31285305881fe3,2024,0.7581920580415771,1
ab7bc93bdf4132c4,2024,0.6133123859510907,1
3b1438e9ec64990e,2024,0.6059867616564655,1
fea3a0643218e16b,2024,0.5795641423706811,1
78a7bf038e56881d,2024,0.31669478805228435,1
6bdb93f9b4581bf6,2024,0.6163396892038433,1
7f14be4e45bca6bd,2024,0.6929514660463447,1
c0d6feef69ccb330,2024,0.4296710858088889,1
0ac2da3dbaf2fce2,2024,0.4359580304772977,1
8db5cf5df713a7e9,2024,0.5316057563169008,1
de1acb6803ab3f14,2024,0.6585244728257444,1
8bd5f20f49434c65,2024,0.2987258351221975,1
774fb0c0c1c2bc6a,2024,0.638585555099999,1
9d5f562e0572058c,2024,0.42833982369123225,1
fbbf5391ea25521b,2024,0.7052351065687283,1
8ddd53a7ed3754d5,2024,0.6560408800516927,1
cd3bb8a2824fbf22,2024,0.4408025459276016,1
eba46dbf9cdd83c0,2024,0.551476193052119,1
bbe3d8a37a276511,2024,0.43376141459575746,1
7856621db043423d,2024,0.6235306130634926,1
3bbc222130d9dac7,2024,0.6050776227004437,1
2517029ff9c1a1a2,2024,0.734430840056687,1
5f8a92f10e5451ce,2024,0.7851866713933423,1
2b7883b304b3df1c,2024,0.4893327284219579,1
08489fdfb56ee19c,2024,0.5197126622897597,1
daa6b47be304ec86,2024,0.7011998467464057,1
fbf77262d8da342b,2024,0.7610042987441231,1
a571c622ab89b3d9,2024,0.5715514462508305,1
bf878c083a6b30ad,2024,0.4339867491264169,1
fc8ad0c7fc70dde7,2024,0.547506536494042,1
bca5d01f8775f852,2024,0.443932456865796,1
25747d81ae5c6564,2024,0.5130628962530834,1
d8e8d41282fc90dc,2024,0.6207250429241982,1
e06bfd0100eccbad,2024,0.7084477930951119,1
5eebde8fb4d67259,2024,0.6830864071200912,1
582afc25875911d1,2024,0.5182268795885383,1
80108a70c4afa6c2,2024,0.3530341112033232,1
a63bb85cc39389c7,2024,0.2708917975582662,1
dad759ec50508147,2024,0.5808197474897654,1
54de03e04f571735,2024,0.5996863004136553,1
dff8e4ef87d69516,2024,0.3852162714628816,1
1394ce1832ddefe0,2024,0.5391881072941104,1
836e9bc5c1f6acd3,2024,0.5313168088249638,1
c3ef9edf73626521,2024,0.5659181348248498,1
b3f1253d0a991791,2024,0.5574562535587331,1
e655774643881e6c,2024,0.7608759079232416,1
40c18c6d64463809,2024,0.414609644368263,1
6e6567a98ea78891,2024,0.4226178804083332,1
ec8bc554a0646638,2024,0.395638612213861,1
94541dd979e0b4bd,2024,0.4567854958247364,1
9eaa33f874bbb999,2024,0.3933242841578408,1
120ec60ad18cf6c5,2024,0.7006584551324091,1
4a00db8aeff200a2,2024,0.516163950935936,1
dff2ef8fdde8c502,2024,0.5470506012880365,1
a5558e8fec59a687,2024,0.6903641678164083,1
3183dfe66fcdd25f,2024,0.5941760064653308,1
026bb9fd1b3f239d,2024,0.5908568302810405,1
16b0a16ab2e20fdb,2024,0.46932606488891526,1
d6e240c47ba6034d,2024,0.7278484638059519,1
9d8c32c60df0e287,2024,0.4372014589083192,1
678eda89a096dde8,2024,0.44213643767565347,1
45e6a9b56ee3a9d1,2024,0.766460684143915,1
8a2e28da18ba6a25,2024,0.6225176114344106,1
f02fed4e98048471,2024,0.5154890313416696,1
3e2bde19e752f64b,2024,0.6655529644984597,1
ec434314c5438fc7,2024,0.5225524865131772,1
ec5163539a133f17,2024,0.32598413739154974,1
e6851877e33d343f,2024,0.7580370050831975,1
d038ff5ac21094f3,2024,0.30973566220508725,1
f80143e1f3c3d319,2024,0.33971908970151615,1
77df662671ce11c5,2024,0.4917819201799575,1
637f792270a0c746,2024,0.45226356771433923,1
1cd63899011c4bf6,2024,0.6577933848482639,1
fbbb703581440496,2024,0.5741381631659118,1
de767dd5216bcad9,2024,0.494424755694083,1
d0d74672150ddea3,2024,0.4795880224063498,1
2d39c26876246223,2024,0.6385669759066601,1
bb85e207eba236bc,2024,0.4903244733947985,1
b38450d9aa0f52b8,2024,0.5766198817185922,1
33655fd07cfbe034,2024,0.6004812350418898,1
1b5d5af1bc0a34c7,2024,0.6785999812187515,1
cd9851b8eadb53a9,2024,0.66518747021895,1
6bcaa0de4003cc41,2024,0.3329234708075447,1
a7ac1dfcdc083694,2024,0.5743617542520095,1
1332c1037c955d82,2024,0.34889172837628313,1
e0b14afd93af5638,2024,0.4270738079027021,1
6aa89b7b5350b8e2,2024,0.7106224625800628,1
7b4284bd3033a319,2024,0.8043001741351683,1
e72a2130e7387637,2024,0.5987682609003153,1
84973bbdffaf0d0e,2024,0.6115878774170419,1
075a102456080ab2,2024,0.5581829367542379,1
ea824ac4b8ed8a35,2024,0.4383125195049084,1
ce75f5ecbc0d3dfd,2024,0.8496736111601224,1
bfff6cf22c1c569c,2024,0.6410701517292832,1
b9d5c77ae7a8109b,2024,0.3660903611809097,1
43ebfc8914a39061,2024,0.4740820771259867,1
ea4ff1d77928b029,2024,0.4989946963804424,1
3c319d4659e6c8fd,2024,0.5852873142743038,1
dd3d8f7066c145b7,2024,0.6095161327362892,1
059f5cf0e9e37627,2024,0.33720163585040347,1
bf8c5effd23f69c4,2024,0.4519223172926915,1
6c44af21414e4143,2024,0.6098525709699396,1
d4127baf74b0e791,2024,0.6393230367095787,1
903d588b30a471e8,2024,0.5549164786669094,1
ba8eda6993922ba0,2024,0.398468084775561,1
d2caa1ddb9de7481,2024,0.5455478671717073,1
560f1e26c2a6690a,2024,0.5533548154141699,1
2cbd53e43d3f606b,2024,0.4571561892377937,1
ae50a1a655b1a8f6,2024,0.7066991266515139,1
bad06a5380d762b8,2024,0.6517285312840256,1
5c5523a6bf83e44f,2024,0.463099625875214,1
70afe9e0d2422252,2024,0.6826592883724091,1
15805ae1eea3343e,2024,0.6878216183219715,1
0c418b9cdfd525c9,2024,0.5126102166230614,1
f734b497add754af,2024,0.5327308635905227,1
f1613b372748c8bb,2024,0.7613295663647051,1
6e9876d2be2bbd02,2024,0.42530180020212727,1
69bde5bae0d6ec4f,2024,0.4180971362424628,1
abfd5ac6cf186d8a,2024,0.9900901605959102,1
b80c6eba11c54778,2024,0.6397286375007998,1
75fa9c0bb31caaa3,2024,0.38740651179536467,1
fe59646ebad8b6e4,2024,0.5859744125308877,1
453e6f2665c85fd7,2024,0.6454371929918996,1
bcfaf1dd78f12f97,2024,0.7015019129941544,1
ee9ade72b44dfa06,2024,0.6414680137136491,1
3cdc6fea724be133,2024,0.7784542759341443,1
dae8ad2e03aa4a9a,2024,0.6468967940351146,1
c60a317c7767abb7,2024,0.4751329160982329,1
3733d100f7bd5590,2024,0.5046770683628621,1
2397e2a92710705a,2024,0.676907776122919,1
78b506e5092a27fd,2024,0.5133477216819604,1
27d98a8ee6608e27,2024,0.3931868644274193,1
2335e75ce63805b6,2024,0.5933990696672595,1
6f83cfae0c800ef8,2024,0.5330110764070851,1
3146e5a47a922976,2024,0.49271632393974046,1
eedc7fccf7037949,2024,0.540713966670026,1
a187670c5ee1ec5f,2024,0.6149363593360191,1
47d978a984a163aa,2024,0.2742735989462962,1
7ba432e218edc17d,2024,0.538248442125139,1
d063d46208c560b1,2024,0.7661326712240761,1
e01019fbfe0e9528,2024,0.6847932491018816,1
3599e9de4ae0e171,2024,0.589625164644015,1
89b772f864acb637,2024,0.7502625432933715,1
d806aacf5b6ba7f6,2024,0.6418245915905694,1
f114929ed709606e,2024,0.6913772269111416,1
45f00a42a17f8e2a,2024,0.5234036613260499,1
19706d8ba0edf9cd,2024,0.38629005718906395,1
62ff1e5deb124ff5,2024,0.44566508753457357,1
7ca4c91bab696b89,2024,0.3659255160483248,1
84b3577229880760,2024,0.46418421905173934,1
58e5fc1914c4e641,2024,0.5171852683945906,1
58dec0a39cdefa3f,2024,0.5826468224736416,1
ed5b6681ab4e83e5,2024,0.47534481971711784,1
e8aad69aace1d31f,2024,0.6095451438568925,1
eb73b63bbd7b88a7,2024,0.6946626547410686,1
69bca5091b2a31f6,2024,0.6810389478242086,1
9ea124a13d071186,2024,0.6885260452391431,1
5931cd9cf5da5f75,2024,0.3743626981991095,1
3d7d82fff71e395a,2024,0.5608772822368799,1
1d68bb733de24b06,2024,0.48654477058665296,1
8c5e06c71f392f33,2024,0.7370312955115091,1
de484433eef22e1d,2024,0.4078420875503553,1
b23554da35a84fbc,2024,0.4238213553946427,1
48dd2c9cb39bd2d4,2024,0.44088002153254524,1
85854504ce1aa97a,2024,0.5647093070375331,1
57415110bd494c79,2024,0.5388368126012977,1
69a5895fde58432c,2024,0.3993162695353756,1
f1cc9169813c4a3e,2024,0.5260319054613669,1
f690949d90ff1dee,2024,0.5009632099132002,1
98c29ba02cee5ba3,2024,0.6286383869676831,1
ee5c0b8a757992af,2024,0.46911846755635767,1
6fa2dae90bda4742,2024,0.5048680544517399,1
998bde5639c61adb,2024,0.2641410370814758,1
32b8c6c4b735d712,2024,0.4073896959085972,1
4277b02a4dadac40,2024,0.5717601907692904,1
53f7f1b4834387a8,2024,0.6704037461869681,1
fc73ecbd83b7f159,2024,0.508956851404649,1
308f6cb830019ea9,2024,0.6544741422887534,1
c61923255389e67c,2024,0.6415326086149309,1
0599f35e6679de02,2024,0.6328554623976336,1
a2f46e94aa6b0c64,2024,0.3874815853589201,1
503d7342cc08109f,2024,0.5705900396653016,1
f01b97e864cb4b8b,2024,0.3237009544690741,1
a2f2c64f9fb3fb1c,2024,0.4082678216420789,1
6114076c689e8457,2024,0.780779478171909,1
bde635a4f345bc3e,2024,0.6740133215585327,1
5c783cd188425783,2024,0.7165221053911549,1
df7928de73fc2fe8,2024,0.7305155707821038,1
af6eeea1cfe33240,2024,0.46442289415864235,1
919e3c5cc6999cb3,2024,0.26811199994779666,1
1d65c141776949d6,2024,0.6069529671911851,1
781a2ea50f5ae68f,2024,0.6291219168871016,1
108434acbbd75d26,2024,0.7149713004310463,1
cc11a0762f246fa4,2024,0.6533211980276998,1
b09f54654b0f95f5,2024,0.5550556286863966,1
b8bf186f884678ea,2024,0.6327375480296382,1
ebf7cea27b83c432,2024,0.6293133126991989,1
f0723cda67db3954,2024,0.4758648152538338,1
c9cef59a5de32219,2024,0.5821488418786295,1
f93b074dfd47b4b4,2024,0.5777374503472695,1
de084f0d65421cfa,2024,0.6099546073320736,1
5256ba94641a4284,2024,0.5102610052128992,1
24581e2b39fe3319,2024,0.5300558447431709,1
b989d4d7e220b3c1,2024,0.469333895157488,1
d29a82322bb083d9,2024,0.5972610867845307,1
6ad594777cce2d7d,2024,0.4830778695419562,1
eaa885cf7ae31e0b,2024,0.5497633690140277,1
7edf2fe3a8776a44,2024,0.4293461694215628,1
18729b11614406bf,2024,0.6056461795272775,1
799acf3ae8a5df0a,2024,0.5984209834017123,1
32f2965b4f4c4ebf,2024,0.4668135842421143,1
582846744e379178,2024,0.5373866543863438,1
6fd1edb58d271f7c,2024,0.5166837016220559,1
6b9ed3867dd42b3b,2024,0.40467560132029157,1
c9d2a718f39274c0,2024,0.6065564466836791,1
e62033cb1e79aa81,2024,0.7279005183798674,1
ea6427379a83bd01,2024,0.5539986791008372,1
c31d9cac7534d879,2024,0.7157550362795986,1
e6685759ed2af90d,2024,0.4840688882727924,1
154138c8fc89c315,2024,0.3212717938045437,1
73f451d894a1d4ca,2024,0.553786448939402,1
40e2a7b65794ac05,2024,0.47106262284085343,1
9676a4e9362e4bfd,2024,0.5470297904729235,1
00414fc5519233b4,2024,0.43332648432010246,1
6c1faa6284428e5d,2024,0.4829870594399694,1
c565e2baa27cc7e5,2024,0.6054413512710511,1
35c8223cc967fe0a,2024,0.43200138718772835,1
2a930e2d7e1f87a9,2024,0.3703841641577823,1
55eebc2ee92bf00a,2024,0.5652894338249786,1
8545a2495db16538,2024,0.27381446378510615,1
cfd3e62c638fbd1f,2024,0.6911293497307422,1
4f4189009a190e35,2024,0.6306669032597366,1
b35e47f2f58ef026,2024,0.8175108691678427,1
86a2f07e0bf20297,2024,0.4193388356029689,1
f5f28a8b472b8012,2024,0.6045322010627596,1
38f1c83c19e99fa2,2024,0.4437926283608156,1
5dab54e34c2cfe01,2024,0.41405699093438714,1
baee9b2491c986e2,2024,0.31676825759989685,1
828de4f5585c908c,2024,0.5112314406393974,1
9c207acb12c17a67,2024,0.45949436446919045,1
56d2c00dfd391fcf,2024,0.6255576976117603,1
02ec66f311dce539,2024,0.5377018447300635,1
64d6d51219e0664c,2024,0.35590677283926697,1
bec57d7cce0e6257,2024,0.554517389252903,1
f0c4aff7dd1ec4e9,2024,0.4372401042890661,1
f53573316a4f349f,2024,0.6288450995523039,1
eb94412f15c62650,2024,0.7023335030305607,1
72b12a837290b327,2024,0.8196464021260358,1
a5c57b0f49e9f61c,2024,0.6154691481563561,1
d38029cf47e54cf7,2024,0.6046111909649515,1
0f16d83859d608c7,2024,0.33008417058149275,1
7c0d0a28a8fba102,2024,0.5170983972164374,1
df30514e0674d598,2024,0.5680220713345616,1
4914f7bd073c6359,2024,0.4706348465981447,1
97caf8fca9d9603b,2024,0.6402555829376241,1
089388c9f00ce9c6,2024,0.4917706073520374,1
0292b9c31c0089ac,2024,0.8181102517694987,1
f706508c52f337a6,2024,0.5605157644332958,1
1569186ee820ea87,2024,0.5859641925893275,1
e761c5009c09b295,2024,0.7445343396625322,1
edf7ce89ad672e85,2024,0.38080512554424817,1
b40e4deb48658851,2024,0.5548965047120873,1
e5f9d59d00fe3c73,2024,0.7802533861987627,1
cf258c17234d649e,2024,0.5970031191144456,1
ebeeed2595266bbc,2024,0.5038685254635389,1
b0be38110c2d8b84,2024,0.5868339930222345,1
9c24c03131d5b49a,2024,0.6044196585456915,1
2b6a75175bbca4e9,2024,0.5808465207091073,1
5238f6470d0557fb,2024,0.543750844861715,1
7b1bc4ff776f12c1,2024,0.3372301330806884,1
1a635a5e4551e7d5,2024,0.5683475349533698,1
7521015554088962,2024,0.47300414856519346,1
00c6a2ef07ca51da,2024,0.587789909396423,1
210fc45074fba464,2026,0.6253967635978024,1
abfb3ed6dcb0e1f0,2026,0.46684375734282246,1
b5aafe149bec4306,2026,0.513135098674639,1
780cab0cd07589e4,2026,0.563679804228641,1
33be2456161c14c3,2026,0.7793447771420169,1
6c9f4799990c3c33,2026,0.7669633499738688,1
836a188a90e479a5,2026,0.43671413297390754,1
d63c9aa4f4873001,2026,0.7021859407929812,1
d93ee3860196c4ae,2026,0.6432248212828824,1
007e8e0d4a39d82c,2026,0.4852207946712053,1
fa4b3f5ce8055921,2026,0.3038921678640372,1
5c73e0013b859664,2026,0.36497813635061094,1
780bae82bdfc7112,2026,0.6357930804725599,1
ad14c502c9c5a7e9,2026,0.6313099348633993,1
4c1e7e1765a5438a,2026,0.4145845060154642,1
78912b78aa946375,2026,0.5254080414840301,1
0047f8aadca1936f,2026,0.6557192635800644,1
47362cae6ba0e077,2026,0.6855565855477955,1
d94f1b32a81e3fa1,2026,0.6771236338027306,1
32e9bc4d0a19a923,2026,0.8131239275250433,1
67765535bd0b6bdf,2026,0.566654596884715,1
57d7a683b85bb87b,2026,0.4515530754184901,1
a7ae8f6eb5fc3a79,2026,0.7385273796824195,1
b06b43670238c2d8,2026,0.4869914668147912,1
2bbfbb234c255249,2026,0.8273463452388758,1
9d30c887e8bd8824,2026,0.33646302219995017,1
84e8ccc3c97c2b4c,2026,0.44380785079364116,1
86df0e75f41784d8,2026,0.6660353813741411,1
cc5c5a8cff4c1ae9,2026,0.633679212765577,1
abefaf1807941ee4,2026,0.4142429948478835,1
f964d2dda87f25f0,2026,0.7305360264645014,1
6cca11f353a2b42d,2026,0.3561995497357406,1
2a26c0cfa06265b7,2026,0.6307334911536036,1
8fea32ab0445859c,2026,0.7265683126658808,1
a5c5f76cf0a7c784,2026,0.28204019293550553,1
dbbf8334a2600895,2026,0.5723975904492395,1
fb4b1754d510b0d0,2026,0.31551954724027204,1
6e78d874097a3d22,2026,0.7391634972411063,1
5b97f47cdd355cbe,2026,0.45192336652703735,1
508e622130b0a84d,2026,0.39951682782917664,1
8f9896e60047007f,2026,0.5792583240509486,1
fd56a469e4589ebc,2026,0.6129667097741165,1
ac39c1f00ae31e58,2026,0.8100424335966226,1
202d3277e569ad03,2026,0.5553250560586143,1
372d1dee0db8dbee,2026,0.522504236723589,1
54437b8dba3a6110,2026,0.7355323849858342,1
04b7bcc0e8488604,2026,0.5927479172079401,1
dc6f6c8228390ebb,2026,0.6995426251778393,1
dd12bf51c5ed7f1e,2026,0.44964043156993927,1
8d740c844353ae0e,2026,0.27666242736779234,1
c6a85b67fdd2ef3d,2026,0.6047517663083743,1
581292ffe5b09344,2026,0.7783086163555295,1
44d58943ac8e47e1,2026,0.5495908719826897,1
6154ee95d3f4fc32,2026,0.5476430372219803,1
25ab195cefbce1d0,2026,0.8203436933476869,1
c40b934d2666e351,2026,0.6283232374048114,1
45ec0c5f19c9adbe,2026,0.6700116823103345,1
3b76a00f5d0400eb,2026,0.8201599037620739,1
15068d7b095ca9bd,2026,0.5400381113981174,1
7df505d8260ba680,2026,0.6058778222600202,1
81f3d28d30d17378,2026,0.3821382248817611,1
36d12b31957e94db,2026,0.6221856680959303,1
1330b5c21269fe92,2026,0.34309481301881045,1
a5abdc461cb1538e,2026,0.617152827176323,1
cc03e698c4b7da52,2026,0.400455936966568,1
a22fd3735819d858,2026,0.6317896682647519,1
f661ef429055f8c1,2026,0.6005772958656104,1
6feb49a6b7e8433c,2026,0.561451474610243,1
9c8d5dbd8905a715,2026,0.7514062835044657,1
ecd16d14a138d7fb,2026,0.4760621772817325,1
6a4738656c493ee9,2026,0.5799369112508594,1
f02c0adc4ae629c6,2026,0.49114211300641,1
bed89a91da9d04c1,2026,0.7007730350862034,1
d564db29997e1371,2026,0.4699586773264766,1
f030febede41c661,2026,0.4168055970761494,1
244285b7fd0ddece,2026,0.637999273522255,1
32d371462c539bee,2026,0.5385588539748851,1
8cab057e6549afd0,2026,0.6804931048825573,1
cff81d681a01ae18,2026,0.4965113332527945,1
c769dd861357af9f,2026,0.48637524872826915,1
f44b4e998b6829f6,2026,0.6285440740973561,1
2c330a6f7f1e55f0,2026,0.5078485487763458,1
f26c0bdf7689aea2,2026,0.8069857693252982,1
fc9168fd102e2e66,2026,0.5488083154511129,1
db7694f4513120d5,2026,0.33928362989766736,1
e0acd0cf4930671b,2026,0.6634163430194362,1
8bee5192baec71d8,2026,0.6893523461501025,1
3b7b771b9578383d,2026,0.6342664673021974,1
f594fc5c2bc6237e,2026,0.7758361651027236,1
216bc9b661485017,2026,0.5442253029778837,1
bbe0f3653de9f6a8,2026,0.36923682536673996,1
bfd17ed83ec5b598,2026,0.7698637054434708,1
8817bd21b6d0a989,2026,0.7262241338965555,1
90187edeeda7e6d6,2026,0.6814091221429626,1
3b9f50f07d9a1601,2026,0.6938602527253951,1
3ee578ddd071ad4c,2026,0.4888385187417512,1
4e58bcc0d27042fd,2026,0.4303665311632281,1
562d916f55918901,2026,0.6568605507784382,1
43e26b46cbb51985,2026,0.43595254380206805,1
5ee11b727e89e8ad,2026,0.5486761778576474,1
fa534aaa5b997a69,2026,0.576488887644262,1
346e3897c2ead99a,2026,0.5422219357469766,1
796e1151896195aa,2026,0.7761787160374491,1
dbf1ee1a1912c735,2026,0.7232747332612632,1
1c50e43770ba84fc,2026,0.6514198335118798,1
08d4e3864c44f8a5,2026,0.309756341616975,1
689384b01b40ef5c,2026,0.4036715353327007,1
fa96d6252579b51e,2026,0.1938363783356338,1
a76e14495e61cf19,2026,0.5812506582185336,1
e32dc26b11d1f81d,2026,0.4955667623532395,1
f9f5071b993a5f4b,2026,0.46236666702513013,1
6102e7a6dcbc62f0,2026,0.7253754941847855,1
9a0ecee6e8ca173f,2026,0.2746702198019767,1
85e94a6c071fd9fa,2026,0.5986198948434065,1
a5a749aa0061fdb4,2026,0.42287476160179965,1
caf13346cbcfdb03,2026,0.3695991770787453,1
e284a194fb4648a9,2026,0.34005054487339836,1
74bb036ef0493bf7,2026,0.7628899062009123,1
9c9c26679701b84d,2026,0.3822342833258424,1
af2a9d47ca8115e4,2026,0.6441876828507498,1
0760bc02280574dd,2026,0.5075678523253901,1
7924f10aac3543de,2026,0.33544076147537816,1
c27bec45d5a29a2c,2026,0.6614229916743928,1
fef80c98b2fba70c,2026,0.47402637140247045,1
ad487d1c6141d90a,2026,0.8145747426473702,1
721642e7de112e9e,2026,0.43958625417427505,1
d69bd8e53ec858dc,2026,0.4185424483353082,1
5b49c3d36907c6df,2026,0.4426288447651807,1
20868a67bea63129,2026,0.4023599256005339,1
f506977877074aa6,2026,0.7486520526776472,1
62b5ce408c150fa8,2026,0.6250645250930155,1
b4e16fb13153efdc,2026,0.5133695627833975,1
10ab34056720b6b4,2026,0.6440996348747934,1
60949f33201415ca,2026,0.5607619030096378,1
c4d060cff018979a,2026,0.4969683299095379,1
903552edaba48f4a,2026,0.4380394763955573,1
aade9d76ac6c6aef,2026,0.41226093323765334,1
a031f062b7ffefee,2026,0.43347879887608387,1
32087c183dffcae0,2026,0.5876995410477586,1
0b6c13ab8ad7f82b,2026,0.4991320291537707,1
bae4de7ef8c0769e,2026,0.43201541270534694,1
85c7a0f44aa3e10a,2026,0.32347003496056465,1
9fab4b0ad082f670,2026,0.4798152945106966,1
678440bd8274a18e,2026,0.5317006159801233,1
a661c0bee7c8d5af,2026,0.5259147640248629,1
5a209522211d7530,2026,0.45772391129800777,1
e644218737c1a778,2026,0.6100586716336699,1
b5299e5b946015e5,2026,0.44743116868611343,1
32054bf2b36b0e47,2026,0.6831191575170606,1
0df4f4ac27cf2d26,2026,0.3991728574004971,1
2e7f8d0ad385876d,2026,0.3932714099850694,1
c7fb90f1355291e4,2026,0.5357574853599976,1
d421f3cd158fd055,2026,0.2826750738333421,1
dcfd594b68ff5ae1,2026,0.684395715157726,1
ef1cd6371a3f18e0,2026,0.5936617754395503,1
67f24cf244134661,2026,0.4397862703248326,1
7e551ddb1494a45f,2026,0.5553487850674919,1
348de8e364ecf041,2026,0.31181591608409276,1
f5aff2f858311fbc,2026,0.5115702238831358,1
84951374e4cdc679,2026,0.5022145076704347,1
cb745968bd16bf56,2026,0.4280975745650508,1
f524e42c36028de0,2026,0.4700941088750063,1
610a640a0cd81ce5,2026,0.2342644379131297,1
7ac4ae301ed699ab,2026,0.6655623665300099,1
827c64369b374989,2026,0.5420959644226826,1
00bde62cac38e5e9,2026,0.7034758179345527,1
edff38661bf2866b,2026,0.7645707326520573,1
1cb0711cd49dd95e,2026,0.46136320273764053,1
46181797eb543a0b,2026,0.6960691029596544,1
2afaa97901d5587c,2026,0.3076689964151744,1
a564219e7a964aa6,2026,0.7024046137390276,1
cfc884a249141cba,2026,0.6055010907989778,1
afec383a96893ec5,2026,0.6622369702134472,1
5c7c38dece435cde,2026,0.7623596875610189,1
eb6d9fef6c374830,2026,0.5016508017298447,1
e92d89cb2d69235e,2026,0.6321747210411732,1
1f5d0b106385b2ac,2026,0.7035623578163812,1
303018d7459323b4,2026,0.47944581959538324,1
9d35723a53749931,2026,0.3953844608330263,1
e50857173607d631,2026,0.42803805357789526,1
ffcb47e17eebe6a6,2026,0.7034557412936672,1
f88dc6e0c29cff1d,2026,0.4691693695521372,1
770c5302e32916ea,2026,0.832383895167064,1
1158a27a1a04b971,2026,0.7059383443163865,1
845b8653f9cf839c,2026,0.5378916678902964,1
22ba4f1b0aafbf82,2026,0.5336617472945244,1
c85b530861145935,2026,0.4223034728955932,1
70f1621080b3435c,2026,0.20855921317929382,1
39417b7d07c2fd83,2026,0.4947754064728352,1
b482d4452e4d0eee,2026,0.5753571943195015,1
b98ead4eff6bf872,2026,0.5853015981347587,1
48cb604345f11766,2026,0.4363705510958168,1
5f7111b982bcf6e3,2026,0.29663978346065095,1
c9e0aa88afb81dab,2026,0.37353355946318845,1
6242cda790f2085d,2026,0.458632716283191,1
ec32745308e2b055,2026,0.6419700118018447,1
a6ec8573a9d38c51,2026,0.3767111194609013,1
57bd683efc797fc1,2026,0.5315006577762137,1
ecb7ff543dd41bf8,2026,0.4786675767584325,1
fc1266e2892ed111,2026,0.36538792881352417,1
e4aa608124896794,2026,0.4195903233822713,1
370ff29489150560,2026,0.6093669305523597,1
34d5ec676fb5bce3,2026,0.4815852233645406,1
3f719885c9916e06,2026,0.5279065568727301,1
224dce2c0b03e7eb,2026,0.7410449602129782,1
3bc0190fb17ba42f,2026,0.6883998969749919,1
bc0b3c16246e0d1d,2026,0.6622896509920466,1
f6d09973de0f83e7,2026,0.4326162633476627,1
c1c9dfd0c0952f18,2026,0.6185751036833385,1
00959e29e4a10e26,2026,0.3189489807072267,1
f74e4afdf6ae29d1,2026,0.5605911475612538,1
a23d84f15207e459,2026,0.28620262528438845,1
423f32dd018ac218,2026,0.6792423728663032,1
b0474597b2c60482,2026,0.7290295347385274,1
a6b211d8dab5edec,2026,0.6139367180868186,1
44cfbb8c3c356c65,2026,0.5533181122261297,1
98e77712f99956ff,2026,0.6836448901255365,1
20d74ed23d3e9b3a,2026,0.5582062480419752,1
90940d93d6e0998f,2026,0.5649767336014964,1
5d2eedd05081ed23,2026,0.6291785355243437,1
bfe4950b3de83e9c,2026,0.4592920439336654,1
c47796e11a801e12,2026,0.41798161194319733,1
58ffa2dac4f2e7d0,2026,0.3741514376812467,1
419fff06f338f5c6,2026,0.6403533924987571,1
5c69b019e6deee41,2026,0.6972063095915622,1
127ba4a1ccb3d4a6,2026,0.4674230241033003,1
00e8d4b961a65d21,2026,0.6473004423367281,1
9a9b30b3165b62e4,2026,0.7346365312195624,1
30cdb851f6c63444,2026,0.723317779961692,1
60de0423ae6ed097,2026,0.6935050206296957,1
5727d5be8c373346,2026,0.568882527461622,1
7208e40818401e88,2026,0.20208568744704491,1
9efa4de316b8bf43,2026,0.5386019413077312,1
b23a1a5d35eb438a,2026,0.6758067306073924,1
6658fe4531c86674,2026,0.501608353215494,1
8b809ba1880aded0,2026,0.35261781551084004,1
3b4803afa824fea3,2026,0.4834734305418906,1
c0980a613f24accd,2026,0.7416969923655821,1
17d31249c9ab18af,2026,0.2635555247506367,1
571a3eabff5c7ba7,2026,0.7697793363000035,1
e4849375d1949c74,2026,0.5066145301640141,1
aaec28fa3c0c576d,2026,0.6414015608955994,1
afc021700481ac4e,2026,0.6658698548065749,1
33afdd7ad43a2756,2026,0.5725322430037592,1
f1cb2e7ef096ec7c,2026,0.4911558118833935,1
ae0a91c8f92f4758,2026,0.6978474341083623,1
0e60ab32f3d03929,2026,0.7568828413752442,1
1a7119f3996b5635,2026,0.30119976200929255,1
5e7f4ba1210f433d,2026,0.5490876477999351,1
48b1ee7ab45add4c,2026,0.5898745774279224,1
6a35ff33b8597904,2026,0.4923640656484711,1
35985895d4ef321e,2026,0.4516444635171508,1
d83294b031502177,2026,0.7362242586050031,1
81cde317c156723b,2026,0.6635439291457746,1
809814f03ff3140c,2026,0.5153691784834438,1
012c307c9d446c4d,2026,0.5743310312620125,1
c13dc0cccef263f7,2026,0.3935141354915564,1
1b6a3b0d27654d3e,2026,0.5965300470270816,1
1162a74e3604c488,2026,0.6560396242626612,1
9e00ee7644774e18,2026,0.7577627700758803,1
b223b10ef19f912c,2026,0.6986274585617985,1
e84c3f1f9a33fa90,2026,0.5188505262511485,1
930317fde9dbc55e,2026,0.754115423390608,1
e9f389ba3a1e33c4,2026,0.5217237556492968,1
118c25bda9392140,2026,0.7843707518180396,1
7765e5e779dd7dc9,2026,0.5265367545312778,1
a26ea74f2e908842,2026,0.46473686325130403,1
a3ab1979192b647c,2026,0.3992132598250554,1
c572daedf2012a49,2026,0.44092280580035537,1
130b325610c54a64,2026,0.381595903405308,1
989760fa75321d69,2026,0.6236437227463107,1
307ea95ad7ebe466,2026,0.5948153943228738,1
e05155c1b5c2dc74,2026,0.5965314163604766,1
410e6b9e01660b35,2026,0.8072951480673636,1
9e525f939fba3e73,2026,0.5440794394137143,1
46d800ce45fdd3e6,2026,0.6832865284823666,1
f2eb569176e46edf,2026,0.36894690817020714,1
3bd159c1bed14700,2026,0.5752293580027767,1
c64c6ba6eb1e1d06,2026,0.7539389453940898,1
52ddf20a10890b41,2026,0.6872116219505884,1
f2abca7379982d4f,2026,0.812438449237828,1
4eff5a845db17572,2026,0.7410151938889943,1
701c97405da76603,2026,0.564043627877139,1
532340708f0500bd,2026,0.6082272235234178,1
3859314324918eeb,2026,0.7342413546468699,1
3ac870d6e7d323b7,2026,0.6081215880233094,1
a122306d0ce5fbfb,2026,0.527828457365626,1
f6e6b004f07363e9,2026,0.6249697067976655,1
05bc7a042156b6f6,2026,0.34286310788877206,1
d7070ab1b2144f8d,2026,0.653360024091781,1
61280e5644189c61,2026,0.24339874849471474,1
5ffb251c6ea48b65,2026,0.6754839645478179,1
4ace64aa144389c5,2026,0.3680985029205803,1
c36cd04f8f560f0a,2026,0.433609434493813,1
9009ec7b91f2be14,2026,0.585409120268182,1
878a7e6fec3e4573,2026,0.7385799565789087,1
94cef172179c9778,2026,0.6586345184281203,1
f78f34ef2ee7b02c,2026,0.5300901747724053,1
5425c577ed4f50b3,2026,0.7583163963961042,1
13aa6688d0538095,2026,0.6146099418725025,1
4350abb4f1933f88,2026,0.30641272795633645,1
f1bce0c9a3fa4bcb,2026,0.37949201316137277,1
fbd99ae7e1ff993a,2026,0.4063217209297396,1
fec91da886d80200,2026,0.5571082268104562,1
7ecb154439aca0f9,2026,0.5110092882304191,1
f425b7a527dd53aa,2026,0.4970230224848304,1
eb8753ed0476b3d1,2026,0.6547328184986094,1
0c3c835e681972d3,2026,0.7369085909565266,1
68ae50dbf98dc15f,2026,0.557030593181776,1
ded584e13276cbcb,2026,0.38733698069811384,1
d463229133909215,2026,0.5611398507660439,1
1168a8e59aacfd72,2026,0.566754472569795,1
81ae2a465e0dfa4f,2026,0.49387434230601346,1
64829a32c78ab656,2026,0.3391770336269541,1
13380a8d6cdbb381,2026,0.5439927120198889,1
3050549d19395f6f,2026,0.5605043045565928,1
f44ab9e9e4a89735,2026,0.6689274299228298,1
13f31f7a784013a3,2026,0.7047750626749647,1
06bfde3e3577906f,2026,0.684361746562391,1
d5245f5b96b8afdf,2026,0.5901609117242801,1
a10deecfb8558335,2026,0.6894911994782741,1
d5ebdf462c9b59b3,2026,0.19363206116307585,1
e7077d030d5fc15f,2026,0.6288200292538529,1
360b13f97e7ca703,2026,0.5389775014396123,1
e79e4d13546d2360,2026,0.2809847158917521,1
9c5da658c76da7c0,2026,0.6474763707772416,1
e7c11d1b22d50ba0,2026,0.5756192431824214,1
6e495deac1f57169,2026,0.28874379344361,1
8e482cead0c7eb15,2026,0.6432946005748217,1
53902dcb3e213b18,2026,0.3494783064915882,1
d4bd456d70965734,2026,0.5604095540502141,1
4700d42c9869674a,2026,0.39429065176213474,1
365fd759c03e93cf,2026,0.6414297886295457,1
97fb716bc7b8751a,2026,0.802075657431797,1
11e4a448ce1ae5e3,2026,0.643236582638744,1
116dc88b63113f61,2026,0.3874739837997042,1
7e86f774f19e5e59,2026,0.5748431137041363,1
bbd05484f8c8d739,2026,0.580160576399406,1
5d2c1c4dd444772f,2026,0.37987708422872923,1
2bbacf9ed3c64184,2026,0.4376370422143687,1
a6873fd459587d17,2026,0.4869500011185712,1
a4b3becc0cc394d7,2026,0.7571951170050697,1
bf70d01518c80fba,2026,0.4210561304505342,1
0eba299c9b6760fa,2026,0.6910172435861079,1
a57ccf31c5f6f82b,2026,0.4930348853079616,1
fb77b08a90b92d5b,2026,0.4527670657892453,1
6cd4457edf4089f9,2026,0.4523157208907368,1
6206c62fc8f0b71b,2026,0.7418659441731223,1
ab5922e10699e869,2026,0.3358776486917079,1
636867bbc9f96739,2026,0.41161694922704595,1
8a980234dab7ae43,2026,0.5521318089616483,1
ec5281a72f09d8ac,2026,0.7291384817416485,1
80f7f5405d5ffca0,2026,0.5485551197154919,1
1fe768d599c159dc,2026,0.5847530613812759,1
f894989058f2bb05,2026,0.5634703859841548,1
48a5d9c4592d2f2a,2026,0.5327727948030996,1
4af8cb715ac0d459,2026,0.5387895185078212,1
73cb6c4e060c4ee9,2026,0.6554322629404371,1
228fefc6923c40a5,2026,0.3847296798952968,1
9226a13d001b49ec,2026,0.40367566460478843,1
e5fd7ef7ccf955b8,2026,0.40762738750595173,1
809ebb0cfdd01ce2,2026,0.26204507286085355,1
1f973e21581b082a,2026,0.4420129563425085,1
ac3af13ffe39b1d8,2026,0.33602828633182086,1
94d411112ebe8fad,2026,0.3738458302078547,1
b1c6ea7d7d413bd5,2026,0.6430681799707643,1
ad17c34e0cc7d702,2026,0.5963609741344098,1
b90b099c1f47bb93,2026,0.5885905774354929,1
cbf9063d23513661,2026,0.6867371951810366,1
8300a095a4908ab1,2026,0.7020911728928226,1
c23197c7e4f2fd9d,2026,0.5513887722641454,1
55f698e5c4ed2c47,2026,0.4398008663665003,1
bba8c0ab999b9e6f,2026,0.414463761238859,1
64da2e60f1b472fa,2026,0.6233211303938895,1
5a91827fe8c1dc26,2026,0.5090911138238614,1
d0d48877bf3724d1,2026,0.3764364219341981,1
0aa849ca85e4355a,2026,0.6260492063459436,1
9a0e77ecd1b7f04e,2026,0.8021515018688026,1
046c22f769fd8300,2026,0.7418930396253803,1
f154037892b9fb94,2026,0.3635524062990945,1
51caa91f68873cf5,2026,0.7521369403764158,1
606639bf387f60e2,2026,0.5969010306770366,1
d9712b45c094730e,2026,0.4299465278238538,1
1fca7dfa9e1e15cb,2026,0.6574435541476603,1
1aa008d8597a73b8,2026,0.6152605440714115,1
034c04e480d87b8f,2026,0.5485051421871823,1
2e35163040eb3189,2026,0.7200948977774486,1
73304588cef4f88b,2026,0.6158044288102067,1
9be47241c960d082,2026,0.5956754145685653,1
51789f77811b1817,2026,0.7733210993667088,1
d89cc2cb92cd8407,2026,0.5213470579701946,1
3f2d637ffb324a51,2026,0.2971167562527842,1
d0361fe28d05a0b5,2026,0.403965204265207,1
196c64693a2ce308,2026,0.45308807936898615,1
023ce4fa7b7b76f9,2026,0.09388227928102644,1
f7810c98786c3dd8,2026,0.31206229002441677,1
fe612d20eec7ef35,2026,0.6323429140978769,1
568ec6af4008355a,2026,0.7516882702851974,1
