fight_id,rd_a,rd_b
4acab67848e78327,350.00,350.00
4b9ae533ccb3fcdf,350.00,350.00
ccee020be2e8d9f6,350.00,350.00
d917c8c7461b9831,350.00,350.00
3b020d4914b44fc8,350.00,350.00
17ee4caf06981b81,350.00,350.00
c53325be8ce33b8b,350.00,350.00
fcd8e8ec45eb6b9f,350.00,350.00
8ea72cf82fac07f6,290.32,290.32
b72acedda7ddc006,290.32,350.00
c4aa04781989699e,290.32,290.32
5655639baecd8f6a,290.32,290.32
8fbdde20b712b8da,247.46,256.35
aa161c7159741766,247.46,247.46
00835554f95fa911,216.04,216.96
8887948f0c097cd8,350.00,350.00
56315d5ac11594a5,350.00,350.00
ca837b002a318766,350.00,350.00
f65b000b7e450bcf,192.62,350.00
5167a5aec41f8b6d,290.32,350.00
323f543eb8abdb36,350.00,290.32
a1db4c917777aa79,350.00,350.00
b80e6a799c95d499,350.00,350.00
8f8f47a728c3127e,350.00,350.00
0b71ada6c9209fc9,187.07,350.00
ccccc0a22b05eac6,290.37,350.00
7e7d7a488ea21f63,286.98,350.00
040ecf01338dff9e,350.00,350.00
9c74c2758a2c7c2e,182.18,256.38
e65a23b80c869456,290.32,290.32
f29eec19aa5c1303,172.54,247.46
802c0e4e228996ac,350.00,350.00
fa152ada833de1d4,290.38,350.00
fa3b940bd48da7e2,350.00,350.00
43c2c904e1574c59,350.00,350.00
ebfe035b70080668,350.00,350.00
2308e0da38efd4ba,220.39,290.38
db4c169722cf1e33,290.32,290.32
cbf3fc8730b4ad09,200.38,290.32
db8df615610f3632,256.47,164.08
6ca94b35719eb300,186.00,247.46
b297c3e938e1005e,350.00,350.00
8e03db41687d9132,290.43,350.00
88945d70ee6c6467,350.00,350.00
547295977141cbc2,350.00,350.00
e2b32e1683a566af,193.45,350.00
5d19fa2df1cb61a2,242.28,212.00
43f6b0c40113d0d8,290.32,290.32
3c2c7c095c79a506,212.30,256.42
d62aec55bc142346,231.59,172.06
66c029f49d3c5da6,195.40,247.46
4b334c9727eee450,290.35,350.00
e4fe950846b51bdf,350.00,350.00
e9ce3a28eeb83905,350.00,350.00
869d753568a114a6,247.50,350.00
fcf632627ce40195,350.00,256.56
ef2ccb690dcd943f,216.42,350.00
9ebb7bba0b45d517,350.00,290.40
62bb4ea8bf86790c,223.66,275.90
99d98a2d278bfa1f,286.94,201.74
3932f8e9a74f3d11,200.97,179.04
e7ca291dd8f5661b,238.86,201.66
6449a1a9a69a830c,241.08,290.37
7ffcc3a72e082ace,232.16,350.00
6b0430e9c97afec7,212.15,256.84
8cc976ee1a123fb8,160.52,183.78
3e39aac3e15d75bd,207.76,227.89
d45f9dfdb75a640f,165.75,192.69
0d872527bbb3cd40,151.44,193.42
717f3c3932279196,157.52,190.14
524b49a676498c6d,142.76,147.26
5701dbbbfa4f8313,350.00,350.00
3cf6583153078f8f,350.00,350.00
16cb0064575e2b0b,169.78,350.00
ab7390e549e28893,350.00,350.00
8312985b75241b06,350.00,350.00
90bce37a788afeaa,290.32,290.32
f5156ca4dcd2a0e3,290.32,290.32
16b4a0b06427f1ac,181.66,315.90
8d2e99599124a16f,247.46,247.46
e92abaf81ad5949b,350.00,350.00
31fc4d5d5d1a6126,290.48,350.00
c89017008da245be,350.00,350.00
ca62a52ab0bd9108,350.00,216.11
378ede9e541c82f9,212.28,350.00
db845f2e28c22b4c,216.11,350.00
6a060498e60756af,134.30,176.86
dc6a8ec4d6c477de,287.09,350.00
f59b1215176636f6,247.55,287.28
de2ced807ed3eb0b,206.19,197.37
e4acc3bb3c3e27d1,350.00,350.00
ba65a2f56dc6a5ed,350.00,350.00
bde5589889ded1c9,201.53,350.00
ced000124f98f276,190.43,290.32
b71cb011942f3176,290.32,188.39
6397fba14ce7f674,236.15,180.97
c413b0abc04358c3,290.43,350.00
3badedeb2c5533f4,350.00,350.00
b03b58b04dafa93a,209.68,350.00
7149494344c04258,254.22,350.00
398ff6015a5ba3b5,174.44,221.53
a5200c9bac3c420b,247.59,350.00
b633d9d9626239ec,201.76,229.35
9f6a7aee1fce539a,256.42,163.70
a5c90086fb65f58e,183.78,244.94
d93c8c77e1091a16,290.42,247.90
2f449bd58b3d9a99,290.42,350.00
9713ba5e92ee4f5d,169.84,175.38
f84070b049bc14e6,157.10,256.57
14e48e29fefe1b3d,289.92,162.30
fa48320affd3b2b4,160.65,210.06
f716e27b04a6fbb5,162.20,174.14
c8ff8a72f3c5a825,150.30,245.87
d595d2c36ddba8ee,154.11,142.56
565ecefd8a37ad7e,350.00,350.00
77bf1e37929b0d59,350.00,350.00
18af785da73b5996,223.83,350.00
e45feb9866eb2da7,350.00,350.00
72e7d6d5328bc3d6,228.54,350.00
b28809d58f8c18fd,350.00,350.00
2963e9a4b8c10bc9,206.15,290.32
fa347a9ac9d0558c,290.32,211.01
3e813ba25895913d,188.99,127.95
f3c33d0b7a087eaf,350.00,350.00
0473ef44197be419,287.03,350.00
45e49fe8d3d1bfb5,256.84,290.83
90557b479ce1c2a7,350.00,350.00
e3255c742fff811c,350.00,350.00
75d16f9eae9c6ea6,350.00,350.00
86f566f142593667,239.75,290.32
4165dd0c39926e2f,290.32,290.32
0e16795e385e76a7,239.52,135.36
1586c14f26880553,350.00,350.00
f373e50e2fab3d5f,350.00,287.10
6158150558be0edf,267.01,350.00
e0a11799d3446b87,350.00,350.00
f44aa569b4eec404,350.00,290.51
3f6c0a76407e1863,350.00,194.68
c92596c3143db25b,290.32,290.32
1f561a3e35a9b48a,286.95,269.75
1a5171802bf3bce6,350.00,169.80
c99e302777049f2d,291.92,350.00
da77ead135cb4f17,350.00,350.00
6603f1d60bfeefa9,245.11,350.00
3bd789bcfb12368d,179.90,350.00
b5e49b35bc25c5a9,247.55,203.09
1c1f8f281b2065e0,226.85,290.32
b3cafb4e6e1b2ad0,325.75,129.87
0e0629a1503125a6,290.48,350.00
764e492b55c0ec40,126.56,350.00
2750ac5854e8b28b,350.00,350.00
e0c636beed345e1d,350.00,247.55
5c3542260741c6bc,185.97,216.63
ec1bda9a4c2aab42,350.00,350.00
748657d9ba9d7c71,214.93,255.96
b80872821bc4f6ba,350.00,350.00
4bce0ce561a65288,350.00,350.00
a3a328ca117184df,350.00,350.00
43885ee6cc5ed241,350.00,350.00
db936df21e61209e,189.47,229.26
16f25f0808db6f77,290.32,290.32
b55481006297ba05,350.00,244.00
f32f823658478705,294.13,350.00
ea535b46e0f69ad3,350.00,350.00
8b258bbb37f74a66,350.00,283.79
21aa163b80e504f9,350.00,350.00
8d83354075a937f2,350.00,350.00
74dcccd3d2f487a1,350.00,350.00
1e14e79a477f2357,124.06,350.00
17526cb9fb6072ef,290.32,290.32
a4d8e991ec42b048,350.00,167.20
1d3c1dedfba6eddc,265.44,350.00
635fbf57001897c7,350.00,350.00
35b871e0bdc1415b,350.00,350.00
b6de61e312dbb1db,350.00,304.44
dbdad3eb157703bc,279.92,317.46
07423d10cc23bfeb,250.70,290.43
f85bbc760000f001,350.00,121.79
3261bd16c10e3014,172.15,350.00
c8a04210d832a928,246.45,350.00
0cf7636471fc5e45,290.47,350.00
fb8e8d1a734b6fe8,350.00,350.00
48fccedc8889a473,243.34,290.47
6c15d41df17349c9,243.32,174.46
86090172facd6cf7,276.51,163.97
453118d7f05be814,221.74,350.00
3fc4d9f17be8d003,350.00,253.33
03afd7b6a217aaac,350.00,350.00
9a38c18f00bb8b8e,277.66,350.00
25215e8c06d7d63f,290.35,350.00
997753de17f81e3a,350.00,219.84
b26c2f616c9436fb,263.37,290.47
28f31c3fd7afe737,167.64,280.51
c03d0d781df4ad2a,216.20,214.96
79f9086932f21016,350.00,350.00
3a271d9d9210a818,256.52,350.00
6bb2a427004deecc,350.00,350.00
c892b23ad8f2208b,298.95,350.00
a3fe8217502c42a4,251.85,350.00
99b5010fd25911af,227.87,256.75
73c07530f667289f,297.32,307.83
1db8bed8b4d30fb3,300.05,350.00
c6f8541973f69080,229.31,290.35
693e4a0bed9a1369,350.00,290.72
3e4199f9a69bac88,234.71,350.00
82cf32aea3d7edf3,350.00,350.00
38e3986b7cfff608,238.42,350.00
df8d4014d8206ab1,206.29,350.00
62ac5bff3c181f50,209.93,172.37
a1c1e3c1e9c6cf1e,350.00,350.00
968cd768ac41e6ee,350.00,350.00
d9e86958bcb15c26,350.00,287.04
c6ead49500c047e5,256.30,290.35
c57acf13de48330a,287.28,350.00
eebf672428b168b7,216.89,295.38
96c247ba0eb1ac65,278.72,248.63
b1134affa18449dd,232.73,193.50
ee1950e871aa5cc2,350.00,350.00
a4e592c874e8233f,350.00,273.00
36c929fb1569d4b9,287.05,350.00
2cd6330ef18210b9,350.00,248.71
9c7830c91fad60d8,285.22,290.32
c22545a5881459ac,213.38,215.64
2ab41c5519d0b1b9,259.02,234.42
77f9b97f62f373b0,350.00,350.00
81b0c08f7503e79a,350.00,350.00
cf85523b0d442d35,290.41,350.00
22911cbd32370f6c,350.00,350.00
aca2f98ee112d137,350.00,290.59
17be6e24dafd31e0,350.00,350.00
9f2b94c46b70c6fb,350.00,291.99
cf8fe599f0b44fd5,235.04,350.00
9397493152c0669a,350.00,274.98
f6066d192a16f5ff,220.02,350.00
ba8b1ed5b05a719a,350.00,252.88
b675fb8f413b59e4,350.00,273.74
0adfdf8f563be462,177.97,259.86
85f28a8276a141b6,290.37,350.00
7edac7a0a2f72f28,290.37,350.00
8452f6d5a1450cfb,253.64,350.00
d84f88ac792e8c53,283.94,350.00
a0dfc397caef4afe,306.00,350.00
f0b2020d11a0cf94,194.20,350.00
60e5b2c1bdaa203e,350.00,284.10
cef1b43c77e02635,223.85,193.93
c078544a32e18ba3,290.42,350.00
075dee476361e83e,350.00,237.10
ae54f944d1ba378f,256.44,295.34
8a9a37d68cc428d6,350.00,350.00
0bec32c32da199ed,254.78,219.81
3ef7c2b26af8cf22,200.06,230.97
c5bec85a32462995,186.57,350.00
794ec0a93eca0492,177.13,124.16
4aef975838bc19ec,350.00,350.00
b85ce7371fb18305,350.00,350.00
be8e34d585be9dc7,229.38,290.53
91cef206019c119e,350.00,350.00
e4df2b73dff57d3a,350.00,350.00
40d31c37e00d6d0b,350.00,180.43
10cca6f437922b6c,195.16,197.06
9ea4087371f7a892,233.79,275.44
3c49bf20e4442a81,350.00,249.77
019eca4a900ed793,256.74,290.46
5a4f6ff454b1eeb8,239.65,244.70
c39728802a8409ee,350.00,242.47
53a736ebc356cc4a,184.68,246.54
2783ccf179321171,167.98,290.36
bfb468c3427faa50,350.00,290.50
a949b05c64e43131,350.00,350.00
651da45cc83ce011,306.39,350.00
75a401066ad784f6,160.42,290.37
4a1f37200bc69376,350.00,182.26
74d0da1f9df17b9e,219.72,350.00
a38ec65ac140fcf8,206.60,350.00
f8820294bbe01486,159.28,226.67
49693a06fc1d8906,350.00,350.00
97a4b37cee48ea0b,350.00,350.00
ef99fb08c6b06963,277.95,350.00
7a018ddd9239e45f,350.00,209.33
0434a68809885ea1,254.80,350.00
c0be83e56601e7ce,208.84,178.01
34ab72077963ee74,248.75,171.22
6f62436ae042009b,176.70,154.86
085d6ea4d12917a2,290.35,350.00
c9d2abc25651a1a7,350.00,290.43
6afdefcb6728467e,350.00,238.39
6314e63003745e80,285.71,203.74
b7419e18d9461277,162.16,230.69
09da511e611b4eb1,253.00,293.16
5e80048e6a5681b8,290.35,350.00
40dbe22895f98978,149.69,278.03
9cd5a54a285653c2,286.98,189.89
fb1fe28a5d97db51,283.12,202.65
2e2b70a5294012bd,350.00,254.65
37cb7ce0f0b70640,283.54,350.00
3b63f4fb24694d74,281.29,350.00
a6a4be467d12ea5c,193.02,279.02
970c2beda72908c6,195.06,282.05
ea64af61ed03453f,143.17,274.16
586635087cdfbbcc,350.00,291.27
e4628e64a2ef7100,246.88,290.45
7ea81958dfb80d70,196.23,350.00
c3b2a72cc291db4e,228.68,306.44
f20bd0b549e1a97d,256.44,244.27
57f4aac17f067c11,227.53,218.55
7c76b3c48a5583df,287.01,198.46
bce4808806f88c99,161.73,145.18
1f299942446461e9,186.30,350.00
8762b96aaefb03af,281.38,251.40
f67fa758cc79cd65,168.65,301.42
17ba2950b7f6d64a,350.00,234.06
0fe4e788b16c03cd,179.09,350.00
cfa9bc77c803956e,232.45,249.55
0ff019f37961b954,235.75,232.75
e1bc211f43378ee7,180.27,222.05
87f39e0d82349c3b,287.15,285.34
ef83377d584ec055,249.03,350.00
7468f870b08aaccc,287.13,183.25
1c0f5152b0bbef05,186.07,228.27
3c2ac653409cf5f2,219.08,152.36
e7833d5728f3ebef,208.45,350.00
efc865fce64b5848,137.38,256.58
38dbb6f2e1456acd,208.02,150.56
5550e3d9ff8b965c,350.00,350.00
fe60fd0ee67902dc,350.00,290.51
b82abffcf66db401,350.00,278.36
1228c4297882e8ba,215.04,283.26
56812137775844c8,242.89,288.27
92de601366ced6dc,194.76,350.00
18273af728dda0c8,219.58,196.04
188537d906b30a7c,206.12,193.63
5637c7b3e4131941,246.70,350.00
0e30b22cd0987640,248.54,350.00
37ae54e5a84fd646,290.34,290.34
3c27780140809908,350.00,350.00
255da7afa89eb0e5,350.00,350.00
2d1c4027b8e50a0d,172.04,167.90
b5c4fbd6e1d94594,171.65,350.00
1531cb3152157ada,239.75,200.16
90b36806779330b9,350.00,350.00
fb93d1cafcc6b455,350.00,350.00
38d8b19a1ef5942a,350.00,175.99
2a2f50039ac636d0,227.22,236.44
0f6dd5d9a96ceb9d,195.55,201.86
9e62f31318d21a32,248.02,290.37
e7183e758f6b8bda,176.48,291.56
20a6710c50698166,216.15,216.39
56ba0c15cf501669,290.67,135.22
826b03504b9bad4e,200.03,243.85
b0ed7f6450ad33c5,185.53,224.86
ffe4379d6bd1e82b,350.00,350.00
e06ff3d3f1c0ab69,199.48,145.33
e66eebeff23ceb1e,290.39,263.00
754882d95491d287,240.72,350.00
9d9c2c8802d21887,239.41,207.63
68b141785f76575b,252.91,256.84
497a87188392e057,182.00,290.40
b0bb09e4ca8343af,177.65,238.81
9a0865000a3d642e,158.68,208.91
9e6f956caa7b549b,139.45,156.13
0dade757305afebd,224.91,350.00
62ed2b178310306e,278.84,290.77
6a0c5b9079a4128e,210.99,203.44
558ef0822c8fa5b9,219.90,134.33
795c682c30d66c19,165.92,193.78
63ff2ed92c800ef8,174.03,182.86
a85a0831580696ff,214.24,121.52
334cd8572d9842cb,290.40,178.86
863319fd2e711ffc,350.00,230.65
363efd241750c23d,350.00,350.00
5a9657d4faeea2c5,350.00,290.47
af59e32a5b3f6065,350.00,166.12
4e75ed154de637e2,290.43,350.00
9f5f9173666ce1b7,350.00,350.00
808245ba66df5f1c,236.46,236.95
00a5e033391bf8df,168.96,221.79
9fb822537c12d726,129.36,236.46
4f5ce22f8384d151,350.00,154.34
be0507682d0ce713,206.69,350.00
b5854feb57f40bb4,186.05,350.00
ed503d1c8963d894,350.00,193.24
400aa8a24e1d8997,155.76,350.00
ffe629a5232a878b,223.88,117.28
c83cba9573cca196,138.19,149.30
10976fbb37d41c43,290.40,168.98
5ac9cf4ffc15ccca,350.00,350.00
3cdcaa0a59dfb8ea,350.00,350.00
e5b2782426c8109c,350.00,290.40
180128adae7897db,294.30,350.00
ac6fd4c78f0e3198,350.00,272.20
6e7eb1720bec2bca,261.40,256.38
fdb4ea9783c4452a,216.72,194.70
6cd107e2f5886b25,131.06,131.98
823d7037552a8907,192.54,350.00
61a211b4a7f942cd,267.04,350.00
906d6f62fb7f9b19,127.08,172.68
7d2d327fd7580364,213.34,290.88
b35adb9d047f5cd8,161.12,174.69
d1d33be012417f75,256.54,113.91
9f108233c7c787d9,149.88,285.03
2cfde31b41b2220d,157.50,350.00
5bdaa71a5daebcb5,183.98,350.00
fab7e4790b11de3c,290.38,235.74
1bc4996fa543a91a,350.00,283.47
bee02eaf332eb7f1,350.00,286.51
476548ca3d8cf0ee,177.94,286.62
4076a87092da5bfa,162.35,153.50
829146a45b3b236b,350.00,170.66
9cd343b9d5d87528,151.76,124.42
1d9d91f78334129d,256.64,350.00
ba5e8c30d41559fd,350.00,350.00
3b8bfe14b0c297b2,350.00,238.18
0374646197b8e0fa,290.42,196.48
0f23c5569204a69b,194.78,214.58
268f0fcc45e1a6fe,181.21,212.16
eecbc6c850e62d97,244.40,240.31
2dbd0bc3e61ca00b,140.26,125.25
5cbd93c68225a845,350.00,290.94
a40e421630b67e5c,289.25,350.00
41222c4fab03d6f8,173.87,350.00
7014356795515aea,150.48,160.79
5261874c58322b46,143.77,271.93
dffef4343e822399,167.78,230.53
1201d192092baacf,298.94,232.94
66eaf9f4a2cd67d8,145.40,193.79
c9c5b2507c6be9e3,166.82,243.69
6996eb7755709945,253.18,238.54
5db23cc876db1619,216.44,350.00
c74eef9b337602c6,350.00,272.99
6e2254b4fd39ce40,350.00,143.81
ebd51f898209c4c8,132.41,269.52
719f21fdb310fcfb,350.00,350.00
977e56ada4acc596,120.25,143.40
dc9b52352dca15ef,350.00,294.01
0d15b14d1215c853,236.77,224.99
929fb67b49eaa405,142.82,182.18
1a471a1bff47a960,256.15,225.92
6f21a27075f0695c,138.14,256.32
b76a722dd429612e,269.06,254.35
9422b3caf780a995,120.01,350.00
e8196de20c4a969a,214.50,350.00
45a52e065b73ecba,223.99,200.30
e30780438191654f,244.72,350.00
48189cad0c11ff63,244.66,350.00
c91ef06766009965,350.00,285.57
7cfc8649d07b704c,137.84,282.97
dae856cb00cf5163,178.17,207.39
987b6b4f7825e40e,350.00,151.34
4fb2c181e8fd5910,118.78,134.50
17affee2c796c225,350.00,350.00
74f757bacb86a71c,350.00,350.00
f434775e97920d95,350.00,350.00
61733e5f00f4e194,350.00,350.00
a3b268798d3ab216,350.00,350.00
ddb950831580a5fe,350.00,350.00
d172d88fbeb8c6a8,350.00,350.00
4705a4db0bf1edcd,350.00,350.00
c50a3025d1519fc8,249.05,139.38
5e1b0e52d2bb1b5c,291.61,350.00
026e64f70e319e00,290.44,304.51
5d72fa4562b13f7b,207.56,290.44
f4e6f8223d0816fe,213.66,350.00
36dbc3cee586e53d,140.32,282.98
b1b66441acc5e8df,132.67,220.01
cb8e91f8b9f0e24f,186.25,278.75
2ae8623ef4156105,130.05,115.51
07886c772e37d5de,200.95,296.08
e5261884b0a0ed39,222.07,350.00
ca3230227ee700b7,290.35,200.11
fb252c420e9830cd,292.62,350.00
ea8b1a909155b0c2,290.35,350.00
98cc8f5dd64895c4,208.71,132.69
d80b07269dd36aad,198.76,165.65
a507bfa374885a25,164.20,256.10
7acca0910edd7023,283.12,350.00
c2c000a37a89b82f,290.38,290.38
b2f604f2332cd8af,290.38,275.75
44e4a1caae180261,290.38,213.45
bf1525f9761a116e,237.62,262.71
994739f676c2105f,290.38,290.38
389b7ca84b333c4c,290.38,263.03
fd2f0f36b1eb5f83,350.00,190.91
42957e04417af1d8,274.19,350.00
ee69302c232e0909,283.71,228.49
adc0b9c6afe76c23,134.98,254.93
beaa6ae419b8c8c6,199.27,191.64
d250a9d1c602e266,290.39,350.00
093ef5ab2081cf65,111.31,257.30
8a380b11aaf82c49,184.50,219.46
5a3fcd3d3a1e1c38,123.66,175.03
c25a97523bf56e49,350.00,288.33
5f2240d94375f907,350.00,350.00
926091425f88d038,350.00,350.00
f5cb6cbb09ee8a16,249.74,238.95
6ddabf12abd6fe25,350.00,350.00
0731a4519d64df6d,259.02,306.30
5521b9bb8f220993,205.88,128.17
2aa175f3ebffcdf2,350.00,350.00
fea1931b041cc5ff,350.00,350.00
06a75406d3dd5cfd,237.65,214.14
f15be91b30b11e0c,240.29,182.88
75926dd5b984aa06,177.33,350.00
e917559aedf85a98,254.67,183.91
f8a90f8a7beaa330,350.00,350.00
1c45d0feab67364f,158.47,262.40
39c4f4a1aff68189,350.00,350.00
f846fd001397db45,350.00,350.00
e050c299ffa1f2d3,350.00,350.00
19646a0c8baee966,260.59,350.00
e364cd5772cfd27c,350.00,350.00
c22f4a7540cffdda,350.00,350.00
2eb9b36c09c00d69,256.44,189.22
57b5e8bda9447b77,350.00,350.00
678af75cb4c155a9,290.34,350.00
84c510ab7e764598,252.91,350.00
5f9d5ebe5ec28753,166.95,238.89
388df822e50b04f8,179.23,194.28
8062a7852a8b1560,127.48,206.88
670db5afcb26df7c,350.00,295.85
2dfda46cbc17bc99,188.46,211.09
d0fcabb07a3e9500,350.00,260.63
52125c3e41a1bd1e,290.37,291.01
392089df68b1a721,287.46,283.80
e55b69543aa74907,282.44,290.36
0582b78dc635301b,231.10,207.50
fbd75b08f377d149,290.36,224.53
bd5afec6940c5d32,252.95,245.16
537012aa6fb20f00,175.85,350.00
a63ed5d48f00ad18,290.37,350.00
d49bc8e4e5613614,218.15,290.38
bb5ceaf835c0bb18,219.20,350.00
14850f48b2bede47,350.00,171.26
d9499d55f9f53112,188.99,174.81
357f438c15e1326f,169.47,226.90
44592a74cda71275,290.38,159.92
235e4c69d5d945e8,290.38,232.39
0e94e0a8c2130cea,121.32,109.69
82a5e1bba6b843be,350.00,350.00
7ca8095148c23b71,350.00,350.00
7ba640f8b70bc685,350.00,256.53
0cc225bf45697271,350.00,157.44
00dc5354794818a7,293.41,221.20
817c3b44517daa91,164.44,151.25
f989a1acbda0e16a,258.59,350.00
002cb1bb411c5f60,176.23,182.95
fa193b3d07c0ed9b,277.44,205.40
622cada31f247f9a,217.13,287.00
fb1f1b0c9ef454dc,350.00,290.40
eeb77732d7c3389a,290.41,240.88
3adae93bbf06287a,290.40,277.74
44a79a250fdd61cd,203.89,350.00
d066287b31c871a6,257.46,290.40
99eb03e6c7dc4be2,290.40,227.73
d39ce3ecd3fbdadf,219.84,256.41
12231c1ca2e09011,256.45,350.00
3fe41b95899316d5,290.34,284.91
fdafa20b7ec8cb44,227.23,350.00
0a083ab881ef3a5f,178.37,290.39
fb972da69450127f,201.39,244.37
f747fbe721cdb042,123.52,350.00
5f9b063630e52778,114.28,218.08
fef433a7cb7a2029,175.08,162.42
57a7767c4255e034,169.23,150.29
25acf5f94667e79d,263.14,350.00
3df422ea531e16c6,284.01,290.44
857365273ed2f353,234.28,350.00
d1b8ff290d09013b,156.65,238.23
c409c3a5eda764ba,235.56,173.07
c66bd50ed1e75d2b,245.07,289.27
d490c78bd5d0145a,217.54,286.46
356fdab9bc109093,350.00,262.56
ed3ae3852fe549d4,124.02,161.81
43e5f75fe9cedafd,350.00,350.00
20e28ee267d9b5dc,350.00,350.00
5bfba809430d178b,283.61,350.00
387bdcc2ca8709c1,350.00,350.00
4df8efe64e83f74e,350.00,350.00
2168b2c814faada6,220.25,350.00
2b95f2982b19518a,350.00,350.00
b48a211abe177846,350.00,350.00
7cdb56b2f207a41b,233.59,288.61
919c86cce0eca615,350.00,285.81
282d8651ca34b7f6,290.38,350.00
16de071ad45cd350,250.44,230.14
b0ba95fd1503411f,265.14,248.03
4f1a8eade87e928e,205.20,194.87
e7225dcc3349ae57,278.19,350.00
e22b2f50d7eeed3a,241.18,198.00
ccdd6c7577927a8c,350.00,192.42
c4f05ff2781530f4,243.34,254.68
979318b05efd1ea4,203.37,350.00
e3b5f66198161226,350.00,285.65
bc7a81a81840e4be,189.80,350.00
01733579ef03be00,188.60,350.00
4000e1f32058796a,244.86,152.20
9ce2d0b880e88934,153.37,281.43
ee6000812e2b9f9d,111.16,133.83
000da3152b7b5ab1,219.11,226.87
3c3533ba486a2006,157.25,142.18
0c96a5a8ab740ca8,350.00,350.00
fa2be4b37de934bf,350.00,290.46
2f4baf8f94c400cd,350.00,350.00
8e51f8648840eb38,161.74,246.86
1c9798288310201c,350.00,350.00
9450f80c9fab4da1,188.23,214.08
d14abced904806ca,280.35,350.00
8304a0ea004e73f5,182.92,281.90
8b07bdaa0402bf2b,207.32,167.79
5ed402ad08d9d4f9,350.00,350.00
14b61d9b3f6ddd37,350.00,350.00
7c7177a028d55964,273.83,290.35
eb5fd91dd3d937db,350.00,256.42
d40bfa821f2fe46a,178.60,350.00
2de0acc04cba91d3,282.57,350.00
cd6070783f11619b,150.76,200.65
c151729e47d9122b,190.67,182.40
ec916b9f67175633,115.86,158.51
16dcd55681f990c0,350.00,350.00
38231925d72d1309,298.00,290.37
9a6b4829863eb9dc,350.00,350.00
67a3b8dc3c0c3e45,350.00,350.00
cd9f95344fe14e37,350.00,167.89
87c07416af211de1,211.60,236.40
28a8c644c87ce45e,235.56,350.00
07c3ec83596e9798,204.64,173.37
b4a2fc934d4660ff,119.30,141.68
afda8492a55f1c5d,290.49,286.97
ebfdeab96ca766be,208.64,262.61
963631fe3261f8e1,290.37,290.37
2e6c21d6bad88346,232.99,350.00
fee1d48d7bc17e56,253.20,290.35
724dd26b47b7349e,290.37,350.00
27cdd152218b44d4,350.00,290.37
2e5a301f042f1fd6,290.37,350.00
2cbba9394114edb5,107.20,126.24
7455cb1ee651f774,271.98,350.00
a2e2d0e8b94d8eba,350.00,350.00
b23c7d4fb2068989,290.34,290.38
94c1844d487490ef,215.80,350.00
95f052cbeb1d5e65,350.00,250.26
1ef09b1bf60f23cb,222.17,350.00
e30ee434b864e4ac,160.20,209.77
84efac79989f4d0a,284.09,167.77
f8e3b306cf3e6d95,290.36,350.00
cf1f2322c4b8bc64,277.85,248.97
36895d9bbf5abc51,281.74,226.05
4cd909fa0d3e0483,195.07,290.90
b34aa3946ccfcfbb,188.51,258.01
c0e8b02fd4a5e56c,189.84,271.73
c00a49eadfb592f0,206.73,240.39
71900a1af85710a9,154.71,169.48
f743abae6896c1e8,290.37,350.00
719dbfab71e6c0bd,215.44,350.00
3f7bf047b310943d,350.00,350.00
b03109dd04b2fa60,142.39,350.00
e3d9bbea4c51dec4,212.26,350.00
ba0a3a4b80418db9,223.42,146.78
cb17062bfd400fb2,350.00,235.77
2f379b530fefb7ea,145.78,179.28
148f5128a45e9212,151.85,114.68
8d3c5635cffe12cb,350.00,350.00
abf6ea197979e634,290.54,350.00
e52eae4ea46c6010,249.17,180.59
77a8a6e2c3a09d19,290.37,230.98
4faa30eab9089d71,290.37,350.00
a5155aef1093048b,253.45,184.98
844fc95da48937b3,156.30,190.38
0d2314d23dee3796,172.75,350.00
bc0155d267fb5892,184.36,152.96
56f77263c75392f2,284.33,271.04
343b016754852c36,248.17,260.58
2606c3853a8c0b62,254.55,287.35
cc02aaf53503d022,190.65,213.03
da666b02372a465b,290.42,275.94
5027a869467001d3,134.02,223.08
3825f998c01cbeab,283.44,170.64
bb007be9f60ab3da,203.82,175.33
f507b715628d7bcb,112.96,103.80
14df6d96c5f2d1df,233.86,290.43
9c9039f921aa86ca,177.99,290.37
221928c8441779e4,254.67,283.46
539a550c0c1acd3e,195.82,350.00
7253daded133e97c,238.01,251.43
17b2d89ceb879a29,170.64,202.30
830e59a396dddec3,256.42,350.00
88d9e7ec7f228908,191.80,350.00
d6e35b8c66732da6,273.07,350.00
77df989840c76a08,350.00,205.79
063599b1d4107289,350.00,290.39
c742bd1673635ded,261.28,175.61
f0b7729fba7e4533,209.64,244.44
c1df212ba092c404,350.00,256.98
5d06b45564f62c80,290.39,350.00
ca5b6d6a26891f4b,350.00,290.39
33065e87a42a74a2,252.61,187.94
85e130a7c48f25f6,278.10,350.00
808d47f905e84e7e,272.38,290.40
94df6c8cd2256f54,210.80,216.65
8afc674a60abab61,256.47,350.00
8ca1bb1b2517f2e5,207.99,149.82
204932945d332406,111.04,157.04
3404f9095676a556,161.94,232.07
0653b6227894cfd7,256.44,272.61
7401d0f8ededa102,106.20,139.83
e89db3b111f92587,350.00,350.00
460b421493dd9fb8,350.00,210.61
6d370bfe4248dc88,302.23,251.44
b15bebf4c6b6f495,242.70,350.00
73ed365b57dc1a6e,171.51,283.49
de2b0b8ef112f3b7,238.56,287.03
b2443846570bee7b,185.07,276.48
fc4fc81d3b7cc3bd,350.00,290.39
e9390cff6e5d52d0,198.07,214.94
32b058d82c9e38de,220.85,260.63
f25e367b1cb8fab5,214.94,183.54
54cf1ffbc6e7a9fd,287.01,207.80
579f0be80b359d8b,285.57,253.82
33b9285aec39e37f,254.72,243.41
cb93f5f9d09b29f1,218.46,182.28
e7fdbd5c65798a5c,254.66,350.00
fc4e42a55ba285f6,165.74,170.02
9f60dd19c5705d45,145.53,142.27
57a71ab365d2b64d,350.00,350.00
bc8e4abec782fd2b,350.00,350.00
d8b098e5598509cc,214.97,287.00
4563e02bc4c1a1ef,282.33,290.43
8dbd4d1df2e7ff67,350.00,350.00
67160b93dec2b399,229.40,252.32
89b27e0bfa4ef4c3,268.50,256.46
05b7bfd4fe75af69,246.04,163.35
57871671074ceb4c,128.43,350.00
e7a7ab126225540c,225.02,286.98
dab2d3e9f2052047,213.57,243.33
a6cb909888f6a495,167.39,350.00
b6462127cf553ff3,215.76,285.22
cc444b10ea87c381,350.00,199.91
71348fd10e392dac,248.27,160.97
5157988b77ca1097,350.00,185.00
1ac335f049ed4e5e,234.62,183.23
2ce541a11b2eb392,146.47,185.28
88b225f6f1fa5c59,283.78,108.78
ee071b5125ced92a,273.72,350.00
764e5910ac779ae9,350.00,279.78
ff8802aae3b81c3f,236.17,350.00
1d127ec120dcb58e,350.00,168.50
1e12c4828d576b5c,225.71,196.52
a6edcccdfccb9132,290.35,350.00
3b52291052353eef,233.24,350.00
59da727c3ae7b497,192.37,274.72
07018cb7ae879456,180.52,240.92
62048467be051636,243.99,350.00
d4fa680b2a912534,256.47,350.00
f1c1890491959bcf,189.78,350.00
805bc227bd40b0cc,224.33,221.21
071d716229f5ae7f,256.47,237.57
e8005a8c3c029a73,209.01,225.74
6603ed5f10bd8047,163.83,272.61
dbc30717a3efba58,154.73,192.90
62454fb3a4fd5737,280.93,350.00
fda850240fb80339,285.29,350.00
53343bd123bcf651,350.00,350.00
41c979b223b3fb56,350.00,350.00
5ab0e805e90d20d5,296.68,350.00
518fec4812ed1587,231.87,350.00
1c36ff6c6284a523,236.70,350.00
3542c5c5c5180090,350.00,350.00
30d7a9a1d99b327c,133.62,162.94
2748001ead121b8a,287.02,350.00
3aa19b85fbf4114c,154.04,281.73
a8bab8884249f634,256.14,283.84
340a08b1f3d1dd36,169.29,290.51
4dd2cd7da33e35d7,350.00,242.52
6a9e343bd12dfa64,150.12,158.19
0ec579db0efcf0c6,182.62,100.85
eff9207427f0e02c,240.87,210.61
19da32f5af2e8e2b,176.16,350.00
fa2271eecde701ed,210.10,350.00
4a9b3b97fa2bbca9,215.73,350.00
e7ff18a0cfa09702,139.39,256.48
6b38906e77607c77,142.15,223.83
cc17e4d182235a95,195.48,222.69
f00b588a0d9a90e4,180.27,220.14
6ce5d8041189d652,214.91,350.00
675cbe90f6d96feb,138.36,154.97
2f22e38844aa7d96,103.02,203.46
8f5e57a21383fa87,290.39,290.52
574b4599ae9cb64e,290.39,290.40
a3dfa0ac05433450,266.77,350.00
9971f8bcd3b10069,215.28,290.39
79db1d9b15e16b1d,285.70,197.22
b953a9b5357cbf99,179.99,290.39
76d490a8bb168c78,209.51,238.93
59d456f0da1159cf,221.95,233.33
49458279eafdaf94,262.01,250.13
88295b0ab9868db5,221.24,190.74
c536a1119406c0f0,174.29,255.24
c86702c01c4cfee2,350.00,350.00
be307e6647a655c8,290.36,250.34
997eda9196aad7f9,200.41,290.40
b46679306287ea79,193.90,190.47
a1950f4bd19ed06f,290.36,243.06
e7d444e279914116,152.47,213.78
62dd8808ce397fa6,168.48,160.03
73726e32d26c17ee,248.54,350.00
51696044aafb2037,241.89,350.00
a1b912fe361f75bc,265.90,242.47
4a7d39ebc9dce5db,196.52,279.83
669e3927b38a36fb,221.15,254.66
90fb826944c46000,230.54,350.00
344e6898a381648f,184.04,158.34
6773055965441b18,159.86,350.00
068e118edac9e057,176.85,108.14
91f7986d6fee7d57,290.41,283.47
a9e13a29a332c886,167.23,207.39
5498622706d8dc17,350.00,274.10
c7f6da6cd8e940b2,176.18,191.08
431282ab4ee417f6,196.86,213.24
f4e5f49ca3831e64,159.83,238.60
2571e91b263df9fb,277.98,226.65
2e43a2f6e9336e2b,131.30,193.45
3fe3208df1098fdc,216.69,146.61
ec041009ce404879,350.00,262.54
63cfbf28e44febc2,268.71,285.05
71440bf87b9c58a1,271.22,350.00
177201b1a7fa0dd0,163.23,147.70
0dddf7ec457caab3,254.14,169.60
bdd782059be98dfb,198.81,205.40
04995619538ae939,138.19,350.00
9d59ae86a2e6c444,239.94,252.19
0b217fc503bd0585,165.86,198.28
e301a2c3a415cd33,174.39,350.00
759659ca9303c720,350.00,350.00
d3e37d1c95a5f382,350.00,350.00
f62c29310e1d6253,350.00,350.00
7f47865cfb9b0d55,350.00,350.00
d1ce7361cb4e442b,350.00,350.00
fc1f199c8ba32a19,350.00,350.00
0fd639e6e28c51bb,350.00,350.00
6ed5847dd874d2d2,202.39,195.10
c1b59b145d064048,286.57,285.09
b03816c9ccd089d7,249.24,189.53
afedd038b986cebc,218.73,273.03
478b0eaf22475be0,290.42,244.95
2b2a50d442da2b84,186.97,350.00
17404e252bdab9e7,186.62,191.78
2886e831af3994b7,213.33,350.00
6d691b736d8c98b0,230.23,350.00
2c9ddc75869894c5,106.74,227.10
71e3272f7ebcca26,130.81,110.66
db68ff7bf2487971,213.05,350.00
1197b94bb4b56cc2,186.96,350.00
cfca060f39db1742,350.00,236.67
26ad51050ea55600,223.04,276.00
74c98716b4a74a3d,168.33,208.11
0e37ea649c51fba9,193.63,185.47
524ce5c0d6db74bb,168.84,247.61
f9b600343a31227b,303.09,179.95
d98d5a3800cd21fb,127.17,168.14
fc0d77057ec806fe,224.51,350.00
e1c333892d395a35,350.00,290.38
c4b0ef8f42eecbcc,228.37,243.98
804eff79a58ad250,290.38,248.23
3957d820e11275f7,196.91,289.56
d9decf169a2da676,252.24,235.17
b5bef60f79b38e69,221.64,274.94
d470bb3cb98d9ed7,185.83,213.29
20fc3b3ab2d2fecf,168.30,158.33
c5f56797c68ecbeb,350.00,246.49
7929542a0003799f,233.21,187.41
d9a8d19107d2bd9e,350.00,196.06
bb6eacc986791dcd,140.56,350.00
dd47c3359dc1b7d0,200.33,196.92
96828ec042f211bf,216.50,350.00
8f560a1fa19c122a,194.99,148.82
f0b42c9e55025ad3,134.93,350.00
fc6d1396755692b4,273.79,125.46
d036a7aeab47cf8c,204.77,283.61
bcf49463525efbee,148.43,350.00
825aa322af15780a,144.02,194.78
5182daf3d8726f6d,184.86,187.17
8b15591a73aa7eb0,126.95,233.43
029cd254fe02d4b8,167.79,350.00
04476d021385a621,162.59,122.27
50325e08203fedbd,143.82,176.20
65352762d807cd59,220.08,189.63
a53b8686b748849f,189.50,229.69
30aa9b4d266eb622,249.49,290.38
53e9e8fefa2c2f42,290.38,290.38
f35b859289fba80e,182.63,350.00
b89dea8c3e6bba6f,244.47,272.99
6ca284a75c21c2e0,236.63,350.00
9103686732816d77,179.73,149.38
10b19bb48aadc6bd,176.46,220.98
089dd2e0cc6395fa,224.82,183.62
dbe6c361530958bc,205.55,266.08
78f46acac9223859,153.36,135.13
190c61d5a67018b5,248.33,214.29
362f78f23304c6f4,155.86,253.70
be38ed9ccfe2ee03,165.78,216.96
eb1b371dfc37fcdb,350.00,350.00
219bd976b8ca745d,170.80,197.41
af178adff964d854,282.55,179.64
920194911d727a38,350.00,178.87
96da5813683649f5,173.40,184.07
df3b75809b7fe252,290.39,244.70
8153c30fad5b2ad8,177.34,236.94
b675c94f20551631,185.28,189.86
6ae2cd7feede5a33,139.15,183.42
67948da92e6c9bdc,124.06,141.55
628d02b6046d5f73,350.00,219.76
1d00497a573d7f4c,350.00,277.83
b376a6fb0ca4862e,350.00,290.41
02d2da0420fbdd39,157.98,241.32
004b9368337d3cd6,282.67,282.52
03d30a534dee8ac5,350.00,174.00
e57d1260201e5101,213.46,350.00
bd5edc0bfa0db8c8,199.97,99.12
c5bef3da17e595ee,350.00,175.42
6baa381a75582d98,214.63,168.44
c9d3ccbfef600989,121.71,140.84
8a8400c6c42df59a,203.23,211.39
96c95cff535291d9,215.79,209.91
b976eb99de0f63ca,266.77,169.66
f8f73efa2d4cc566,350.00,212.72
94f880f25dd011cd,206.78,202.75
4a482ad5b021bb25,224.51,158.03
0fe3681eb934bdc3,257.15,172.46
171007deb1cc56aa,200.49,175.89
ff872fa3e9ec32a9,157.51,158.11
761681c1ab0fdead,169.68,271.32
b3a3341a5db2d484,142.60,107.01
0700b74037329215,350.00,269.80
5288ef3edf1eda6e,205.63,140.98
6aee27cc2610b56a,350.00,290.42
98a1121ffbc47657,189.54,212.23
688c8b695e521ce8,175.90,149.52
61d89b0cb175430c,350.00,350.00
7ddaf46a81b7e616,159.11,211.05
31c2d8648b06a001,145.05,168.69
0064bbc554d85421,350.00,350.00
98b1ee14ad4ea1c6,187.54,117.61
bcefcb29bec709d6,272.86,287.02
13858ffdaaef5671,174.56,223.11
66f0238fac31130f,222.61,188.15
bbe3d2a2ad8d204e,171.48,287.17
61f0ceb980c1ae81,180.30,215.96
ac82d28aaa5faaf0,137.04,136.20
51b0cc51799e7d5d,154.25,177.98
6760e48a36571feb,170.71,200.21
ae674ec42bd0a979,154.43,238.40
8d26509990b6e518,350.00,350.00
62f487635d7a9bb0,350.00,350.00
f8b6468621db85ca,350.00,350.00
82f2afc6d7db44f3,350.00,350.00
b9b8509c568dc144,350.00,350.00
403bed9fe983b10a,290.33,350.00
51ae1d8a663ae1fe,273.56,221.35
333c9e6f3cc8f91e,290.37,203.58
9f14f080b08e6869,194.27,147.17
512f2d10f92d0d36,161.44,350.00
4eafb2657c3781f5,186.03,167.79
204fe39cf94f45dc,290.44,350.00
c92a4fe402579c49,309.04,350.00
c5e0e4ee11903076,350.00,350.00
4f7a7a0b67f085b3,178.07,350.00
e2a61ec3bc83da98,237.73,170.38
31362d9ea15127b2,231.13,166.03
c2fd7ee22721846c,148.75,188.47
e915c1987050eac8,279.21,219.74
b2013a8b4ed68c8d,287.01,201.39
a23b4817f0b773c8,120.43,163.74
9a596aaa2b9a18db,284.30,197.92
81734d11cb6a8ebb,155.33,161.36
0568994b8323d640,226.05,350.00
976f7f5e7537c62b,170.83,182.66
cafb86764ea92268,281.87,286.98
b74ecc368d3ecbc4,164.28,204.84
a34dc525a16ce375,223.48,268.86
c5574b79e31a1b2b,137.42,188.38
3e126f482e9a84b8,154.34,106.22
1992dcae0699200e,350.00,283.96
2822226962195259,350.00,174.55
d23b05f33b741c47,350.00,290.40
f6ea148cfeb1aaf7,218.77,257.98
43e8fcd8e4d015fb,168.53,244.26
830bf05d0ee635a1,161.70,350.00
505d3d9b006014c8,206.63,203.18
3818a33c9103c88f,170.25,168.06
d460961065f1198b,172.68,249.35
9fc232c3829a1ef0,200.10,164.22
757c11f17278b06a,269.15,264.03
9b8c29f50d452025,350.00,350.00
cd5336ef8b2329f4,205.26,176.99
194f8d501f318ada,295.90,191.69
550daf3853d050ba,270.85,350.00
0510d12ad43ede89,350.00,285.97
cc9cabc1fc747aaf,146.88,273.47
f24db9d7c3636a2a,131.79,195.87
781017bfa44d4058,230.82,242.66
01d71345ba7ea6f9,158.00,156.40
1776c84e3d22d7cc,159.92,136.49
cfbeeffd65101ae1,182.48,140.66
854c64fe481e65ee,138.93,190.46
34d1bfdde8ea3e11,283.42,350.00
80fd1902547e0744,149.56,290.37
3feb2a8de9cf37da,182.77,165.93
d5a0e8c67ed8abe0,132.72,166.16
af4cbb9072814a86,350.00,216.60
27868eac1d141498,215.98,149.03
64da1f4774624b72,134.02,132.54
2281dea0c5903a2f,184.17,158.12
b34fb9e15fbd6b3b,246.00,283.46
8191b8edfde3b9c3,221.27,213.46
9e99536eae6d709b,186.99,350.00
958bd435389dd12a,257.50,172.82
bfd846ad4d597bbb,199.73,175.86
e94d7bfb0c92e30d,161.58,350.00
c739195deef32b45,160.78,203.94
821c27f0dbb27e86,140.04,145.54
75577b11361cb645,237.92,101.31
2f736846aebbf12d,233.17,190.18
c4e16d57dd9a1b39,290.39,252.96
79298011365a6d90,254.73,350.00
44c9ca6a502db390,284.77,290.39
ecfe522e5f1e766b,160.03,290.39
d90567f7d4372160,290.35,185.44
83406cd29d3c2d0f,290.39,290.39
d8f64b001cd590fa,350.00,350.00
0f235698600c962e,146.47,154.87
11c3035dd9104e50,125.62,287.04
bacb62c4f2058fd8,350.00,350.00
52e07b6540fad19e,350.00,350.00
09b36c7157770516,350.00,350.00
59bd4e83d8f846ee,350.00,350.00
edeba52fc9b2855f,350.00,350.00
ec8ad2966a6816b3,350.00,350.00
0b58bd40373b1811,163.29,145.98
f7cd0a90da3be3b2,204.05,239.22
e65da830a1928fe6,350.00,350.00
86b8419f22f398c0,350.00,350.00
8add23232cdb36ee,350.00,273.36
f27bf6f21410547f,290.40,234.02
539eff1fe2fb39ba,173.97,288.46
59e653313c871c3f,184.59,350.00
4918b7e3600f67a1,150.56,181.42
b3f4583109b429af,169.75,350.00
c62d5962b99938de,210.11,191.64
b8927a3a2735acb0,256.45,264.80
02c54d382fb1c347,132.45,242.31
041dd0fae4650970,144.56,147.62
f046dfa306dc7acb,194.84,218.92
5a3b530c73106c5c,284.45,350.00
4da34f2980b5c58d,185.95,302.43
e9658a79cfaafbb1,181.83,350.00
20b84b2cbfb92dc7,350.00,350.00
e90dd017386025c4,141.37,125.92
591e7797363a6c89,156.75,350.00
dd5f7a14f5782f79,230.15,134.09
396214fd188c2549,277.41,158.58
cb7cfa8b9900878f,202.36,132.38
fb7d31b36bebc5af,350.00,256.54
1cb28e867dd749b8,187.33,202.93
08f5bdfe45082ec5,350.00,266.08
e6dd15ef9fd7927e,166.38,199.81
c598261fac8cf23a,150.29,256.90
92e9c53671ac8fe7,162.94,186.50
aa161809e78bef96,128.34,243.30
afb9d3476c5caafa,290.41,151.51
41b9240c854b0956,179.17,203.54
a158e4ff7ea93d43,115.72,116.95
e4420b9812501c17,290.44,244.95
26888b89fbd860cf,350.00,350.00
c9721146eba68c2a,164.12,142.66
6a663c04dfe5b88e,350.00,247.18
14c3447726332f2b,253.45,350.00
0a1f2e1f9d91bc9a,157.76,235.41
868833557ae90877,192.90,153.40
df7f3c60c523ca55,157.07,217.14
2d80f60b67791b97,237.89,350.00
83c5a944258d2332,209.96,176.34
cdfaa6f4154a0ee9,231.45,290.54
0d395cb5d91f811f,350.00,350.00
d89b849df7bff79b,350.00,232.13
95c229097cd2d7c3,310.55,350.00
0bf249717dacc5c3,182.93,350.00
fd05ac3ac2f7d042,350.00,121.88
995d42d9ff422ed1,178.82,206.00
c1b0670419fa0894,153.15,150.84
9379672d351808a3,293.78,290.43
56aac937d9f1d13a,139.92,137.15
21b02cb26307ac0f,290.36,217.18
731a3120fdffa44c,146.71,272.86
39b79764bbac93cb,287.03,207.96
d9d7e8e9149e61b1,176.23,225.90
31535a79c5959be8,181.44,350.00
789a8911fcd6de13,194.60,236.83
798ca95afb5875ef,166.53,350.00
1df12710cfdb60f4,227.12,167.99
038c472ae3fd7728,243.76,156.17
011d818ec9bb3de6,188.25,147.98
ddc233f8ca7c05aa,350.00,350.00
a561360edf66ee6f,250.83,260.85
4cffb137402f7bb0,151.90,350.00
c642640db89fb033,247.58,290.35
47e17513aae45a95,255.21,350.00
4b9203b86f0aa870,179.13,290.03
9c7a67ce1d6a01f9,151.12,165.55
33e576af1d064e4e,196.15,290.37
f1100f1bc6cbb351,152.60,265.53
a7d42315236560e9,290.37,213.04
ae68274ab6f78cd8,173.92,350.00
c6a5ed1127cbc9b9,290.38,290.38
226de3e7e71f2b4f,350.00,211.57
bdb62b661d033fe2,196.34,248.37
06142a1de3bbae75,155.21,161.09
793432d042384a02,162.11,137.43
154da5e0d8541508,262.54,350.00
0bf025d86cc2a409,205.83,290.39
bcba81de8f082768,162.89,175.07
1f64e532f942ef57,290.38,350.00
d29dd21d8881a0e0,259.88,103.79
de84ebe3b8cb8cd3,163.28,173.19
7291a111058dbf0e,181.33,169.87
5060770f197e2147,290.40,290.40
54d14f98d4a83def,228.70,285.34
dd400f38c483f629,256.41,290.47
b4bf090eb5c57903,243.51,290.40
f1423b63d81c88ea,350.00,281.59
b9be472f456cac79,229.23,350.00
eb23f3574b656624,173.93,126.41
1e87e0e4da55c92f,198.34,232.19
62fbd9d089a9a306,156.57,281.74
d1e144ce44599f3a,104.24,136.08
15750dc75b7426f3,164.94,136.40
f25d324841223f26,290.39,350.00
440936f9db783997,310.12,294.14
cd45a78028039f53,209.26,290.41
83314e1ed6f7d94e,174.21,350.00
bb0794053766a866,177.50,244.37
0d09e95e85efad69,172.94,244.07
11ca5d09db47708b,250.11,136.57
cfacff39c9f3b2f9,143.18,161.58
df28f8cb5a12ec8e,141.95,232.00
3b44d0179f94726c,208.68,276.92
09e7db36cd72bf61,221.78,151.20
fcf3b0d21df10f56,129.88,175.51
43712d71cec9bde6,246.07,350.00
707d6023b8723c5d,350.00,350.00
0486ad62f7dfd11e,251.07,290.38
08c5dcd426dea606,244.85,350.00
a5a5e24f4dd40fbf,162.08,141.48
11871325db7a13ec,130.50,171.92
1d30430af5257347,350.00,350.00
4ae231bd909ceddc,122.77,220.92
036bb5b335e93ca8,350.00,350.00
468d6da7f097e449,132.81,153.58
55bcf58be822d115,232.31,224.93
f8896b43f4ecf861,290.43,228.65
b6234bf015c80fc5,243.31,268.60
6f6158830b01ea27,235.74,172.16
d9c3d7b09d8df3e4,205.24,189.92
f885b95dbb354e3d,155.59,145.13
15705df8ba8dcbe1,350.00,150.69
6d1093a1c31dab94,191.83,150.57
b0dfb313364a7c80,111.11,127.08
8df2751dcbfa0fa2,225.04,127.48
55833bf5054126e2,144.35,288.80
ea9edb20f527b49e,350.00,350.00
8ead66bc1678519b,247.80,250.68
5a8c92dfbb16d26f,243.68,276.00
faec13fd40b6d797,154.99,165.90
ef6a0ee848382391,280.90,171.71
b71f07f052d0a48b,148.73,147.71
a9dc59e90779c1e3,168.69,164.10
28037f9be7e0781a,350.00,290.53
6a61d45818534b19,198.25,241.14
de495aa2ec1f1e91,176.43,138.95
73a4a092c1850b57,112.19,132.84
b0958ed411ae9675,272.04,172.69
fd292c2a587bb2f5,292.95,245.89
fa0d393a452c0809,350.00,283.88
6ae10aa4c6dc986d,350.00,202.56
4d3297af1b7889ba,147.62,350.00
2711e57bbef4d928,290.40,148.19
6d32a829217cf2fa,143.77,236.40
3445246f8e3eba24,143.65,173.99
e3c9c95b67580b9b,289.13,131.13
39f07708af6ecfc7,182.04,141.32
2a23f787fff1d837,204.90,101.19
d6e75e0238d3ad9b,227.54,350.00
0454bfbc49e95c16,350.00,210.62
4553c3ab494c2d05,152.63,208.37
e83b214695941af1,206.46,350.00
7c620723b6840231,274.47,238.32
c1be2b862f737c18,287.01,239.03
b589aba75770bc6b,149.87,221.28
aceaa32be99719b0,287.97,350.00
b4a81d7eb4e42c1c,178.05,169.78
1287c631cb74f1d9,156.84,150.43
329a097e0b53daac,239.20,201.66
e314474cb6a7a65c,180.88,350.00
d359fe8a99250f64,260.63,236.77
7b06e7f2b34d24b8,286.99,350.00
92ea4999f99f55fd,350.00,350.00
42a7d576dc207e63,187.15,350.00
a2da03d9c25b49e5,223.69,149.50
656e1040e6e007b2,290.46,181.65
b272e9a4ed7a1b23,148.23,132.84
fd61b04ee64f7f20,120.24,175.19
acfa3a3c0d09bb57,350.00,167.50
2ff09ddaa2b78cc4,283.21,192.50
ec271393bc31ab72,128.76,127.40
1298d89922befa8c,259.96,350.00
03c2cebad8d8c012,290.48,290.48
5a9ecff594dc6bb9,146.32,222.14
32ae3f0d43babd86,188.12,143.31
d77a72e3fa8db853,249.51,160.40
5c612d2cc1f5da21,250.11,174.81
7a72d7448159fb59,173.09,209.64
1238f31a41b78528,124.51,135.60
92975b516e6463b6,134.09,138.28
b4627dd3bb50be2c,192.91,350.00
e60e53bdc614a0af,151.64,223.87
b0ee33ab448e252b,290.39,238.83
964245b54324810d,350.00,350.00
6c569785225fd2e7,165.20,191.75
81283a33e907dbbe,290.39,217.79
4f36bc6fe119c4ac,161.43,210.99
cb510afff3dafdab,256.49,165.58
b4ebb7576e9745e7,290.39,185.60
2c07f8ba25640237,204.94,290.39
b12d96ba9426b8d4,142.31,236.27
bf8164367980fcd3,209.66,136.05
7cdc6fdf983fb412,99.51,136.90
6f78fc53b8662627,227.89,224.88
d66f2c83c26e5b80,150.27,350.00
ef8f31b86469a967,281.32,196.84
c52e23519279d18a,151.86,248.55
0c6055509d98ed06,202.15,131.15
fc0f12be6552bfe5,256.55,147.58
119b156ded2af0f1,350.00,189.35
70228adf93b6434f,230.73,350.00
31f12d3f95576ef4,116.16,160.15
9fa3f9f7caf429d6,136.85,98.06
7f0e469103ab46b6,180.46,350.00
0b0ba5238399545c,229.39,193.80
c32b24a24d946893,248.00,350.00
4182524382590e07,350.00,350.00
f5affe923c640d0e,350.00,350.00
f6246d2b9f663e33,350.00,350.00
5ab4bdec4db84f7d,158.16,279.78
de2328aa13e5ecdc,350.00,183.87
3f0826158f87f41d,161.44,206.45
e246b6a8cd7853de,350.00,350.00
7e50ae4dbdd380a1,233.07,190.58
483d934c46351c78,290.41,284.58
a7c63a2b33049ace,196.96,350.00
afd5e85676eb697d,287.02,350.00
8e9f2b82a7b87778,161.99,217.45
7f9a1b6d83d08c42,145.48,141.92
a29236fcb395f443,233.11,206.09
9172138df0d70cb0,125.54,146.10
ccac56928fc2b40b,138.52,277.14
a9bc7915974b7d15,122.80,143.06
f6d078e9fe7d17c8,108.17,128.28
0949caefc6735f9b,290.37,350.00
24e14c4824144c64,283.60,239.75
0e05f54d8b66f317,247.52,211.97
47245dd345d9ef7e,170.32,285.45
78b928a602a81971,161.49,293.88
41e9da89f349b2bc,252.54,350.00
9d2c9d2249d4fe50,178.15,246.03
d7f9a09021a9a13c,154.09,191.23
c99370e3e54bd5fd,284.30,150.74
57dca2ebe96ed622,129.43,166.30
f338da998c4fdf53,220.35,290.98
db620510bbb3f0af,350.00,350.00
c4fa93a4f37a6ca7,210.68,218.05
19f615a7a5cfd304,350.00,350.00
bad1f36202e2c7d7,154.95,290.38
f4641db74fcb8ab7,251.61,290.40
d5e0fd3eec76f7e1,128.18,269.08
a570acbbcbbd151d,213.95,224.63
be72958d9715757d,232.60,241.75
504b540805598fa5,225.99,237.61
5355fd4a2598f679,162.70,147.62
1a21263dc5d866b6,350.00,350.00
20628fd4e19a97e4,278.05,254.05
adddc6e46da5ca19,350.00,224.08
840863604b38a33f,185.32,244.89
fb9b03644f559604,142.42,350.00
1fc065e1d3243594,175.95,184.68
2bf24d9c33bb4d49,130.62,160.85
83a7cc0b0de904b9,158.77,215.43
5e52b0bf9719f0ae,216.02,130.59
b091e021e61f1950,180.64,135.60
f92e8d6c96306013,97.12,145.65
46a7cb6937144ba2,350.00,277.20
e892b4a03304f2a4,192.38,285.64
3b0258eb19d66f8f,118.66,247.03
0ea087a71863184d,201.28,137.28
e716f8079c60bc66,183.52,235.40
aefca2869c87eb11,212.44,134.57
b4d624bdc27dff83,213.74,118.79
241a722f3b042c59,168.65,139.09
ca93e3f69fa3d725,185.76,184.88
9f6f356a56e4fe6f,210.14,163.19
a41be337367884e6,237.30,350.00
dd56acbfb08aa6b2,290.37,277.92
eb62bfcd3d96a182,201.95,350.00
f63a647b74359194,350.00,209.69
2270b89b17067838,172.53,224.09
9368a80ba62d87e2,138.67,186.42
275c22a93bdd84d8,147.78,166.96
d215c4e6dc1346ae,134.11,187.63
7aa7b0c5706a0492,240.80,143.50
43f0495855470427,183.13,129.32
2059fd17f2ff4e4a,198.13,350.00
4be101dd6883d9bb,290.39,274.85
828776734a528b62,185.90,197.09
103b36a1b9d98102,155.40,189.27
0ae251dd5c0b5304,138.89,248.56
3b8e793ed8151a51,165.51,171.11
d89e004e3992c5a4,134.43,179.95
e74e3c2a96fa9c55,139.25,262.86
5755a68d39867abc,206.84,117.49
d0e4876ab954d27d,107.59,187.02
8afb878a0900372e,350.00,350.00
9eaea5e0165802d0,290.36,350.00
713c9b6d0abe5cfc,140.35,277.33
2e8217f029c25a3a,126.96,145.00
b32acf1c70321321,233.51,173.76
c16403197580e0af,244.23,258.00
eeb8b25df8543e0f,246.92,254.66
2328c7832a356a6d,241.04,155.31
516868e246064e2b,138.92,141.89
17cda9957f96883f,290.38,205.53
8d986c9ee38daf19,121.14,350.00
2fec2ba8ea346a3a,290.38,236.38
a2e7273a95d5db4a,175.66,236.88
867904bc58d656df,254.03,199.37
3a1d4016452477f5,222.93,239.62
e1f77d40503e5259,272.75,290.39
354a92ca4fd824a1,214.95,144.37
38ea5a7a5b4932cb,189.10,151.23
5a6861ca6d7fd021,102.49,350.00
29c9e57b23116aa2,151.50,104.61
63f744d672fbb8b4,171.75,151.27
c795c4b7beb89bee,290.38,130.66
189d14e4e1602c48,290.38,185.65
d4415f08ba3e017e,290.37,225.18
e3846855a38f0bce,256.75,202.73
59f77a6ecd041dff,125.93,149.71
351dccf63078a20e,175.67,211.28
44adac5d05f7e883,137.36,156.84
19425b506594d5c7,290.40,264.65
fc2badbeebf85ebf,144.21,148.69
bb58aad30b58b1e4,112.09,232.40
1572dbb2433d2201,194.39,143.50
5000a0bde6213fd9,192.38,247.09
6190569c372725bf,174.25,266.73
8ba089858a7d647b,350.00,180.59
655a110a0bd2ea42,137.82,350.00
3832958c913305f0,209.71,241.79
96f51af6a93b94c6,217.72,192.44
7f35ce1469dab556,221.35,121.77
26025a42e011229f,285.47,186.60
094a77eecd56a27a,270.82,290.68
f89589236dc3cbd7,132.81,195.33
3046c0d0208a65f1,123.52,173.71
fcac56089f65d04e,213.73,244.40
ab7934f39038ab27,350.00,291.96
e7cb3f5cb39c33e6,241.30,262.91
37e2f89510cc0bba,286.97,153.43
c40fd062610d4e61,152.43,162.79
72d69e969eda8679,202.32,138.79
0031c043c9f14eb8,253.39,290.40
dd7920cac66bed25,303.51,318.87
11774c581b818e30,154.51,188.97
9ae6a6f0f0730fa1,173.88,214.91
8c3179f0fd62af14,122.27,102.80
a9da6a31229b136c,350.00,290.42
c3e49cc87bd262c8,350.00,350.00
3657196c2f624138,350.00,350.00
3eb829eb77256ac0,350.00,350.00
76ca3d1cefd6945a,283.49,350.00
256c9a39386f94a9,350.00,350.00
9b38456520395242,147.20,128.07
a754766050409638,124.83,205.79
13fa791f0772250c,151.10,128.81
8c082a3c69e2d192,350.00,350.00
6e62908d6639dcdb,248.66,350.00
bb7df9a9c9a69914,274.65,190.22
458e6de1b9ef3500,256.43,350.00
16cab4b91e2c8881,137.18,244.64
20d28c177a7d43a4,350.00,241.80
07ba406a1d0a5a71,246.27,239.25
b5608e83faac1387,186.42,134.15
536c26ef4da9ace7,130.92,178.70
4c5a2a3cf2bea222,115.20,173.52
049659c5a58ebb61,120.54,264.63
d9c61052035c9b69,194.00,181.10
92dea6ff8f0c1b10,192.87,286.94
db1c5b5a710fbdb0,350.00,276.69
a3902e22c10725c4,206.48,234.19
26800d759ba50371,244.84,153.58
860954fbe26b867a,185.86,217.01
71cb15f6dbdaccd8,214.82,163.23
a01524699dfa3526,302.81,131.97
c0dc7511452ed0f8,238.32,189.61
743f9df5bdfbcb95,138.58,188.42
7949430ebc47f31b,164.94,160.36
951d11f8684ed734,178.08,164.23
55e12d44e9e524cf,189.33,350.00
0072df705378477c,190.86,350.00
2592954ad51764b0,222.42,290.39
10e35a0667d39086,236.49,238.49
57d481c10c842ba2,202.44,144.41
241a307a9c3d9a21,216.36,239.95
10fd87a88178aedd,101.93,147.17
3559cab3329e5431,132.44,173.50
c92c53954903554a,128.48,121.39
bcab3ebdc21b0b64,164.67,170.69
9443197a9e0a22a2,218.12,350.00
dacca5ea6be14d08,269.71,213.74
18cfc2f58d20c0f2,176.61,255.92
65290fc5216c2a73,203.74,217.42
a5962421d687de8f,180.38,273.71
17a8fbfbe8d32258,134.52,121.72
f484290346cfcf73,150.83,119.86
4bb7363bb03628f6,146.65,255.20
bec66de67818a9b1,95.22,350.00
3d38022fdcb3b5c9,141.01,101.81
88ef809a0fde3900,206.17,176.86
a4bc92bfe82d0547,350.00,350.00
f1ffe3ba615ad7b9,290.36,350.00
2f2ac4c08e763d38,290.46,177.43
b972f998103731da,248.41,246.78
25137d9cc8b47f57,146.75,250.92
2aeba1cc4004d0bc,162.30,206.98
108140213049e629,155.39,121.16
a24121c70f773fe2,292.73,196.34
48db60440ead6f6d,131.89,169.67
bd057764cb51f065,350.00,350.00
a8b22e990cba6144,186.86,281.06
b30bb2ba5b68a180,257.81,280.98
c22d25f1febd8d09,147.92,350.00
b2717e8f7e7a196f,245.71,248.83
1733594124569598,181.06,168.29
8e2e14693e04bf45,133.71,135.52
81b5e933186a685a,121.42,178.91
5b986cd7289a0884,111.50,124.61
7e3679992f2c6ff6,186.43,235.37
301b145c186635de,113.74,161.06
8c8d46d89bf899e8,350.00,256.48
62d4a918256c83e8,122.74,350.00
676f5091ce2c3c90,350.00,284.45
9f2e58bf880157b2,350.00,350.00
5014298453caf116,245.80,273.29
2037295b161c8269,281.79,216.39
00ecb8ea731e64d6,127.89,287.00
a829493aa8d25e3c,195.15,192.97
9984333d8933dd58,224.03,168.46
ab341b7bb01cdc89,127.64,218.99
9c354bd6ea1bf25a,224.63,266.23
f817a161eb72e685,290.38,350.00
95ca100d6bf829b2,139.10,157.34
f7e5e9fdcbff28b3,230.30,248.16
704e1351a64581ed,197.96,145.47
46c74829fb4c2dd5,290.38,177.03
8787d56f59bfb4c3,215.02,139.09
ec618a1214d4b171,143.56,96.36
635763ab6b5f0bf0,117.96,174.06
1a0b90c661fd603e,350.00,146.81
8f301d4eb8e97449,169.50,175.18
d87755257628de36,350.00,290.39
ebf204638524c377,275.13,221.14
0a5d29e380f1e3e0,290.39,181.38
d2ce61c578e67067,350.00,350.00
2a9755f4d43f3e2f,150.27,350.00
68b3222e977a6a11,196.16,197.61
5e3f46e6f46d5a90,164.57,206.87
82ad4eb50b3d7bd0,175.64,229.98
6a32cabbcd9b1e42,138.67,192.79
fdb7377a34603e47,133.44,126.08
83ea3c36a6f91cb8,183.82,129.15
e76c3346ad9be24a,154.56,350.00
8b87b341bcd130ee,350.00,350.00
0ed093f6aaab94d3,170.60,128.75
8d886fba9328269c,174.23,183.70
15cae38f1326adfb,183.41,158.77
3e0301367e511512,170.77,174.29
71bcafd04decc8ce,223.68,179.84
256aacb8cb2c4289,350.00,234.84
552973c278f08fbb,98.97,99.53
47b690fb54f2eaf9,157.91,136.55
3d16f99de58b9d0e,248.23,256.42
7206d0aa1d53e518,350.00,350.00
d2287a9cfb6b9b07,350.00,350.00
a1b035662f43aae2,350.00,350.00
ee85a66d86490f83,350.00,350.00
f5686732b85adafc,350.00,350.00
6e574bd614afffd9,222.62,350.00
dca074896265f816,179.21,204.11
dee976dde74e7e05,141.23,131.63
a2be3b3f9739d0af,125.96,209.71
dca2a0eb4cd3deac,350.00,350.00
c4bbae7615545c85,350.00,259.41
42a361f33cbb8d6f,138.18,174.43
37d988593cb5f14a,350.00,170.85
1de579eecc094c8b,350.00,286.98
94a3e3df3d28d8f0,159.90,136.78
ecc80630494d402a,164.63,157.05
f0d86420d88ca27b,116.26,174.32
ecc41acbd699812a,151.15,115.22
77785292d4df807c,145.63,242.65
ed6a02c8dcc6f922,179.21,290.36
e87b5c403533b057,105.03,109.43
e7ace0544d5ab596,193.67,350.00
33c8395139de7551,205.17,235.55
965989097794b22b,350.00,277.83
fbc7d73f7bf60b9c,290.42,140.99
b13e3620949300c5,350.00,350.00
df42fd9af4740d24,128.02,116.40
f327f8e59acfab1b,126.28,259.28
de7eec13356baebe,192.60,127.01
65b4d4be2d04bb34,123.81,152.80
075be81e3f92c2bf,186.70,117.36
91bb64656e13a1d4,132.02,140.57
89cb6801b51f2216,350.00,290.34
986bc0ce25dac848,246.73,281.09
dbfac95047e7b33a,226.25,350.00
ba5b23e7ef308883,350.00,247.37
a245b4d0a7861fb8,192.14,216.07
ab8b506dd2277da3,140.39,290.34
dc58af0c02a42743,143.11,151.92
4abf375aa97364f6,189.38,218.00
9a71dc94152a76ac,254.33,230.30
a60ba933a7ea898e,216.13,207.09
6963c65b49e47277,126.56,161.62
791b8b3a475487e9,203.49,350.00
c1843fa8f113d321,216.93,280.02
95f136c07f9834be,146.36,251.39
20aa994cd23074b9,350.00,350.00
ae3ab5d1892153ef,350.00,237.43
6b7033df94818cee,350.00,148.62
ce6f4d06fe5b51f3,350.00,350.00
d1cda3a0c148b725,206.03,286.98
65ce293c20bd25e2,153.96,171.62
d2246624da1c4e38,130.11,116.83
87c73e2086214b5c,160.86,123.71
062816ff1b591bbb,266.90,350.00
6ac1478baeddaae8,290.40,210.92
5b6796a9194d339b,350.00,311.90
e4b5f0358ce7bad4,214.17,350.00
ae07b35f2797242e,350.00,350.00
fec8b9760d6bb235,222.64,279.57
72372c31dee3cadc,183.98,120.34
76e6177c401f2176,245.77,254.69
d5e7fe1f5035505c,350.00,107.49
2dd864ec1a1a4031,131.79,158.64
0f461c4ddf70eff9,124.99,134.92
f825e17e7a1332cd,96.16,122.31
3ce9e07f51239edd,187.26,268.57
1fa6d636d283ac84,156.40,218.97
de2513c984996c8c,283.47,171.70
d59b40be94d5a609,350.00,350.00
16b0e962beb6d15e,350.00,142.78
bbbb4c62c35f5390,350.00,112.84
67afd8e69820ffa0,240.65,217.80
f06030bf27ebe337,350.00,350.00
4186686dbd9957cd,350.00,139.08
08602f790f09d949,160.41,166.87
42536a8cf2eda678,113.68,143.03
18b31990d1808419,350.00,350.00
560cec2acc9b0a13,202.84,350.00
04193f1fff93ddb1,350.00,290.37
e595cb4bfc26193b,117.10,129.07
a8cf22bc7d05c0a1,181.11,131.40
42e7cc48c31d8f29,290.38,350.00
e1563825c36aad26,172.00,195.61
077667e3aaf314db,190.51,149.45
376beb49aadb06d6,120.26,154.85
2a28ce0035468735,138.66,350.00
dd3ea525fe1898f1,350.00,350.00
dc2a3aeac1441991,144.07,175.43
04d97700dbdaef5e,165.54,208.70
89d39663ff1b890e,167.30,222.23
a1f4a5fcef50915b,182.98,290.42
774f7eed6b0180be,273.84,235.58
c67473192bda50d8,350.00,350.00
60d27c73e4a20318,179.45,256.47
28f57f60a46654f6,350.00,350.00
70e78fcf793bc82b,236.81,206.03
bb70048e290f4a86,350.00,205.01
de78bdd8c734e8ab,166.43,177.54
60f3232bc7a73b15,148.12,158.11
28b405fe1552ccad,197.49,203.62
8348ff428d1687ab,290.39,350.00
6d3655c731347f94,282.44,290.39
5aef2af22f5f2fbd,128.46,168.90
6d83de8d54f75ffc,266.20,350.00
eb6a55ee772dd722,235.54,187.11
81ec228bf7af0fc1,190.65,272.74
6f0dc5319bf900dc,244.45,121.95
eb8e4c57d131fb46,350.00,147.72
520de85f6d492264,145.48,174.37
f0e299c134cbac37,129.72,95.35
12b94f0229c30ead,350.00,236.04
9c3c0818f0c32768,102.26,284.95
4cc8bef7c487cf9d,350.00,350.00
556952a9520d0ae0,290.35,287.00
6299412d7bbfbce6,112.37,222.19
3d1a835c15fd8cb2,167.04,127.99
b0cfaf01a155985b,290.38,290.38
6617170d3659b175,168.32,209.92
7956ae951020ce8c,165.44,113.37
727c8004faed648d,228.50,168.05
c553753c64379c39,110.40,216.62
9cf91ae875d886df,146.81,134.18
07df55cb3cc0ec30,290.37,350.00
57622ac93e8d8900,350.00,350.00
33005a28b1226d15,350.00,350.00
ba0b95898baad200,350.00,350.00
2ebfb072b178649e,216.88,290.40
7240a9432bf2af67,122.64,350.00
1b0887e7533b9b49,350.00,350.00
35e23b1917b59132,198.51,276.01
a1f9a28339f5e1b2,142.47,192.65
e9fc9dcc549c7f3b,122.18,350.00
cd0bc692a7bce9e7,350.00,350.00
29bf7862fb1c28d6,250.23,217.09
9a18479792f990f7,193.32,350.00
b3a0fc0a945a31f7,290.40,350.00
06db48a74d81a15e,290.37,350.00
1878e37418f1dfcd,153.74,204.41
65ac65daa51720e2,263.07,281.38
44e24628e8eda0b1,131.96,135.12
9f69f6420f21080a,262.96,350.00
65270a16c25b59ad,350.00,350.00
6dc666fd76a3b280,148.95,136.55
c1039954c3457fe7,115.40,284.68
60be440e54760b40,199.69,166.27
daa06084bcc66645,290.42,350.00
16da233dcf7fecc8,350.00,206.14
91daeeeea0a83e49,157.04,205.35
6cc8c21becd17ffa,223.95,172.41
6b3038fe26a57b80,161.44,237.70
4289bcb551b07bc1,350.00,111.29
70ddd13934e6c0e9,123.63,179.24
41f186bffee2bb29,203.84,235.62
5ad0a7ec5e99955b,148.78,162.43
0212461ac95ae690,219.74,151.49
4d6f492092d827cf,124.11,173.81
29a1ed2c88c34fe0,350.00,350.00
d8287db48ec356df,286.99,172.49
ec20620c294a49a4,156.10,233.07
a0d1be5413e301dd,290.38,290.38
65171ae917df102f,158.49,151.77
137d7dea41cacdc6,122.18,260.43
d5d6ae85ebcfd160,197.78,172.39
34c6c06ba60a9ade,94.38,157.63
be79dafe6c0b7671,128.16,134.80
50ebe7915d9f0cab,113.62,157.14
8f4a445ccb548f15,350.00,290.37
ba2f30fb7143a6b1,251.68,350.00
9468f58f8abf78df,224.88,271.16
87cc38e9d565f819,172.36,192.42
de41ca23c9a13bfb,237.55,290.44
e516a0e035fd57f7,276.56,278.98
48ac0e2cf3681cca,201.12,127.06
c299ca1bc07857d5,218.68,163.88
04df2fbb108b23c1,267.22,128.93
27593cd1cda3cc2f,266.06,159.65
eb3093e235f048c8,120.90,202.82
68ac97071275099f,118.88,92.42
096d656048f85b18,290.39,267.98
03938272fb7c3971,181.91,273.72
475c55534f9e08ee,141.81,261.46
345f0bd50451a321,350.00,290.39
a39286bf0a443ff0,350.00,234.49
23243c27deb4d596,136.86,218.35
0fd5485e64712df9,283.48,290.39
74773b56e0b31c6b,216.10,153.89
09c1d4c96efd0545,178.16,154.00
295c2e1ae2d54287,238.94,205.24
5169aaf0ce80d1f8,271.68,136.36
aa4aa75f0065a687,106.20,147.31
1fb62d8192128dc1,287.00,254.70
7036a87673c98a13,350.00,350.00
9d379b41d86d7c7f,350.00,350.00
7b1d63d0e3e12804,290.40,350.00
8938fad6ec08499d,158.20,290.50
15b62b191eb6dacf,147.49,147.36
6265ffd51a18ff21,138.31,116.01
8782dca7c99717a6,350.00,159.50
c8fbe7ade97e2055,169.14,171.20
fa3294fe655440dd,256.48,165.62
e7da014d4dfc5bf3,160.01,125.62
89cc8f4a69e9ea0e,153.72,126.55
1f70cf05ec46f065,290.37,350.00
0f5f1f5828ebd9c5,350.00,290.47
11141cf97c6156b6,242.47,350.00
be5cdd4872fbd0b7,290.55,290.37
35cfe0b894b93332,290.37,290.36
558b54d28a662cca,350.00,163.67
fdc82a98c68588c4,151.56,290.37
5dc4552c9288441a,288.83,231.72
a7fca585b4fd4255,130.45,124.61
b4daedb1e0c4ee02,290.41,290.47
032a61c6f9439b1d,250.07,233.42
1fa175b6a35e95e2,176.73,252.52
38591fb67eb2a6c3,233.99,237.65
eb5b6287ba73640d,250.67,290.38
d7d7c9ce3d812eca,222.52,350.00
8af87933e6409e24,153.01,254.67
3f7c7917a57d2782,290.38,163.51
fde66b153c65e25d,119.50,213.65
9cb967c62498ff02,197.92,290.49
cca58aece2816dd1,239.94,259.06
8133b11f2b7ad634,106.38,96.98
181ce41897b37352,136.08,137.26
8bd1f8cb9aa06dcf,350.00,350.00
425e856cac6f521b,130.98,291.41
cdedc8f026307dd7,159.97,215.42
d7f151f529543431,350.00,350.00
6aa873e65d880322,285.72,254.70
765a1fde5ee12784,127.86,198.15
3542b1fd47163fcd,127.30,145.10
f914dd2414f9a0ae,139.48,201.89
008d1123cc90f003,156.87,160.15
e2433610f128d963,283.45,247.58
14b450e4ff3c5b97,189.51,195.76
b16534d6bb279b2a,147.28,153.34
a730a20ab0c61499,222.63,285.40
9274af24eb96e4b1,350.00,181.67
24d92c89c893db42,278.44,120.13
5f4284409503d874,129.63,194.70
a369d5ca5aef8b25,153.35,118.59
80538f958af30aa0,233.75,191.17
63ee688385bf7c69,166.60,160.85
21d2958e13389511,300.08,114.30
8a660069ae42edc2,125.56,132.52
1a28928b8d7b4c11,350.00,350.00
f19a56ecc6c150e3,350.00,223.93
baf123a5b5fc674c,290.39,263.05
3ce9fb5e3bdee7b0,123.83,176.61
8aefe4de7a490de6,350.00,120.39
f141416b02a31f4e,207.24,121.88
040f9c9b470f3e6b,350.00,197.43
332432834ece3bc7,290.39,266.57
9574c1ed9ad25816,187.02,140.85
ce05150d524a1829,119.74,190.63
0583a3d402bed6e4,140.23,94.02
3ed2190f1d604432,245.88,350.00
7360ec204d4e0e10,350.00,290.40
77862f580ce9bca8,199.67,283.48
b7799cdf8a6470ea,350.00,244.68
e623355d7f897b92,350.00,253.62
92030ef8b5796b0a,144.20,283.48
da876a1ab4b8eb48,201.09,210.08
30d0cab706e43838,109.63,350.00
3ca05de15ddd658b,290.40,350.00
3fad8fd8b6e4465d,139.72,109.80
48c6c45d9628bb79,267.09,350.00
42a353676554ecf2,173.40,275.50
9eed1b277c76f576,256.45,244.15
8208afe1e52b02e9,290.44,286.98
f0666193c544be4a,350.00,290.46
bc7743819590b193,162.26,249.47
0f22781ab4635414,286.81,350.00
db690563ae7fa070,254.72,256.51
5254658d4e4126c9,230.69,120.17
78294f5d5e0f2b13,182.64,156.58
39e7bb2a0842b8a1,234.44,233.76
421842986f10851e,249.57,139.66
10f54096561f587d,247.61,244.07
a117805ab030b194,110.12,152.09
f754d17d5047d536,233.20,176.35
52f77a9f9eb66ab7,247.62,350.00
2f5ced39b8208e46,145.61,159.13
50ffbc85d3c50604,122.15,183.23
89820fae001dd151,134.34,146.20
73fd4982ef7aae44,254.69,250.70
30c574f33700010a,145.47,350.00
206db35805bb83dc,174.16,148.18
b28aad0fdc0b8cc0,350.00,350.00
21ebc940f3dfde82,350.00,350.00
c302f24082239f82,350.00,350.00
72481ce1897251cd,350.00,350.00
9821faf6a5d6fd0d,350.00,350.00
25783a9abbfee4fc,350.00,350.00
381b2df85ac06615,245.73,123.64
9a3908ab337c5f3f,350.00,350.00
6e85d8d17c3eed58,350.00,350.00
f182b13c6e07dfb1,120.56,278.34
e094423979fc7c6a,350.00,350.00
d6d812269487071e,350.00,195.25
70995170c27c4143,143.29,157.11
fef109b9f26585b3,243.95,290.35
fd0c847858bd346f,151.31,243.05
76d18b94f580be6e,227.81,198.91
e03ec6b24fca2386,173.93,147.91
8abe79e6d300b639,268.38,221.83
dbe53d31f4c1ccf7,221.43,204.53
69d6d58d58cb81e3,183.39,90.47
92d0c39f0df77c7e,107.52,155.96
834968d130e1f0e9,128.90,122.79
2f715933d0626544,259.66,167.80
46bea6d63ffe17e4,171.51,183.09
972034fcd94ca83b,159.46,227.69
68137e9ff22d426b,206.56,233.30
434411f139e51760,155.75,205.83
eeef3df8adb8acc7,287.01,204.15
607722017a9d7e22,178.68,137.19
b9508f47504ccc59,159.13,116.71
d940ffe543c4e38b,115.94,183.59
5c3325b7da3f7828,350.00,160.80
7bb603674999e675,290.39,350.00
f126491f024c1563,153.36,255.03
0be68308b5d63a47,290.39,184.45
0695d1f42b1550a2,133.63,350.00
977e37adadd1b8ad,130.81,125.38
11e7f12ecb2d1597,215.02,140.43
b2a91be41c3233cd,350.00,290.39
c715c165cb3469d2,139.11,172.30
50bdcb20286690ff,119.61,132.64
9afcb091777f6a83,237.26,237.80
26cdaf7cf575f656,350.00,290.38
f4bdf10856c1760e,350.00,350.00
37e0251af7b18742,221.98,350.00
be7b9301e7c689c1,178.74,160.29
8360accf6f70ebc4,350.00,303.09
0071c5d16e6e07f6,125.48,143.87
fc91f1e448f35797,149.65,214.69
77c1e127c1be9983,290.38,350.00
d391ca8154bcf507,127.40,162.86
90d50fb7e2bf789e,132.19,114.21
7a37fd92b26d15c8,205.88,290.37
fd230ba169b3f2b6,350.00,172.31
e8a167bb84082832,224.59,188.83
7a4e5bcd7336d203,186.04,350.00
ca263e46051261e2,282.53,184.88
c63a050af0692daf,209.34,290.44
e7861d4e2b29193f,144.94,145.80
ba75be28158d424c,203.16,128.25
81c5c897717a1ef6,153.65,118.85
e0df5f84686586a1,113.66,179.24
40c080d0f86f1f1f,350.00,350.00
5510b86a35c5614b,226.86,350.00
6ecc59654c2f519f,156.93,350.00
bd340a13bc3df8a1,133.68,254.68
d019250cc6d93527,246.28,221.94
099a2db0470d456b,222.98,350.00
7e57d7848f9faacf,131.66,290.37
6fbe7dffff5f5f1e,254.68,254.07
cee1fb8ac703f34f,102.77,167.88
6bde0b88f21304d4,208.40,171.01
09a2909e1848be52,177.50,133.63
638a999dab6fe310,350.00,350.00
adb35d212e716b8a,350.00,350.00
2341651d1043e2c0,248.29,240.35
74e92a66b29674a9,213.67,290.36
5f7a1ba6e016b249,290.36,251.50
796a7e1fa80af990,268.80,278.96
f10d3d4ffd5a4922,272.40,139.03
e93d07a18ca847c8,147.09,290.45
3e50773520e7a218,165.70,110.02
84e800acc2aacd8e,350.00,237.86
3101c8d54df53e27,222.63,222.27
fb57dcc651894ae9,290.51,176.66
a196dce12754e34e,274.83,254.73
1b4f87d607b3964d,188.72,350.00
9b4bff38430a01eb,229.17,142.85
6bcf5381dd8de85b,266.64,268.82
eac1c31f1b3d11f3,145.46,123.97
53d2a57daaae700b,217.12,194.34
319053a9de63ab85,212.06,115.63
7c307d98ed135d32,137.18,129.96
43b494c32b7f18cb,198.28,119.75
6ba485fc7b8f38ee,350.00,350.00
60f53ad3f114da6e,290.34,290.38
3a2bd4fe6f08bc17,219.98,274.53
a00b98f41c05ae6c,350.00,193.82
54b7b3378e394070,290.37,138.22
b218d6a420abb67b,186.19,350.00
33f0817701e49bf1,207.52,239.65
01e5e4099f03f20e,199.84,218.40
5c55530a258a9e41,219.19,350.00
058d32372a2271fd,250.39,350.00
b42d4c3c701945bf,127.35,108.63
0890d21317c9aa2d,235.55,274.64
589fd70f6f8b747c,350.00,350.00
a7e1e349980063c9,350.00,350.00
a90cabf2913fc6ef,270.69,350.00
8aa637fc26a01581,192.95,350.00
a2308473bcd77da8,283.56,291.76
806761834799c352,283.49,290.53
3368c2419e259992,276.51,154.26
2dc181c1473eb269,117.96,218.15
8757fbfa0857415f,350.00,154.19
990bf4ef60890853,149.39,135.37
93096cfccdbf4fe8,163.19,152.90
eaf8782e4e03139b,290.39,350.00
06eb7492a27bb19a,350.00,240.65
ad101f8850eff427,136.41,166.48
2bb3a036759d79f2,205.63,208.04
bf5a5b23a49fa17c,128.85,290.36
a6c02fb0b18e916c,184.88,350.00
c1c8b38d315d487b,135.03,225.74
eb5cd79e00dd5cd2,275.76,199.95
33a93002fef6c89d,224.48,216.07
41d170c5da83c8be,223.20,157.61
4966e9d7479c8d8d,191.63,283.49
9dc5b5f29d9ff028,122.47,110.24
a28c80463d7d0c03,214.07,164.30
151f9966cae7682c,290.40,286.99
0387bc11a0a0c325,290.40,224.10
c039953c2f438832,187.97,290.39
539e0008bb634f1b,290.40,350.00
920665daa1261dbc,174.77,290.59
e257f0f5224ef6ab,290.40,350.00
1f290005cc147afb,196.68,208.03
c7be6a466d1d0a1e,264.29,141.41
704a089fde021153,124.03,135.22
a5fa3bf3dc91eb88,148.10,100.32
db51d17ea03da745,112.46,127.15
b4407dd3627c1675,281.56,277.01
fc95c49b69a8d476,287.07,239.11
ade59be2e9bc1108,141.08,262.30
4655930eb83446c7,150.05,287.00
df5ab14481442365,208.36,350.00
3b1461ff02a3f98e,200.44,208.21
57bbe424b0d6837c,164.36,119.17
303db84673492cd6,161.14,230.98
e0e41464c1bc7ee1,221.91,290.48
49818fb1520ce956,166.92,117.34
0b4ac9bcf5dbb382,144.66,281.51
a8ec9c513d28c25c,227.46,209.26
d5457867cbd0caf7,204.71,247.53
a6a1adfeab7f7bb7,350.00,165.10
3fc1ebe73920a2a7,241.78,158.13
8238c5f16d0b39c3,137.67,149.86
de8e1dd07ad49c94,148.35,250.68
9cdeb62aa9092713,247.43,188.18
b187bdcc2ceba00f,201.73,290.41
a8dc7400f270a144,141.03,221.46
cd2a60453f8ac133,232.79,350.00
00cf159d5e637238,158.57,233.31
1a699da1b1b5ef85,146.59,350.00
41e6ace08a2679e1,166.03,104.30
8e4439cdc98d0644,350.00,239.17
e8bb812cd91d9c28,350.00,350.00
fa8c1f3d27fc349c,350.00,350.00
2a7cf1a89de3709e,350.00,350.00
06a28491fe26baa6,350.00,350.00
64e7c4ee81d46900,350.00,350.00
fe1ce9e3a38a734b,291.28,290.39
0b5c7c95b0316276,176.56,216.98
1c245dc63a0b9d51,350.00,350.00
8422c70a72eb9291,121.21,151.47
d08a7d4de3c760ec,201.09,234.78
d1ad8d6ef48f7835,262.99,290.38
873886ee1dee4c9a,350.00,350.00
1984570de7f0c89e,290.38,290.38
2ccecfdd7683043e,290.42,287.01
a6d07c32a1cb9730,194.95,175.94
2771872dd02e5d19,209.28,267.07
13a6496a09ae821e,154.19,241.88
ed697b0ef9d455e4,254.65,221.14
be6024894ebcb360,148.19,121.72
77b6fd5d0b8c60b4,256.48,162.90
2cf065874bcc4144,202.82,273.15
179426f56818a1c9,248.30,249.18
ecb9c5ae7fd7a5cc,139.18,228.14
a497d4a83afe6f2d,124.86,290.47
f4af2b4349b7b589,189.28,189.52
cd055be419f77f3e,233.44,350.00
2d3cbfb47faf717d,137.03,350.00
00731068c3195f7f,246.95,350.00
8a1678a54dc82206,252.15,239.72
40fa0bf9783cdc2e,234.04,148.83
69fd05c73b645a62,195.80,200.71
756cae177016ebf1,119.60,112.18
18efcec3c51750e9,125.66,116.67
1c0bf66167c91e01,254.72,350.00
f269d25146eec937,350.00,350.00
cc3e0c5a0f868502,350.00,350.00
00c20fa576380ac8,350.00,350.00
c1bf9ca94c1f7f09,350.00,350.00
1bfb8faa1edd3867,350.00,350.00
f638f176dd1834c0,350.00,244.79
0239f24134022656,184.68,202.82
366de1daf05a2b62,350.00,350.00
9232fed045b1f4f9,350.00,350.00
1b80d5696c2dc640,114.24,141.18
8e7b1dfc608a2ef4,180.33,290.36
5c783d455daff573,173.05,205.45
2f5e137118d57d0e,183.62,234.90
ded18af0e4eae2f7,284.00,106.67
0c37ff69a00c0e74,111.33,204.49
21751a3cc69e5aae,256.48,195.06
d1268ffa059f9d42,216.52,194.06
61cb2ca1469c83ba,123.10,151.20
64d4c58a37e1d29b,269.95,138.09
cf04a408cedb37ff,120.65,89.51
83526f699d25e4e4,148.59,142.49
a914df32b95a1abc,256.59,273.63
831957c67bfc4486,350.00,290.40
0ae4889892f21738,274.96,208.24
1085f281dd966d96,197.53,290.43
d6dcbf543d7e303d,201.77,247.02
34e67c2b110f6b6a,137.52,184.72
7287b029f4596be7,252.69,237.77
d37660fceaa8125a,241.31,188.11
1eb7733d880a0b8f,133.90,285.56
0d63a7d3e08df3db,190.02,164.12
8d2f3e0abb22689f,179.16,132.27
b616ec23516b7244,290.40,290.43
64fa0e558f5d1b24,283.50,228.54
fa6775e369b9eec9,290.44,350.00
ec5e9ce2be2e1586,350.00,175.62
93ffadd9e41af797,247.52,240.89
3c552514bb9b5c98,214.34,196.78
ccacbe6a4c31cd45,281.79,150.87
c330107229012260,244.15,177.73
66785060ebaa2387,113.22,290.39
b6620177ac975ff2,139.32,350.00
50a381c1eb88dbb0,221.52,226.41
08bd9e03c187f66b,350.00,350.00
3e6dfafb8aa780f9,157.98,174.10
758ec6b5d55c1b09,238.29,290.40
9a85303025a077b5,239.21,239.63
7e27d9f37c217b63,163.29,350.00
d2ea9181abacc2ee,189.14,133.40
1e2677e481a587fd,126.43,146.84
4c4e1f7521c27900,137.82,220.06
957b7c74ce120a32,117.49,129.89
1cbffe3a467d0ded,139.78,119.88
4af9088a165c7751,136.82,265.88
be6d6abb11ef8297,350.00,217.31
19da5aa17c896a1a,273.17,216.81
9360a34eb511a9b4,271.42,181.08
0c58b5f37bfeb65a,253.55,270.73
42f11b82d67585af,249.06,290.36
f0d5e2c27c9fd2c1,120.51,290.35
c47cf097227cc6a0,193.86,127.61
7c07a71fa1882bf4,156.01,108.12
7ddf71a85fbb0e4c,175.92,115.70
87790788d1bb3b75,183.10,153.51
2aff05a835ed715e,286.98,227.92
aa1db19806dfd62e,190.50,290.40
147e0b1c64cb7ef0,254.71,241.17
de1124dba8c1a1b0,182.71,225.25
5af6a54d7e0f2b7f,143.48,136.18
3367081258d6ae12,261.25,151.68
307b12b9f08a4cbf,203.84,163.40
304fc030ee6dd9ee,122.56,350.00
c97d0a476c2e7cb5,114.34,139.86
9890835f4c1c6b75,186.01,227.65
8af511cc6e6a9678,117.14,115.81
e0a69c1f4a019727,287.11,210.50
ddf768753c8030c1,350.00,141.77
e34d313fbe1c28f1,181.19,350.00
cc6934588298958e,350.00,350.00
26f876a7fb1020e1,350.00,158.03
4c54ca018e70ed04,233.83,140.22
91e4da6ecf28a7a3,164.58,225.87
29cd6bee493a8662,121.97,207.34
21392a61a2cf24a3,243.43,202.09
1332dc236a3fd3b2,130.42,140.06
a97a7707d5021181,134.33,217.05
147c04a6798a69c3,283.59,350.00
a6548a1e188c53fb,192.30,241.25
a80162f4c8842da3,149.58,160.09
5e69e2fa8421ce5e,270.88,231.04
28990faebda68fa8,146.34,130.74
3195350c98c9491d,183.14,175.02
b56d1822b9f9a35f,228.58,116.58
dc5e46b2ee0898ec,256.49,350.00
8802182074bf4a3a,141.39,255.04
0cced3b02b6b1b95,317.11,178.28
e3072951bb030826,290.39,290.41
d9df78e82953bfe5,171.85,153.83
5ab7629e07da22e6,290.38,350.00
eaa0355223b770dc,237.68,284.79
297a3fe0edd6f1c5,104.63,290.38
dab5e3680cf6eac7,290.38,290.39
219610bc6e7d9196,117.90,134.02
4c9cb823fd7e3e2c,163.18,350.00
034ce0af4dedbfd7,113.13,214.88
778d3f5c4bcc2927,265.34,200.22
dba1add63d4bcbaa,144.14,208.21
526ab0f38313c630,145.39,117.76
dd440cb166329a82,207.88,265.90
b79a0b9c1f729c0d,287.04,281.19
01993fb1d4b34b21,185.33,350.00
e881ba0a28fffb6e,197.40,242.48
8d556e2826924946,350.00,216.78
0fad42b9ab3f31be,177.93,129.44
dd875196c446fdf0,140.81,149.92
346875f19aefc88d,143.41,271.05
1a113ac3255f3ac3,226.66,111.82
e843a7a6f49db3bb,185.88,216.11
9b6806203bc4875a,179.19,350.00
30ebe705eac7b121,150.82,196.14
f6d8bdc3cdcf1dd8,248.26,290.39
467d2dc6a71e1b00,186.42,114.35
1f7c1c741b06a3ed,181.31,299.75
72a3ec0672871ab4,133.37,128.60
bc3323f172832a53,208.14,188.87
a65cf6951e097273,130.79,131.42
4861212df08bbf77,211.19,150.78
4a29c1f671bd89cb,137.80,116.57
8d12287f672cabd8,102.16,163.09
f0cf2ca8e5c621a8,203.16,217.56
41d1e163b930426b,114.86,174.41
ed8944898353b526,350.00,237.42
5c36d760c7e272f5,290.42,231.72
b57345c34f6d2ab3,223.46,290.42
b3e520f1092401c1,230.69,217.53
9caaca5748ea9086,120.15,114.23
405cbbcaa79db24b,122.45,123.50
2adfc6444d1adc01,177.99,93.14
3b1aed7d00a775c6,151.43,132.62
bc72dac46f0383f1,159.27,108.64
4eda704823ccfb71,350.00,264.64
f82c414666fe934c,350.00,350.00
e57b884785848624,350.00,350.00
d4c85298623130de,137.11,177.04
61d89fc97e7b145c,147.15,153.98
a6097fd4e77cb881,192.59,350.00
6834ae686aa0c588,277.97,128.09
ddf2eff896475431,350.00,350.00
d6b3c56a4cf14c1a,350.00,350.00
e2bacdc395aa7b40,142.05,146.64
b43c83505edcd8fa,287.05,247.45
8935fc5943a78c20,350.00,290.42
6463a48c9347a9f3,290.41,253.92
6b83234360b3ca62,181.24,172.07
12d17a837caeae63,350.00,350.00
452a9728317893d7,290.51,290.41
1d20bba4aca5f81a,138.22,222.47
e88c59ad88e9dc27,188.39,191.23
cade8a4e97911e89,136.08,291.20
99c12cc04b4261bf,350.00,350.00
5bcc7204a43cf34e,151.50,171.24
fc9ec3a01d0129b6,290.39,186.33
a551d93167533459,224.09,165.00
84500d5c1aba97a2,248.07,216.49
85f67de8e9dc5689,290.43,167.33
0d4927585d0480fc,190.64,105.75
ea9059fd076a2f1e,235.03,290.55
5a65ffe3842ce2f2,226.28,210.81
bab948352454f302,350.00,107.00
23cdc3ef525ba8e4,118.24,118.80
526790a5b3c4b5a2,171.52,135.93
5d7a720a2e2f4749,121.17,131.58
02a373f6503b3530,144.59,157.28
f4273b2155fe20fe,227.70,275.06
c7ad34973f9d1cf6,350.00,292.93
7601245171a28da1,222.74,350.00
470f6fdd47f671fd,176.98,350.00
302ce74d8b0d12a6,133.12,177.20
dff7ce155b47442c,224.88,232.00
8f426040f746905d,290.43,275.71
7651b2e09ea2c420,225.33,124.36
2eeb1656692bd967,130.74,201.83
4d231d5d5f815085,142.09,350.00
b51d691b9f5603a8,111.64,110.40
83f6a6fc79036749,262.30,236.67
df0d3dec831e2142,191.01,350.00
ca28f69fa42f88ed,231.84,181.52
97cec48c97e7ea31,123.96,131.06
856e171bdfc98cb5,236.40,273.90
76690fbdcaa85c21,112.43,211.55
e8c24a1754599237,135.06,117.98
4e87af7e5156bbf7,218.87,248.47
bddf441908777c0c,205.44,147.12
638093bc4f69f639,230.32,124.11
9b9591a4f7febe32,171.68,233.30
42eba784becde9ad,240.96,218.13
6247ad19755b71d6,350.00,269.63
54c842a037183f48,350.00,114.73
cd03bff050e53625,350.00,141.00
8bcdb1c3418fe739,350.00,243.96
1d43112d98de273a,129.13,102.80
40cc0ccf580a4836,199.93,228.57
171eb38b335030d3,113.29,110.39
21419797f539de5e,285.05,308.46
031eac0f0f85d0bf,167.44,106.80
1c4e4b3358089960,216.28,111.76
16ba92318ff66d4a,281.36,290.42
f509d5ffcc3f46fe,211.03,267.29
22a574162e2ebcf6,273.84,270.86
d607908be8b19273,290.39,215.87
530558f01ac425af,161.42,183.72
e27a9b4b4a46f091,283.47,134.15
287c71b9017c5769,199.88,142.28
635ef1f12a60e9d7,173.69,264.16
7549887ba7ae86e6,257.99,189.11
2968840a5f24ce9f,261.10,170.19
493b7a8e3253b133,182.14,173.36
3dbf17b9946d26db,198.06,199.39
69ca032aaef2e3d0,350.00,350.00
919ddc634c54ad20,350.00,350.00
2a8ff828e4891b82,247.91,283.81
2b3a1c063245e280,111.02,350.00
80769cf090fa34dd,226.66,179.70
69f8e2ba5d1048d4,290.46,248.29
50eb4822a74a417e,150.86,191.85
b4db19e62f087a7f,173.59,98.02
db43605f10bd67b4,179.02,113.46
785c0e68b34ea383,201.22,170.66
ee43dc83049ecc8d,113.40,159.91
e9e6023dbba9a8b0,350.00,350.00
68e1a69423360900,350.00,287.06
be70a2f68f6ad3e7,175.19,350.00
8666332154fc6f4a,350.00,260.62
7af713ee9e3006eb,180.35,256.56
c79c00f5443c2f6e,172.44,189.88
e0bdef2580715030,132.68,287.36
1dcc880fc80e6332,215.59,350.00
e830cb1df07f3466,113.37,231.91
1acde2739237c4f8,106.91,161.17
c996b2ff10a915b1,192.78,128.52
e2b547e64f6532bb,136.01,131.94
8e4650807ea06626,173.05,224.87
9c3db86db300119e,220.05,241.79
9030c92a161afaf9,126.87,350.00
0bd0ca01a255038c,168.91,242.75
b6c46c3c239e7863,350.00,135.93
7b9de06ef8c09ba6,170.82,220.62
d0797451df1de80f,126.21,350.00
cc6e74d0558b7340,290.37,290.37
79dcde3ad50f6165,157.43,190.84
5adcbd20eed3795d,139.83,117.93
29398b15b94c3847,129.78,149.65
e5e3c3a055df3016,99.58,128.31
e67e15cc6578d1c3,248.59,290.50
438f5404c43303b8,142.90,225.31
8b0ff8defc1a14f4,350.00,290.38
24393bea0c4cf49a,350.00,220.99
9eb1ce435cc1536e,350.00,350.00
7047b70f28c2d2fd,350.00,350.00
bc0779b232828e67,260.66,158.14
53467e6296c2e5e6,290.42,241.72
f3ebaf9af44c1e6d,215.12,186.13
4e69c86d09c9f782,189.57,196.73
a89b9eeacdb85ec1,156.85,194.69
fa520c5834cda94e,135.05,350.00
3509779ebe302d06,350.00,350.00
ae0fdb792308b0f8,211.03,249.18
0a5a021cb11299bf,283.59,248.26
4f850f7e35d85bb8,128.94,209.65
40a43ffdd1624bed,350.00,350.00
adf590055f922f5b,350.00,350.00
8c8468ed2878dc0a,350.00,350.00
5067fe22dbc4baff,350.00,350.00
dc85144d1d945076,350.00,350.00
5ba1e6f5519074c9,173.02,125.45
2594287e8fa31404,350.00,350.00
f286aad7b3558b21,350.00,350.00
b4d0659f60c8aa7c,180.32,183.69
c8a48abe3263f796,350.00,233.24
56ad1de1924984ad,166.95,350.00
b229ee2997b70d16,198.53,245.20
786033c27fdaa020,350.00,247.70
a6797238f9f98644,184.96,249.62
704adfae22d0dfb8,234.14,203.18
3566c8e9d3a9caa8,187.36,350.00
d13ea6559225991f,181.82,159.88
004885f7983f4658,118.73,267.86
56ce29bdb1fe9abf,212.01,105.59
4dd561df1ca58ab8,350.00,103.03
6599a94704d56719,147.61,350.00
6d6a1834e0d18f0c,191.51,350.00
44ad16cd4e6c93d7,177.44,157.69
372a0456aa4ff6cf,223.49,247.67
fb30b2752d3dc1eb,350.00,350.00
523e8ca343a0becc,350.00,350.00
59ad5b88804afbf5,290.39,350.00
bb59b82bddc96cca,116.04,291.57
c29850ed8d9d1073,158.37,235.35
04e6a26fe2a4017d,141.90,111.06
1ac61e415deca2fe,106.68,113.92
8151421edf24a821,112.92,139.94
eacfc05c3e5ead5e,273.53,290.50
caa56c26127bf7e8,285.66,173.82
8aff100107d0ba11,246.53,273.41
11249454ed5fd71f,186.25,289.35
019b88d4ac875ae4,222.68,350.00
4b4c4df2778538d9,139.98,350.00
edc4e54d5258eea8,99.79,236.25
91f33ac24fb39eca,210.30,287.02
cf5f9da861c5e63f,126.83,277.87
59bb17087b12ad35,179.60,350.00
05f8696303709939,124.12,122.25
ac269f99e4e53634,350.00,147.18
110d18c0953bde1d,107.79,350.00
172dfd6cab9b627b,109.85,350.00
1260d0031a5e469d,161.23,224.04
a6ba04a54eb7e8fa,231.50,290.37
e1d33aa47b35d021,195.82,278.14
3333fdbe86a763fb,290.40,290.40
149a0b38fa02e647,207.42,204.48
d236fe0f180312e3,132.44,124.41
3f19bab8de698eb0,139.93,350.00
9dd931fd20d6c886,127.48,120.24
5f87dc7d18517d87,196.71,162.55
19d6c7f5263c9398,147.98,173.87
d51757fe7dd89f2d,137.57,247.72
66b295262ef7ee91,350.00,350.00
401a21d881a1f26a,290.51,174.90
291bebbbf4f9128f,244.08,269.72
b6d027c60f879e4a,282.87,350.00
d03618c86d395b43,229.07,247.56
f5ebfe526cf409e8,205.56,191.81
c25c2000aa99832c,248.28,290.41
8c1787fe568f1ca6,261.00,350.00
0e272af30a23e09b,190.60,290.92
2692ac9853970e08,143.41,350.00
bd9100f5d4ee6823,350.00,350.00
8857bf28823b1b2d,169.14,139.59
19828eb12f6d41a8,184.47,200.90
5deeecb6aaa5dfd1,248.38,176.06
8b08b73f16ff7b3b,247.67,195.91
177c1956907ed687,168.61,220.07
63af858a04c1ad79,350.00,109.27
43d1693f0198a93e,193.97,280.96
27ff1bfeb2d50b38,204.31,131.70
4912788e449ce79a,350.00,350.00
44ca8997a3e5cda8,220.13,147.25
a4daf2f24acdcd43,188.56,133.18
c8ec6fd9aa2dcc23,104.22,147.25
a7cc5dc1a5c1e643,130.39,226.48
faca931257ad2e92,350.00,161.20
005723fb99440272,168.86,169.07
c5de5c3633a0bfce,120.13,192.70
86bbe429ae27d913,290.42,277.61
701279417e0bf776,206.03,105.80
c3601529b7a7d489,165.87,112.16
8c124a6196e39ad8,126.35,129.19
b57f68fa967fa59e,350.00,350.00
6453b20a65c62cfe,108.68,153.03
9a6a6716cdfadc98,162.35,144.35
9cb8fe20b05d886e,273.26,193.28
b616969d55fb2d7a,247.75,157.14
dbab923a090fe93f,350.00,350.00
c5603628f7ae84d3,127.80,350.00
cf6b9a001b0824de,210.04,112.92
7ec61e2b0728e6d4,103.10,123.81
dbd0ffc84699ad6b,150.57,227.39
900ae72adbf7c49f,287.16,254.23
c543563958093446,290.40,350.00
f747701638da90ae,166.29,256.12
3f14c96ea899321d,160.86,131.95
edc00a33666b0b59,160.75,236.55
4f8b6eecb0361290,350.00,290.38
7b97ca2c378e7782,350.00,271.98
bf6857338637013b,199.51,290.63
5f2065f737591226,205.58,270.87
3846db1456151f80,254.78,290.40
168413032bb51ce0,350.00,290.37
4c6030fafb46330f,167.07,211.83
5f9b11f4cb3057f2,217.51,350.00
af0327945c9656e0,158.01,241.10
1acdcfe32d975f42,290.53,350.00
a602962f1dda3205,151.84,109.57
72e1b3e1224f5314,186.89,200.18
f12126b5c49a318a,350.00,185.64
5135e078b807f9a2,290.38,284.51
0f74449bf6f64616,147.45,123.99
a2c0f4142ba4ba75,190.18,190.83
05dce98da0acefd8,181.51,194.53
5d839e4eda09d6e4,278.42,183.95
8e41d022b55277ae,179.89,173.20
320580a92d5c2924,150.03,124.88
47dd6356ceb2eba8,150.85,290.38
85ee3b5995874141,115.57,125.27
751f2796809d2a6f,167.31,205.01
eefc526e320524e6,157.53,260.02
1308a39eec6f86cc,134.60,126.06
6b30fe49b6df63de,264.12,237.68
602e8602fe9c9121,350.00,256.47
e1f9390c465a2988,256.09,194.57
dd1131c208475365,149.47,187.33
964eb53864554ed0,350.00,198.14
a86b801279e0ef4a,290.39,220.58
8ab4682a544f3c49,160.84,290.39
382d626d45c36f14,169.88,222.15
f18ea0d8b472dc1e,161.59,247.58
f0d839f6d712a233,290.39,278.42
ca17e1385ef98e57,118.27,136.93
bfef39e6493f6487,139.53,112.30
98903717ea3dfc24,281.21,169.08
9cd973a0a6c1cd5c,290.55,270.17
b4555cd5b5d2a53f,275.57,350.00
6ce1b33bccdfa676,240.46,350.00
66a99e85803efd92,281.26,214.64
336670b46f343d65,245.43,256.68
7b13fdc889028e66,98.06,169.55
af51920a3e176995,159.57,214.62
4dc03e76536b85e5,179.69,116.03
fef6b147d5fb90bd,165.94,109.74
aac887ea8a83d7a4,195.92,102.49
fa084335b5f87627,184.00,145.34
95d86cec2a7124b3,265.44,290.42
563adcb4abd48f6b,350.00,221.02
e706a0fca8e82288,350.00,265.49
b8e1a9db956e245b,237.29,350.00
5df777be98ea09de,350.00,203.95
46aa72d0ccd2be0a,350.00,247.70
d67dadf630c36f18,170.27,290.40
5aeac72404dd7c6d,350.00,192.24
bbcb7b5ca439bebb,171.11,238.16
9166d2f99369c06b,267.33,110.46
8456a02bd3621837,178.44,118.56
c3b1653fb5e101e0,350.00,350.00
a605d4153c7dbd84,175.26,230.47
5b2cc17158d77f07,271.89,350.00
d3f9262901219944,158.96,247.84
0d857bd8245f9d31,240.02,280.45
a95be3943ea0f691,208.34,281.97
e37368ff2a7a71f6,350.00,158.58
b3bb90f5a2aa0d7c,206.32,247.61
ca2b48fd007126e0,182.89,290.39
d9834a03626a3c06,178.67,156.89
c0a5eeb0be0049bb,142.26,149.54
1019f330bdecfc65,179.01,199.63
0aa5be9d0e75dd42,110.54,141.12
79e7b986601fdd2a,350.00,350.00
3a8baa48c9b30d47,164.47,229.91
3e610c7a2ab31acd,350.00,207.26
676590832dc86748,350.00,250.71
9ad2dde9c35d3cc4,187.99,181.34
e0ca5ac323768da0,124.81,127.30
fecf9c7a4e965690,173.68,154.12
adede42d4c20494c,140.15,121.10
3fc3179cd800128e,128.53,181.56
a41ba2624191bf23,179.37,109.07
e1ccf09c055bac01,350.00,180.14
f11ca082c924464c,350.00,246.29
58b7b23b46f4ccd6,192.10,236.78
2443d8aa86f0070d,290.42,169.00
ed9d7d85a5ae06b1,290.16,139.07
c9eb00b7efdc7559,350.00,350.00
2a5fd0e2728967a5,198.00,113.69
fffa21388cdd78b7,123.59,137.82
eba86a4ea6128840,203.48,350.00
ed53922429a19c99,117.20,184.27
340d5e6f22ff6ac4,314.96,104.86
e7cb40d82d987b9e,298.63,127.96
0bdc4e7ce6687367,132.02,142.59
46c89e7e886cdc5b,290.48,196.35
ce9e10ad39976287,213.14,350.00
0051d7fbb7893d27,120.18,253.52
5364d1537fc7d5aa,286.98,290.39
6fbd9d599d638106,290.42,179.99
22fdf7a08691db5d,245.99,278.47
4c0718f12ca664bb,200.90,242.06
2a50b91600e87994,350.00,122.56
a34dc365302238e8,246.27,270.32
c33671cab408184b,221.56,191.33
b25662d83e6d4c3b,131.79,100.02
49d065270f57ad99,106.35,121.17
20a83369ee44e1d4,267.66,350.00
6017ccf5fa09da34,155.54,244.05
ab18079c7c0040fb,109.61,287.04
ef97cccf28cf00a8,283.68,142.54
add991cb839af4ed,286.98,290.37
ce30634422a264f9,185.98,168.70
dc3deae609874677,210.28,151.79
2bcb1b0b05e2c739,264.09,258.36
0cd79ea89d5931d0,223.94,247.62
dbc3afd71525c83d,256.50,241.84
b35f2071e6dd4b12,272.22,201.52
4c257f69fb974088,290.39,256.46
26e876df6d498657,290.38,160.67
5cce3bc28ddb158f,350.00,269.66
2dd0a47f43dfe8f6,350.00,183.07
ee4d086121100177,120.52,209.84
e9bc416752cadd29,350.00,290.58
0a70601cc9f2426f,219.55,215.20
2e042964c6498e7a,108.24,222.27
389c844a1a56177c,287.05,350.00
8de959ac3c3eeb85,271.99,136.29
c6c37a9e8990baba,289.69,139.60
2d57ce76f7922ed9,254.77,233.49
1d34e2f80cb91188,107.38,137.06
d8b864e673f53ec2,290.42,243.95
55f4c3598797ce6f,350.00,256.96
a4d7e8241422ed41,223.03,350.00
9cc0582c703637aa,199.43,187.67
9bec9d2d0dd1d7f7,118.73,170.17
e9ed827818e8cadf,149.00,125.22
67222a0d79c83086,129.20,116.80
3081e6e1bc1235a8,274.78,215.49
1f5c71dd2a0672ac,231.64,97.57
6c1fa30e1dd38c0b,158.29,148.32
25cb0e15dfc8deb3,101.27,127.68
7ff036c99621eb1c,98.19,123.64
c9ebbba18e4e1e84,350.00,350.00
64e1197b8d5d0706,232.21,350.00
2b5058614b56a898,350.00,350.00
e9ec16e4e7cfb120,350.00,185.92
b186f4778257ca6d,245.02,239.00
2a940fac11da404d,350.00,350.00
1b7bc992c26ac10f,350.00,350.00
a072ec605bebe5a8,350.00,350.00
fca7fbd0bafc480c,350.00,350.00
f0815638f558968d,103.81,115.49
2389557cfa02df78,350.00,350.00
678eb77df5589eac,350.00,350.00
e14b4f2c7b36d0b9,350.00,350.00
e982a2648d69fda6,236.95,171.81
b951f2d4080ef172,160.36,162.64
39efb868dbe7e311,350.00,290.39
adc1b34f6988bd68,290.44,260.19
45e6eec6b35d7dfe,245.37,127.10
bfc321f0b0a7bf40,114.46,155.95
b568f3700aa2c1f7,120.55,152.84
fe52c91f751e8db6,164.71,208.77
0f215b143e08f425,350.00,212.67
4618dcef2dc6250f,237.69,264.11
5929c539190c8a07,107.74,162.22
5ffccdf4af20dc0d,350.00,169.98
f5fb4435faf1ca04,227.84,270.83
a5c76ead1a2767b6,161.29,142.56
c1d2ce95229cdbd9,254.11,152.41
319d75c21fbb5d3f,120.17,117.88
631f0721b3fc56dc,151.81,122.97
00566b4d89565373,156.91,164.50
e6663b2c16df6191,151.50,162.17
27635cc4d9fcac98,216.96,257.86
49c0071ae52fc83a,290.42,223.65
a6e494c82d136172,144.43,231.75
f1a9c3187855155c,108.82,140.62
b1fd21231f0604e1,141.24,95.93
11706648d34ff3e8,234.67,103.25
5e4f358e0bcc2f15,150.46,173.92
39be68189f2d5074,116.20,180.27
a060b6b0dfe275b7,149.40,175.83
315968a74789600a,290.48,290.45
2a17686c6b5f334e,156.42,140.38
f7bd56e197bab2a6,350.00,350.00
eb82e95ab678f8bc,240.88,350.00
181429d8227794cb,350.00,350.00
e2bb4b8ce5ada2a8,350.00,350.00
ab8722d48a5a447e,350.00,278.30
4b69545737f1902a,173.34,350.00
221cb15141299346,273.66,350.00
74edd53297a084b9,350.00,350.00
07d1d120dab41893,350.00,350.00
3ff7d02ef633ee22,350.00,235.78
6f3e189c393c0e09,350.00,144.22
1143d37503a9527d,290.52,290.37
c2f70bd2fc1bac73,350.00,270.21
94608c62dd497366,275.04,287.60
3b8b70b448b0c604,278.74,264.05
bbb810f50d60b31a,175.37,186.19
fac335e6aeff29f5,116.91,196.08
eea06604a47ea9a8,203.74,285.48
7e3609b672c7ecf9,228.35,241.79
55139052f4641670,165.80,178.38
8d6392d59e1ca099,152.69,231.10
0f3e6876516edeaf,312.67,146.42
e53c8a20819f9be6,283.27,290.35
ea0f7fe570c1533f,350.00,350.00
3f1d1bd33a296f26,173.47,209.65
df7cf7ef41eccbe6,210.90,272.83
80cb366cd1e54aec,218.55,227.51
97ad3419f2029ba1,185.80,168.85
6a7f68feb5c0755d,167.85,285.64
6fdcd1caa0e9d239,106.15,141.15
ca8e482388e7ac82,122.87,269.01
77d82e8a220053ea,172.05,113.22
7fda79ba69b06c0b,137.60,190.05
7a91b26b3e231fff,214.43,350.00
bc9dd73e0a982c08,350.00,350.00
131732f248cd2829,244.70,350.00
b51163f358495b41,227.75,350.00
c145e4b6206d4c18,161.86,205.15
b705fb146638d859,155.86,350.00
b9be2e52d02886e2,290.38,150.62
fe936088ec4dcb0d,216.32,154.51
a851348faa460c2d,233.42,184.40
651bdd9e17a58c5d,217.86,100.48
a3b37f8ea171b962,171.05,196.69
4c9047d1c1bc1e29,169.28,146.12
816119e4d9d983b1,350.00,350.00
496a169f4c9becec,228.53,350.00
8619c3cde7dd4e15,190.49,210.45
01d4d1d8bcb014cf,184.88,267.28
ea60fdcfd423a15e,182.20,278.60
420114bb94080b3c,220.34,277.35
cfefbf79340d3346,242.59,233.64
b96e1222eb1a0faf,144.76,213.99
d0e084b6345c5af0,256.29,287.04
dadde3eb4e5f43b4,163.85,350.00
ffbc12e4f821ec68,220.48,162.66
aa11f2375ee2118f,103.19,290.48
328ae84bf2af537e,350.00,350.00
dc28c6e66f333d2a,190.65,161.53
1a8b815679bc89b8,262.02,290.36
41727d51af72b1d5,350.00,350.00
faaa7340f4ede814,170.54,350.00
36630b8c820db52b,245.43,350.00
ab0d6346b7938a7f,192.44,210.48
9988ff4d4197663b,119.31,160.11
29657325bfc1d590,142.14,107.19
b1a033020bd6d3f3,233.91,350.00
654127f5b9140be2,260.64,290.47
2ebe2ae9b4812f0a,350.00,350.00
36d4e8f650539bf0,350.00,350.00
3fa2e753afa0bdbb,177.89,151.56
c53a5dca56870ea5,350.00,239.67
57ab45aa1ebd087e,169.84,152.56
82448697e7a44028,140.54,166.01
0fea1cff62e26b46,350.00,350.00
e38d7761a92e1bf9,122.96,154.44
443791a8c6790cf0,211.82,222.06
54845ec0646a9bee,283.49,350.00
4911fcfb1b28faa5,350.00,238.32
406154260435c65a,237.56,350.00
6242126d8d06a7ca,290.49,160.66
0b3c3d363c82835f,230.96,287.02
b5be58e7fa1e7439,159.69,350.00
73f55778c5c55c2f,132.17,100.08
742fcd610f344810,133.46,196.35
543dca66a449d9d5,270.65,174.46
8f979d206eaec468,350.00,233.20
0175c0d2a98576f1,290.37,233.65
364ed6aecfc8d16d,350.00,212.11
a5f39e8ff1398269,290.37,213.45
639013929b61e834,172.49,197.78
99170b2f2496e479,248.07,290.37
56b57d076f874eb0,257.57,114.28
2d050cb1f7d8789a,247.04,245.30
427a10db0406cfba,175.48,168.15
d4d4aded862ace46,195.01,103.39
ba38b96f39db78c0,203.99,131.34
cdf58f62e289efec,117.74,150.64
8f120352072bd5ed,193.27,350.00
8e87b33bea7c5da9,350.00,280.96
5464d7ccb4177464,194.56,256.60
a5827bfce19e63ea,212.19,161.91
283c0b3b7e425252,283.55,185.19
995f0dcdcd5fe43c,197.76,158.89
fcb3e9f89987d519,241.18,290.36
98cea844501261a9,158.88,243.69
671048cd1933855a,290.47,217.99
eae8d2c30c0bb499,130.19,220.60
981e2f5a8e46a1f1,128.95,116.74
ceac6997d22f2f3b,175.73,216.32
f7fac3df5c6dc91f,350.00,350.00
a523ac02533f8b4d,139.07,242.28
f524520a7fe0a8b8,290.39,290.42
beed8bc1f800de8f,161.31,258.77
8c47c4b9503dd5b4,212.69,138.17
a2e1e35e4e84e08d,106.50,290.37
20d732758337f0a5,124.22,132.84
d2519c169f3039ee,216.30,350.00
e532ef88b8cb26d2,350.00,350.00
01c67a3990800dc3,350.00,350.00
a7aac5f6b470ddaa,125.03,350.00
3427667c1a265fe5,143.16,218.81
f0b117394e52996b,175.74,350.00
2e8d68b14dde981e,350.00,350.00
3406cf3e28e30d1b,241.24,104.79
3e6b5cb3c37bef3b,141.29,214.08
0dd560fbcae2244f,350.00,350.00
273f9520d75f3dac,350.00,350.00
1a6e7e7c98886198,123.52,166.27
3a5b53d1123d9f7e,233.61,103.48
a283975bf9355757,350.00,350.00
70e0e57a6755e31e,350.00,350.00
b36362f5db72abee,235.56,350.00
73f72edb86c82eef,219.19,350.00
7fe2f0213d641540,204.66,350.00
3808db1e982cb103,350.00,222.36
f8c9a597f719d75c,214.02,253.57
220aa11288e919c6,106.12,148.76
9d1722fb8b83a92a,178.21,113.80
f5445d367e7dbb2b,202.88,144.66
4e3ccffe18641d9c,119.27,149.09
e446c5e4a8b8d189,260.66,226.66
a9660625bab5d4a3,156.16,141.57
82f00e723ed5f6ea,350.00,350.00
e4fcad8261083dbf,134.47,139.43
c3455ba522bb37eb,281.45,290.39
23861a2085ea34a3,151.82,229.72
553a788a44b8e794,149.96,196.87
5b0cc074c657ebd4,164.84,292.63
484cf23d5110ca04,114.31,287.02
9b10db4499b211b7,261.77,118.41
9a1d57966d8a17a4,127.74,142.04
e332aec001b34f50,107.44,162.33
d6e4d0d62a96a948,273.67,270.65
2b6c2cdccb2cc659,186.01,290.40
687b9b2c11667531,118.64,140.62
23e96ddeb14b5936,241.13,168.97
9a8fedc4fa968bbd,276.62,267.98
8ea70cfd5d3aa5ee,264.93,276.59
289004336bd71d34,119.77,152.65
7d947be4c15ebe36,149.71,278.67
4ceadad9c2dd0a87,205.83,350.00
107079f548338ac3,198.67,196.41
3ee1a3216cf66b95,161.56,176.10
2d14f73c374f2875,142.15,199.92
f8cceeabeb2afd4d,111.22,157.45
b56fd6eb7d0b6083,350.00,350.00
8d98ccae1057815e,175.25,350.00
11d2b546c8533c0f,247.67,159.78
4ead27d52c14697a,221.76,209.15
ee0075e188e87e86,290.41,218.53
002c1562708ac307,178.43,281.27
1789d630e31e9c77,202.27,170.92
164eb9071caf3fe8,224.75,145.48
f9a59f7c67fbce01,149.86,185.06
c3e3d5ef06a45616,143.62,125.70
2f6b63e8ec62e3ca,222.33,122.22
edcb573f1462846e,154.11,155.51
f132535656f28648,285.26,350.00
2baa02e0df86b566,350.00,350.00
ab27a211bcb9550b,350.00,350.00
47bdfab3cdcdddfd,187.20,194.43
e64310b89b54db3f,350.00,350.00
e886e22d31bc96c1,208.81,350.00
c556a9d615f11483,269.65,290.37
2133f8798f089140,171.99,161.84
c16b1dc7577fc31c,270.26,131.26
5b6405eeb6757637,229.27,290.41
4041e280dc113323,237.69,290.37
042fee3d05e105fa,350.00,277.40
16216dcec4a48768,290.38,199.39
0b1af005a5f25561,350.00,267.74
a104c62f69ce47de,196.81,176.67
3618e0e165190576,274.10,220.71
f9109d1e7c4ff9aa,103.78,350.00
0ecbb881c74a63f5,125.20,153.14
bd0497a410822291,350.00,350.00
5d7c91acbcddda2f,259.11,116.19
c16454a3205506c6,350.00,350.00
09f9849d363433a7,156.46,149.81
0c2a634606639d71,309.74,350.00
5eb07bffdc8b7acf,231.93,350.00
d02ac0447fb2a7a0,151.37,260.37
6597b770486021b8,197.43,202.45
6eee347f75f223f0,232.27,227.48
410e3163827d6d3b,201.19,188.17
6ff8fff0fe2a3cd9,251.56,109.76
b97d2f97d109cfc8,110.00,205.29
dbc35626d0f0576b,191.18,187.31
8d7ea177efadc718,100.83,131.82
753004dcc9c53eb6,131.30,222.77
357ba2f1da89031b,350.00,350.00
2d7ead5ad0952423,350.00,212.79
a84d032d7d217427,290.40,350.00
5fe5c8cb69d8825e,156.57,163.55
594ce25b9e16c7ba,350.00,350.00
7767149280471f2a,290.40,207.89
db747a157e1f264b,225.06,167.21
f3ebce624bb154ae,125.63,134.77
b72c19b80fb47ba4,111.73,236.08
de65739f00350c58,132.98,182.22
933660cfab154f1a,141.80,203.86
612333aaff795989,350.00,350.00
25a28456f684503e,206.98,267.77
f3fb4be38377e1e9,276.03,350.00
ee532a38a0b93127,350.00,350.00
47cabf79c3340581,251.82,296.00
2bb2a2652fe38809,179.67,350.00
4eae10815ebe78e3,290.38,216.14
eb13a9d04dca676e,290.36,290.36
cbf36e02c68e7719,350.00,217.54
2977a9b5c30d89c1,290.42,350.00
9afda67fdb4d7c07,350.00,350.00
70e49c90d012de66,350.00,350.00
7d26a6b4b6845e1b,227.61,290.52
1f65f03f1225e061,187.34,290.40
2c8d1f5bb73a812b,181.45,223.54
a4759c52378f9d1a,139.35,155.82
12bf24fa110513d0,192.16,169.10
7962611f2adbacc0,248.20,192.44
0dab467898de22c6,211.94,226.01
bfcabf1ab823942f,110.44,144.30
46cfb41b00cb5ad8,152.96,103.17
629655f9b898810d,290.55,350.00
6445b14dbd24ac25,275.49,350.00
c576e311ea337a32,350.00,136.88
2e8058fb2344ae3f,290.43,137.26
f206143bb9347444,178.78,209.95
27c34f7a7e1c4d67,137.70,158.59
9cba1f0cdf10a8e5,290.41,205.44
f560035058bdb18b,202.79,248.02
5da7d95051699adb,228.85,223.77
f966ed41316504b9,146.81,102.52
a6245f48fc60bc6a,350.00,350.00
e7318f41bce58b8c,350.00,350.00
1117f90ee81e0bbf,350.00,350.00
2f91307892d163ce,220.02,350.00
8fd355e482806ca7,290.41,290.38
94371d1af8aab471,272.75,233.51
de17a01ce8a0c654,215.59,262.95
e7081f3a0a982f9d,290.36,350.00
14a59abb3160ddaa,350.00,350.00
8c5785de472dd9b2,350.00,350.00
bdcb43bf1daa790b,106.57,92.25
5c30f6535a08d598,350.00,350.00
635ee9448fe2ddaf,290.39,350.00
02a183fa803a33fe,290.39,196.17
9fc7fcbdb6587265,290.37,247.77
b0271fa12935bf88,93.90,231.97
0dff8509f6a861f1,216.22,276.68
3c06557ddd86f8e8,170.74,240.15
c1bc2a42652f685c,215.05,173.58
a822be2a017f329e,111.37,290.70
4e7c06f8b2b8c24b,139.12,112.57
c8998aa536614a5a,114.61,113.54
e554e9910cb83d49,350.00,245.00
f6d6b660e1578744,223.84,217.74
c805552171b20b68,214.57,235.25
f3a970c83d8de1db,350.00,350.00
b2457e9da89967e2,262.01,211.82
85a58685504c63b4,237.07,350.00
611ccad0fc46ba51,198.42,249.65
0836a9bdd8942bb3,189.16,153.16
ab3820fa9944bd22,207.79,237.85
1e603e6aa6d1a750,237.72,159.25
55b3724a98c0469c,280.16,148.63
f29ba17d818d4fac,350.00,350.00
5da651d5867cbdfe,350.00,350.00
f9e672ec431fed3f,350.00,350.00
fe6b45e7210bfa8e,266.13,350.00
35cdd5e50d30f26e,178.13,273.61
2e23e7ab6217c034,266.52,152.19
17dc833cda860933,201.37,150.14
23124e6f3e7aa37d,217.69,171.72
1258b6f1cb5eed64,159.39,104.55
1f63949591ad61bd,122.65,155.21
677910683d0fd88b,135.79,107.52
99dc6aa635a9cf98,350.00,350.00
49d8fc8e4aee9b51,188.16,350.00
03ba4f9ba7c934ad,245.00,350.00
a0e4f43827aa81c4,186.75,229.75
6989466d287b4a57,117.02,178.36
2573a9a722f238f4,152.58,290.38
5df4632f6238e612,350.00,139.48
852442b380088fa5,115.21,138.24
efa3f3c8945cad0a,124.70,110.88
db209b782f35e0e6,109.23,197.70
01be9ab42f1fd8e6,224.21,350.00
63e4cd10ed47f1a8,350.00,290.35
bb9c60bc6924f373,159.77,350.00
fe1130f34dea28d8,290.44,350.00
b2867869d4eb98ce,280.56,263.29
4de8b5898e1a23c8,350.00,290.41
53fe9da9fb8d4f88,220.00,290.42
e5cf527ed3963a0e,350.00,198.59
954362efa4564d60,170.21,248.91
d0ee52e17db605ab,350.00,350.00
e8f6232d12d52b58,290.38,238.49
2d323659e430bc92,290.41,287.32
20f0129fc4861674,266.40,350.00
2c417643d6de6f04,350.00,350.00
56fbc2a376569c13,156.09,350.00
0067048aaa2aa2da,290.41,350.00
735ed861dee80d25,134.62,143.51
7cde85d46dc0bebe,164.38,117.97
c7765a3255701267,202.92,114.85
a57b9c636ac198be,101.38,215.57
351532f2fe6804d1,107.51,125.98
788c4bbf925cdf40,350.00,350.00
c303b8a07d0d06d2,290.35,273.34
bd83e4a6f216230f,211.16,178.29
7cfb05c08ec91525,267.42,350.00
1748b2b5aabe23a5,272.93,153.07
8452ff5ae6316931,243.05,350.00
ae0b5ab5bc4bb6a7,167.90,128.53
e8c16b26a4bfe163,145.21,350.00
7ba4a04673307cc9,242.00,290.44
603b0b1fa3ab8f20,290.39,350.00
98e21492b6bc15d3,142.48,132.82
1c980547431ddcef,189.37,184.07
839c8cd7b1a32c7c,170.78,223.49
c9733393385105cb,116.10,181.00
fd4d5685c2e207b5,132.86,256.41
1520290d28b75b53,165.97,192.02
80faf0c138d20999,194.86,220.42
6f19f24780c4f23f,175.75,200.97
972b0643185b2570,198.20,128.28
e79e3ee088b76d46,158.66,284.99
ebb9eeac1faf73ed,290.44,252.29
7580c93fec606442,183.25,290.36
2798c746fe93502a,224.36,350.00
36c2ce10809f17b3,158.58,240.22
033e4538b9014f91,286.64,350.00
72d2ab073f4120a4,240.13,153.51
246f38c7855a6400,92.97,208.20
61c9bbeb2806534b,121.14,185.53
284e05afc9479620,171.75,290.36
3dd55cca2358a511,350.00,217.93
a4398b9257a93d78,243.68,277.39
de2dad48d95305d7,218.99,273.05
7690e946d9d81f51,234.74,166.46
b516beb27416e492,350.00,150.60
c2a36e996bba3a4a,237.88,273.68
26cd506de4221057,241.13,290.40
36d9d7e331e6b589,227.74,350.00
1e797ccd275a98d0,178.79,132.73
5ff0c4c6006f0873,172.47,144.17
ef3c1a2ac6510d26,154.11,118.69
a49706a6edb0c5c3,133.60,251.11
9c0721bd410e7a0e,232.04,212.11
fc45644c62643c71,155.30,132.44
fceab09944a65840,175.25,119.00
65f4d4f44e6e73f7,179.87,194.19
72656e864ca1c972,239.64,140.90
b1b82605646eb850,290.59,247.06
3e3db8c37096c260,183.39,198.14
6bcea00473e43a59,205.53,135.50
64eb4ae171613218,109.97,350.00
79c2461046e17eba,134.74,143.05
1cad3dc6d7eccdfb,250.23,281.42
75a88258eb967e0c,290.44,245.33
4664432c0d592411,236.98,350.00
23692b9936363da3,244.27,350.00
17bb1e62772ac5af,350.00,275.26
6c62796d9b7e94a0,242.51,205.95
4e981b587c1012dd,350.00,290.38
63e21ff20866b8fb,290.36,238.06
2d1f8ee74824f983,290.41,272.28
24ac3d1bee1610ef,108.96,350.00
88933cf1edd83034,141.91,152.40
562d3261ca7bdf01,199.17,298.16
2d13778322a8af82,201.60,350.00
5563d6de0b4c4d65,207.28,350.00
5e07077e84fc45cd,290.41,290.39
5ed0027812582ad9,247.07,278.65
7e25199be406dd7b,290.41,238.20
699a70c8fb3c0273,350.00,216.44
20af0f55d226f320,290.41,253.65
ca16e203eb2bde60,150.24,191.18
06fab49a307ff3d2,164.35,181.02
da26301ae3e7a9b1,110.52,187.94
64542fe846b9aea9,126.72,289.16
4cc9ef5e68009fd4,242.80,171.44
2a44035824303dee,290.37,350.00
432e57033ceecee0,234.73,173.83
a90fde18a088f99b,207.15,143.95
502d7cb01921170f,233.13,234.72
d1b2ce8ee57307c0,159.19,240.28
852223ee1a2d0a74,200.83,223.10
ffd3e3d37cba32da,132.92,196.21
2bfb60face19904d,143.80,280.94
06854105c3503075,134.83,150.80
7099374e91f9283b,161.49,143.03
c3d336f9aabc9fb6,189.35,248.22
3a7d76e3c0b503c3,350.00,244.86
681d77e5d5c0f0ee,239.38,247.57
0f0473dde4b873ca,226.87,256.49
920b8aae22c04f13,269.34,228.57
b1e7100c2ab1ab79,147.76,287.00
2faa7b48b4d51cab,290.39,212.83
3e9f3ce3a01bb97f,176.79,249.30
13c4251fb451f440,176.41,207.28
73954f3895cac499,172.25,118.69
3d741cee0dffe165,215.74,99.20
cccb99dd4ec5c2d6,286.98,290.40
49b05e23e3a2af13,350.00,278.48
207f105716df54f9,234.36,132.79
208674403b0936d4,191.95,192.91
7826c23386a1e09a,350.00,350.00
db9f8144b50227f2,290.37,350.00
fadb129e71d8fc22,290.38,350.00
a3480aa7bdc63c11,274.25,350.00
cbe954d004415b51,290.40,267.08
e8907b881151b79d,174.66,112.19
22f52e3b614e0d8a,350.00,350.00
a788042d4d0c50d4,350.00,350.00
4087bb7b3b1b9e24,350.00,350.00
07f9fc40f1e6aa87,280.12,244.41
7a440fcd8048b091,350.00,350.00
9e47b2a66d0e9315,350.00,350.00
1e1a09bbedf7781d,350.00,251.52
925f745c03ebd638,350.00,274.83
7228398a1ab12183,170.97,146.64
12eec1df1fd078a2,190.22,120.86
03a200326e56d597,144.99,142.84
1a637fbda4bdf575,350.00,274.97
e7859b4e70d4a9c1,350.00,350.00
56a0f335ef05c825,290.38,107.27
e947baa4cad609d0,240.85,285.30
55e9ea18b8a72b2e,285.01,200.44
171af1114dbfc29d,290.41,350.00
a2bd4c46f89f19ae,113.96,199.94
079308cc2efa2e5d,143.20,195.07
2ff14dfede1d02dd,290.39,212.16
033d968f325842e7,200.04,144.13
2f93de8b39ec4625,130.86,191.24
8f9cfe0e283a6ccb,102.91,144.31
bf1a7590c455bc7b,266.93,231.70
2417f4130d707978,206.65,239.04
802eba82d2b6113e,250.81,350.00
60030b35e276d338,290.40,350.00
acc987adeab45bfc,290.63,290.40
c5ae278a05b73db9,132.80,167.18
7e8f4240725316a4,153.95,189.25
58112f9fc0058e68,214.43,245.94
9b1e3d99fffb9c10,133.57,129.14
93b7ae1e0f79d100,167.39,244.80
44fc830a664ed611,127.86,115.02
d643fc29c147d33c,350.00,350.00
a2c28daf0be59fa7,350.00,350.00
ed3222701a8c0521,350.00,350.00
b079f3d5ad290afb,350.00,350.00
54afe8c42e2062d6,350.00,350.00
e1cfe75b3a8fe709,350.00,350.00
fa2bed87e5d6c568,350.00,350.00
d417609ea9670fb3,239.78,191.11
da3210cd829fceb7,203.82,133.83
18ba44e67d5c5f38,131.99,101.18
73c70a628f0ef14b,350.00,350.00
1b23096378482313,290.41,350.00
383f0de18e7ab9c5,350.00,193.75
a4816be2c49e3942,290.42,247.72
7ab72866ff2a6a7e,350.00,290.41
deaeb2383bbd32bf,247.46,138.27
1cf53a0b9db52ac6,154.03,148.03
64f5c4f3f3d8ad2c,158.90,350.00
70d69cf33984d7d1,290.39,290.40
5a346087f4120fa3,127.85,109.76
002921976d27b7da,173.97,124.28
d4bfe75b61d2cbc6,104.52,100.98
2ab2753040f455e0,134.33,149.55
8a6ecf3dc2b17c19,290.42,350.00
b9893ab3bed62e60,166.51,290.42
fb4bce82541b4061,248.26,269.82
9f5c84d05107f42b,203.01,126.86
c26a094aa7ce817e,350.00,213.27
d92abff61b0ff5db,290.42,135.11
317e6940e8bf5290,191.50,350.00
647f6d2b9b784222,145.45,244.91
8040697ea2f36dbd,237.72,214.40
e17c7b239e8d6c32,221.74,290.42
53e818dd5abdf787,146.45,189.87
b57aaf04af8bdd34,100.33,120.47
e0f49380b9d31de0,350.00,290.41
e4a9c93ff23eb5bb,239.68,291.10
b10a94377bce3e22,108.70,168.51
c0ca05832f518fef,148.05,350.00
22e7485bceb841af,350.00,179.69
cee94cd937bf64f2,286.98,122.85
f3100979573e2895,164.39,136.87
f81cd5b3903bccf8,220.14,222.13
b2cda211e0e72811,130.27,107.68
f4d91498ca3f0a1f,109.16,160.22
57385188587c83b9,104.91,191.40
a4a78ec539238a5f,276.03,287.01
4d3cd5ecf4276c92,227.78,290.42
85e57ad2b3831621,269.10,249.97
53d2d2de5c4cccf2,269.65,350.00
2d24929eaadf0351,247.02,279.32
cf38ced734978fb8,290.39,253.70
90e5169190971647,166.34,126.54
6359bba789ce28ae,243.76,178.78
293919e355b362b1,91.52,191.12
837a7a922066b214,184.91,350.00
93569f4876c20488,105.60,120.66
3d468536e8904b93,180.88,107.55
f88fefd5df0ba06c,223.26,256.47
96f09d5db68951ef,290.44,350.00
c740ceb0427b6317,290.46,350.00
ee65977baeca3c85,221.29,350.00
b2398418be9a3442,198.16,239.60
9c1d4f57a997a490,350.00,177.06
c565bf49fce2a4cd,164.76,350.00
eab6e19a2a2a67f0,216.67,185.48
eb0775cf8ee7a4e6,155.80,172.39
c3544bce29be1281,106.26,128.26
c910d2fe570b368a,196.59,118.18
f47a32ec7dfda660,117.92,128.07
6451724f8a836167,213.39,250.96
5b0ebb843af7465e,186.19,290.44
fa537adfb4a7b719,133.78,177.78
c699c0e56664ff11,160.28,171.16
b347480405118de5,190.43,115.53
7fa227a1c5ef2238,209.45,222.01
0a2f344e419bd4fd,103.58,181.01
776a8a645868f616,127.83,111.04
cbb4673397b5e96f,159.02,112.13
d52a5d085bfa569b,150.73,169.65
f4e490d25bd62d39,133.95,124.59
357781ff34a3d39f,290.44,350.00
93ac52a9fdca03e1,202.00,180.29
b91807add93763c9,219.68,290.48
a4badfa86304f799,146.34,264.70
1a3572d1502efdf4,244.08,287.72
dcee56e0cbfacb45,206.29,216.28
60820d105e57d5d6,274.16,290.43
0bdb170e1fef36b6,151.88,215.93
509bd83b00e4ab7c,141.75,113.64
fb5ce6329f243d8b,115.12,221.58
b6a609806d44659f,232.86,290.45
10cff9ac7ce89c28,290.51,213.90
a7ff11c5dfe65e86,266.19,290.43
ec659c4e19f62700,276.20,212.42
76726a66840ccfa4,283.43,206.49
82e713f037e37fe9,251.41,232.87
c7cbf6b47051fa7d,290.42,149.52
4228886e94a25a63,203.88,192.42
1574bb7476c9e556,231.97,173.47
d785f22c4cc99a3d,125.23,125.23
223f9a750428e1d0,99.20,166.52
5c827dd56a08f700,350.00,350.00
adc1038ed2e76391,287.44,175.53
f3e1c02ce14bccfe,212.27,237.04
203b3098d892c3b1,158.98,256.45
28255055879685bc,278.87,226.47
fe49ef11584415d0,184.46,113.82
ffea776913451b6d,144.29,89.93
9f4bc2063685211c,233.92,243.89
618b581f14a37e06,116.36,96.90
31e62d34abc3a762,350.00,226.09
e083c7ae1548e08a,205.84,243.53
1cde536c460b1a0e,248.96,271.87
d4d6c5ff6bef93ce,350.00,238.69
875304f54becda0e,290.56,187.20
0027e179b743c86c,194.48,283.47
d61a7b593218234b,184.33,133.85
27e421b97bf57d3d,247.94,265.14
0337fa731f5b02c1,115.00,103.00
6b07c3a9a95493cf,265.83,137.59
7685da6f627bd98f,159.79,114.17
66aa57912b5c5170,111.28,104.21
bd52e19f2fbefdde,247.57,290.37
39e6cba2480c6d82,101.08,157.33
c3ba8f1a4ddc0dc3,350.00,350.00
0c299ce3719d9ea2,283.48,287.00
632f6960544caa3c,266.23,290.42
b068a4ee6d842606,200.02,218.59
7259a1046143e632,234.78,201.87
22a243c5fba0fb46,151.33,240.20
9150344ed35f355d,171.32,206.59
55c6d02e838dc60f,254.69,350.00
fe5427398fd9d9dc,219.55,276.99
0eac602503b48b1a,209.04,213.13
1641d396e409a350,140.78,94.29
bc096e8ae14582ec,103.43,188.85
3845a6838fe00265,277.24,287.00
f9373ab59b7a853b,350.00,350.00
85dcf9425d3c4e56,246.97,107.12
8cf571afc2618df4,205.93,274.72
12c600dc64edb403,129.37,199.89
0c25bb24dbb63655,101.84,161.23
cc7afab68363e076,290.57,281.49
9eb92b670eebdcd4,163.05,197.98
634dbcef5111f939,146.77,165.38
bbebfc54abbb1d8b,136.81,156.99
8502afcf211973a9,350.00,350.00
e8d336f4465e6640,350.00,274.07
6e652cbaaa406598,350.00,350.00
a39d0adbeffe49de,219.22,248.39
439905344ee8035e,203.64,350.00
79e293137ef6421d,225.06,350.00
badc8c379cc2e6ff,350.00,350.00
ec0a1c09d1b113b8,282.73,135.71
fe9a58e79d54695b,350.00,290.38
63c08ecea35e8bee,274.44,290.50
b2bb725b17ab51b8,176.34,277.41
6a7892754af30685,135.84,105.98
642a8cc1195c5198,275.14,247.62
4785bf265d05d85f,150.74,177.51
bd246b9789f88e1c,150.44,245.82
2230a5dbc0907859,237.15,134.80
6b92396d42918366,189.88,256.48
c19f394f3c237789,158.82,201.16
2bcb878e9d02b8f7,165.89,109.33
e2b4130c7b1ff8bc,290.39,290.38
f22d193f3ab42bc5,132.88,135.02
f4717203e762d780,178.98,126.05
5965800d88e0677c,185.98,98.98
ab475a3a4487d6d3,290.39,290.39
71e123d40fff9edb,290.48,290.58
059dcd0b3b8e0a3f,248.63,214.03
0590fb4acc06fa93,248.88,251.32
48f23cc8cc5ad9a9,245.22,281.45
6b532f492e98d22f,202.43,290.51
591699203b264f6c,115.43,139.14
78f1457371e2ef6b,279.85,148.59
0c74e600ded0de97,144.28,350.00
ccbbf1ccd4513551,97.33,117.51
4669c07f3cc9e35f,120.71,137.92
6c2097664ac1bf16,130.37,202.63
398f4857f9692204,350.00,208.16
979269d4ab5784af,281.52,219.29
d1c4c06780cbd36e,290.39,290.41
8a39075a9ffaa971,217.36,206.77
e4549c57faca7a64,290.39,290.39
f208b79b0d78045b,200.47,237.88
43baf5b905686ebf,154.00,350.00
4f722e80eadb6d2f,237.12,145.26
418b6f692abe9e35,217.74,244.55
0fa31c9f7495810b,205.70,142.34
7ec24848cac6c5a1,164.95,125.06
57b986d06bde71c2,142.33,135.07
c13b2493018fc98b,283.55,290.46
49749ee78bc54a48,246.07,287.11
80551dceed42e7ab,290.46,254.81
00684df5ed23e6ca,248.64,215.76
97c302628f231da3,283.58,224.38
1e176413438fabd5,192.96,254.83
4702ef17c48bf1d1,350.00,245.79
093ca77f7f7219f6,217.77,273.41
14a40f30e0cb22c9,143.28,203.24
3b463d688d598a72,111.36,193.69
1caec47dc08613a7,176.71,135.40
7d60cb78ea70fae0,100.22,128.26
419d8143afbcd61c,194.99,222.28
3c3da227fbe36a28,350.00,350.00
0c36a08b1bf60f45,262.56,111.88
b34c608bdfa655e8,127.49,175.90
c2f0a53cd67e1736,113.73,134.55
6257627ba49e42ab,173.74,182.07
3a25be6438e3f94a,136.49,152.98
652a73f4bf7f1932,116.76,128.05
bee780601ad13583,102.29,139.70
318460613b6018e9,138.61,104.59
530fb0d1a26fc57a,170.87,114.04
0c5640433ba44a1b,350.00,290.58
109674a1ee00f55d,254.73,350.00
e54fe354981fe3e7,254.74,174.52
7af604e5aa43bb3b,350.00,350.00
d6c02b4bb64ff795,172.75,188.13
9968d308e97c6531,163.94,282.69
61d6b591430b6e25,350.00,281.36
d4a309663a4da799,143.45,169.56
6a9ea8e420a52a21,247.95,157.08
bf658320ccd69021,285.29,203.77
ff64fc34065565d0,125.10,115.11
8801fbb87bdedbe3,126.68,101.08
5a36c9362552e0dc,290.42,290.42
c39da8538d9c0321,283.50,290.51
3caa22209cb559b7,176.83,169.46
a7c04dc830923313,244.59,243.01
245009a9e1a0f60b,216.70,145.36
5b0fcecc55bebd5c,143.42,200.96
c611e81778c0b1fc,157.27,145.23
cad44cd2466fb68f,287.03,297.12
29c7cb102ddd7ec4,350.00,113.11
f930743af6564795,124.42,209.83
09f67db0cfaee022,154.92,121.40
97febb293c99e5a8,114.64,107.84
0452dd001f4adb6e,290.43,229.00
ac2887a0855a3266,209.84,281.37
b2b6cf87cde17136,242.18,270.82
c7bc785e99d3ee2a,290.53,290.43
47e8726b301f3f32,140.42,218.58
28c33e9353dac666,218.81,177.82
3b6dfd089301d16e,290.41,290.41
243e5e9b6678f303,290.43,234.15
dc93921bd9342341,155.72,105.18
fd776d7b554a85d0,303.16,210.00
93f1b09aa792405e,136.86,125.96
312c742e614f8993,290.35,238.30
08cbd4c521831adf,350.00,181.37
e00da416750f75a9,272.00,265.81
7045f8c1d5f6abff,256.57,241.55
cd7fd3f034717d3c,350.00,290.54
0b98d84a2795f7f8,204.25,232.27
447462bc8e540f10,267.43,290.38
951ccd0041bd1700,245.12,350.00
008d0158831dcbd4,195.20,350.00
c1322d09e8b6efca,228.92,105.51
2f0cbf0502173a79,219.79,290.42
913d6763b570d060,350.00,216.17
665e9a25c5d8c17f,350.00,350.00
babfd62f1d4a43a8,199.99,350.00
fd80d6d9f4e54387,257.27,350.00
72d6996a60856b5f,181.29,274.78
7ad6511fb5fb28a4,193.88,350.00
5b51610a9c8c88ef,240.40,221.51
87b0475688168a42,153.62,221.37
42d09ca167ecae07,168.41,96.76
b90eded8d6b65e8f,281.47,224.82
9f56b3c053c44060,204.47,204.58
8c8c2499d89da07c,267.02,290.44
2c5d329bdf182468,121.52,191.73
824368db1ed8191f,210.93,120.67
c4a7f7d8eb8fe484,101.64,144.03
a9d8ddb49dbe414b,229.10,136.68
4b997af9fb321123,168.53,190.36
4d3cbc7608c8958e,98.71,138.34
ecb4534c0066c5f3,122.55,123.89
70290140b6a8e038,167.82,129.53
96740aa476055413,269.53,245.68
b2eccc1b75633d3d,214.03,350.00
44e3a7b4f4c7d95d,176.73,133.22
c8ec30a470f08748,281.53,204.79
b823aa523c9618b5,247.79,176.03
8410fb6d495a2cc2,162.40,232.34
95233ca23cdb02e6,350.00,290.43
11aac355349ecc94,152.45,161.34
43b9e58ebf4a75ea,350.00,350.00
d4e3baff532df842,350.00,350.00
54a15700ab185420,161.63,111.42
c3b733bf084c2cd0,350.00,156.98
a16d8d0cc93372c4,290.51,175.38
5301d765d64f863e,209.48,224.32
3100a4e29da974ad,162.39,259.27
d447919ec1a9f34c,189.32,290.51
541e5c7a87712fc2,145.83,190.15
464133df9ca19865,207.09,230.82
b8019af428c064ef,185.62,253.73
ea967877dd4d6efb,129.19,138.32
fd984e8a9e25c927,274.75,234.74
c0e8095c91c39b06,135.37,159.77
3b83ec99accfd271,96.90,197.34
2e12db181792090f,217.48,350.00
9cbdbbc414d6dd83,350.00,170.56
3bb7210200d90d90,230.94,283.51
7e9cb0c322773157,278.76,350.00
b0cb6a1da8e0da81,201.60,226.58
486fbba33876da4b,224.16,151.16
976d2cc3d08ca814,285.91,232.29
979538ff8ae1ccd5,228.47,237.52
d45474993a750878,254.67,350.00
c7780ac294530c0d,287.93,210.95
0b8fdeeb626b4396,105.91,110.96
2e47823d38a5649b,95.19,122.54
c1bfbf5447f21f37,207.18,350.00
53efc226c8eaf768,253.78,220.70
23a75c0338d25abc,350.00,145.87
da7d7b4f20cd2af5,166.68,127.52
23fd9d50a99665fe,165.45,159.74
e8f499827178a321,143.98,157.88
6275b448b6c35f1f,106.12,119.75
cd55220a7b1378c4,137.20,178.09
bb56f4e502512ad0,108.55,137.61
c97e99ca5422f03b,119.48,231.91
05065fa2bc3693b4,188.85,236.63
f963d716384153ff,142.36,139.02
f7ffa11d592f4092,290.45,181.72
959de17703476f44,254.77,187.95
7c9830ee4835f757,143.27,224.23
72330020a732c635,246.77,215.26
2116affb9c8f193b,182.86,205.11
17daeb7e36e60cdf,101.02,135.80
0bf405dabb25251a,247.66,350.00
8baa6b8850262595,151.85,171.07
b0367c907cc549c0,119.86,126.23
480aca1906276700,350.00,350.00
431e7931d8be8b5d,350.00,350.00
aa62b8f58fc09790,108.90,144.76
60c62fb7bd17a8b3,187.04,221.37
503a9ac5679c9cf7,350.00,272.19
50d5a170516de2ad,290.46,278.88
b0c2442c5a7c509a,350.00,238.33
d757f19f3d34934b,234.27,276.70
92f27d13fc502d33,176.42,230.07
00dcad4611fc63fe,124.57,161.68
664e56d8a98e2b49,161.27,350.00
e2535e0753954514,217.14,350.00
bd6d144f5c0b6cab,202.83,197.09
9d72aaaf34e5b512,182.72,290.38
9900550cc697eef2,169.70,182.38
d4e98b827e3d6918,152.39,119.49
2ef16a5ff3710c92,141.46,150.35
22e5596f75d9d8e7,350.00,350.00
2d23ca9d8abc0c97,265.24,192.81
785dd27b03946f95,241.32,227.23
21d6db22c6089308,181.78,236.41
1bf7f647f309464e,163.40,142.29
3945b08be8d62861,285.01,100.42
20b70a226f1c13fb,252.21,283.47
961246a6d621ef40,218.12,290.35
870a98d6f943d9b7,135.53,217.48
499557c33e67deaf,111.05,129.70
2c01f4df404ff6ee,128.38,132.12
05e2832cd5ffb7a6,126.38,119.40
c43805df4f45b6e2,350.00,350.00
86afc59ec117c1ba,130.77,239.44
777df8b5e28f42ff,245.27,209.01
1b52b08f195581ad,208.39,176.99
52f0398eb74c139d,149.42,146.08
0449c55a8c24a59e,106.95,196.91
05d2534e0f2d5042,247.60,247.59
7e1ae27779ac6ba5,225.36,228.24
e0f8e1e8cbdd63da,110.71,165.26
6f5f4b256f643ffb,112.04,95.00
4496c2fa6aaccba6,125.54,161.60
74e86c7782cafe27,290.52,350.00
b82b243982fcb2ac,246.68,216.90
374508c76108d7fe,221.92,350.00
85e1b21ea88fe7e3,226.04,218.42
2ab47d509ee7dc6d,237.22,350.00
1c5bed46920ab3e1,141.64,184.04
e7e244a0bf244e61,129.63,133.22
26ac85fc4bee63a6,181.67,165.69
6712440cd01dffdb,155.34,163.19
34fd6ac116645ae6,162.93,110.36
2b3b6e96cea0f757,178.33,254.80
278cd1803ccc004f,175.84,132.37
fee873593f588437,350.00,235.37
32b030138bfd4f88,290.47,247.60
678db400f85ae15c,183.12,290.39
2615d94ab16380f9,191.35,192.19
7ab1cdfe3e540856,241.66,202.33
bdc1561ed4c6e22f,250.25,207.54
c43e99000f3c77b5,129.49,180.84
4b790d75c4bc694c,254.82,135.98
e2e23aee91e27847,103.17,99.38
f5de8b2c81e91129,157.59,123.01
43313a340ff0d2b5,290.42,350.00
cf3a93dd5460593c,122.55,207.64
2ad291d61792fd7d,281.49,173.65
3e39829aedc9346f,210.21,235.06
475a41d83edd47dd,252.17,275.68
665a35fcac41d277,247.77,245.98
a1569926652ebc36,184.31,218.53
2e0ae17a22a6f824,290.39,287.47
5ae114b3fdef6d2f,155.88,219.37
8d1559bbcea7e92a,184.24,196.65
e5461559114e30ff,350.00,350.00
d2198a7ae05b24c1,262.51,250.39
4ff0075d932d5b14,243.33,214.03
6d9f6f7004c791d5,199.79,205.57
b21e4b6c4126c782,111.39,99.64
dc4f7eaaa2c9d450,217.59,215.72
37c732554828dcc3,170.49,88.72
0339f66f18a3e0bf,203.01,132.48
f0b151cc6c91b259,207.44,232.00
a637cd1012af870f,233.04,172.95
3c6659f1b09760ba,200.32,250.12
2be2c9ddfbee0cd4,133.21,167.69
93c4b798134c71d4,102.06,111.24
15aced6a6a61df90,271.68,242.62
d20dc2d68305fc31,215.38,350.00
f281a6775bccb8df,213.20,268.04
d5149f02b1ee7dc6,206.28,290.39
f602cc168383432f,201.17,223.06
1dfbdd569585812f,162.74,135.74
77185ff8b4dade6a,148.44,183.32
0f85a1d9ce42d13e,211.91,204.56
98301c092f00cb01,170.82,114.69
766dc3c5592b4d0d,151.35,146.01
27a6a6d4e3f8be75,127.88,142.48
391d458db6dae33b,202.68,224.80
08af25ef4252b138,235.07,175.83
d6482fcb69b04904,192.25,243.40
84d89d2f36d07dc0,350.00,350.00
44502b8c5546fb12,350.00,350.00
f5eae75fc240aaa6,185.28,247.08
4339e30a856c1da8,256.61,130.89
2a702055a79d95a7,290.43,279.64
83b32e9300fec365,172.31,242.70
4e3611c9a9e20ff0,187.01,133.78
0cbeda449bc94af7,350.00,350.00
06c124a55f77a7a5,350.00,350.00
e8d087f822be7b02,195.03,159.82
34a39beb93225e2e,145.61,98.82
d3ccf71e68480007,121.99,143.98
5a79d4b9a8f8352f,274.56,350.00
7ac1c2f87b795742,290.51,243.78
3a932a4cacacc939,290.45,245.23
0f641756e99605ad,290.50,276.33
e8d3768f293a699b,216.36,290.42
85168b8d99f7ce42,201.01,243.79
3266f569a6246d90,187.33,258.23
a09bfdaa83d99efb,282.72,137.74
caef4f8801f39345,290.56,164.37
6ec62f8822843edf,111.24,271.72
982f4f96b6d0f346,111.92,145.28
8bfa9df5341c95c0,247.65,290.50
f2ac86cd3e863243,248.35,203.48
3e875e1625bbdfbd,350.00,350.00
3636ca71c557c5e8,194.46,290.58
5574c020655b435e,203.40,211.11
633fbb0894c002d2,209.77,242.04
1cc9816d18aa29d0,208.48,190.97
69aa797cef2e4782,135.39,117.68
3e6babcbd7b9d364,182.58,223.14
cc1993d02d28a3b9,273.05,238.47
045c298c72fe196a,152.11,103.32
d8fe965281e2e312,248.65,224.46
b22dbe21c21060b9,350.00,350.00
c5ce4f39269c842c,285.97,238.35
465707233fa9cf7c,169.20,122.50
a99c3328e25c51c7,103.39,283.58
1362ccc16713d404,350.00,350.00
ce82f34bc14f7af0,196.01,350.00
991680cd8d0b7900,102.67,105.25
c64c2ca5d4d2c7b8,128.46,115.73
1123fceef316106e,350.00,350.00
18292c8eb20ae045,98.05,123.78
d48f938269b8ed0b,145.32,244.83
064404b0aaf6f95d,187.91,134.34
5edfc539cc58a28d,277.67,161.96
fa2e2a035b36b9d6,191.80,171.88
01924e35b149b28f,215.90,215.54
0eab2845f901f8b6,247.64,350.00
c4fd59db24f978ec,122.51,212.00
3b321550c8b4aae6,120.16,96.33
8fe1859721e95ce3,98.59,156.46
f83c6bdd553b5851,153.27,173.78
ff389a4326fc9255,166.24,131.44
b302e12550278ffd,154.09,152.39
f7fd4b82e827c9c4,350.00,350.00
e1ec8774466db669,290.40,290.40
2f0bfdc3c325662d,290.40,210.50
b2857e799319f931,109.82,240.38
0ad5c6752e679de5,111.01,115.33
7c883cf0b5eedc59,163.51,210.79
b26ec098a5a57401,350.00,237.96
3fc9fea36fc7ec37,102.31,113.29
164f56eb25d6a9b4,114.31,147.55
95ead23dc0c73285,350.00,252.20
4942323a5d5a6594,98.39,114.78
1f0254eeb2025e4f,147.56,129.58
81f287d035190506,99.22,100.80
d5778494ce663d7f,246.01,228.10
b46b27222e62aec1,239.01,255.80
4fa02674b920ff0a,120.71,238.85
99a7172fb7438244,189.86,283.20
595557b808febe27,350.00,283.62
454861874ecc52d7,350.00,140.28
a19d619f1b9bee7b,152.60,216.45
5337461354f23b98,154.45,239.49
71499934c065fecb,264.43,134.77
050eb872a69c66bd,173.47,145.56
f2916c10b7ecfcee,133.79,108.10
f079cb2db8dbbf04,117.76,120.37
649b2db3709b07fe,210.49,350.00
18cdc16fc7ab7ce1,257.46,350.00
5afd44d1e567d2e8,210.27,350.00
2e0493171c4ee80f,184.79,183.36
52abce3a11b43b1d,173.81,121.91
cdf048ec9b917cfa,350.00,152.77
226c6a86f4f81122,220.40,350.00
f8ad660497e49187,112.00,105.27
a7adbceeff234b61,107.24,136.21
d0dc419dc7acb7e2,129.60,104.13
762de3b0b32ba937,121.69,116.78
3ce6f9eb59a1e149,255.44,147.06
c4938baf92d2dc31,204.17,133.86
318449b3f9346566,194.80,350.00
df8391ca39160d8c,282.68,231.78
15f48dd8cf8ae455,350.00,209.81
6066dc40bb3ce8db,136.79,247.31
6eb4b84c4b10854a,215.24,198.69
fa5244817650f401,171.07,164.19
7bb335510a749419,122.69,241.98
b810951e39a0af1b,179.30,198.34
44c6d87116bb3a10,242.18,107.91
d2591df4fa9cc44e,237.83,237.50
4ce0a62cdad7bf32,226.83,136.33
6c1dba8a3ba4f42e,144.13,151.15
4c7390e4d169f6ff,107.21,100.36
02ace8fdd83c6480,208.05,290.35
ee9173615ef4cfae,350.00,350.00
3760216f68f448b7,290.55,222.09
311156891c7bdf60,177.96,203.62
640dbb5a89c0aad6,166.38,350.00
d0a8304574e65ec9,123.07,194.15
d6e1205babf27a9d,109.48,166.70
45500515780758f0,290.40,350.00
98035e427b476717,123.89,168.07
37008594c087470c,140.34,183.12
a3935c950c40462b,107.35,155.60
3cbbf947fd0d2144,148.69,108.24
e508ba268cb295c0,290.48,198.81
cc4a23ed2cbc8aa4,232.87,350.00
5d000de6fa836f66,275.29,211.13
94d708a8a8fefdef,290.36,264.98
d373de3e072f7e57,290.82,350.00
014a3acf91ada8af,275.66,180.30
607d22f0b3db4f1f,188.99,193.16
b7653a82f4b07b1f,152.84,233.44
a06a3bc70d7c4264,119.36,126.04
3bd5dbc1598c409d,130.10,185.03
2f15a2ed6cd4711f,233.19,350.00
eadb215519406e92,156.76,171.74
214fa13c3f230259,97.90,201.94
0845e0f9e8d61b0f,350.00,350.00
4bf6b6904ec94421,279.99,350.00
a80579fe679d24e2,201.03,350.00
b29d4e0117776bb3,175.38,146.87
2af50cc7f34f6fc2,189.50,193.13
c82f9bc365ff1074,281.54,170.81
5bff1ece35abac7f,205.20,217.34
c959b92fb36220a3,290.74,246.44
dcf052ef89a66397,234.64,222.22
7c20284c4c2dc9d3,131.57,137.30
0d043ecaf5bbc3ae,229.87,204.74
b45d0e0d2bba01e9,152.33,116.94
0e9091311ca565ce,93.19,133.94
6ecd93dbbaba7e10,273.35,290.36
8295c37ad4b6187e,256.68,162.11
3f3b8dcd16dd7383,96.37,100.78
d3255f2b8ef2b559,118.36,181.61
49f83168974fb60f,218.45,225.63
90a5ddd6738605d9,195.56,125.20
e86f7b7f3a047d2a,202.74,172.44
ba2f3b9a12400aa0,185.21,273.51
0bdea30d7a7322f7,179.11,130.86
17c598d7841daae0,168.24,149.87
7ffd80b65b0ff942,175.00,214.23
4ace70bff9debdfb,95.76,143.66
95d46f7a7e72f91c,204.23,350.00
f7c9f7a6edca5299,100.91,189.03
d2105d00baa3e15e,210.80,197.31
aa92030dfd8b5d40,216.89,274.36
e3fb9146a7eaaa47,184.34,222.70
ee31f081cf576273,174.12,234.84
8bf419824ca91470,248.34,246.22
cf13dd810b2bd061,270.66,137.42
b33d1e693e3c9958,193.80,209.72
784a57385d0e87ff,189.72,197.04
a26db2cee9eab1f9,117.99,164.53
fb98219ce569b384,121.78,93.11
fcb225f454ebf1a1,350.00,350.00
a020b5b917c27bb8,270.11,350.00
42afd8c4fc85f485,163.12,183.06
3b5e1d6cbf9c8c9f,269.37,350.00
79884c0df84662b9,185.89,350.00
d1d7400c131ed40e,212.32,256.68
5aa7ecc6507841bd,193.86,248.65
1a0bf11582ae518b,243.37,350.00
26779cfb01372664,205.06,131.24
eb53ec8983cb2a95,235.95,350.00
9b79c05aa978c066,290.38,350.00
f4d9138ba502b7ec,159.26,102.48
5f6b8e48e7d3b66f,125.85,136.68
815fd4ebdc288e83,290.48,174.06
3daf1c5fb854e626,152.82,234.83
249b75a787dccfe6,149.39,123.49
8d9c71e110196262,290.46,268.34
110e1d794443b736,181.67,140.19
377c8eb085bb8e00,185.60,202.21
613a288e8819fead,142.15,141.67
43e416795dbd10e9,128.42,170.37
781b4b6951df64fe,161.70,350.00
28f5f50617f2b686,223.56,225.99
e5a88d0e816fd0f1,128.95,97.09
083a0283b7bc503b,159.13,127.53
c7e084949531a443,209.03,174.60
92049ba4483fc840,232.37,350.00
f519753cc38362d0,195.58,290.46
2c0ece9f70a62408,243.52,229.06
be0af5916c8e8e99,290.39,244.32
e3a45f48dbda99c3,160.99,210.73
43b416cf0c75dbd7,209.48,174.70
b65d0243d397802c,141.32,119.02
8b52a32f3644f493,111.38,142.44
20dda78057d17a5a,120.42,174.74
05c8aeb2806be99c,102.88,136.24
5a9804cad2335272,213.60,200.95
6ccf478dca83757e,192.68,247.40
d37ed975c2b70fd2,167.29,170.75
711fcf95370fa90b,191.80,195.77
7786b5fafee61c36,350.00,177.68
6d47170d069df8bb,193.78,254.76
97e895b7c2cb9db4,159.95,205.94
c5990f9767b16c48,278.57,290.58
61f80a1732d37288,170.20,196.20
692ceb2ac5fa4427,220.66,350.00
03b9922d777e430c,144.19,160.98
d480d01418ae0143,110.86,133.73
5838305c25a54ea1,141.71,104.70
958f3b45c132c3b7,277.25,231.21
bc6100e6dd239db7,185.98,350.00
375c2ecb6fe54cc6,135.35,158.40
040f227553de7838,140.04,233.34
65d777a16fce2be8,122.65,168.91
e99f92b92e90b228,168.63,99.86
9231cef371b89a46,96.29,99.48
93026e3763542c05,213.56,192.44
8ec7d82619bfb564,105.59,162.52
ee9e4f8523a484a6,350.00,197.35
80c4f70b7f7a1945,158.88,99.36
e27504d07ebbc441,126.48,129.78
969970fbe24945d0,350.00,270.12
6e093a1d4286dad6,157.36,187.26
5724a9cf463c8390,161.59,204.96
09b8253a30360429,221.59,350.00
f457d55f78d581f9,146.41,350.00
934718256f4d082c,181.12,190.91
6387fdb44c61ccdb,159.03,118.87
8d975de5d033ccde,138.59,135.87
313801a4262f1ea5,114.24,203.06
a78ccbb549d36ddd,108.01,205.93
b2c3f1783a0c8530,94.47,131.32
8d9b460143ae19bc,217.34,188.85
1cbb930fb77a3781,290.42,282.25
e640fd983577d349,206.81,273.65
5e794b8ef52c88cb,350.00,274.78
3e020d62796a7ce3,171.86,209.86
5b55a8e33199d71e,131.18,109.63
e06f96f3484ad74a,163.72,248.17
2c65d5d20cc893e4,133.31,182.71
db1be0ca226d3a2f,218.33,97.14
e86a77b69d50a834,117.35,171.87
c33cc8b85b9a202c,107.45,152.83
345b1bc51f0f5e86,115.57,135.81
9c884cbc3791bf60,181.46,118.60
812ff38f0ed409ca,92.52,154.39
f8b32aeb9b628d89,163.90,239.40
315b6e91a0239148,192.23,350.00
afd53c8033f6ee82,228.14,282.38
b2039609019496d9,196.27,166.07
4cf7792aef993be1,235.88,202.18
68a93f8eb34f3251,172.48,157.05
911e151d1907197d,256.48,350.00
2e11087e1a4f066b,222.31,167.99
fe6da751f2a4859a,229.24,199.81
c69c5830064fd591,179.28,282.82
ad61d042c43451a8,234.69,167.31
4b8c8ae61251ff83,96.16,104.37
75e21e2f5f3be42e,139.26,119.11
caf3ca7fc0195412,248.28,290.44
5cf03fdfe557803f,245.66,290.49
e71a155192ff2f6c,203.14,274.33
509519d82e906c0f,151.58,245.25
a815119606930378,219.95,191.92
95a0d706e1f4cfa2,226.80,290.49
5e13fbe15c887a33,128.19,284.80
d18b33bdd37f4683,238.70,106.74
d39010c3511fb972,205.31,177.38
420f4e4dc341eb57,164.16,350.00
9a984ea967886979,146.37,104.13
bb9020ac324fb706,227.78,96.71
b3b5bd50fa34342c,199.46,269.79
b319a24919106555,147.40,172.98
0c703bf17c04fee4,144.68,256.77
f990e8b2a08053db,350.00,350.00
9275134accfb1adc,290.44,143.01
36388dce4a8cc18f,105.85,290.49
6c4b3cca92fcb9c7,290.48,260.74
febbd4eb209b4579,229.50,107.50
1299f04f429bcc0e,350.00,98.73
f8b9b5ee3d4a8ac3,350.00,350.00
9fc85aef42733a16,350.00,350.00
6ab9d2d334f613c8,184.89,224.47
433e3fd8782b6e0e,97.79,130.13
7679c5ee3514e119,141.57,154.34
9d7a798f0c20c04a,102.08,93.88
d1aaef0d7f0c8e8b,213.37,290.44
c1f74805a4ff9396,128.31,153.40
8c2e4d3cc4b9e93a,136.98,105.21
96c93167c982c467,219.63,211.14
1a66e67add5d55ef,120.79,116.86
84c5035830ebb421,142.46,95.93
424221c96ee13ceb,146.90,130.35
83414cc83ec3f2ac,158.65,115.96
135760b07e1fb79b,174.25,165.87
0864112e968630ea,287.02,350.00
df661c70c40adf84,153.40,350.00
5b6451f3f83c719c,241.79,215.69
2d205cc1da2e7930,238.89,275.54
2ef96a4eb306fbb4,154.31,350.00
ee46c069ebe691ff,350.00,213.66
a2fe63d064567d14,168.77,232.62
bb0770ead53940f5,190.96,136.34
0fed8d8499eae01a,187.90,241.11
0f73ee9121ec7539,101.97,196.05
824fb74f5fc34218,122.26,350.00
08c6b88ac22717ed,133.69,144.28
43fbc59edc7dfa9f,290.43,350.00
435c93cb89016fd1,276.87,240.33
3aace29fcc65ec51,179.05,199.42
adb86e0206cba97d,176.64,350.00
e09d17f97d6fc6b8,238.99,191.02
1eb0491642f276ed,114.21,160.04
8167500af262bba5,152.61,187.14
5a09a7a3f2792d1a,247.79,223.35
9d2f46b677246e41,256.45,350.00
b1dee00c3052e65e,108.04,195.74
9e90800495c1d607,234.61,196.70
09c092dc766fa3f9,272.12,290.45
855338a9a68e4c9f,245.22,290.38
8b61a3acdfb007d9,157.20,350.00
8495283a56311b4d,185.18,268.06
806ee07a1a7042b8,129.59,97.75
ae6fb7829db7ecc7,157.49,107.83
c8f946610906bffe,215.74,247.42
3cf1d67a20ae1c18,161.01,129.60
82d057278298846f,105.74,96.95
7f3763caa99a3486,240.51,198.38
c67e5fec8e1876f0,141.73,112.99
02f4277726712796,350.00,350.00
537c77f3b75a75ae,123.36,166.43
34644c44229e41a1,236.97,290.45
cb76509b5c2f2a90,290.40,350.00
3fe9e895b2a45049,275.00,216.47
4a46b63c19cfa932,132.83,219.21
58c73a9562adcfe5,221.08,350.00
e35d878ba90d9769,161.81,350.00
787d94246afe18a3,164.34,179.58
78410b48feaba213,112.64,111.03
0344687c9852b1d2,124.38,164.00
570f3407722cc512,187.73,125.42
41eb39f532e148d9,350.00,279.32
0294253e4a5b4725,182.70,350.00
ec067e9c9efd7aa1,131.90,114.31
ec381753e852cb63,213.70,205.63
d101d2ed58a7cf84,238.38,350.00
6b6680338558bd46,169.64,219.85
dbc72a4092a0b296,191.98,124.02
a69a6da9560ed62c,127.84,350.00
70f08a4771138817,350.00,180.00
781f9a642e7a9278,94.78,105.13
c0329bd8d3b302c6,103.60,122.11
648396cc751c730d,137.59,94.65
f7114bf73eec4022,350.00,350.00
00742aea8da72a35,169.36,253.85
c64537874352793a,350.00,182.02
f8df4cb5f22656c0,290.39,217.73
df33799f117000cb,269.46,290.46
70ab91b37be75408,148.94,189.00
e15b393a27c07043,95.73,98.91
0bf8bb9b4ef329f9,206.51,216.86
51d3be5e8aee5cd9,134.56,110.48
f19d1c8ca5660240,94.12,115.24
c5c1deb1607f69b4,149.65,156.84
d38cd293a0c3fdfd,350.00,187.66
ddb4376695f115b9,267.64,350.00
f24144fbe9e32c10,207.72,193.81
bd887c173d3050bf,242.45,350.00
69ecd4aa5a550f7b,167.28,216.55
d6389fa434e86916,350.00,350.00
31dd8b5d6444f19b,204.81,197.77
5237736e6b37c609,97.62,155.24
0549b655619774c5,118.61,181.67
a3b972117a3998ee,142.58,101.64
1c85f793ea4f9caa,155.58,154.69
5d5abb5dade718de,178.65,350.00
9b1386a28b81bcd5,107.14,350.00
c8ca99d1adc5448d,120.13,164.23
e9ffcf05270a320a,181.11,174.26
52bc6927e80aca5d,153.94,201.81
971d9fa5947a4bb7,194.90,114.27
26e6a2705a1e9e72,290.43,350.00
409bcfacb259999a,123.90,112.74
19df0d0cb1269fa7,121.10,132.75
96adba2273a13f46,192.20,350.00
30b33d032605c885,233.57,290.47
187681b2843174b5,247.82,283.69
c87d2569da8d4305,186.84,287.10
4df1d3183929d021,277.05,234.26
4f6f7f1ad8954bb6,220.38,133.01
00b7497b02b3b2bb,163.95,147.55
144b0c1dd6c909f3,236.28,182.38
054f1423ba7c121e,160.34,147.54
0596fc5eba5c1fe0,99.91,350.00
f4cdc944e27c2cd2,148.34,137.28
692241119228cc82,110.34,113.24
fae3f395669b7285,350.00,243.97
5948876f1d80c21a,222.19,241.08
1afa8d6ae4d8a5b2,191.10,219.09
0e9b7e682e0a79f1,121.11,288.48
39c16381a9722735,149.42,152.13
0408a452fb5c3e14,147.91,222.98
6f2a4a2f769eb9e3,167.58,191.58
c29b63d6cd2ba413,150.04,185.63
66b8f3426f36fdf7,271.31,143.49
845907142e023077,118.15,149.69
5c5ed0416e881faf,101.21,126.22
50935ae1627fc89b,125.57,194.38
76c5f66afe6ab192,266.36,350.00
98e3b4d05ecc36a2,350.00,276.06
4efbd869aa0211d2,287.03,293.37
1cca8ba792f1e1d9,290.48,245.01
ba7250ef080d1603,97.70,146.97
958f6e5b79ff8c33,241.48,172.21
412735f3e0b66ea6,243.43,217.25
11b369120409d2aa,162.71,157.35
a27a9b7b8194e8fc,283.59,350.00
b43dfe6743160a66,350.00,157.54
21b361d723fcf3cd,350.00,115.46
3a8cc4cda195d758,166.74,267.15
8793208907eca67f,126.63,142.12
87b61c1d72232a84,173.70,171.43
85bec51d0bdf511f,268.60,246.14
8794b5f9a591daf6,350.00,244.27
47dfd70b5780d68a,180.75,148.97
3be121d4f5460893,241.08,249.52
2f9a8807807b80d6,130.54,125.00
23253ebb1d86d8b4,214.97,176.42
17067cf55726c673,107.02,176.69
451d7d8c2a6bacb3,151.47,131.80
ebc7ec239faf7b0b,133.44,97.00
eaa63c8fb9379426,91.60,104.16
4fa26e1e88583ab5,250.34,281.43
c1e039419a671b9e,263.90,286.99
2c39797c6574ff29,143.44,252.85
29df50b2ea446361,240.27,245.88
23c6a428df1569bc,287.59,241.49
588a39cab19065bc,211.62,218.49
51010081d59b4687,150.28,144.16
52943c821416dc38,350.00,246.87
00494c77d2a88f8c,127.52,187.56
43a941e005a2d463,350.00,350.00
e322eae035f7c00f,128.01,106.64
c5a8e0098d1024ce,91.73,350.00
9220acccebf14a46,120.85,95.30
706228ddb6076b3f,189.94,268.99
ef80a6eea892c296,93.23,98.90
14477908199435e1,199.48,234.98
8172d8d996335d0a,99.82,115.10
c26806c2d554e50c,157.33,106.81
9c4cbd0546d03f6b,93.75,92.99
9ebfd601c43b89b3,159.05,153.44
f37d18b5c35145bf,143.61,126.28
4403857f545ede75,172.00,208.26
b80ef7cdc36ab48b,132.86,130.89
1d7015553debd1c8,130.13,197.37
934c967872f28b13,176.08,350.00
bd6909a463a1de2b,350.00,350.00
30a2c7e5b90e6d74,195.84,166.74
a337e11f80a75b7d,350.00,350.00
9e75fbe17a35f272,256.49,279.50
7fce3efc5d2add6e,197.22,245.43
02b39d683f027517,193.03,119.83
1b52e24d09700dd9,163.64,175.33
a5e240bcd7731725,350.00,185.36
8eaa23d64c20b0f1,290.37,350.00
13d2b7aef67cb6ea,138.59,266.42
24411c5356903d11,290.39,270.15
edcf1d6a1bd8acc7,178.04,254.67
dad034faf3d62cb9,139.89,234.07
939cc30f07131724,206.33,178.33
ad0bac98558900af,154.98,154.17
3e1bd51261cb61df,158.81,109.51
f1afa75c8d492550,350.00,178.72
4c05732d411d6412,200.26,192.28
e4795ab9bdd6fb38,218.98,215.80
ac656cebef8cf0a4,172.89,268.50
689116759885e4a5,350.00,215.72
106088694fa0c682,95.60,128.88
6b5fe10e6e7d160a,193.65,95.63
b5268a0c2df32a24,126.07,130.13
0da0dc2c7eb29f58,350.00,220.64
2e209dc450b7ebe3,222.48,218.71
4f60a7e7b848bc6d,234.95,171.21
291d91378a96d1e8,200.61,205.68
2c0a58ef0324e18b,283.56,179.66
64bc223daa594bcc,237.46,168.92
71854cfe738d6ee1,176.20,108.07
314aea77cd24210f,274.55,215.68
d1c519260c0ddf3a,350.00,290.39
2cab927474cb6e62,350.00,272.03
450760216f5643ca,164.96,130.23
0d33d43bee65d98f,228.68,160.23
6d04fbef6b8e4551,134.09,139.09
fe132ef2ab8ae9d2,283.88,290.39
163fbb2185730846,216.40,229.03
5ae45d20a60dc109,350.00,204.43
c5d48ca7c22f857e,258.02,208.67
63b35df1276b3d64,199.56,350.00
019983faebec6d64,290.50,105.03
36830f6eb3c847f5,288.67,200.77
a716172939767cab,167.17,186.78
9cad47cdd6351e50,241.03,244.05
27ff7028ec8c2161,123.43,102.18
5e1370a92ce8abb0,120.09,162.17
02822c35ffef5a50,116.99,167.02
87b6c507a7684ec2,203.69,350.00
770312f3ca8506b6,350.00,350.00
a71febed166b7d42,279.69,232.92
4bf0be780f2d09be,350.00,211.87
0b26d635106aea1c,290.40,155.03
85feac6924abb35b,350.00,262.82
02e3699be1d8daa2,209.72,350.00
9555d8941df4a998,284.58,350.00
25cd989ac5569629,141.13,350.00
14e7bb7a9d49450d,150.66,156.85
0769ab47fcf0bf6b,234.85,172.12
cb1e57b5f8c92922,136.80,213.71
d573e571d8349b5d,142.08,156.89
8b983e834df0c6c4,141.91,194.57
071d488ec8ccf254,301.87,125.12
b121f30d7fc9ea6c,266.68,172.67
ca9804845b010845,350.00,182.36
04f27a78e4ffce47,172.49,169.28
0af90a49f0ca1879,234.90,145.17
761a215d51a0442e,350.00,163.95
07b98dbf5d2c62a2,128.81,179.25
5f0aa841c21f7d30,118.84,195.76
96404a3b32791c8d,92.79,94.44
977a758d869f9e7a,111.20,126.97
1ca4274019680d23,266.80,245.78
88c712be47805d63,273.14,224.24
ca6d4239726931f9,144.18,121.26
d77ace7aadb2383e,184.88,350.00
7979888b1fb5eb39,267.29,209.96
30f6cf4253b13b76,266.28,182.04
677588ea237aa5c0,175.07,193.78
4b35edc671de861f,216.38,106.78
01f396a7372dc8ff,350.00,254.04
473b9b56cdaedba3,158.08,229.71
2cdf841a057d9039,110.72,119.83
23bc29f1b6baacad,256.48,196.36
5840527835a8ffb2,283.69,186.31
9d4b2767f6630fc9,156.97,124.96
d8c7497043e7e5bd,350.00,160.01
31acf87e89a4a401,174.94,104.50
78736e322574e500,175.88,293.39
abf0f8234f6be37e,110.43,102.09
ab847a4cf397d7d5,186.18,152.91
3d07a533feca7458,110.57,180.20
7f663d67422c1b24,122.63,120.68
25e6b11e1cf45b83,179.76,163.48
0aad210fbaa1db6c,159.68,167.88
c1356395d6b055d7,281.12,287.03
ae803440d778a12b,291.09,290.51
3f7684492c9df05e,196.76,290.40
53c3565ee1d3411a,251.18,237.09
8156479490877d08,183.07,190.88
1a81573425c585fb,216.20,196.31
b60bbec8ec98941b,291.22,170.66
bbb67c2ac4453d64,350.00,350.00
7685701c382cd49a,151.07,137.42
8edb831924d69dd9,129.56,127.64
00720c46f864fe03,96.15,277.91
5742025a09190829,173.40,91.53
6eb382e2c51fc4f5,263.52,263.40
0094d2ed98819f7a,350.00,350.00
99373dc33dfbf6e0,176.03,350.00
481aef2d2802ec68,245.20,240.18
1cd0ce0e2312ad52,350.00,234.61
c5865afc31cb6c59,184.67,350.00
637f561cd731fb44,142.98,169.36
3c8eb8ad5e98876f,138.05,95.96
43682a646b9b956f,207.66,121.80
a45596cda51a1816,214.92,98.93
b91756d955e14d2e,117.43,91.25
ab79fe7b35ccc3dc,210.78,195.13
f3bb58f485dc2008,254.66,290.59
48e51d4e7172048e,222.76,265.96
ebe38ba75cbf2320,200.04,193.21
66ad9f88f063d2ef,350.00,194.99
478221ad98336565,151.86,290.53
74256b4e8d0b1de6,286.33,251.25
451525a1abe30a91,145.46,223.05
49e344834626c144,350.00,164.72
36220644401d85e1,350.00,125.54
94cecf4bd29793e1,166.20,142.33
4a2e7e2c8cfdaf5f,221.36,274.66
8c220d4c96895a98,181.25,119.16
1f9ac1648b8e501e,154.95,148.58
c4174e22cb22622c,267.30,187.97
ddd9e64d97b095f9,208.95,105.80
febea68b205f6273,151.74,190.08
f680e6ebe3bdfe3e,205.31,195.06
8b8f9485214f9e48,109.48,91.02
244357514dd89bd6,116.94,211.54
ced241b99eab5f22,146.22,97.00
d29750cee389a0b9,124.09,131.43
252074c8554bf30d,203.49,183.24
c1d86f1e6d41cd03,278.29,290.36
e59aabdfba9d6c45,140.21,276.29
ad9ecef413a5b48f,350.00,243.30
e4c4c54a10e06973,186.80,212.53
1db121859d2fcda8,152.51,177.08
f00ac5af033f44b4,139.27,290.41
9c256e94c6b584b6,156.49,350.00
16e28dd989ee1dea,176.21,133.09
112e6a0ddce893e6,350.00,127.45
a5d24caed8afbeef,99.35,141.69
ab14dbff9d2ae41a,132.84,109.02
2d4743a82fc55642,229.14,350.00
6db4d7827082d5b9,283.46,295.54
08b65f5009c34997,283.46,350.00
4804776154430aad,124.63,267.53
3b536afcc9098925,111.28,200.22
42ad1437a1280294,230.68,224.88
c79b862be039d9f0,125.75,116.12
54f9e3e1fad7a589,350.00,245.40
e3ca9462ad0d7685,159.92,95.04
7ac4b9823b1e139b,256.52,244.50
dfc8c5161ea0ccb5,125.82,124.20
0ace7e71f5d66bc9,350.00,198.33
ebb94e00d6431e7a,290.42,150.65
12740c6b17779fe9,157.51,113.37
dc169cc01d675125,195.17,140.69
f4f5049e789b7716,168.25,350.00
76602c3658d70273,134.32,113.57
24f156a78bd32026,156.95,124.89
b03dd50785e761a0,166.99,181.59
74d4e37b97866514,168.44,140.05
b47e4f0982938e5b,105.32,122.21
34524408fb4d6752,103.25,136.72
58450502a93454c8,94.85,123.93
0bb419537705fb04,284.34,350.00
794b63b4c1e1e789,175.25,177.08
eee7f546c126ee8b,235.07,248.17
88ce808e4e604180,164.81,182.13
f99ee57f75b20b69,200.39,161.23
c365a488a8de3c89,176.02,350.00
55f727e00553035d,184.30,174.59
7ec86f2af631344f,240.75,206.48
1e5c66d12761d4fe,203.97,116.99
7e6f91cbf8e93210,136.04,149.39
00be3852000f8fe9,141.52,143.42
c4da9ec26a924a7d,350.00,271.53
2464a75ee75dbf2f,229.57,266.21
97b7638c592a95a9,350.00,225.59
8b4eeaa048361ba3,278.77,207.59
e7ad1c3a763c7cae,147.53,172.00
ddb015ac5c067aa9,269.03,195.61
b2c1f9bdd5d3073d,183.78,159.58
23ba0218f9f65e33,138.24,168.16
56c7c59c9bb3b610,103.29,221.34
a68672f66e12a3c2,96.17,102.71
687d973d71e068dc,276.13,350.00
87a969d51de6e179,121.48,120.70
ea8eaf881d38713e,137.52,100.93
94ce682e4a3e556a,290.00,220.35
2a0d4dd0997bd712,151.76,251.17
0673d8ab0add7a05,193.58,232.50
4291b38643547fa7,255.04,205.98
677e98ae5834ba70,155.21,240.22
41cef92a01e7ff3c,162.67,143.63
f24c296256faeff2,168.35,157.11
20be16a1db95156c,350.00,256.97
b0552b065ca7f401,274.41,98.76
d764ef3e078c96c8,233.53,92.10
0459297e86a14981,127.39,142.47
e52318719d839d2d,181.32,233.65
f63961f9d14bc33d,115.93,144.19
6ccfbe3a7c5aa55e,241.70,275.77
7d4e11c2a9485320,174.53,154.81
f313eae425b7c539,171.52,350.00
c0c587cb52de929b,232.50,210.13
cf18911df2052826,191.10,263.44
319f3fad278368e6,256.15,133.89
2d6182d1d398ed6a,106.92,129.77
3905e5dc489811d6,200.29,99.26
41385f4e63682b5b,171.24,95.31
8b97cd609c7152b7,133.46,134.89
53c96668bf850809,123.47,167.39
2310fbcb6fdf3b47,138.74,91.46
b29ed164b3014a42,114.71,201.17
14dbcdbe8e7251bf,275.43,248.04
7188621a628e718d,225.44,190.62
af2ef75664656957,174.85,276.70
567cefcaba821205,152.83,241.12
f26657d5018ee428,237.51,350.00
9882c1dac77c0367,182.01,145.52
6fe9729cee57c680,176.89,105.43
362a5b3cd4a70330,193.60,149.05
39f746cee66e8771,92.86,159.53
6e3139f066149a81,92.18,112.69
0fd8214ac276728e,159.83,139.55
16a0352f3e19b931,116.13,121.18
b166f1582946fbbc,283.26,236.97
1ed9dbbe604654b9,247.35,290.46
9c3f3bc7f7472e0c,223.57,170.82
2c101a0bcf334d31,244.73,160.56
ac6cb989ccc38f73,147.77,105.16
9674c37e3a2bc399,176.15,212.16
2105210529457ffd,218.94,218.47
33913e8e56c49a4c,161.42,350.00
78e38f1ad43c3479,151.49,290.42
8cdc9c13d75adb28,156.29,123.33
79be3a6d483ad64a,287.68,200.61
923d5041c3b6d763,116.60,115.40
6486579eee778b4d,350.00,200.32
88e0de323a83f241,229.46,290.46
2fd43be584ef522b,264.18,278.89
cb2844bb15d22cc6,350.00,120.82
36f0c6d7126e09ee,237.92,171.72
3ad3acca165a5d90,165.33,220.38
228879162d8be605,134.93,350.00
6c9fdcb95393a49c,145.57,118.08
6b581bb1bc9289ef,267.59,201.86
823e9449bd47e408,94.74,93.84
5bfaa389a67139fd,180.36,185.47
9ed0c3acc436eb56,107.31,133.32
bd4a648bebaefab3,267.39,350.00
1b1d1900b4051344,223.54,189.28
11cb7d7d774d5e6a,130.87,350.00
288b479c485c48b2,350.00,191.80
165d3a571fcc5e3c,217.54,204.19
e4db3b1669d498c3,279.86,190.24
2dfa31667cee74c3,181.38,153.45
4507354cd97f10e5,213.42,215.32
dc7ba55ca764cfbe,161.54,93.95
ad772f626b5dd31d,126.22,149.67
cd96998e837b0da1,111.48,126.36
7d14f95d03afb359,283.35,350.00
e7b5a8c97106ca60,350.00,350.00
361e67af5f462aea,168.69,290.43
8984ab656cb1818d,174.36,350.00
a71e4206f87ae74c,174.40,155.15
b66f4fa1b9b96b51,117.53,350.00
9072bf6135cad3e0,182.09,241.52
fc2585e234e49dee,158.07,124.56
a69a155a25b84679,93.23,163.89
b6464850da8f3099,161.31,107.60
205ad947e8c94901,203.53,97.04
0096879f5708526b,168.10,154.51
aebdb007f8d1348a,266.78,259.42
eafda776967c6444,167.57,178.39
1e75ee0da189857b,350.00,350.00
f7ae397fefa57c70,297.19,290.40
1bd52b0c01018f4a,190.21,204.68
3d1f83264d87c529,236.41,181.09
9a79a4b97a0f1e24,96.23,151.34
3a4d2a933a3c7291,104.12,90.37
b53fd8bce62aa1c6,119.87,159.10
ae5c7517d9f2516c,350.00,224.31
bd59c07a106d331b,199.89,250.13
0ad57af26ddc7930,96.53,96.98
7013a95ea4014606,126.70,134.12
88c2da7b33cca8d4,103.43,198.87
f0ac3761d3fdda3e,182.18,190.00
7f3bd3b913df61f4,110.18,104.85
c7c7be3b0d65a7da,146.10,350.00
c94c3e4bbed24421,199.18,281.20
3e5a3ecd2b123fc2,277.71,261.62
6ec0a046de95fe16,115.67,161.04
e97b609eefc5fd61,199.31,350.00
6f836a82a0530884,290.41,210.68
5934de85b9c53e7c,288.62,197.21
0d5356c506111a57,350.00,103.97
e1100fc357e61fba,350.00,350.00
1645ed92dcdc5c03,350.00,350.00
9298175cb2ad7d41,184.66,157.53
323fb015ca2444e3,134.88,240.29
19eed5d9781b47ac,163.67,270.52
00b801e7e1679f2f,203.27,105.88
a5a065cb6d33ba9e,187.89,212.37
1f49b59e4058568f,120.73,89.19
cf4c2b601c2228aa,251.27,150.51
b67229e7675eed24,119.65,118.81
06cd9812e2b9b747,122.92,135.04
d49d2c810583a56a,174.79,350.00
2fef7ac78df0cccc,290.44,210.00
a0909aab15ba53c5,350.00,350.00
7e7fba47f511f8ad,350.00,290.44
8fd14eb227688467,290.41,157.81
1ccde17f48fb709e,217.12,264.37
a77950d6a0a451f4,350.00,350.00
0f8b2f7299b5e114,224.60,254.68
86892d114b204bf3,225.97,246.62
c62a90c19af6a0e2,135.74,155.97
b7f6d05d3afbb266,245.87,181.30
8417a20d56fe6776,142.97,129.38
b2297232b9310ba5,170.74,208.59
9f114a219523bf7d,224.94,141.53
d83ae4a2e117b775,350.00,178.57
573908b71b361312,179.31,273.71
bcf842992f9accdc,233.90,238.24
4f07c6724682cd00,220.04,224.24
d0e5487f55c57ad2,146.11,145.99
7e2bc09d866b3bd7,350.00,110.52
657fd7ab7bdf9f15,207.29,262.73
7c23770c639dcd22,173.51,163.63
76d6789779d3721c,138.66,131.20
8028d5de087755dc,108.26,115.31
5be97c1fa222093d,115.80,123.98
3636e085c098dbda,157.39,109.62
4f4806952ba2a72c,350.00,290.41
e80a8338d86e730b,290.75,192.28
3d95b4f94ccffa96,350.00,151.66
4924d7a980f4cde2,193.76,197.57
ac9e19a4075f6557,150.32,124.46
dffad417175400ba,121.63,165.97
49694c2d00c581ed,247.05,133.52
b8c967c742d3c107,109.30,89.66
79817ab0129c5598,239.82,350.00
30553d630491094a,119.82,90.15
5ab286735ccee803,130.30,101.92
e02fca0d258283ce,275.49,246.99
a3723f0f672b0912,350.00,350.00
0b89c88d506da083,221.92,241.15
19348172178f42ed,133.66,215.80
02732ebb104793d2,129.43,217.20
a3e4322f55454897,194.72,160.79
48f7e64b548806cd,181.11,271.86
c8f619a71b714ec7,122.94,93.67
2f9b9ef5f6833aa1,350.00,290.46
cd54325a9a538837,266.04,140.28
d5598322f81db6c9,230.99,172.18
253e42894852b26a,142.11,218.16
b7ab4cd6ce7a71dd,232.76,191.32
af5f287198f20eb4,350.00,247.81
ecbc282542a395c2,350.00,350.00
89f83750703d5fd3,350.00,167.31
605c2ad801f594b3,135.45,275.54
5afbc04a153d7efd,145.83,350.00
b3bf1b6ad2d1a533,177.66,265.36
b1f7bc82f7dce1b9,219.85,196.25
7303ae36077411d9,153.00,162.85
0ac25b4180406ca1,165.25,350.00
75a978e0ecce2536,181.71,350.00
cfc550960a7ec353,235.10,104.61
cce5b9dfe84630fa,222.62,158.06
7020840980f723b9,350.00,199.96
31c4518a1e71c050,173.17,164.56
f597d2e69ab7c270,226.09,256.59
a773883743242df9,241.07,200.76
92eb0a297c7ea197,241.65,150.46
94c7e64ce88c9b9e,90.93,173.83
6afaf0ca45431a11,144.79,247.87
fdde8777c7ae9769,150.98,136.64
b6082b551288aa5a,91.59,107.02
cb16346d93746ebc,149.12,192.61
2ec12d4bbc0752db,176.13,175.94
7094c05bf73eee81,125.19,141.13
7864fc46de247f58,284.42,157.53
52e4f12eaeffd142,159.88,156.50
7b80dd233e200dd2,254.79,350.00
4c1fd940e1619e68,167.52,161.87
128e818254ebfabe,236.09,229.20
ff4cef86bef2d0aa,179.18,133.10
3dd22a9a0ea68cc6,175.81,350.00
24438a644b975751,147.13,174.89
e0e4ce7595b5c26a,350.00,171.15
da7afd49fefe6a46,256.91,266.01
37cdf5bd5c975a5d,350.00,280.44
296cc69bcc3c1635,161.09,222.88
3b89556b3f177b7b,132.50,159.62
6be073563a421bca,176.96,254.66
690ab86bdd94149b,350.00,193.08
ba27835ff05df0c9,225.04,119.12
e8d59c27b467d716,134.34,165.21
d1bee15e60ee6721,118.99,110.02
2142ff2a46d22741,111.61,103.60
3f5f6c576046bf77,127.62,279.81
d97970009fbfca30,238.11,187.60
0f826e7bbb73b53f,350.00,283.62
c46d51fb87a4f485,215.59,146.68
e08479759c296bb1,290.37,276.62
2fed4f1d91767eb1,116.61,99.42
1ff3dff34d0b60b8,350.00,350.00
53ee6c3591483193,114.02,168.52
d042d18ad568190a,112.49,154.45
03aec9073946907f,115.56,120.61
8b10419db5bffe28,208.18,136.06
f3f252b9810cff0d,350.00,251.02
88f36fa2945ccac5,164.51,350.00
06287b822837a616,146.04,187.05
9da4e06a403f0d27,350.00,117.88
4dcd6ff5e32a3779,233.51,190.49
61070325bb440f58,214.26,350.00
fdfc700e56575d67,350.00,218.73
6a315ef5bf22af29,157.37,217.62
d71ad0033de24fff,168.90,350.00
aa7b1fca60a21f3a,194.33,87.93
4ffd88b2f00f4250,350.00,237.66
e11e290d816c119b,269.61,281.43
9dd9affa41eead4c,188.77,241.11
f9e07282f3444d09,290.38,147.57
72d703db67371e1d,155.11,203.19
4838bf4ca76c1c6b,165.77,218.17
d4eb3614c7734781,116.36,169.14
23ea24013d15c09c,129.38,174.83
bed03663bc577f02,109.49,87.56
0b557aeb2169b59f,164.34,172.38
7a5baef71925258c,148.14,88.33
405c0b8d3960016d,120.78,95.83
56d8cc470841f454,266.27,273.99
8c2fb17981464d8c,214.73,180.77
e686df21c24c6c03,177.69,219.23
5cab50839f4a0d94,113.72,135.17
8375f311e8c6c079,250.96,165.21
13635ba71963ad0c,145.84,167.71
0a46cb2887890502,227.95,95.25
80572cac6ab57866,118.59,108.37
fc29884851f9cebb,167.79,151.64
b3a304eadb9f7fb4,118.04,164.10
d361b51952944a26,97.76,90.04
4b202bae6c87b98b,350.00,265.30
78e554aa129711ba,187.47,228.00
d3c78cc516417797,149.42,121.93
7006a98fe9944571,218.78,183.63
60de5efe5b439c8b,180.94,290.39
5db3e2fdd18129a4,290.57,229.81
5519d7fe2cee8353,289.49,127.40
935f559ab0521c27,94.15,93.62
151c597d2e609a4e,132.36,204.89
7ad85c84025c0db0,127.29,92.11
603354ffe9cc0755,95.73,267.87
b6b5ec324449befd,93.23,89.79
b55605791a4d72b9,105.56,115.25
51ec53f442d2cc9b,350.00,149.86
c06eaf92bdfde8e6,253.69,241.45
23b6ffc0223f8cce,350.00,224.92
823797bc6d532b52,264.38,184.17
6971094300073d47,350.00,288.49
fd2c018aade60a14,103.43,193.95
b90a5b9061ec54a5,190.68,262.48
097bc98e15722998,232.10,350.00
569e2c02f7699c0d,148.57,139.97
344bfe9c1ff511bb,153.78,178.64
5ebe8d3849273776,167.11,115.18
2060e8172f820d80,350.00,177.37
4b0aa5c67e69ce74,113.37,183.52
34c39a5a5917e0ec,207.34,350.00
903feee04bc91c59,222.63,350.00
e5fbb99bc3907516,262.14,350.00
4d5c3ddc740b89ca,196.81,197.25
c8609059d2d87724,350.00,350.00
47628ab025f19796,350.00,184.22
43ae6a9daa51ed93,350.00,235.40
4ba97e13df33388b,290.36,350.00
9f428684f3db247f,146.77,350.00
62eaf9f2436bef25,350.00,115.27
52bae6f01ea9f926,165.84,196.04
32ad75f6c8ca7e9f,118.28,88.24
1eccf793b54b84f8,350.00,350.00
f0e0effb1b2de6ae,350.00,350.00
8b79a80f775d9f03,350.00,350.00
b40bed83fc062380,216.34,206.42
f9830f1c23ac92d0,350.00,350.00
37835a0f9bbb4d4e,241.64,174.50
c4785ee94698e532,350.00,350.00
52db9c816eb99800,203.11,194.21
dd0c8e9880c6fa24,198.17,350.00
c11b2cbe2460db0c,350.00,290.39
2f1f16c86a8cc6e2,350.00,291.07
40d9b5b47acf260b,290.39,350.00
a3b7cbdb6d2607f4,270.91,230.26
6aea6d3e6944999c,232.87,265.16
6c25f8fd66f16d7e,222.78,255.16
1a502852b706f674,183.02,164.36
676320a61f800f10,222.69,243.90
54c5284c1b792912,136.45,136.97
c83487136636e9bf,128.61,101.55
ea674e0285fb77f5,167.94,202.54
23e5acd1549b538a,176.91,279.43
cc2809e10315a6b5,140.66,137.33
4712708adb1507aa,185.74,114.82
21f7fc538ea646e8,104.50,126.99
7a57289563f9d974,290.40,245.98
f9536ea60551b840,279.65,237.33
1ed266bed8005bbe,169.51,118.82
ab853176cfe20b01,161.99,350.00
061081f46950fdb0,350.00,290.41
fbce8f52689bce87,228.00,219.05
10a1947cb3feabc1,163.42,177.48
bc84680df666c96d,350.00,193.17
c9e19742c4146bff,258.47,350.00
6fe21a4cb2d839fd,177.10,251.96
1aaa1a9ceecd6063,237.66,139.93
0a444f30cae13d8f,174.65,152.98
1d166488129030d0,180.93,112.84
a6fbd8964400dd89,147.15,113.72
1e3c67921162561d,217.10,186.14
9a1a57b0abcd4599,122.42,134.56
71dc4379c738450f,155.22,201.73
5b8d693bd1780102,157.02,287.02
535b8e5494cbc580,350.00,236.87
01619207a811ef01,148.11,186.88
e83046dd074ec0fa,110.87,188.03
11b8d7e801713abc,135.56,169.76
6f350d91fb07a819,182.87,117.12
d9375ede2ec2f924,89.63,105.47
8f40ac90544d0003,144.57,350.00
7e9ed49a1831056f,231.56,137.73
0be6540982a5b0cd,207.45,144.86
147d2ab0230af48d,133.97,203.90
e3a2bf2d9ee83318,204.84,350.00
c381ad2c0bf34dd9,103.34,110.92
f77e3c681fe1b04e,173.55,215.93
3d76ed7e224e9c99,148.48,194.43
a88a4c126d585320,145.92,102.25
279b4190d9ef1379,221.80,154.74
c4ecf4b894ccbced,266.79,290.39
9f10afab94cafc45,239.02,207.54
f8bb0aed83bd8638,162.10,290.37
1bf1a6fc9c9acc26,219.16,243.29
738e0ccad2c9224b,231.40,265.76
4843f369dc8b5de5,209.88,350.00
3b1453df439a5024,142.00,159.62
d85c76a61a820be9,104.65,103.14
f767243bb48ab9d7,156.08,271.33
0820a29a03d58282,263.32,173.96
51e684bfce8d94aa,89.39,173.74
b9726184624ac076,182.03,88.49
1b0fa021b1158121,197.77,350.00
50385add37239184,350.00,350.00
0990ac7065412e76,124.38,233.39
f91709b071e8295a,212.93,234.87
ea66be2688f542be,215.35,350.00
889207e3c622a5aa,158.11,151.86
5cf56c22cbc24758,124.86,159.95
5f617d6c19d3a281,260.46,197.74
9f96d11017f9c824,130.37,207.12
8238f9d2fd961757,111.60,166.32
fa7cde1e2d3ae338,350.00,350.00
4fcbee643660d679,193.23,180.51
ce4314886c57718b,192.95,207.63
6e65bec924996b5a,284.93,214.97
5a096f2acb44c776,160.49,173.71
c5f0c83e303d80bf,208.15,290.38
b8648b32caf36c5a,177.74,135.67
04a1c5b7993fe4d5,139.31,140.43
f23e2bed86b62462,145.16,221.73
d571486369996a39,216.04,233.94
27901ef9e82d5690,137.76,110.74
3a94bf34e62ae5fd,136.14,115.20
1fd5bf36c42ff1a2,238.71,290.41
fa77134e0d90da3b,114.58,162.52
7bfb92f7ea59dbbd,350.00,350.00
59b384dcc3ab49b2,175.17,242.61
eb0f7127f22457e9,151.67,111.05
bc767f1eb6176dfb,124.00,164.40
a0ec4eac058e6050,189.32,154.61
0da43c3ec0e11650,169.72,278.79
ee1c1e9037fee21e,141.29,237.43
10f5bb70feb1df53,173.90,350.00
420dd305cd1d062f,93.51,235.70
194d3950076b2f83,230.02,263.21
58286d3126cc5263,200.19,167.15
e8f2902be7b350ad,92.35,176.88
f8fce67abe0ab922,126.21,165.97
f3a60ca18747aeac,214.47,212.34
1cd5d5e271b646a3,350.00,279.39
6cb9bc7c86ae43b9,197.80,171.12
b6e086dd8093355d,212.33,259.94
0d7dc1ed5eb995e4,143.97,154.03
3112430100d2d0be,297.42,194.53
cd67f6ddb2920193,197.30,107.63
9444cfe0c7c0f6a7,128.88,143.23
d07dd6239afe1cb0,271.88,350.00
5edd1cd479f3919e,194.15,106.22
0bfb221a0944f8e0,251.12,208.33
6f981a44898fb4ff,290.42,213.28
4335683beee93652,350.00,236.65
07f234a488661125,166.14,234.01
aeac1209f15157ed,172.13,210.37
a8d189f56de9b451,269.59,350.00
357a5bc5de4f545d,350.00,94.44
6ae96d1de3bb0506,137.46,105.38
f73dfeb48b09e6a6,120.24,170.93
8f7a73d05387b159,87.18,130.31
0328754c15ecd37c,350.00,181.44
0f2611c3ec4661dd,283.45,219.74
bf8f747e57d6d1c7,128.96,159.39
04970dfa4d531e39,116.21,350.00
093ebd3375591101,134.61,119.79
037c68d03c970609,168.85,183.54
3cf4582b48302bb6,158.24,142.91
e22a887ce4ab30eb,202.81,119.08
424a20da52b4f956,213.50,155.30
9c79433a4686f3fc,138.76,110.03
4d9d371b8db6fb91,128.35,155.98
519dcb290e6db845,87.89,168.89
84f236d6c57d7cfb,236.83,286.40
12a64dfb8147566b,247.42,147.71
c6c975ca66a7f91a,175.67,102.32
6c2f05c47f494e15,106.34,127.66
c73b81e7c1c1cccc,124.03,152.17
9e21a8dea9663e26,350.00,111.97
ead2ca0d2afb46be,350.00,232.97
1f52e665587dc645,205.62,189.92
bfb7d17161aec938,94.50,102.47
efe055854f19a1d7,283.45,202.37
2361b51aa72e5551,164.68,91.78
4960379abe6ed525,196.10,350.00
2fd0c6d914b77205,350.00,211.71
fe9ee00fa47dd7b3,204.79,144.72
714d6fc1eaca9624,225.02,350.00
0b4583d204797d19,290.44,350.00
288c942b0ad152a6,179.25,269.74
f8ee14dbf966b9e6,350.00,350.00
e84fa12d87993ec5,143.04,148.02
848e7af760788418,240.05,254.69
5f19b0135414b454,139.49,128.45
e835e9a4564db497,198.67,111.02
12563423bf15e75d,191.04,350.00
28f7ba820350e3a3,182.83,168.25
8803935990adafc1,149.15,96.98
5315bd4542b21c4b,161.44,168.98
bab65d16fa74fc5b,211.61,91.47
6c5f7f98ec0b6f17,256.45,199.25
95edc0b6438f2592,184.01,222.13
829b3ee4145a1ae6,154.29,141.98
eab7b76e177e1903,136.48,130.27
4210f9b11debf1fc,196.59,230.88
bd1e01de1f24962b,155.62,182.17
47fc0736929125bd,265.68,266.79
418a7100e490e791,106.25,182.43
85060e6e71ed14e4,350.00,290.39
59363451049c929d,161.61,350.00
01c9acf719298187,108.00,132.60
15aee8ad5d9e9d58,123.67,129.39
17c53d93d549cb03,265.78,350.00
5164f1c4103616fd,145.78,95.08
57d05d28e3fbee4f,180.54,154.49
b8b9a8e504d51ba5,281.79,182.64
e18a8b333529cc09,130.81,107.04
bfae2fb50efbdb0f,102.19,229.04
d2b5ce5548b71668,146.51,151.25
a22add1024153ddb,128.43,131.09
dbed6292db8b0212,173.49,206.87
a017d5806eaa6018,350.00,261.50
ef86720364837f68,137.03,142.07
0f88658e787815c8,140.14,86.06
6dd0874dec826397,134.32,207.02
62aab95c866a9c5b,167.98,118.99
bef2a2e68fb4dfa8,254.70,178.04
6d8ce1abde550bc6,89.99,109.65
dbb0ca0198ac514a,115.51,99.62
5f1a828f8d4c3b01,288.77,290.48
53d6a7634c7fc036,282.00,202.21
014f7dc96c90c199,160.25,100.97
25da6035f591c245,159.37,238.08
6b325792b8fb1f46,176.34,140.70
5ea39e0fc3b64e83,235.48,187.32
3dcb1a7b081afbe1,170.83,219.05
c8fdd3f7178fbfa4,121.97,278.66
7072a324a82c4297,92.34,93.21
b152646345037056,112.40,179.05
7ec70261afdecda8,280.66,199.79
d86e31793564cd31,113.11,128.63
3454f5c7203467aa,141.18,147.99
866b2c2e354aa27b,290.61,224.73
e6fdf9e67f84a0e0,155.13,192.53
53febf2fb416f9de,185.75,240.76
79c22394d9c2144d,161.41,287.09
c571ac76ca45c1cb,283.76,284.47
49b47b5b5f15c7c0,198.86,198.78
df0d4130944776d9,135.21,146.40
47c140debc977214,155.69,149.42
6222cdc86b12d251,350.00,275.23
db8887f2085f7971,212.08,212.70
1290d7eb0fefd3f3,233.79,168.44
24f2d2dd9fea5d79,241.86,200.42
47f42aa7cf851a29,150.08,87.04
f71d46f804307bd2,138.89,137.82
326c3eaa1e9e3dc4,290.41,350.00
3e9ddcd30fdc5d85,350.00,150.36
b3096e8dd4e90718,226.32,236.03
8b1dc96a00a8e881,186.41,132.06
20b5de395c0f1375,217.56,176.26
9dcf8ce308eaa050,245.03,145.76
52565f62fb3822db,187.95,144.44
f6efb09c01e4cac6,209.94,232.78
426ca5caeb857f1e,100.44,350.00
cd117bfce747184f,177.08,113.53
7969abc596485189,350.00,245.96
4b155647201d549e,350.00,160.58
19fc916df1f0e6ff,203.91,87.23
026c4a26106cc158,152.73,350.00
a25633b1494f1360,200.81,101.28
9fb0a4e18ddcd14c,350.00,185.64
194d73490eb731c6,114.49,119.46
9cb4196446f3ce79,290.39,290.48
b7c7707ccea492c7,114.75,97.62
f43f9861e73739c8,155.33,231.27
921a8db065cd8cc5,196.82,175.47
69b147aaaafeb47d,205.49,159.35
d3f5854d16fc31f9,290.39,245.36
e82d734674ce4d46,98.79,92.05
5e2f2f5d9a756de9,130.30,116.58
8f9b16f170dbdbb6,151.57,92.29
140e810f952714ea,243.36,260.45
32990cbf8976d94b,163.34,114.16
c3425412e4f2f486,153.31,162.02
7fd0f7b3866b2c75,176.93,111.12
64756e0f4b305da8,287.27,290.76
319b09306094259b,248.00,92.27
051124b25d576906,146.88,350.00
eb6f80ccaf2a3dbc,137.77,87.92
5a09fd7cb3db9705,118.68,122.64
3d12c63c47828937,245.40,290.42
26582aa0b79d2f20,147.99,212.68
d5176b45df32f67e,211.69,290.51
d80b0bea0e260b95,278.11,207.39
ab6cd718c5459eeb,135.40,224.90
b125025990755616,285.65,350.00
bb7408d59b7279f7,282.34,206.96
c5c5f678558a0ba2,290.43,130.02
8167bd097a16062f,350.00,156.03
484c48d3723e72cd,143.31,227.57
2242e7df6f320ea6,154.71,225.23
bb4755924dfafaea,106.97,199.95
28c70663b99560a8,137.02,85.95
363b72bf7f75091c,182.36,241.57
4d549f33c0711a7a,281.44,271.11
ca3963b76a38c408,350.00,350.00
9fc03704a10977b3,350.00,350.00
4caa0dcdaa253612,350.00,350.00
b3caae587e956f54,290.43,290.43
760b90b0805e0fbf,192.43,280.07
7c2b219fe208c565,255.20,267.48
674f3fa16e717ff1,113.26,256.64
1901d27ea35ae733,350.00,350.00
1d8e2e8e3bd28cad,350.00,350.00
247f9e56965a1c07,230.99,104.53
c931097a857ed60c,290.43,237.92
bd97a96ac8203457,131.10,156.07
9589b41c4637b057,285.04,196.99
2817a6f9e09eb15f,214.46,189.61
148c26038e80465b,127.16,146.77
c9e4aa12aaa7309e,195.43,119.67
55bd050afe169b34,204.86,266.54
d3f26e0fbf694375,110.67,127.05
7a3947a0e7bc3558,149.43,121.93
9bd9a8127b55fbf7,115.63,152.15
fccedc456048216b,125.35,108.06
7fe2b6a9fc4748fa,229.28,266.98
c1677875a80c2584,258.37,350.00
cda0d9b5ce9b9c12,163.09,350.00
66ba984cc547e31a,350.00,279.16
48d21357134ca51a,350.00,145.39
67018331e90a9949,191.21,101.34
b25eacaca1499e30,145.48,128.88
691c0d2f30e4de5a,173.02,147.16
c3939438ae7934df,119.31,129.98
a3dd2249d046cf9d,177.48,168.10
786296db3c4749f1,187.51,107.58
543de77637ad2a20,162.61,160.57
35ebaf80f8730b14,116.10,350.00
43af04881587abbc,350.00,174.86
981ed463bf5d91a8,350.00,208.50
110a49a43aafe044,266.11,217.41
afb0d61f22e85d90,265.67,232.12
b71192c8fe23078c,350.00,350.00
e8190df7465ba2df,247.09,235.11
3ce7f58911773a56,209.35,172.26
4f16ef3e707447a0,270.03,174.28
23e03d226eb7af80,167.87,350.00
8784ae31153178cd,155.76,99.42
20bbf7e139c73e8d,350.00,169.15
e0e19f79019d63d2,122.05,108.05
62389e8fb68f93a4,143.65,101.91
62f564662f33692d,248.65,218.16
d441715577c5934c,192.71,149.24
09ab925c4cfe0cc5,120.24,198.04
c4253cb471013765,192.33,152.47
3249bbbb7ce837ef,117.51,90.93
95f37dc43e808ebf,192.05,242.39
e54c16d867875738,163.13,180.87
11c851a73ffb55ba,283.48,290.41
77be83973766e104,137.67,174.93
ef2c7bfced561374,282.10,138.39
0b2ae6c368369d1b,134.22,145.49
6b47093b62155478,120.75,86.66
bd1fc4ff619f4e61,100.45,165.80
8e971c1ec4b981cc,145.65,280.70
5d8a1daadda47ace,350.00,187.98
866729ea2ceddb25,237.38,274.97
e85e83ab4e60e768,287.06,350.00
65223fa6055df489,230.87,197.05
e57a78a422439774,276.75,350.00
c8a9d3917d77ede2,141.50,181.96
3b03f8d3a55f3cb2,115.63,350.00
d2f6b87189908088,207.91,290.41
520f6379fefd8fda,170.99,106.38
f2ca358ea9bec156,133.09,109.74
de32c5a78aaf89e9,113.83,150.72
5362ea7c63432cf9,124.42,179.39
047d6739aa1d5c1e,138.51,146.30
9115354413739aa8,170.40,240.35
67e1ec8ee2db3423,200.25,167.93
5e3779f7c1c39679,186.53,249.36
3e0090669d51415f,290.43,110.67
62fecd327391557e,136.19,154.25
3b701c0a0525341b,202.45,279.68
7fe1486a2c33bf91,213.39,118.02
aa91cb7567d6c48a,150.75,95.25
f20e742e6b0c0b3b,144.91,157.97
48a9d2a3967d13a4,100.08,130.81
d6f6ac29008509db,199.81,130.09
9399c772adc7bcab,222.73,239.25
a65909d4083c2088,206.64,217.26
e40a5bd62ce710ac,84.79,150.99
294a9e9780afa789,88.22,284.44
7658965c2a700b39,198.86,290.41
6caf9ebf42ddae2e,283.18,194.67
e65ffb177a2c7669,128.36,214.24
fd61e6146f3b2942,213.44,149.77
f3bebb48771a414a,200.69,163.34
82342dc6be82778b,149.15,118.77
b2625001e0b89369,226.50,211.49
dbf786f9808c6a08,122.99,150.07
b66ac52bfb217761,114.69,160.95
6455d9c54d99b851,233.80,231.05
67f559403a6ec7cb,233.05,350.00
ed72edc2ce0f3c5f,213.25,350.00
1687e2cd061b7aec,271.58,277.29
f56c6646b54c0662,166.92,178.93
ba33d0868b25483b,132.06,165.84
c76fd2ddcbc4713d,260.17,350.00
d40f865aa6be9cd0,350.00,103.11
dd0a3aedba5cee87,350.00,94.20
a7e8416f0d57c8e0,177.87,91.32
880f2bb0a639a5a0,132.71,138.70
eebb4dde70a67369,158.94,105.26
37ff18106c6e38fc,350.00,207.22
1c6d3ef6beb9966e,160.36,350.00
c5479f20e4db357d,99.14,121.29
0c618cd41b88c558,350.00,256.48
b509c337d181c567,140.89,110.39
d7c7b312279104d2,350.00,171.07
30eaf1650bc359b3,350.00,187.12
3d9398386c84109b,102.68,94.81
ba766bd03090dab9,96.00,219.98
a7492cbfb9b5d4a3,140.52,350.00
f4187c30c311eb93,350.00,115.24
1669773acd404217,122.70,110.88
a409a5381f082e8f,123.81,259.19
7cdda45e7d52bf40,114.02,194.18
68ba4aca75b02496,137.44,129.94
9bc042a700d9a531,99.40,101.69
21be9181725ab599,294.08,201.36
c835ccffa472970e,165.35,163.80
e2e524bb5392a3ea,275.25,288.37
48ea8a30f7b88cfc,145.54,350.00
8f5482992dad74d2,120.83,124.99
adee1fc200ed1a12,164.58,155.80
397ace87deeb8697,112.20,178.05
3c5442bb62ca1505,204.24,104.32
8f6dda53ea3b09c7,111.42,106.83
3eea92e7f26fb05b,129.55,125.67
53bb7c4a606d60c0,137.20,243.99
4f42acd810ed5173,230.75,229.28
9d204f44a9988b93,350.00,350.00
8dcfa933877e3a0b,226.67,190.01
bd0622b184ab4f28,198.18,350.00
3d7ea6012fd8f786,235.85,192.19
6fd7f6f1deaef4e8,133.18,139.24
8a08b8043f83d245,117.85,134.07
53d6e37063f9c404,115.28,102.06
e1eeb61d0669ce45,186.24,350.00
a9a770bac1261af9,170.03,124.36
e202f273220aa533,97.66,168.61
96b59d89ecac66d0,134.74,183.63
33116969380185a9,155.15,230.14
3729ff914eaede07,182.33,246.15
df9aa51f6ccdfe02,270.55,173.19
b8b2cdf962cc65a0,222.66,106.54
41be95916aef568f,252.86,252.95
752f19e9c201ea57,265.06,224.37
78bb2b441917848c,209.16,136.90
e4e1d12441b90866,198.21,111.24
7aede55e4e47c698,223.38,180.66
b4ec3e067604f90a,158.35,157.12
c037cdc1de53de8e,122.38,111.79
e9700d51ec2b940b,119.28,108.94
38abefbf24624a35,233.86,194.86
3210723fbb018fa7,199.88,242.01
79fb77a0b0294aec,350.00,246.42
933cf2674503c63d,203.76,290.38
04d37c1c206c0efd,138.33,350.00
bd5efa4b53dc1642,214.88,184.00
2c84f2cb1bb23ab8,290.38,290.38
17f69a241aa952fd,350.00,350.00
14cf0828d6e373ab,110.83,350.00
0a667143584a2d96,182.58,139.43
46cfd4aaa02ce202,84.70,139.25
0ccd16201ac41ef8,149.25,165.54
c7bc8750e9503805,290.38,350.00
9cd172df74575fd4,350.00,214.59
629c0eb319e01374,350.00,282.82
85f85003fadf7a7b,246.96,235.08
961f434fe238f40e,180.74,140.62
410aca28fda60f76,128.35,214.89
99bfad1679112591,192.51,244.16
b9a3b520e68f8142,141.07,194.04
3bde8910fabf0dd3,350.00,118.60
51ce499611a5df68,350.00,187.90
f9ab603b763998f7,110.43,99.02
7e695ad026b2ec66,128.99,99.86
8c109a0c53ed9618,131.93,350.00
02731f017c838ad4,282.78,290.45
e8093d77f566fe51,231.60,244.55
43af7c5772e8198f,262.85,350.00
a932059e61f4c25e,265.06,205.47
438fbdd4cf27e324,225.51,279.14
d1a93a55c8063ff3,282.06,287.05
9e1853861f58191f,159.33,251.53
21992c366d3b4602,136.78,266.62
d755a29a49c9ee09,230.81,350.00
1c43b38c1f4bdbe2,108.10,350.00
12e12307414dafc6,143.33,161.67
e3f31cdd33b4ca92,279.78,350.00
c7df07266a9597d9,107.61,281.08
d2ef04d5f384c05a,350.00,214.31
6abf4f61a1e11d34,350.00,350.00
86046081e767437e,350.00,350.00
1785c7fb722d3007,113.09,211.31
4e6bbc5832e55f64,350.00,170.15
c2fd3d874f558408,350.00,218.58
5b2835ac76f05993,350.00,186.54
aa7d691fc6385acb,134.35,141.74
d99b2abf50e9a03e,350.00,350.00
cc73c73e6e3412d4,350.00,350.00
0d077813b6164fe1,139.07,86.54
44c60f91b4f7b23d,350.00,350.00
69279781a89c893e,200.61,160.59
c65f4b4c0338d0c1,350.00,283.28
94dcbc64641cbb6e,141.21,290.37
fa9ec0b8c4b3a84a,122.89,152.28
73a299d44d2ef5cd,280.44,106.36
29f40d82bd128c65,350.00,206.99
0ac4f0c1b4d021f6,350.00,350.00
60cc0ac9ace28324,130.44,129.96
70feb2bfc12b97d4,232.99,102.27
20063242f6e40d31,99.36,177.28
b6bd31215bd7ec1f,115.46,212.23
19d1ae54681bc722,226.51,179.89
fdc97f9b88bdef7d,155.79,350.00
e909e34cdee01831,179.60,140.64
41feee2c08af2235,290.40,165.31
7d679c16024f6f38,131.88,172.24
00b1e95f6aea7027,146.41,172.49
1fa8537d3992a09a,144.60,133.40
d5577e3272ef3032,172.67,143.19
37a7dc68f3a0e65d,110.36,123.47
e0e22d7bc5a293e8,243.39,186.08
3a42dd84680f444b,124.56,121.65
48a2a476d3b59866,167.13,127.42
4e55251b7a0df0c2,101.73,150.43
c4f443509308dec6,350.00,215.43
05f1e8ff81dbe05b,266.75,242.40
1b6e5363eb81c409,244.12,350.00
bf41783b9446891e,137.44,131.00
986f0b480389ad25,150.31,168.84
92fd2127f46b0cb7,185.57,201.86
b69d3d55c84f5dd6,189.94,132.36
c0ab927864bb6e98,148.95,350.00
f3e289f1423c0e6f,95.12,84.18
4da4c5ef6a4ffc5b,137.36,119.43
920b6f739a36e721,97.05,124.74
b9c82dfde8b66e37,124.46,110.84
8ce926b4d38a55a0,285.76,161.52
3f5a623cf360c494,244.67,162.24
4de25b19c4dedb14,115.82,350.00
61bf6748cf85eb84,261.83,278.70
bd7a8c6c74655afc,231.39,89.71
498e7b0800af226c,235.65,171.98
b0e16dd491bc4fea,265.39,158.13
819af4bbad55324d,90.84,146.68
a5ea53104392fa9f,169.87,114.38
9ee818e10dcf3b45,118.43,131.94
1ca41d3b11d88b36,120.89,103.80
3278e45b30f7dd33,133.94,187.48
ceaae1db8ccde29c,102.00,112.40
e76227f395b94e47,270.38,350.00
2cc1fe3570999428,241.65,147.67
2ea1f463620bcd3d,105.15,290.36
efbab76bedbfb65d,228.34,350.00
8a9c8f1d53d8c664,350.00,350.00
77c6a6f33289b872,160.12,350.00
3dd0951b8855137d,83.57,229.22
5d1f24e034772338,105.85,195.81
7ddd21d48e3b34b9,164.32,247.70
4738cd4cd8d33eeb,109.67,116.26
0261adcfc6e49150,179.21,124.13
8da2c348ba6001a0,283.62,350.00
85511ab7fd9ed061,127.44,109.93
8f8a6c578308d014,350.00,224.65
9192053a3884aadf,258.52,202.48
818456a713fdabe6,350.00,350.00
491b7d974254596d,350.00,192.33
59097097bc09cdef,93.80,184.85
904e0e46392dff93,243.37,350.00
ebb685a81f65ce1b,215.56,350.00
53abea410a0541c8,270.70,350.00
44cfd4330eb6e2bf,271.75,207.05
85036b967403cdab,92.57,179.72
ce246b336b6bd638,85.92,191.32
300f1489174a3ece,116.55,156.57
4e8b2357fea211e9,182.18,121.46
8e43d61ca6f2d904,265.84,241.81
11c0ef97497303ef,295.46,350.00
b247a1900cfae052,180.16,149.98
51db35a3cf225bda,292.47,350.00
49f7186e1e3cf6c8,236.17,223.96
5ff8463edf8155c0,278.40,177.51
e4862c4f20117cb8,268.37,106.93
fd1854062406d287,247.71,273.05
069e3e704cbf6337,247.24,120.28
aa71cf96ba4e5a36,164.89,350.00
4eb91cfc892a108e,178.12,120.60
a9184def876faec6,244.46,261.39
7fec3b1ec923ad24,165.02,113.68
f96f719ad667dd96,96.61,155.03
bdeca00572419011,287.89,167.17
0d698108c5f5d1d6,235.86,266.64
58e21d505c082a9e,123.71,138.87
0a4247ba4ae1cca5,124.52,123.37
1521f94cafdfd783,142.39,140.10
c8bc7e668ffffc7c,350.00,110.56
354425c41008a01f,176.63,137.06
a212e4c197983ad1,116.96,126.36
01983cba42704c49,135.02,117.29
e4b13f7f43018ec0,290.36,350.00
9af62d6e404c1002,150.65,127.44
c77486266b05f934,350.00,123.35
18d6df67968bf06b,185.43,195.44
4e22e3cdb8757be1,234.89,247.15
c827f5212a34bf2e,277.07,253.08
fd438db3e60f062a,259.98,234.11
14c505d7ad55883c,235.97,350.00
244aa8f002274344,203.89,114.09
1db00b3e736c22bf,156.11,194.24
34c649f3f43a919b,350.00,110.63
4de28817db9fc9d8,97.21,146.60
cb010b41cd20a1ed,106.38,125.84
0405e4446e8f239a,290.38,240.86
8adc6266a7c2fd40,290.37,207.49
7a26c9407ef64e10,265.04,248.56
e3826e06d68ed4af,88.04,183.44
3744d4cdaa6b242b,188.44,136.35
7adaf85915993137,230.98,156.23
bac3ac8d7330d05d,209.07,85.86
39fa341fb9161d6f,127.23,140.37
ec149b086b0e7fac,227.31,136.65
97dabff880f33202,350.00,102.34
851645c373f50e16,130.76,110.98
5b9f545890407976,99.52,128.83
6c9bf1d285cf5dd4,143.41,281.55
583f2c3cd0e2385b,150.60,143.64
858696528ab7035a,195.61,128.61
b776b08e2cc6aa0c,290.37,350.00
ddcfa590f4644240,350.00,224.01
fb34734f84d0a14d,239.85,138.53
51808d929c84b8ae,123.73,132.16
aaad7e29825b3264,137.60,93.33
9cfad21ef1911728,109.46,131.03
4b1606ab1893c242,318.05,131.09
aeb0322f619213b1,153.09,106.71
710c7f8c7dc2af46,155.75,209.19
1b1792afe4457e83,112.58,106.90
9763e27bf80abe42,350.00,254.68
a2f4acc81f7886a2,287.09,282.69
bcef35d6e0964f01,221.16,254.87
6ada4f4286e4261d,236.63,350.00
44ab00737c3fb890,166.07,154.79
8cc4c597aecbfef5,196.24,185.09
437c6e18f41287f1,166.91,251.09
8a8190f3f71408a4,208.98,160.60
40687c9412e0c279,228.58,180.34
826fb989c0e6208e,178.82,167.09
e068f14acd47ed69,128.91,118.62
c6dd17ab89437805,105.18,148.90
469fba0129c95278,350.00,182.20
0717bc30025f3656,285.35,350.00
0f9679fda36f7f41,136.19,147.52
8d70694ceeb0dc9a,261.24,143.34
971b3d35c302cf8f,134.73,146.41
721b23d896a44e2e,290.45,350.00
55b53fdad307b708,290.39,191.44
3812b265afd78186,250.70,241.40
eb096b0196a7ff65,116.01,186.44
ced0e31df74f27d6,112.50,269.11
9532ebf4d9405e65,149.33,200.47
56ae02578b1163ee,103.53,110.24
3db15d45e8490c22,183.65,207.88
b695fc80bd538172,169.41,350.00
93a081342561d0c3,350.00,145.75
7dc3ada8f2135477,246.75,155.39
6173056f0e080ca6,264.04,173.32
b7ff74563d034519,165.99,89.28
f5a038c18f7a44fc,257.76,189.05
818b55b087013e64,290.38,224.87
1d8ee477e682a8fc,192.66,350.00
b70e72f23446520a,152.11,139.74
5c70b175f08ca141,153.89,96.26
a0163cdde4ec785d,141.13,147.48
b309cdde35310875,183.98,94.61
79da0eacafb22f86,197.52,350.00
75e580d5ea37c519,209.65,257.64
8da5849a6e7307bf,244.63,175.83
23fd92555246d61e,140.33,185.31
2456c4550c26e5e8,290.45,350.00
bf719cf83cab229b,166.63,350.00
c6b040021b4ceb0f,164.27,117.67
31b283a5559ad44d,235.54,257.44
d22c19fd92426567,130.77,101.93
7dc87736c304b3dd,223.24,127.45
e0d92694d8a2d38b,177.82,157.08
9bfda7c26578aaac,164.87,109.40
87126427cfcaee52,98.20,99.25
75bc89630027c601,204.33,350.00
56f984ac83fb34cc,258.82,218.55
0bc7e4852f75a06d,169.18,144.12
d9a797f632686568,161.11,350.00
23ba354e606df0ac,219.73,135.90
1b4374c9d7e5139c,350.00,350.00
e458ace6a440b738,125.78,350.00
a40c70d5a1a1be01,202.38,270.44
2a2b00e9bfd089cc,304.80,202.90
103a7d8c4f17714b,152.60,350.00
470a3c1b89504258,107.48,146.60
7c13de66ce543d84,172.82,113.26
c300085cc08357b5,137.88,227.81
3b6c18a966a2cea4,82.85,211.28
c2bcdcc472228768,135.50,350.00
f08ccad48500eb2b,142.34,350.00
3256d907f58af95e,270.75,90.86
80e68a6453e15ab9,350.00,104.13
721d870849de4a57,272.67,350.00
bcb697c4317f0997,214.34,109.11
bda97d9a44a89d52,104.58,180.84
3286d8406eff5c85,131.24,116.23
c68e57c19c82d500,284.39,245.01
f0ca713121289d24,133.54,116.77
16a05f3c4a765f65,350.00,166.19
0bc354fbb6e99ab6,203.82,278.69
a3731057c8775716,283.95,277.62
003c84fc7c3fa028,131.31,350.00
c936527df280b8b4,291.93,235.24
3011439ecaf74180,253.59,176.77
a6cc776330194937,173.52,350.00
e939acbd9894c686,146.59,350.00
e6b2d6d33968c66c,206.07,234.17
feaf740e3ae53b7c,172.99,103.83
ad59540382d5b7f6,108.56,125.68
73eff675e2aae30c,82.84,118.51
e4bbec619aa04dea,350.00,203.16
1218cba28d4dce94,249.02,350.00
707cb14717df5960,350.00,242.52
0febad4c4a3d69fc,90.36,88.70
2b038a467a89c73c,144.07,125.00
017c090e9e8d2957,276.25,221.60
413a4c217ee0193f,265.33,117.12
8cf4836e2b43c241,187.15,144.93
3d941525f5c623e3,284.31,92.24
7b53967f282a0d0a,154.75,113.04
a08dffad240dc3d4,148.49,117.06
07c00213ec388e07,117.85,144.35
115fa6f5f3e51bbb,224.96,208.11
35f80e003d16a439,130.71,243.15
f27e8d63f526d326,99.26,119.65
476a6245b43f3119,281.54,250.73
04c9ebe419195f8b,350.00,151.33
031647c36d12788f,151.12,350.00
1f5178fe56c5423f,245.81,227.06
65c1ca715dfdbe05,188.44,350.00
5782666ca117fa5b,90.93,94.47
083a6edd8bb21bc8,133.88,350.00
4fe799b4fa1afb76,350.00,232.82
9fb9af6599d67b1d,266.16,136.04
d401522de73b7bee,85.38,106.94
a4e210bcdcc1bf5b,283.45,350.00
a072481f307dc8aa,169.75,269.46
b58972ad7dcf65e6,350.00,350.00
fedb6a1b15b05694,182.49,159.76
e1bd72aba46f46a1,160.32,132.58
f993be991eea6016,185.87,254.14
93330422e1f2e0be,350.00,350.00
c53cb796b4a4cdb8,222.85,350.00
a5acaa5f693529dd,179.42,169.69
2ca4a039c07acd38,170.10,236.33
138c8807fef52564,205.13,117.68
4f9939af9a1d40a3,125.03,108.92
82eb6fa58ae52428,158.42,153.53
aa430402314b4459,122.99,350.00
a255ed658a2ac9bb,176.01,275.45
97c76d44699f7c93,211.30,131.75
bf2a9732af50c84c,186.95,106.51
a4446299c1f85d74,185.20,132.07
17753b728e5404aa,118.16,121.15
56403d0fd259c5d9,189.46,158.93
cd2ceb5530529c9f,267.24,189.69
fe0c844a671dd6d8,178.86,130.64
323dc938d93a849b,107.64,81.61
4127b45c3d546eef,153.07,138.25
cf4199c8517bc1fd,122.87,164.94
f81f8cfe30e0a1e9,350.00,167.03
fa98e2b8dceca9bb,244.83,261.89
e4559c3cce6edec1,269.34,251.02
ab4862ea4cbd0750,223.75,113.32
6e9cf53cd87e1b7e,190.04,220.36
f047e3605f8852d8,200.14,219.97
b1da312483a974b3,210.45,179.23
13129c1f044fdd47,234.32,226.03
8f1b727757a60c07,237.90,283.52
4096b302747d47b3,156.53,132.07
aec1339028f3416c,153.93,146.89
9ba051e0f5674108,256.44,181.17
e460bf4db340ca9e,350.00,219.00
7ce7075951c9aa31,350.00,350.00
3f8c6e31ebbe54bc,180.89,227.70
c0982b3919cc74f0,147.82,290.40
8f5d5dd10a167cc0,187.50,350.00
c770192a9f3261cd,290.40,180.99
966bf043577f8b6a,124.88,176.79
2b01da1699f0305f,163.54,243.23
5fcf65d4de66c970,85.07,118.07
2418af6da44fd361,106.33,112.25
4e71dbef18157288,128.12,108.74
934b44ddcb3d95e6,350.00,290.43
f6a03399c7a721cd,240.18,275.69
e9f00c16810e0e61,229.03,159.53
00f4b6184f6315d0,215.73,129.91
7fe0cec2b0f1c146,135.86,128.86
7dc551f8153bd053,128.22,350.00
c48af5eafb532d0a,178.11,157.53
feaffeb1af7e82ef,115.69,86.82
531d9676d767da66,119.90,134.74
70af72a72b31fe4d,102.09,295.76
69c06be4f87ccdab,127.72,142.40
8fcdfee81cc604e3,98.26,103.18
358468724d7d4322,229.58,242.36
2d42ef44ad2470e1,350.00,242.01
ad63c30e22e63344,229.47,235.86
37a8c442fb38db75,197.04,96.57
60be02c5566c8348,181.55,283.81
b436dda934059631,119.82,204.47
aa6a9aeeb45577d4,237.77,350.00
9b0de83b4e504bf6,170.73,116.63
a7cf716f5d73b558,184.00,350.00
138cb102906573f2,142.14,150.67
75b1533cc3cafae9,109.79,206.17
edc87836fd998929,165.16,215.91
c5259566abc552b1,290.41,350.00
24bcade0007c2246,294.99,284.98
bc01ce748a5723df,141.51,350.00
dd51d1aed9536da6,220.85,186.26
f711b3ec6bc3c407,273.20,104.81
017e0b7e864b0aa3,132.39,169.08
96d33e46267d4eaf,108.80,217.57
f065dc596a08a258,90.10,128.40
c92308bbd6107b11,193.56,99.90
9d6b46a3cf5ec494,118.63,120.28
88b1d4f951070f83,251.66,232.33
15ce105716441c54,141.51,136.75
816662e622987a14,122.32,83.90
d47fd8fc3886f86c,133.53,278.52
68c77a11b2d308dd,217.21,282.71
bc1787883f9328be,167.80,150.91
25c4013fc187762a,223.42,290.37
10b31e991c2d0d4e,209.62,350.00
dfa2fda311df08cf,269.69,137.74
dbca9f6bb7290c0d,122.95,262.55
7ed98f8d1ffae082,291.04,126.58
e186bd5e556f1b5e,204.75,142.23
240e9389cca3bd18,168.35,280.20
c4704eab5e2f51b8,96.53,89.21
94560d1dc6248347,350.00,350.00
f6ab2eec90980ac0,187.22,350.00
e3acb789f7dcd34c,175.48,220.71
60162c95d921d1ae,178.19,264.10
326de7f7ec9e7035,228.84,174.04
f4bd11655adeb078,164.19,232.37
cd6b799ec79c489a,266.02,230.77
1d9f862a47540785,143.40,166.82
dc49373c52eedaa3,147.44,205.03
dbbd17b6995f014b,208.63,169.70
e96d929f8207a3e0,82.70,88.61
e139628170777bef,129.61,101.81
494042bf96730bc0,226.38,218.70
975159720cfd0103,266.36,350.00
4c489b3c9d14cbc9,251.74,290.42
cb4dd24535ef2d94,270.79,281.86
d93b589bcec80ffe,219.68,130.72
1d8a86d37c7ef3d3,350.00,350.00
1019f2a9c012e949,132.45,223.45
4dd3035430a5ed43,162.27,283.49
8da94b2c1c0443d4,350.00,207.75
f7cce33f6563dd72,154.63,124.96
aef94727eb3897df,350.00,215.56
7feadf01c5920285,131.86,124.64
9d80bd1f92d23dfa,146.15,146.28
51f955029dbf6978,262.14,256.68
445d0d44091b902a,166.05,185.23
8ebd6e9d41a51e31,249.62,196.09
29de6ddc42a2e674,273.88,211.11
25e1d17d072227c6,170.20,165.51
fba7d6a42f137938,185.71,117.15
2671de30a1736f51,350.00,231.55
2eb56023c4a54504,105.16,219.58
ea43a5fe4ff9a3c4,243.18,153.88
3e16a71836e85212,175.19,117.95
f2ce79565c0820dd,94.41,100.48
6921344f8e706d0f,104.92,116.54
a072be4f806d360f,350.00,350.00
2e001d8c2f6106fc,350.00,350.00
060dfbc982c6c4ef,254.71,237.46
5ff390f7bbf2bec8,350.00,350.00
09b91014bd88f815,263.66,163.76
8182dbc752c71137,269.71,350.00
5f900e4437e079b3,350.00,254.33
676561d9690ce31d,212.64,304.34
b07188063c49b755,255.13,191.57
55480808b1fa1f9c,131.93,146.75
357cf8a9b6737625,195.19,114.40
84d4b658851b7e0e,290.48,350.00
9a46f95c1c1e57f0,129.44,125.85
43496ff308e681a0,238.35,128.05
18aff757c54687f1,134.11,259.57
2c7b788effdc1b4c,350.00,219.60
8e1ae2ae6694b131,168.62,350.00
bef4df43d6052a02,207.89,350.00
77f123712368bcbc,143.21,212.99
8accd04438b91262,140.50,156.78
066756ea40b134a7,141.09,156.74
849eb47d349f3fe4,148.63,180.00
357a34207d70da69,112.41,92.90
01a4827b3596d111,123.51,95.66
acf658afda38d8af,287.60,262.87
241687ff5fe92331,124.39,283.70
462a95890423d3c6,138.07,274.05
14176809bcdafd01,350.00,210.29
9de23eb1471e592b,350.00,266.48
9d3a38cc18807e10,226.91,136.83
92b98afec5eb4e05,147.44,217.10
ece3a7a9e930ef9d,114.29,131.00
dadaee9624256e07,350.00,261.39
8ae79d7967681db8,175.88,287.03
36d90f1812f0d432,102.83,124.59
490724f8b3658f67,164.61,80.50
4f7ec66199bba232,250.00,263.56
c2b842fae4e9f1dc,137.18,204.02
8cf6b22995c9efb8,170.13,255.16
d9c0351cd21e40e0,115.19,350.00
52311c2cd0c84d67,127.20,350.00
ad878cdd4fa36a3a,239.30,160.17
953c89aa931082e4,167.54,288.93
49b2a6a93d529981,188.76,211.26
c163ed45c21c8548,154.96,350.00
fd3e8f61d8fda839,180.93,350.00
b2cdb4c34f37ad37,138.04,167.34
62acea88e628c3ca,141.14,85.10
fc16ccf0994c6e50,350.00,272.83
951968aa52a84928,154.95,157.82
0a3df9b1918cfc2f,172.24,227.67
688908886d8ac900,350.00,171.15
18d84b333b28de36,237.05,153.16
d5e927306f5d859b,350.00,165.99
9fa3623172adb4cd,223.60,262.12
9c7b6a20f35fb708,191.45,111.98
b6dad3a9bf911bfd,99.54,222.13
b44531903be4729a,168.09,164.01
7410ac7e4e5acb74,127.15,113.79
975840814b233bcd,350.00,281.33
476c31184332698e,144.41,129.16
57ff0eb2351979c4,254.77,350.00
668d077ac9d7d3c9,202.00,243.46
b8c21a311f3f7953,214.58,350.00
83d59f5e52e0ac46,350.00,350.00
578987d534a0d205,283.14,350.00
1cb7138b107b93b5,123.59,290.38
9dfac33cd3ae4afd,350.00,350.00
fd0fd9a2d6ef8c4f,161.10,207.43
8cd7ca0e7b861b3d,259.03,175.64
0697d5520b74a8df,113.58,113.43
2556b7520536ce1d,150.94,114.63
64bee58391921b4b,177.92,223.66
bac178dea57bd545,155.51,164.99
1d26ceb1c995655e,350.00,250.56
70f01e9ff0b4e519,125.52,213.29
18dde81d45ac2232,154.17,140.31
c5b8a996eff18540,141.38,159.71
6a0217099efee13f,279.65,282.69
25548d526c3a7587,227.36,161.17
834f67e96612cd6f,143.84,139.29
bed2710e06dabe6a,211.00,193.79
2d7f29ec900a8948,273.02,232.50
f3169b755afcdc5b,135.04,114.99
707ba52845d399c9,101.30,254.04
f61f5adf7e0a80c4,121.96,142.08
1e3d3545b6dd13a7,350.00,199.27
74b44635535cb290,350.00,188.13
26d75187369ecf2c,350.00,110.64
38d6c2538ce6ec4c,268.66,283.51
9c3fb95a1558b38d,350.00,172.18
baf17e5e1fe1c744,215.75,350.00
076c98ac0561521f,180.79,192.41
93f3e9b9f093ad57,165.47,263.34
7510b0c96f5707ea,236.96,198.02
57d989702ae72dc1,91.61,350.00
0019ec81fd706ade,217.64,350.00
d2dc6fb05ad78d80,140.84,84.79
0d1d7cfb2a48d5ec,163.32,108.00
3d9aeef58dd0b51b,290.36,286.96
4ea4d0a73a90bfb0,350.00,229.79
cc477d322638ba30,245.50,218.33
a4527094aa107b55,290.42,154.93
1c91deb42b991d18,280.76,137.74
1f9a6f2120835615,122.86,173.75
89266a872e1f92d9,204.37,234.73
41b75c9222c33cdf,290.36,350.00
b2d05ae88f820421,106.41,168.82
3162ae3ccbf785ac,126.93,94.27
241a0833e1c76804,84.05,230.10
d7cbe2f23d75afd1,194.73,209.21
a6c29d2cb319d923,171.36,215.59
515ecc54219bcc4c,147.03,193.99
83f7c3b91a402306,243.09,88.35
a3e8ef1ce72a7d02,200.96,102.96
216fddf542707629,157.54,161.37
a2af14e9dba37b03,113.80,199.09
d5955b81c26230ff,103.28,164.80
f870cacadb058733,103.93,224.01
28deed0ab55ca350,106.45,125.79
7c40aa2cb6883a91,138.54,106.13
ac0a63ad13897564,100.50,92.05
f0418c2c989a5cde,201.84,261.01
c814ef3b3a26e2fe,256.49,196.93
a7807ab56cb49cad,206.93,154.74
1af574c0814429ac,220.98,350.00
495e64df4c4ce7a7,173.88,350.00
c8dfcbee63266273,121.80,290.40
343749a2f7c5d78b,215.32,290.39
f820c6292e19d854,350.00,241.01
1317d7cd79495a0e,113.68,219.28
408fc024d3e91b0e,96.70,290.35
071a1cd551b7b4d5,145.90,269.72
3cd1f2c31b4e325a,162.99,217.60
c3bb60dc82345a9f,182.08,168.53
18e1b0df8da7010e,350.00,262.29
1800ffbb34ac7ed8,225.60,350.00
80ce8f7d988d5e57,160.85,111.42
e6a0f19af995c432,146.75,135.03
22307b580e0c8d0d,97.71,126.63
094790e50afae55e,177.12,270.91
aa232e53d285cc6d,129.77,119.46
9e1ecdb9a8856a8c,265.19,199.57
57b111b54a2d2323,350.00,350.00
7afe2a15ae7359e9,89.29,168.84
c63edd25d2201a46,97.83,161.14
c04274c8caa505dd,116.68,114.19
81af3b60203d92df,261.39,125.54
652a956adab8ad0e,263.98,350.00
a3f89ad71e1caa81,350.00,110.41
fa3f04be9344804b,254.81,242.70
d9501c6985c1b38d,350.00,350.00
57d04160f5438654,103.87,91.66
b9ff9ebe19ae6358,130.39,180.17
b87863a2de433824,169.75,189.62
b5365d22172e414b,190.25,206.78
bbc8e8a69e9bd106,121.55,95.38
3b8cac9910af1c61,192.04,162.49
e91f289f1b9f9519,202.12,104.35
30523303e8d85c25,350.00,193.45
35d0ef51fede263c,133.47,224.80
1881b1e85cceee13,171.85,218.04
d42410f6f1039ab5,350.00,208.88
98dd88d83f57c17a,92.05,103.03
dd88960598219eba,123.60,189.40
c4eaeec8ac778b27,149.03,184.12
ad5ef8d8678ff97f,181.03,119.69
a0c82ba11a373008,162.18,106.81
b5ec939fd1edf048,153.31,109.31
36fcfd186a8d6df7,123.91,154.51
efc40ec41114d8fa,143.45,93.99
82177c0f91d9618a,123.97,123.36
15aa55a91cf848cf,290.38,177.36
60e1b3ac3182f5b3,263.53,290.39
75523d31940c9344,228.95,225.48
5a5a65d8df176506,141.37,166.26
9140e6fdeaa7cd3f,350.00,154.72
6ea23c2c30f85a89,241.42,290.52
3637e661b6854b49,256.40,269.77
f93f794247af708a,156.24,209.32
b3bd27affa038e9c,286.16,227.49
47e49e04e32be7e9,290.38,237.74
997ab1ea9fab5643,272.64,157.90
2b8cae68963a40a9,143.95,179.91
06f37329b223b451,143.79,87.45
96fe84d051847591,230.08,165.97
6087c50c5f95a677,350.00,190.50
63dd38f0dcc2ee88,119.81,186.65
ff467a5f06a91a0f,270.62,135.18
5868c154789648f0,206.29,116.07
760b5b16b4931a77,170.93,206.46
32a8f38bd1d46e3e,132.76,97.55
4eff0432bd364a23,155.32,350.00
702759500d47a059,131.73,197.45
36032308b7e86fd0,136.83,126.25
eed6c9aff2234b7a,120.43,79.73
901dbd1e6463c4ba,350.00,350.00
918c2efc59c1952e,165.93,350.00
79161bde28636128,135.64,165.14
737e2781e4a7db5c,209.09,254.74
151c2bd6dfefb4b5,199.56,162.01
ed94cdc0f2b97e15,163.64,92.60
3fd3b871e83434c5,229.79,290.43
6195d3e7c412c8a2,350.00,209.58
b88b170a7fe40544,124.17,215.26
7dcd5d8a44a284e5,172.85,220.65
2ef54419defb2364,110.88,82.79
037d2f426c916ffc,134.69,105.18
a6441acec6718f03,350.00,350.00
326b843cb2b7fd94,189.16,205.24
5ab2a4fec735e0b2,283.51,268.59
d3f44fedc561d2d5,250.10,283.73
ed499508be1e5532,350.00,133.41
cb56e868deaddac4,163.26,189.73
11f7bac5037a184c,181.16,123.38
cefb47bcc04f540e,101.60,119.85
be822403f364fff3,181.56,140.65
57961c6adebfb13d,290.38,206.25
05cceae674c81b86,140.92,138.96
fae99a4089f8abb0,97.18,151.32
8725dc88f2e0a6f3,240.41,177.08
d629aa5eb31a1e38,210.35,350.00
51218519be104794,190.40,230.06
94c0819fde11364d,154.70,240.98
f3e2038bfb9b5d9d,136.14,81.59
08426f06239d903c,110.91,200.88
2dc48a745d6c662b,350.00,100.58
eab100e978c730c5,146.56,120.24
b41e3be867afd6fa,137.57,234.50
9d98e1c0d62213cf,350.00,281.41
96919cf8d3e988ff,207.14,194.79
a02ffaf1fe462d28,85.51,237.31
801b3f24c670f19a,113.52,110.75
102fb91414fd24ab,222.12,226.78
af5b940f2c686524,119.51,271.79
ecc23234e820458d,191.62,259.71
03c2707563915d7d,196.55,252.40
3bd20b66b585d621,121.26,208.09
02bdb7a5b2986571,224.69,350.00
f882cf76a8bce308,193.76,194.64
6d48f75153e4ad6b,290.39,192.53
9bc18b63b07bb328,137.40,350.00
060987bb3025a0a8,189.68,126.43
2b417eb1ffa56ac1,190.27,190.15
5fceb95c29d929bc,109.17,108.01
533d0b5c0adfa15f,257.84,206.67
0bcb04163f8d8ead,350.00,350.00
59861c3d19eb46ef,241.34,350.00
9d2f7d29bb9c9034,179.13,350.00
e30b9829e42aa4ca,130.88,237.75
d9a218ac3e148541,273.42,168.85
0e3af9b5e1b3ae80,350.00,268.67
eba6055d217d5b99,238.32,350.00
671f42536454e541,198.80,350.00
f5b49f4c5a27e53b,197.63,154.88
8a85dffa80e6c7bd,228.78,270.09
e8219ea7da46f67f,147.17,103.02
467e08195b29e857,290.42,176.18
daa38964824f1b9f,262.38,350.00
d671f436fab2a252,131.45,219.06
a70c43cafabc73c3,269.72,218.03
60c441c5838dfac2,288.12,243.36
cd258394e8d58d04,234.72,160.16
4d607b6ddc77a34c,110.58,147.79
d66a8591af39ca7b,97.78,127.39
891470d896b1de5a,104.87,158.86
cf0a6466b762c668,172.97,116.90
b46f2f007b622bce,140.19,114.30
ef526567c4dcf371,290.47,207.05
1a2d13834696c4ab,350.00,350.00
2a1826612a7d739c,161.67,290.71
e2503ed6a1f9257d,116.97,147.66
9fc6aba53508dc48,140.16,194.02
ea303a8e6e31f264,237.56,118.35
b3c74554c871fbf8,159.71,108.17
dc45c8d70e256749,95.32,110.18
5bba49d88db7430f,119.91,178.71
c26a3f4c08333886,138.31,158.30
5cee1d8f1e43d6f5,121.21,83.54
e0b323dae5bf4c90,88.73,100.97
b70dfff154b135bf,207.76,104.01
08244974cf39ae38,223.76,168.39
3f810c3433dddb80,119.65,127.46
f2520dd5457ab293,131.14,133.57
593f3b051aa82b0f,126.50,109.12
b9abcce29378e5cc,95.16,78.93
f0d4652f8edfbe6d,199.97,290.43
02f5621f480ad1d4,155.81,83.89
fcfaa28ed6888088,121.73,177.48
4e77cc2c8d604241,118.84,152.95
d395828f5cb045a5,150.19,104.11
b2ca310c9d0037d3,163.98,350.00
3ce634d03af7e14c,149.71,269.25
918103d82ecbed75,261.90,145.82
fbbba3da4438cb04,180.55,161.15
87f58feac6b50367,211.85,92.31
312946f6b72ebd51,87.53,350.00
3094e82731ec55e7,163.33,131.63
46c050a827ee83d6,115.53,171.44
394ae51820bedd4c,115.89,97.79
8539c4b795d33a92,100.73,119.52
ebe122e962d26fa4,350.00,287.04
906283a2adcbc3e0,131.28,183.81
f039c93516e48253,290.38,95.20
b1e66cea3a4d4709,234.43,350.00
51461da4ba467901,178.24,242.76
adac148ee6fa3bf7,282.92,90.48
81f2f2d4b0302590,173.86,121.53
821a1c6f5d7fab14,120.40,135.18
58540b24ed77d31b,164.22,91.03
27bfb9205119f23b,128.91,116.18
ce0748519d5ea5c6,101.90,135.98
2300ad7f87080ad7,223.93,212.31
57dec2b07b75dada,209.36,121.87
0170db5fad04e4d0,350.00,130.19
0fcf42b68f2f0fa3,270.95,219.42
767819f321431bed,266.98,350.00
a41384da70013373,132.56,199.42
3640defb8294bd37,211.53,186.76
03e5127d4832750c,183.30,285.07
1e9a2b197ebff074,290.41,290.37
a6743d41b0b95271,195.06,191.36
e9eab0fa03eecd9b,115.80,107.54
20ba608a6e717f05,290.39,93.43
5fdf6611815efdfb,148.02,239.62
de4c4997f1429dd1,162.97,105.01
1c7ea3928c7d0ad8,288.17,219.63
c6ca435e24c5f4e4,158.80,142.71
6fe8bce03a46350b,169.74,126.76
f2cd665eab69876a,106.40,277.90
58584ccd0f63e3f3,201.34,120.69
8bede5047e97d602,95.30,110.64
c03b6b6ce5d03276,113.58,166.63
0ddf834a47533d15,132.30,113.33
dc38c78358e053c3,119.58,213.22
58e72b1a38880ba9,350.00,350.00
dfbb110855354039,220.44,350.00
97125cd6a94b6394,287.12,195.25
05061dd590c9eb34,179.12,350.00
7606d2f8d8b0e889,350.00,172.22
e36b8b88646f72f8,198.83,164.54
cab532b4544580bd,112.95,233.05
1109a8f2adc81ce0,157.40,176.61
e857ca0bc3b9fdcd,146.03,165.43
b8b692aa2aae3310,151.85,128.53
d333a6c34ff16397,216.62,350.00
088b47d890b389e9,153.31,165.33
7f0175f71481b63d,350.00,160.31
90715135a543b6e3,181.18,125.78
f044802db5688bbe,208.46,181.67
1adee75d6c671cc8,126.01,277.44
d851cbbbdfd05a49,120.42,87.16
9b39e15b42422a08,80.76,172.88
f00921c62315be96,129.26,159.40
8b9e9f283e76b429,120.34,133.50
4f99b4a39925cb47,134.06,146.86
0c3622569cd8062a,127.47,156.15
0f369d09416b9e34,290.39,219.66
1b8d366ac0f110f3,350.00,350.00
75570ea2da94a4fb,236.25,284.62
9025e3c6b6d71253,285.15,170.69
8a8fea2c10512434,195.99,262.49
67ed3ad521ef619c,214.66,350.00
cfd47fddbb705f26,226.62,350.00
9ce56acac775d386,177.45,109.43
f2d9814936a6eb35,115.46,155.30
f8dd1e75978a3957,93.72,105.27
5d6fb4acfe5cc8a1,184.75,280.24
08e48648e3504638,290.48,234.85
0e8d5c16eb9cb1cf,206.28,350.00
137646de0ffd9c35,125.94,350.00
7c76c752c7abf2e0,149.85,350.00
159646a9d2ae8ea5,149.82,221.72
ce7cd2ec773bea7f,185.57,133.11
cd8cdb539deaa47f,350.00,136.01
6e0c1faaf40caf9a,209.64,154.87
e16f42a666e163d8,137.65,111.02
0f9be7ac405772f8,149.15,105.96
94b1596c6ff9a25d,133.99,92.14
d292243c6499b2fe,118.42,97.79
f3c42ce9fad55eb7,280.96,230.96
dccea04cc3567955,265.48,269.49
819f51ef9d945a46,160.08,211.12
0e969ae805006d1f,350.00,350.00
f3efc6121c5323ff,270.86,165.83
7fd810af30144119,350.00,201.91
33d2a1dbb8a7fef5,350.00,180.94
15def71ff1679e06,274.24,199.66
d4c314616eac8f8b,125.10,146.91
7dbf23cb872edc9c,126.71,166.49
abeaae1a64934178,143.86,150.19
147e31abbe3927d0,201.84,350.00
ecb24300bb3bef8c,240.75,163.62
b9b0da84b243213f,350.00,350.00
b5f70d0c88f12645,159.44,194.25
b76c0b0ed2926737,249.65,146.29
bb881d4ee6dfbf86,218.77,230.89
e5a9f75b1117d848,350.00,255.05
ba4485ce4e8e3fe1,220.57,133.96
c4c379b8f99fea88,208.37,281.52
e5872dfa5b93fcbb,228.13,144.52
fcfd2e6eed519cb9,123.51,103.56
4dc5039b21013b3a,136.97,100.17
67db05bac9165722,178.55,350.00
87daaa6db4f6940c,190.14,350.00
54bbc7974df586a1,224.91,131.04
88d3b6b833e31712,211.15,253.12
32b0e450b11b32fe,232.63,281.46
6cfab1da57d260f4,350.00,175.70
407e1c6850e7022c,181.49,210.58
3b209a2aee014ac2,93.32,350.00
573d3a6984cbcd29,267.76,350.00
58e07add007685f8,107.29,142.07
74dae3d87a99cf5d,154.12,197.72
5632f2364016e879,124.34,173.63
f786136e55007e17,106.40,105.83
a3820f1eb82f2ba6,97.08,115.14
11f715fa5e825e51,110.68,131.43
dcf161082c849205,197.80,350.00
76b9a338597fc604,277.09,350.00
6ba9f6a7a9361354,350.00,350.00
94b48b98d0292720,184.05,138.22
0b21755eb0897396,114.65,137.74
2fb1abeb337e0ccc,114.73,138.07
5885445f39dac389,174.08,137.13
0b88d0c76f9cd7e4,103.11,176.78
5c8d9d893d163d51,272.61,350.00
e255fc129f225a55,240.89,350.00
1308213458d8596b,202.95,261.88
e8f4e8ff49678b44,153.49,223.49
26173f6491300eaa,167.71,350.00
05f6459d1f3ed13f,166.25,350.00
6f1892ed71d943d7,99.73,205.09
cfb189e326553f0a,101.95,128.54
ad62675e819e92fc,184.68,290.63
c2ddadfa1a1056be,156.01,238.54
22e10b23784e5efc,105.43,119.03
a2e34655a41ba45c,99.26,121.84
86deadaab9905a03,350.00,350.00
2e9ad55f2e2f7c56,350.00,350.00
745bdd823161da89,220.77,159.32
3e4b8bd71e8bceb2,350.00,275.65
5081319e58f9759f,235.87,145.91
054794810817c1cc,153.95,79.87
57939328c1214107,170.12,108.06
0d9e9127c62811f9,166.90,226.75
dc24c4759651c6ad,161.32,102.34
7200343d2e957cf3,116.90,179.40
3bdacc82209b33f5,102.34,112.50
7ada9af99946d456,350.00,350.00
949619e1b1de9e5f,350.00,350.00
0ccc86f7d0e84c3e,350.00,274.01
0a3e48cdd97267f4,238.82,276.65
cfa0dbc7534f3545,244.16,194.89
37a6fc5e69a7932d,202.63,274.31
23e548f618dd0e5f,264.95,200.18
5d9a3bfdcd28abb8,213.57,239.48
dfe14e13aa727a0c,86.36,116.21
e1e31a8dfa9c27f6,277.93,164.78
16358c536d739017,201.53,202.89
c5ba56d51f6b0171,220.18,290.36
d43c007dab9c51b0,104.42,350.00
0a7517a16d2d9db6,120.87,158.70
eb9097be07a3c26a,350.00,204.76
3a8e4b830750e9d4,104.35,350.00
0a9f22de8600c762,154.22,184.13
864cddd6e165ea2d,92.92,99.66
1ff4586752ee8a93,163.26,114.11
7340b4cbdbac5863,221.52,239.71
7930c605c6a6ec88,196.75,193.87
7595aabe89020780,134.40,350.00
e8206c7380441fbb,290.47,187.70
0f279b25ccbecc76,201.81,222.04
0e809b7e37681783,95.23,214.79
24341a8cf1152c5c,100.31,176.52
ed8fb10b596e6fa4,199.84,179.19
463fc1fd1f17befb,126.93,290.37
bcc9dca5136fc765,206.59,241.60
2461756d8acd56d2,350.00,350.00
e1bb0b615c02d715,156.12,350.00
cf0e0f95524f187a,164.34,244.21
c58aaabf2c5635d7,247.59,211.88
06910bddb0745856,110.38,154.34
3901d9cdbb0949bc,96.48,196.51
764012f51c7dc223,152.37,173.55
1ed8776f978a0155,270.62,233.16
0ffbf3096a13b47e,126.39,112.12
579f3280456ad450,203.78,350.00
3a38b0b566f3045d,172.97,242.32
42ecb9a94bebc24d,233.28,268.59
36656dfa32341671,280.70,350.00
bf614956b28f231c,183.63,350.00
4f3cd94861c6a876,250.38,167.24
aa08ebe1a69c76ca,248.78,133.32
36807d8a7ebc84a5,290.42,178.62
78c3ca588e55bf31,159.09,147.55
859ca56770ac7672,189.84,115.79
1a484c452623181e,161.66,185.51
498766b46b8b4a7f,240.25,121.25
c0568b225d5f0fe6,78.05,121.38
ca531425f5c042db,118.00,104.26
e10481ee3fda7080,350.00,230.67
8e7b2d62f834b417,290.66,251.17
5fb63c34935acce9,350.00,266.33
eed8c9955cad1e30,350.00,210.57
73dbbdfcf7f989c0,117.19,85.02
9f4d6d192ab4a027,242.30,238.81
5a00c73efbcf323e,178.08,176.08
e842c6f63fa2e27a,167.25,154.61
9e674a02db6c03c8,256.33,177.20
4c12c9085200121f,109.21,142.51
fd76b75c28dc247a,131.63,160.99
d866afa89d62a4ae,292.53,212.84
ac6b2a5f24c2b8bd,183.37,235.04
87105c63df95f929,219.71,290.37
15a422574c3b89e1,350.00,350.00
f4e262b04f4e94bd,197.60,271.04
24ff0bb908095565,101.57,109.23
1e7caef3f6dfde10,350.00,212.77
c00a8682fb5b71bd,278.28,350.00
81b16b26774be5d1,145.34,170.77
ba6093c9136f99e9,267.51,238.08
0005e00b07cee542,129.15,140.73
dbb5d682a2d7f584,350.00,290.43
849cc2c331e9b24f,278.22,350.00
89dd4c256ca5d317,214.01,217.19
dfb856d4c80bbf04,290.35,280.48
ee57cbd0b68c689d,267.42,271.74
1e525f9857019a2e,290.35,283.88
7c4eb0b4845eb0ed,159.32,350.00
22fe6779c3fa649d,350.00,220.38
e4d831dc318e4e98,263.44,350.00
e64075c104471ff0,350.00,183.30
1720a97a2fa261f8,123.20,111.03
db5802643b9fd7d4,89.52,142.54
727ecd251325b6a8,152.26,142.22
024a04f78b37b7d9,201.16,350.00
b3e12698e65cf8d0,266.09,176.34
2735a2ea77ddc0b5,287.16,290.51
50e0bcba7551a25f,246.05,188.58
9b6135943a4c8fe7,163.91,192.60
e5279358b128c2ac,350.00,350.00
e4d0be5ae320c4ae,166.06,142.81
4eb5f99202f5fe97,119.93,179.79
948da1b7ebbb06b3,172.69,290.37
e7a915f39ecf6db0,107.46,126.68
5a440bdee19efaab,140.89,134.81
2279d909f6e3e552,211.57,145.84
47f9c14a7dca1ad7,350.00,231.93
55c257629ecea80f,243.61,102.11
5b062be91c65fb73,350.00,104.75
de2069fea664c4b7,170.54,171.13
6eaa4981d0335c8a,169.63,93.45
eedcb6c5d163e581,177.15,145.74
e8ef17c0babcfca5,143.24,350.00
a2620cbef573a837,350.00,350.00
ccfe7b0d29c5440c,144.84,131.09
51108eabae8391ca,107.20,136.15
59eea37af7efb06c,117.98,139.63
7e6f12a95c14f9de,240.00,350.00
783761d95060ffc4,240.75,179.44
696ff200d98fa878,272.65,292.93
09f5fb0bec3c948a,127.01,151.28
4e566bd7094b49da,350.00,350.00
95beb5ec32718faf,159.22,195.28
6915d46b49999f60,188.07,106.82
997dcf5fd2eb0f2f,147.61,350.00
d763ad79532b27ff,184.67,160.23
83955de599b2d874,196.17,109.93
039c645e8f3ac00f,110.33,115.96
cb720b01fd6f9785,268.50,205.80
55019da3a4bd5d54,138.73,350.00
69fa167ba5d0fd82,95.01,225.08
2267d967d1daf08a,290.35,133.65
fea7dd5904ab4c91,167.99,207.11
b76590c02f86e705,170.45,123.11
0fed97329b78b887,191.87,350.00
6ac3d588f9630f0a,203.39,254.90
f0cf92b063735164,87.53,193.07
923e151bd990961b,97.97,102.14
f6472ca263a863d1,252.90,290.35
d80fd2ec736f7df2,130.58,283.35
9e4dcac049327529,274.41,245.89
470391c4067bf49b,350.00,111.90
742dc4196d329db0,350.00,290.39
fa6e8fa6c3f05e31,123.74,215.69
34db1e0e2499e7ae,150.29,256.64
30eb24f7904c2128,275.67,174.05
80cb3cf9134b677c,82.01,104.46
91afc389191d41fb,350.00,350.00
90eb22b9eb6ed2a8,307.66,350.00
a02764f92a84dd36,123.58,350.00
e22d5aab3d099c7c,181.34,213.02
a485281be8e9d2e2,176.60,191.20
6c1b38dd918793ff,235.51,295.03
8d5ea3bf3be7cb91,147.75,218.56
1671723154d8e324,144.69,94.64
08ef2ed7393efd24,120.38,142.44
2b13651b97f57b6c,97.63,111.35
c93eebe24aa0299d,134.40,158.69
3c098e2946b4c824,129.00,149.31
e64d80dcc6853ea0,290.38,156.33
8868957c1735bcf0,225.83,290.39
711f00d287344c77,183.03,210.24
0c27552ea7bc8c8a,239.96,236.76
4d56bcd82438e632,264.09,290.37
2a7909acde26a240,271.56,158.69
181c3312f14de5a8,287.99,247.61
32a7da2f34ae3803,290.37,350.00
28b6ee9c3eb8b753,230.07,199.31
09a29fb09fe07559,110.11,142.92
c4d1c4b82cf34afb,166.86,106.21
b1be8b41b1a4fd85,279.63,228.00
771d8ce136a12a13,117.71,150.78
856fab879c68ded7,350.00,109.17
4478ee77a647ae9d,280.62,350.00
46860358da8b8d82,139.42,223.57
8d4a475e48722fea,270.99,94.01
2723f4d275d3f619,137.60,118.36
33d52ac2d70b8415,224.85,279.79
5ddf45e816a50fac,122.21,350.00
87d0b767742d3239,186.32,224.43
cb7616f92a9a4e5b,199.53,131.52
022bdd58cc6e571d,99.97,160.20
fe3ff5b1d9135add,228.13,99.67
4a172a5191cb8e60,142.85,111.68
27200d53ba9020b8,169.52,202.18
b7b867eb3c3cf163,87.25,101.35
c258996570faeec9,123.24,139.95
8da75fd76a9b8e1d,155.45,290.38
62e6eadbb2805760,350.00,270.04
0fe4906754b2d0f9,350.00,350.00
f2fb049980631302,229.36,152.82
f004d3d50b78af50,193.85,290.52
4cb249714ff56656,195.10,144.29
1c4602efe5587902,92.90,127.66
cd150cd28738a7c5,118.36,167.25
8955ea3c7c332e6c,124.96,134.27
3d35eb2d46bf74de,188.42,227.32
014f1da2083ca174,102.85,112.96
c7375d5db21cbaae,103.48,163.81
3d903bc35023f50a,290.49,290.53
97c80f69ac312030,212.25,150.11
3fcd53eb27945231,181.29,204.06
0165bd3c26f0c076,231.67,239.50
97ad63e644757cf4,350.00,229.18
358f816aff469270,265.88,285.44
775c1f401815bbd8,151.40,211.47
aeb7ff8ce6e1beac,121.08,123.06
6b0da0b1cda7799f,99.40,89.97
a4817b7e46028b4a,90.37,135.69
ae38fb2a6b6a0cc1,350.00,350.00
11558384f80f6506,350.00,350.00
031e6624f96aceb8,240.44,350.00
4e451881e0e47b05,350.00,267.36
76b61ff4c9760f79,243.48,173.18
ddbe6fd66d7f9e35,206.38,273.27
4abcf14faa7f92f2,150.40,350.00
ac475de5a3d0d7e2,115.89,154.30
d27ac1bc677b89cf,227.74,149.12
57e784028ef2c17d,153.67,190.01
a003e8305d4dbdc8,179.79,143.35
4f6d3cdf2c77fb57,249.20,222.06
dd34dd337e637767,128.72,292.83
61bedad39b15db7a,107.12,90.80
aaf45b095452be23,290.42,267.85
f3ccbfd7036f3cf3,208.65,91.40
c597fd8bb66d54d8,214.93,152.15
83da743f6dda7dcc,156.32,128.95
92f569a6d9374b86,101.06,124.41
99dbe9669f31ed91,206.14,191.93
cd08b68f0bafafbf,157.89,186.47
65352221c0bfe52d,214.75,145.16
c4ea3f6fae702459,130.22,123.28
a5075f4eaee6036f,350.00,102.08
3d3e7dc7b4bf2bc4,91.82,115.45
3ac61bcb406e1a0c,268.19,240.44
eb4e9ec015533ab4,350.00,208.73
86d6e09932c5b551,215.65,204.96
d65da3a3bc675449,290.59,183.88
8c34e1e0d842618d,245.02,271.86
464cc19d42446da9,214.99,194.19
af8ea6db042674ef,284.02,175.84
bbade63ca780668f,99.46,125.59
2c81668d1459991f,128.98,350.00
f4fbb11055301e75,85.84,91.46
9ef858837dfc65eb,142.34,85.03
8b9bdacca749ec90,138.54,98.21
357c5b86ec83b826,295.28,350.00
f98e954823bd6e02,185.70,161.78
17616514e8fdacb9,183.98,227.21
8cf076524cad5a55,123.41,152.02
96b1430379c0694a,210.06,241.55
9201312dd860fa5a,234.83,191.45
54e2490959f66dc2,145.37,131.17
26fbf026beb8e9f8,101.02,155.25
25b8c932da5e91f4,144.54,196.37
be94e5b7a35ce5f2,113.68,111.66
c3b6aa47e7532a7b,188.59,350.00
b9cd4910f0ecff45,211.34,350.00
1d892fec31dc7ad7,350.00,190.77
e175c1a0bff30187,186.49,261.55
990c2378caec68d4,284.36,116.95
931fd51ab69fb443,150.25,288.64
15b1c7ddc4415fdd,237.27,86.48
05ceb8b2f93993a6,290.38,290.39
8f7328fe18806fb0,247.03,116.41
82243207b4dfce87,248.46,147.01
a4814d682954e8ab,172.64,153.96
b12bc15f384ecc42,96.83,121.91
bc86601cf781a89c,214.14,221.68
11a83369d49ad138,350.00,279.33
a7315147a7022a93,133.38,179.14
3eac2d47ac252f4b,168.90,150.15
6a0341234ecc4e87,103.13,350.00
c2ee423d1f0b4f6f,111.37,119.60
f3ad8ad8d242678e,177.73,220.02
3a4e2dffcdd1c838,161.72,115.74
4a704dae3091adaf,198.82,148.10
c096342c57a6f2c4,350.00,221.39
e2abba69c3371618,350.00,290.51
50ef636148fa6fac,212.70,194.68
7ad09f889d2cdb6f,200.42,112.06
d170f6580e1c244f,232.61,350.00
2704d31de2c2f43b,121.63,168.29
873306ad79b62f5e,165.95,200.32
ae5d14a9fc1ad19c,194.24,97.80
5980ab31e4718a83,246.29,158.66
f4363f1317b47213,142.07,156.97
04a788abbbd1f256,149.84,99.12
c06d7bb29bc24d00,140.27,112.62
15c9cb5f9320c555,109.91,138.71
fd92fe0c494d0959,116.71,186.83
7de9867b7cc2b1b1,105.99,125.45
d0ebb0551377a1c1,290.42,237.05
8a7b0cd5ad9ca4fe,241.23,350.00
e8adfbbe0053c321,155.84,120.87
a6828a6dfb21d33c,160.28,350.00
03bdbf2d18f3025d,113.20,270.90
bb7ce8a6ba7f7cc5,187.82,350.00
18c67631b76c18e5,108.76,142.95
dc48627a5f2daba9,128.00,138.73
01f262b68a6a2223,177.06,277.33
70aa6b8f863e6861,173.67,153.11
d15a87087b6f1452,140.81,172.39
4944437e73071671,168.23,140.36
2c13b938e0f8190b,116.95,120.43
55bf7f19a132e0fc,254.74,350.00
b8a0047c927faa75,174.32,350.00
68cf99b6551dc3b3,158.88,248.60
a043e279434d5c8c,199.81,146.47
dcfbbebc0aee6ded,196.29,126.31
9e45cc594a5a2506,155.68,350.00
afc86d1076c4c3a9,290.39,225.89
dd7f3f91ea6067d4,350.00,350.00
edac9fd482177a64,134.88,183.09
2efbcd870f1f7bc7,100.79,138.03
41622791b276ad9e,208.53,265.54
2220b73ece1730c3,194.06,195.91
6002c24f0b7f8cc7,172.74,238.39
4b3af85b0df51d09,271.46,274.21
48292a027df02443,191.59,350.00
390694c179f05c7f,247.73,212.91
8317208cfb030ed3,273.49,145.11
0aa335dbc4cb3473,162.65,134.98
39d188fa9b95d550,111.16,101.17
b1eff235241e719b,117.45,99.47
3209bcfaf95de90b,238.20,290.39
cd5d9828b278181a,205.01,281.55
93a1cd50374397c0,350.00,200.05
1fee9eca658d9808,252.15,198.94
444f0a732695dc81,239.75,213.66
7aebf01b5afc0109,106.90,350.00
998296216e7171ed,290.41,122.58
e27c28928ed4390f,225.14,79.35
ac9a8b73e58f3d71,197.69,107.38
0992795fd0fa06d0,157.48,151.80
646eeca9447c6965,209.27,100.31
71b81d8199a0fa19,150.75,184.36
ddd63237f1b857a6,130.48,130.27
24ff385ca78c80d3,236.92,188.04
8d634c9240f161dd,184.34,350.00
627c0a50cff30405,117.53,174.96
25d4376e00b16510,193.11,350.00
fdfe4e7cb2d0b665,230.56,253.97
a33ecd2c88154890,161.22,264.42
0b2c3c4306620d6d,246.08,164.76
a850ba762f3c5334,290.41,163.41
f2c82f027201ba21,85.54,157.88
f67aa0b16e16a9ea,104.40,98.65
a3cde349c8e018fb,258.69,350.00
b5a8323de18f7e95,350.00,350.00
c3b8d8e7d256c307,250.10,350.00
eb5d62bda1581c62,235.48,274.66
6a7347d1da8a2b87,350.00,287.42
f5dd0a24a7dba53c,190.84,152.80
c5dfce1eaa2dc169,180.06,299.41
512af32553d9bd70,131.09,103.87
00bbcd4a6d647fdf,108.39,163.29
1820fed0fbcf6294,107.63,103.67
34d2632fd26e7078,129.91,104.14
6d8da45352344964,130.29,157.52
6a5eb525331fa1fc,109.82,95.73
3d790112d2e6d851,226.86,148.87
78dc032441394331,290.47,285.39
d6b5a6ad27a730ae,200.13,263.42
2ef09c8fe29251ac,235.54,173.96
d72f9b3ac742a9e3,247.74,251.46
c9c79de21823d941,350.00,110.07
26202a4bd36d3fd2,156.99,137.38
ffd8e8575a551875,119.92,115.74
ec8d93ae99a7799d,137.71,193.42
2f82e8079ba354f4,181.20,98.08
394802bb096b403e,301.13,134.21
37fda56a435a9b24,350.00,241.19
8a95f0e3f9111f0c,210.57,290.39
4ffbadfb86284af5,221.59,271.15
00fbeda449926c13,248.19,265.03
295a0bf12a7373c0,152.92,119.29
3f71ac21472f994c,129.20,149.40
178c4926223dca0c,88.87,149.92
db2c805201a3116e,122.09,78.24
b948102c6205af63,149.00,121.22
de332779baa1b103,148.82,223.96
1f2f27b36e79da74,350.00,161.44
bfd672cac0726a9a,199.75,169.56
2b894d87ad9aae05,159.80,162.51
5573d46130d6b967,244.56,290.39
be2e28ba3bdeb400,130.02,236.54
ca22bafab913aae7,236.62,109.85
6655a8da2655f2d0,88.15,137.78
8cb4e3f056a84b0d,115.75,163.77
969aa613824c5dfe,144.17,179.86
cfbaeb80b5ff7c00,96.80,98.56
fef29aa73bd5b907,85.88,289.55
82d48296fd06c27f,222.71,350.00
d44a814b106b94ff,239.58,350.00
c7cf2194fe5c751f,244.43,350.00
b381dc272b32ce03,230.66,290.42
e624d85a0d718578,106.48,162.60
3627f5133ce55902,107.91,350.00
7f8340dfe4220c3e,114.22,160.52
ae0afbff5ba07a34,157.34,242.24
138f719d370e8ba0,223.62,191.80
559c0c3d752f327a,266.82,209.71
16369fa06392f6a0,119.41,155.54
d16f7ab4e28171ea,119.48,125.31
58c5d506181812fa,223.84,262.29
73a83b2595416f0a,238.48,189.75
419d1e29668b57fb,290.39,350.00
9cdfcd164b48f55e,143.39,273.90
827aacd14f80e8f3,350.00,133.49
23b943e9ce495f0b,168.73,93.26
0716a38768a34789,115.73,172.32
1a50d5c7e1e5c058,164.23,172.93
9252ad2304fd9a26,350.00,242.90
5c0e5d850d8e661f,118.53,203.99
bb6438338bb8aebf,210.50,179.19
f187c7ec92f43828,113.97,126.76
2c0cddd12deb7450,140.00,160.65
1b4d5dbf5f663a97,204.98,154.05
dedb74ee9d84deab,246.04,240.20
84cde29aebf6c00c,173.94,202.82
d4ad90ac58429b64,350.00,177.47
34d38d77c1d3f00e,174.21,127.59
d66164d2c770da68,181.91,163.88
34cb6e9952cd30a4,138.75,123.51
9127a6430e46292c,127.75,138.64
7d2051c6bae907cb,216.84,109.18
4560734220b96851,137.29,233.81
43dfb2c1e5fecac9,120.51,83.08
b070b8c2c489d838,116.29,90.82
0f51869f98afa6c0,133.17,118.92
6cd44e1b2d093ea4,121.01,123.70
d684d8b02ab53031,266.62,235.88
1e9f081a84e7ec18,162.98,159.01
e8fd128286788a6d,287.04,243.95
87c8e086c29ae543,206.89,243.48
53ed3f8f653b37b2,180.82,254.19
744627aec853874e,282.51,238.75
2bdf774dc8b17504,88.18,146.03
bb1ac382e0277b3f,350.00,194.89
d3c0dfa57950aefd,197.74,175.39
a83ebbf013905949,109.21,162.19
6fd9a013cea5a403,177.81,113.15
50cae63d530ede7c,127.89,133.13
23c7c6ceee34585f,147.72,116.24
5357dab4d331eb18,140.17,178.81
0eac7075bf3d7ab7,209.10,237.02
d988760df61f027c,201.91,215.75
81de3929330076d2,350.00,124.84
086c2a0cae0835c4,279.06,122.03
85099c6378ff87c5,212.78,231.85
4341ebb5a56e6943,126.33,282.45
c9283da5f4d7aaf4,95.40,172.26
4622ec182e7fed6b,107.21,149.52
ce0fda34122f3d48,286.84,190.77
d40eae4425092219,156.71,93.46
78afed76d0e9a639,177.57,130.09
ac0a1d87e9ff4085,238.61,213.77
1aba46988c9b58f9,98.32,111.84
5d5bf07dbfada0e3,150.84,117.77
858feabaf429a963,264.18,150.12
07468b6347ac5e3d,236.23,176.06
96bbb6c573dac27a,177.29,121.58
7070abfa26c079b8,128.34,96.63
dbcc5b5d568efa8b,150.46,350.00
3740c8033e31c90d,132.41,158.27
53b480b44b0b51f1,150.41,152.96
8245791a3d3403c6,108.16,100.82
7d0ce28ce8a77eb1,90.07,110.90
7d0874323bd1f768,283.12,243.78
49876b12d440af40,246.34,284.67
93d5452726f5f364,290.41,228.81
c5e71fbf22f669f7,188.93,290.38
8151659b2bc16f0e,174.34,350.00
940701effe1d2b6c,199.01,133.36
813444e109995c97,224.00,284.36
72105dd82d964e7a,237.30,83.45
f0b83b05f3dd9580,144.88,121.32
7d4c160dab6eae73,132.86,155.51
40ce202eaa78860c,234.42,290.69
c13474b85d3ced32,136.65,350.00
cade0268dec56f3d,188.36,150.84
1be65a0d2c1383f6,144.11,290.47
dff1dbb8fe1f31cb,248.24,144.57
4911094a4ee26868,176.08,232.28
43c391b251337c9b,242.65,208.22
7c3ad06a520b8716,178.51,222.97
1bde9cb65d31cc76,94.27,210.02
4bb77b1d8efc53a9,192.22,213.56
214b268e4a92f950,108.40,132.99
fb9095887dca34c7,282.19,350.00
1978b44503c3d9ff,242.10,153.65
96c51bc6316a4b47,222.15,134.35
69397bbebdfa41d9,231.13,221.07
12ceec9431fb0827,177.74,264.83
9eef9b7967991296,213.02,125.26
6671b567c4eb9982,350.00,350.00
e3ecb94228c2739f,240.19,285.90
b4622ca7cf0e8506,290.39,285.49
8522bc62e8d942ab,115.38,104.73
af9927b5589e708b,290.51,272.75
cce232c1b1b2e4a0,350.00,290.42
9a678f346946b6a4,218.57,210.80
85c5dd604d5b3634,232.02,230.00
f2336b7545f5f442,182.63,121.94
dcd0793ff1a43b68,180.26,95.21
3d75081ce43774ca,190.65,270.33
76ece0ee2ef5d240,178.54,104.34
962aab0abdd34173,150.91,145.57
903d2c361d005b70,119.88,105.52
efe985e626a0d8c0,106.96,103.44
980927e7dcc131c0,100.34,107.58
bf732e22055e8634,161.07,94.64
47a157222b2c9092,266.26,254.41
8badcb2134c1cdaf,261.94,156.37
5e2ce5aa3a92c2df,234.70,266.86
92d39a17e34cf581,350.00,252.87
bfacb44c24bfe0e9,124.67,283.70
12d2b282561b5e5f,248.36,266.86
0b47788da6de735e,126.48,190.81
755d84d5f4aa4dbf,142.46,174.11
e1897ff433134cb8,350.00,275.41
47230f9b5d7ae037,256.54,153.45
3a9e0fed344fd07d,241.69,84.46
f536ba47f006474a,129.52,96.03
be4890f4aaadec28,350.00,165.90
ef4484943b1c68a9,289.99,244.84
2cb9ba68fc855f33,144.22,350.00
0f3a91caeaa55094,173.05,130.64
58d5e4afc2dd35d1,182.78,98.29
e24c8aab497b4fe1,158.42,144.20
1de342e9309c5f0f,113.57,190.83
ad3aa9520131ff2e,350.00,350.00
089a17e450cc98aa,167.87,98.53
ed64e42263bf50bf,350.00,350.00
5086f9fb4fdc2f60,350.00,350.00
5cd1869013741767,163.33,86.67
a7c38d4d66abf923,195.12,208.04
3f76035e52e8819b,161.58,177.47
4fc128b1bdf088b1,216.73,350.00
06c0c7dda5a5909d,171.82,166.93
8fc238e84c4624a7,350.00,211.50
ad81be01a461c936,147.99,205.67
f09912e9d8eaa968,117.52,187.98
b977ffcc6428046f,199.52,161.83
14f2bb86fd888e91,98.46,125.38
eb10feae98ea7d36,245.87,185.12
178756c3cb23b884,205.03,206.60
06b3226c34c17001,274.19,219.20
0ce63c2148e70b4c,350.00,265.86
dc870fab1e0f15e1,166.40,281.30
85e5498808346d6b,279.26,350.00
2d42742aade53799,115.62,158.55
d06495deb1ff1750,242.53,165.15
401f5f4714132d50,189.77,238.92
576b795e33ddd62d,232.76,206.72
13a8ddb1c3f55ed4,187.98,144.21
ceaf7ed5ade30d9f,161.09,350.00
4b5f9b7c31d1205d,131.11,138.34
d1621b3da377f34b,105.15,154.76
7484298ad57099be,235.65,176.02
73f6b72b4889088f,211.91,350.00
d8189169b2c8a2aa,350.00,350.00
7abc4520f63f2c06,189.81,287.06
e7bb37681652c2c2,200.38,135.91
f085f32bbb3220e1,205.86,148.24
b3c23fb2d71bba51,101.59,153.91
bc276e0f07e30a54,145.49,127.39
f4a2806f77ac1cdc,101.39,134.24
f4df74046a1c4364,116.55,134.02
92e006a93f983fb5,97.19,126.65
7233b2a56438d77a,123.65,130.62
18f1b88d8977c216,126.53,132.94
e7423a91a253b416,125.89,154.96
c1e5859053263811,280.95,273.75
5f444eac11e55161,141.70,269.98
dfa2f5c821a52c63,230.79,193.64
16d31775a8dcb31d,216.82,126.44
6832e9e62da0f9d3,228.25,150.73
3b7eb8e56052a2af,143.69,191.43
a00b4e82f9d4f92c,141.16,350.00
dba710edbc3c29ff,111.83,133.03
9c33c8d4a381ba70,116.80,100.83
ce151e053721fe69,123.66,229.62
37c484012ef24a5b,96.83,150.88
ddb927b0dfcfac2a,274.37,268.62
f526892a27b50576,276.51,350.00
df16b9c2fc9722e9,205.92,134.13
777c65184aa63894,205.52,228.50
6101249c2cdd1493,168.55,197.67
38957d8eb185391c,243.11,163.81
20f19439e9b100b0,166.69,117.02
d5ffdb5388ffabc6,123.95,215.68
149d6b90f33634a4,139.02,146.54
814d481e79e9a525,235.42,350.00
cf020c71f1dbfa0b,215.80,163.51
be8bee783d22bee2,209.27,245.16
e3881a6895be3e9e,140.22,170.40
fefa96b6d939ffea,266.19,138.69
a2e1116a9fe84aa9,228.44,234.71
b193e2317b21125c,256.47,193.00
d9ca00b3c62a874d,79.03,350.00
188b63ec6ee1c1c9,85.69,181.83
330e67abac6e5ce7,203.06,173.82
7151ae256e6c181b,145.64,350.00
61d9eff5fa4c8578,108.39,176.97
acec5f4c6fee1ae2,290.41,350.00
6d7eecf4acecda2a,233.58,202.38
85f920746c58d0a6,242.74,165.15
1fe58cdab57d233b,287.01,350.00
d44d735e5079bfb8,273.91,350.00
88256dd5a9aef1cc,273.81,193.91
e078d18fa9ed100d,245.31,191.92
587d373f18f6c8c0,91.54,169.34
98842f17dfe4b4ef,102.01,177.37
69167b996ce7a7e4,173.88,232.11
9fe62ea683decc55,178.78,151.06
860be3cc82895177,120.26,149.04
6163c18411aca830,283.61,350.00
4a5e5232346993c7,290.35,240.10
156f2425a937b22f,197.48,130.40
92c49cb075f612d7,161.42,275.70
efc6af0151f72b87,127.88,350.00
768c86e307295944,350.00,263.98
41cdfea7df63003f,162.53,148.54
d84968d7e9fcb4f3,171.31,168.02
58b19ba734fe93a3,148.70,134.17
987cdcbc809e210d,202.52,117.00
13e3e41e0c6f4e04,124.27,110.19
5ad4c0eae7512878,126.81,99.32
18edff5447989b3f,130.61,125.51
919fb76d2f3e5827,95.79,103.85
8081cb92f71401c6,203.42,350.00
73d541adc2909dc8,290.37,350.00
88cc78d2d5d6bcaa,157.55,283.39
e25875165648162b,286.63,103.89
733dcfec0cc9b439,350.00,248.70
095a351dd6f09f7e,217.14,148.23
fa3b28ff3585b4a0,350.00,219.67
d69e3677060af4c7,101.56,109.89
385101e8ad828c39,350.00,248.15
999a0fad4c82148d,131.47,225.92
a260238fdb9c47cf,129.49,176.83
c634ed84212723ca,106.89,84.09
19722043e7eb4e39,124.11,145.75
31b3ae9352d9389b,106.44,113.33
81bb4d9b214adf4b,188.55,192.29
2c21abbc28e3876a,280.07,138.52
66eee2320e900a8a,116.11,212.56
a27a355f52883f3e,209.10,290.37
c0518d213b67e754,148.70,126.52
0273dbd5dedbdbe0,186.92,145.27
73c97d5c314f1270,140.78,171.04
8636b67096df4b27,188.38,179.43
e6ce8360ef43891c,179.30,290.87
1013cdbb6c9a4a2e,123.07,106.98
147e984aa34e3028,89.13,133.18
8dd086e2e70144fd,254.26,223.26
1ff89e2a9cc2f2d2,275.91,206.59
84c68c4c387d2e32,240.12,290.43
450534f9fb9b13cd,213.74,183.86
fd60e75303622e5e,222.42,350.00
f592f168f3b8b807,244.85,262.66
9b9ef12603e820ec,218.49,152.63
1cd8f5a107f64e39,111.69,149.17
bb15c0a2911043bd,179.95,118.11
50bf4bb2f8d9aba4,177.65,100.58
18f19b1422e8154b,144.24,135.54
1ce1a43ef68ffc7d,177.13,113.45
c74b03337a8441ed,203.81,166.26
42b28adbed6966b7,214.45,162.34
3fc8afbb23b9ac16,248.58,198.32
405bded9cc7a7c15,122.41,350.00
376dddfa82debbf4,204.69,213.36
723a8a8c82cab1c8,220.33,178.43
657b7da9c89352fe,114.03,139.89
9e5bbbacf1d92cb4,287.87,163.53
5d64044b985004e7,83.73,139.02
b3847772199e2639,202.76,149.85
a38648a1c190f9be,160.82,187.10
3109d1151f149aaf,97.47,114.50
505397f405e40206,139.02,178.73
8bcdcfb0f93f1409,247.02,193.46
537a5aa4c248830e,164.09,183.53
fc2a30bfb760bdf8,287.12,195.95
16243b1470887cb6,206.92,121.81
9039762cb9f4abdb,221.71,217.60
50f2539c73b98eec,140.90,151.24
abb8c6c0a057184e,134.04,103.82
6537a32e7af905b0,127.70,126.82
8c01b7dccc4d0926,146.36,180.96
795aa42785a46643,155.06,119.41
2d0d13dfc6c37ba8,139.23,114.66
0b633295d9e017a3,145.89,114.34
b22eab3aa1522f40,85.45,88.30
ea76a3af8c5ecc55,228.71,216.63
a760d0f5de2e1aaa,223.66,242.18
85d9a516c3c6c205,111.40,174.70
b4f88d65b47c2a39,166.43,142.52
dd552b389152636a,287.01,132.68
fc0927c657c51622,192.33,274.69
bdaca0a96d44438a,110.12,240.54
2a5484a6d5e7a2da,96.24,92.84
730f14ccff80f3b0,198.28,114.66
a43dcd04788d95c7,136.26,109.71
2e200563dd7c4922,175.96,102.57
8b3b38167060b1d7,115.78,97.96
4b7ec02b39fc6f70,92.90,188.03
3a8c0158d910546d,218.91,128.16
7c2a02b5ea169b54,121.93,254.04
3738135e4c9d8273,104.47,229.25
e8517ed0b49abc37,217.77,350.00
8693027377658e61,205.85,350.00
b5b5156c713c5d47,350.00,264.66
f9a4e625dffc30d4,111.76,140.60
8d89f3b8798f444d,171.31,180.00
3bcbb0e039f4f5d8,145.08,145.78
9dfcf675cf2c1575,128.43,149.28
0a0beb5aa9810de4,350.00,256.65
4047c2e259529179,259.82,281.44
5da7168ac2ff0e1d,168.63,350.00
9687021e5c4d092a,190.27,350.00
0669231ebe3dd560,350.00,350.00
44a55ba1de2b30e2,350.00,181.93
453283e947919ff7,350.00,143.04
80f65ee9b6f8d63b,189.33,130.15
5ba543efdce072f5,160.50,350.00
cddd3d4febe097f8,114.76,126.90
e786542667fdecf0,112.59,148.65
1765fc442ea03873,225.93,350.00
342779192b116314,249.29,196.02
e82f15afac3dac93,350.00,204.79
673ed36fa5c12d5f,122.21,208.05
f9ab966e63968c15,350.00,177.13
84ebbad426d25713,153.57,202.80
c816a969cb001168,230.16,194.44
208c5dc52ccfd47a,153.50,161.54
0489b42ac0ab6d4b,290.40,350.00
0730c4e6fb247fa1,154.86,97.02
6b4c2cc27855506a,231.62,234.39
ace166f26c2ac2e8,290.39,201.23
4b67a1875390e7ad,110.75,110.57
6708f3a32861038a,198.71,188.33
507080ccded73591,284.51,350.00
821bef3a3394dd96,137.09,249.14
c16bda7548181613,259.25,350.00
19e742ccaa09cf08,282.23,266.36
3bebd99d5f94bec7,273.25,236.27
a0ba726da4a50458,197.82,269.10
b1e048825b5bbe1c,201.59,130.30
81c22cfa22002ea4,85.19,210.85
388adad23aaa9d39,98.78,144.20
238832b58a66ae07,123.13,137.55
18a1617ee7356352,123.03,96.14
bb42336d6417914c,132.81,91.19
ca8f73d038c4d6e7,117.98,101.36
8cd583f6d10692bc,205.09,350.00
528c208293bdef13,203.86,350.00
ea63f56779100678,350.00,271.10
33cc40fc1da409d3,246.02,212.36
2d8db91f91f68069,135.45,275.60
e36a5d4d53b97d4e,240.07,161.69
25da52bc590ef664,280.49,127.59
04e2d50c24a88dbd,176.14,147.44
958799d957945a3a,79.19,350.00
93026443e5140415,214.91,283.09
99fd8396cbe1df03,229.61,201.37
f7865e5a6d009a87,180.60,139.85
181ceedcacc01d48,350.00,350.00
c5d5fcf290cc029e,196.17,290.41
901e62b7af57f559,140.79,120.99
cb1f27818d46af0e,265.91,215.11
f087a10a6f2bcc99,282.27,350.00
61a20ff34b6948ba,219.27,248.54
84d633d4a9fbf331,350.00,228.41
8515f07911765f89,171.87,168.42
c4eb14c3de579842,164.21,154.23
01468f766dd7385c,169.54,126.21
2f4d42e0b9696f71,120.80,96.40
d5323490163dde0e,150.05,153.08
36d9337a27b71ba9,207.57,177.68
c420c376cc1d149c,113.01,249.59
59d44b6888885500,290.53,119.34
c6fc43c351b08bda,156.20,211.79
ee278a5a25744cac,215.56,175.52
9321b3c90ea5ca6c,131.20,144.13
fce6ab43b7d09aa4,176.36,202.44
cda06ff86cfe4f5f,152.70,142.99
43b43c5d439b2f98,123.63,98.05
abd45edc07a8d9e3,175.45,85.55
838bb84a5a976a9c,81.54,117.62
d03d0abf331df751,109.44,94.06
f10c2c84652ef573,350.00,206.85
b400c29fbeee0206,158.86,285.01
9cb78122a23e6a7d,290.41,185.89
b55de7d791b9f62d,182.83,155.20
5cad3ab6553e9ec9,181.35,272.77
b70313eae7c24b27,350.00,248.44
26fbee4ed13ff35d,139.58,132.69
3b06c512abfa0494,197.88,350.00
226884e46a10865d,275.59,201.68
463fac0e48505b62,106.53,227.51
23eec2d9cb2d78cd,140.09,145.89
70b8d357e89383bd,166.84,99.52
9b46a662b8fa1d8d,133.89,121.60
8aa16cc1ba99aac1,138.80,94.69
4c7e55061dc3bf89,350.00,214.35
5e378c52f26935d6,257.37,287.19
53d0df57a917c6a0,201.89,254.30
766b4f5e77ab0860,132.11,111.90
ae989e21c3839b49,215.44,142.22
6e705b2365bc03fa,125.02,200.71
a200b5dcbdd2506e,204.95,206.80
5a878a6bebc973d7,157.87,190.60
bcd1e1d71a172d53,110.81,183.22
001441f70c293931,268.65,226.98
ce3d94186567a684,141.85,96.96
06641a8c62e45661,181.37,119.37
97e522591ac7eb29,231.44,287.01
82b2b97b85c7225c,153.21,219.20
3ecccdab76baa59c,219.07,131.88
6ed495c177d69a3a,350.00,350.00
d0b7a79d3e7f3362,157.01,190.51
bb31c77bddd1317e,123.76,190.73
f6afaf2a39fa441c,133.78,279.30
3f92025b29e06bfd,87.75,121.98
410e65e4d1782bfc,147.15,172.81
f3c37e23ca30c87d,120.02,87.77
1b650c76387c0f4b,138.32,114.46
c4e866d9dd606faa,112.15,167.30
313c36ce9bde6cf6,157.92,350.00
9e52a67410f2c879,350.00,230.47
278b965694e563b2,109.99,196.69
7458a37feabf8788,350.00,131.42
88c6e7f71b79fd65,107.88,162.85
7c6ed5b3d830d0cb,198.95,350.00
313b85fe82b2ba80,281.37,267.52
15311d4b33d93004,200.92,135.87
d8945e21a63e2451,137.24,115.25
394b0347b0438622,178.69,104.53
9a8964b148cb5923,106.68,123.88
dc0ab34f1952cb48,120.59,122.56
fb7ebdda8658fa05,186.17,224.55
0daf776bd222daad,202.70,273.78
eac46cfead228e11,206.21,350.00
1ceab8fa45996f51,350.00,228.79
0987b3f785e26d1c,205.41,209.46
74c58b9d638c5eaa,146.81,285.09
c20e6697335c3b3d,146.31,152.39
b09f8cd4cbd7ba56,130.68,174.62
559031e51ced0b53,231.96,350.00
4f6e7159e77d4215,217.95,283.04
2e94ee4b9f5fddea,178.29,210.26
7c5fc3fc7be4a997,288.02,164.43
a0a120c50d93f70a,350.00,350.00
6d4b6224f26572f9,111.15,103.91
7cf7960c6ccb5fa1,291.04,350.00
6a4ba72b084193b5,238.66,182.87
e4d946470fd150fe,289.42,350.00
926977ec3ed0ebe1,242.15,281.53
e8c57c6259193466,163.24,178.56
9b8a82276f06829f,240.38,156.52
992e84bf59837e21,168.05,198.78
173d576e6247a88a,153.44,125.36
a45d4327bc82bc28,165.57,154.44
6017351e164dbca3,182.73,82.77
3a3ac7b3987f6799,98.78,162.21
80cf37627a129145,236.28,157.43
9217ecc287ac482d,273.81,277.41
5b731da9e4be4391,257.07,350.00
7e4b7a70838e5ba4,252.24,283.51
d2484d74f819d813,192.98,137.33
6b956992204ec040,108.26,109.20
760e3f292b834637,90.70,256.20
7c8701bb78cb4de8,167.33,138.63
632c2d4ed12f2bdf,268.55,107.30
eb277b5ea2a19124,85.00,136.77
5ae5eb729c6bb169,103.79,110.10
430309e0f8a315d5,228.82,350.00
88455c967a7ef6fc,189.36,215.02
8289033e03b4d9a3,268.82,350.00
60d9d50b763adc62,212.78,229.82
397dd9a8694ef413,246.11,350.00
ff6c8dab41efcc09,174.46,118.65
80ac36a9dbc4b1a1,158.37,144.42
fc4939b3c9071e66,158.37,184.85
6a902b97ac98c283,90.42,134.04
8390441d93736719,121.23,170.81
c020ccbd7cdefb6e,92.20,93.86
a2ebb5f86eb64f22,201.13,96.50
9d61012a6020516e,115.00,119.01
7d4e49d8a6678157,84.11,127.42
afed0bac5ce5a2f3,272.62,240.71
22f1133d02700bb2,350.00,350.00
f549164690d723bb,155.10,100.61
8a1aa64eb1f17913,89.97,143.47
7e047b195135ef06,150.44,138.69
b3248692dfb954b2,281.39,350.00
e240d6f77747ec46,350.00,154.23
fad150a0288efbd7,107.88,157.54
43543a2c1c7a7135,146.94,110.57
2fa88b72973478b6,143.79,124.79
5c281439d20184f1,100.70,139.42
bc7228d30ff5be46,185.74,236.08
5136dc566f46daf6,182.36,178.27
3542f9f30926f364,132.50,163.50
534c07488396e124,234.58,163.88
1b4d0c9e3c59b33b,267.65,196.61
cbdfb3c648d7bada,271.41,225.94
4a789cdd5aaf4439,179.35,118.85
5eaff5c832430378,252.89,169.73
f682118709b4143e,263.90,195.00
5d4fb748ad246269,155.55,110.43
7a2c841693b54dd7,135.55,123.38
59b2bbb251968ca9,241.62,131.85
a09447d185a62251,350.00,224.48
7e20b0536fbbd560,254.77,190.89
43d7d4b67be48553,179.02,245.92
ed32da52aff68944,291.97,242.64
04e6198326be4857,169.97,350.00
e5e75d831670b401,178.26,214.77
4f2501e804c84abe,118.45,139.55
93969a7368dc2e14,151.92,350.00
a679800d2e7c3be2,190.00,215.21
3aa49ed298e4c34f,350.00,164.37
344d60564cd136ff,350.00,180.04
aacb47949a572f25,167.45,120.96
7a635063e5f1699b,114.92,126.86
5f4a107d930e4852,200.83,292.33
f466cd99d02644e9,241.57,287.35
029f5c36820fdc09,138.97,171.72
50eed57ea1390e16,144.57,232.54
4a116a55ffaa0d64,350.00,236.38
c94b153951be7590,222.09,160.00
f115a91066a77ee7,290.39,158.52
d7a7ba46c4f075d7,109.37,226.76
4305cb30533dac77,136.89,113.66
049ad6d87b42eba8,120.72,164.74
fd49f89b9d97566b,236.15,93.61
e8a5e53ffd33c0f9,186.91,201.79
897d9e21c59d0633,206.04,180.51
8b5c760f34daafe0,124.47,114.72
5b5d7f7ae712c6d8,283.92,215.11
1378fc2be3819b2b,139.40,204.58
9a92d376fba2379d,260.57,102.34
2c7c7648e847f2e5,350.00,276.59
20cefe64f4b28be8,200.12,211.66
5095f6290670009d,211.76,182.60
4e6218b6b892b017,207.04,290.63
11e83902f5b8ff63,161.70,282.78
1bc662949337a8c4,117.68,93.87
6e559181bfbc77e1,121.71,122.36
2c73bf152247f25a,229.18,192.05
24a9fc95a3112f51,191.12,116.28
8cc43d79b61efc25,198.44,258.66
a457331c27bce6d5,212.78,167.45
21f79cd40513d075,234.66,196.64
28be3fbe5c377380,231.51,192.48
3f38100fd8dae286,232.53,204.10
28bd070f7ab0a0b9,229.31,208.73
029a12d36a4687e1,137.32,137.65
c57c8e22a3e8dde2,211.05,237.97
3c98739eb42f96bf,208.12,86.22
1f5f59924b59408b,175.09,157.90
0e2c7ec02a095813,185.61,152.06
1c85003f6ec59c9d,152.58,113.67
99ac96bb67e5c5e4,188.92,101.76
57775c8af89007c7,218.29,96.08
4d8d1701c43c5fea,242.90,230.99
459bc7c0b47719c3,79.36,78.38
98411542ca0e847d,162.54,169.16
39dccca8e8083072,100.98,139.71
12a33d16e1d4e2d9,114.54,95.04
0308bcdd00cc72e2,233.88,106.69
4047e98132306cd5,115.57,87.93
a7eaf7b101166d3e,113.06,117.44
fb3f5a65da9f2ac7,290.84,246.35
478bc7d1288e043e,163.47,136.74
a652918360fe9a72,238.24,350.00
81cbb709dedc914d,144.03,113.34
04e1ff7aeda2a018,237.08,287.02
a103b30f6898de7e,180.75,88.23
c58b3223b5caa18a,196.62,290.48
cd63b4144a45b611,135.49,179.12
bba6cc8760da34ab,169.48,132.06
6c60e58f8e9e7a4c,290.36,282.68
be69cbf1f1671c8e,149.95,80.65
b1af3bd0f8266a90,350.00,168.23
9f3326195672c2b9,224.77,147.80
a5d2f0fed3ce2899,140.38,172.93
4dd2bcd2b025204e,191.84,209.25
74b8a36293758342,128.45,184.28
ebefe958473b3843,186.35,173.58
4965d8eab468b839,127.02,128.56
d439374c1fc95581,123.96,142.49
8e4024cb49c963f2,135.78,194.00
dd456668731bd52a,113.43,153.70
e57bfadb506e4f51,148.88,116.66
7503d5c892f238fb,126.41,125.99
1c84dafe38694c05,156.45,152.94
e600b78e5a652dc0,256.62,262.48
a1029686c3f1bead,194.72,198.22
2dbf9d8d6915711e,269.22,350.00
3d35f25d9792a69a,191.51,120.18
f6fd50bf69bb59e6,157.88,124.49
dd6dbe644f599795,129.17,138.96
b0d06858fb725654,188.01,243.28
47b1cd4e3e2595f8,127.32,124.87
a57969d4ba7d4a79,147.56,212.79
1ff520024da5b3b2,107.88,103.24
8e02bdaac8ed50e5,235.14,193.53
925a36a4af600291,106.57,215.02
d0fb381cacbb0446,108.72,163.37
66f7bb31d24b3b36,282.64,303.71
1ed550f094ca7745,192.02,350.00
0366e183296fea07,185.18,144.00
e492dc60d8e44866,266.49,350.00
189b9af881b96de6,143.97,184.62
5a2b86570110191b,199.71,350.00
81a18de517a3336a,104.38,231.51
579b5770129b328a,110.03,187.12
058c2724dec1add1,130.12,102.61
96b62bd56b252bab,121.81,140.58
52f87252af59e23b,189.43,89.67
5a1ce88ec1f75160,120.68,138.80
72c3e5eacde4f0e5,111.77,139.48
a274ed04c36d40d4,165.72,204.83
b5274277ef6707c9,257.09,214.25
4adef20ce69217be,256.51,170.47
eda397c27787afa4,142.76,95.29
b530bb13aac1e48b,197.54,272.57
044d210d7b1eb519,142.31,141.19
2b11aa4b90b1dd41,350.00,350.00
36f38c2534ef646b,350.00,350.00
a6b328733d610e2b,130.96,101.17
a8bc6e005077bb0b,163.50,92.63
e05a18b6ce22fa1f,176.05,350.00
7f9a331bc3100afd,350.00,179.64
0823f97be9c3a62e,171.33,173.81
f858f91453555291,124.58,233.24
8986373b4a6e90b6,142.44,120.88
b96c8fef6c9f92db,274.76,350.00
5f31f3e32669f5b9,98.28,173.03
38b6ef176439c39b,105.48,186.66
abd50fad1e7b030b,151.64,154.58
d19e010f071a4b45,268.04,125.19
833d67f423315d18,350.00,350.00
efd7efba85092c6f,203.72,217.43
11cc331fa40ede63,100.53,126.72
06d6cde7479711ee,290.41,239.31
d497d74a0df9e35e,215.21,267.93
6b9f82291930bfec,252.58,222.21
4dac5258f22be059,277.07,280.72
2ac9b3ccb43422d8,192.01,208.02
0cf7a4593fd44e59,133.02,131.04
e0b98f3cf4a7cc3b,107.27,187.17
5abcf9f282983acc,159.27,228.09
2cd9e3796be57a79,152.47,188.77
2ac3ce1f62b3c4b9,136.54,95.32
2de6652160cc7b9f,140.66,130.97
f70c817388602681,111.82,103.62
ce62a50e97d497f9,181.84,350.00
ca7fd237c16cec84,350.00,209.98
3e2f00991f511607,250.52,350.00
fd47032108b85cf0,196.01,350.00
7bced112f3229b1b,135.41,106.06
cf9035f2fc2e232f,350.00,204.21
acc9a109b00a99e1,149.39,134.04
398db40015b3c81c,350.00,350.00
1a191251620a84ca,237.64,136.40
20f316f96c9e4458,189.43,153.20
b8ca1acdf3dc2f58,98.69,116.42
810c9da07970c4a6,138.79,125.93
86d57e8ef2191316,277.31,234.97
a5cf273faa3982b7,204.62,350.00
6010f681e54ba2cd,172.41,281.57
db3e26d02d790c97,167.28,350.00
bf334cb4e63f3430,210.37,131.55
77acb96700e89c92,290.41,183.32
301f230c90c4bd7d,228.44,350.00
0e6d624086f7952e,143.37,144.53
d869eaea38426f06,132.58,119.87
989b8d362742f40b,126.20,147.79
d3e23d7d207d3ccf,153.10,109.43
0111e6a64b5184c6,160.95,112.60
7e8fd03e070d0c25,89.57,95.11
8a044e5400b4318f,273.73,289.29
be73f75b52b06f14,277.95,166.20
d9f5d05b07bae09e,126.30,186.33
35d06627d91b840d,278.39,350.00
ec0740be19b2ef90,169.09,350.00
46b9acec12a35d37,138.88,290.66
f521ecde1e96a1bd,162.61,210.53
ce5ebaf8caf8c4a7,186.20,155.94
3cbd3565dd631cc4,243.87,146.07
160c17b8fcb0e2a1,350.00,203.32
adb78db5ba8ccc0f,105.68,174.63
bd06f1c2d7e6c4a0,188.03,228.65
df370b97ea49e6b4,119.85,126.87
6c79db79da9ae874,150.95,177.70
ad59e2de1ab5c8d2,350.00,170.05
8c9ff13791378784,138.92,104.72
ecc56a86a1eead9d,148.36,187.34
de93fda66d203c26,112.20,107.73
63f6af6d5f7b82ad,266.84,201.54
330506571d2778b1,218.92,226.20
1aedd959f1523a27,155.51,350.00
a73e33dfce8fcfd8,174.13,225.34
7d0d2cecab358ba1,117.02,89.19
d33814971932422a,136.08,129.22
84b04e8d6b251c54,290.46,256.94
fac560495e61d34c,290.40,240.57
60bd4d2878c85f70,271.89,171.41
b4bbc1b7efa770f5,228.83,350.00
860050f211b44d10,205.76,213.66
8252a314c778b8e6,236.71,153.53
59695aae245cca73,146.67,122.86
96d4fe315722d1c1,106.28,283.87
759c55755d70f7ba,181.83,177.80
1af23e7aa71a1d17,126.33,94.01
904cf687d22bb486,130.40,140.48
4011cdf1f182804c,172.67,142.63
1e8c33b1917fe1b7,241.60,208.45
1b204fc28bb023e6,242.76,277.57
cea6760d7bfbe19b,238.83,290.42
f4d8266a42a41dff,104.78,121.00
2d36e2c10ee349fe,246.73,170.98
d325a1483d78ae75,107.69,160.72
25f3e4fa781c1c8a,195.06,104.69
69f39e5d959311b1,95.19,160.08
5c3c4bcc6c746ca0,139.61,118.17
1f0d4572e0facbea,103.42,105.27
523815acf1bb2420,116.74,83.00
fdb9d29cf0edc16a,277.24,350.00
44abbf6b947be6de,182.64,350.00
86dff1593d8b9a1f,215.71,166.24
d6d141afdd31c3f1,165.33,230.09
5dcba156bd13e0c3,115.00,84.58
f32d918ee06cb83b,170.65,185.07
98b7dd0ddc52cffb,132.22,133.62
6a7db3750822d7be,242.10,267.12
5b6bdaf89e493674,350.00,164.08
bf59d9f8bd9536f3,116.44,91.83
a554a72bb0377213,132.97,116.80
b87ac039e3b13940,350.00,238.68
cfca30d3ef3c86b9,280.00,290.41
31cb98ce37fd87dd,209.70,278.22
5475f5b6bad40989,159.14,175.95
2ab395e21080b10a,171.23,205.09
71afa8354da2491e,168.26,202.17
1535fb6549fa8bab,156.89,178.16
3adecfc4727a8d73,207.67,188.11
2664805fde34fb1b,203.98,171.79
b279559f15ecf29b,85.61,142.20
abfc03893551ae73,138.56,125.42
db026ff6eee4d174,202.33,180.42
bee95769a221af9a,162.30,152.01
7f93b2f38497caec,170.50,150.17
ff2e4b411f695017,114.06,215.26
40707ddc9fdea500,160.95,238.16
65ce9335b93d9c57,231.85,160.13
93da91272d4a7ce3,204.22,140.41
6f22afbc5f8e0bd3,135.86,130.29
1f922cfe6178e830,112.99,156.04
77c78d0a71b10692,94.92,163.36
09afa6ce4747a1a2,147.18,83.52
4bf3010fdeea9d93,87.02,180.91
85b5d59f8eea976a,128.87,111.27
04f32bb0c0d3a8cc,198.14,109.73
33719a2d9c69ed17,282.58,350.00
a3696c847ef6c7f9,290.55,281.45
bd064deb3494b41a,200.49,236.13
0f2983fe7753403f,237.12,242.55
594435375d641f63,178.03,151.03
144443d4dbf43990,127.54,146.93
b4cfb34e8224fd77,284.27,180.37
d0c01840c72429c6,233.42,127.82
c317f85a8266313e,142.54,195.27
110f539523a4b571,267.71,129.56
c33257dd0605c7de,151.05,115.51
2cec230248d7eb97,290.38,228.50
1114cd1515cf3b8f,350.00,241.14
30abc50a2e71c576,236.40,262.12
be977e524ef56aa4,170.64,89.95
92c1d9a6d313cb0c,87.01,122.81
7bd6969c4ed979f9,82.10,120.24
0c9faf26efe2cdcc,96.08,262.52
7fbf09533c59e43f,213.26,112.27
ca0f0a35a1fcb453,115.49,180.93
a71764d5da04e3bc,157.42,104.20
972e17c1b98fca06,169.22,121.18
5a8f7afc5ea69537,144.86,129.35
f17813d03fcd8e7a,79.86,110.44
a419e6df765aa755,95.89,109.29
5bc31abb5842942a,350.00,350.00
2d9d966e0e8df232,179.47,350.00
a1a5d06b0e7ada62,161.00,129.88
a346180c8b109469,188.18,145.33
4e9d76ed54f1f352,140.59,164.81
1779cc4ae925df01,120.75,153.86
fd7421f421e802bd,350.00,226.31
4a17876e99f6baf3,193.32,158.22
ecab8b8b36727b8d,188.36,119.88
11f65de5348e4bc4,107.00,106.80
144cd3f62591a5fb,204.68,126.93
3c3a9c1ec0604fc2,98.18,123.17
ccb7e2851319345d,190.33,211.88
f87a7812733f7e8f,185.23,191.81
8f00da6ea8186ce2,276.93,216.76
efc64d8aae5628c9,169.31,273.98
ed6203e849a2bf28,156.26,243.28
5f4e944ff1bdcd9c,167.18,106.86
c960184a583f1861,228.38,216.84
e0444752d18fda7f,133.35,213.15
c335f44e4f3515ea,102.14,95.00
9c1a2ac64c98d2f6,98.05,135.19
d95eeba3de7ecac5,223.46,350.00
ce7744d45a698aa6,147.27,192.25
4ea48bf2407b405d,113.65,104.35
b6723b9c6ff4d594,231.93,278.97
9f09e77e46f15766,271.03,350.00
c9144a294c73b06f,247.69,290.48
76b6058cddda9238,350.00,350.00
5305049e4215d263,139.63,350.00
5a2fa552e70958d4,228.07,350.00
a4c7d59d340794c0,201.30,163.09
622cc4ef46913020,104.88,128.13
d4420be78065de03,207.88,175.34
c88a7dbe7717d2da,116.30,152.69
868c83e734dbbceb,101.06,173.70
1d35e4c0941d1397,350.00,265.45
fcf385ae75191b57,253.87,244.36
f09c3d8a26806761,146.17,123.32
911b73db91738da6,350.00,185.36
354dc211166a3982,118.88,350.00
fffdc57255274be1,213.22,135.80
7ed9e8f3258446c7,350.00,213.32
8cdcdfb76d1670dd,130.49,350.00
5ad8aa57c8d69680,350.00,172.57
a3ef3d05ddd80a94,265.50,91.80
2d1ac675e6c1e6ea,126.47,119.07
0221982930283140,96.76,120.99
1c51f405e5c46572,102.01,84.27
0462bcc27498f7c4,115.99,110.67
dde7d29cc443e263,149.46,92.46
a26ca06cce403ce2,248.61,350.00
983fab4080743ed0,154.80,237.20
98094a500529d442,350.00,350.00
a8067e65eb737a09,350.00,350.00
765482eb58e8db48,350.00,350.00
b1b20c686dfe3204,350.00,350.00
c63d8062c89c4c33,291.93,350.00
01e8868086004dd8,152.23,180.40
8741e6a3a5a22a7f,104.49,160.77
7a1abc0230af730c,121.61,159.56
caeeb398f73d213a,133.83,88.53
0ac5fc42ba039211,350.00,150.41
5c962ea13cb9b937,350.00,177.72
51a12878b151d67b,161.29,192.51
28af78600d6580f1,350.00,286.56
a37a6b6f9551a6e8,162.27,350.00
16dbe70eb7007f17,282.26,350.00
8b7bc2af1e15b668,193.31,256.65
ca2672e68fedf4b7,182.46,153.25
ec03739c836fadc8,141.98,136.92
da22d5a717ae9e35,178.11,182.40
4f672dd40867d8c6,207.69,111.91
2208b9f471a201d9,121.25,116.39
256894b49303537b,111.59,110.92
40781a64c4cea877,350.00,278.52
435ba9b407b844ef,240.37,350.00
3d46d635f9ae5e68,205.63,90.36
43ec12079ccc371c,219.28,350.00
c3a4187fc821bfff,154.34,135.35
d45d9c7d60f332da,350.00,282.65
682ff095649c9a5c,123.67,78.67
dc6f69f923744948,169.16,160.33
3e90b7fd1e9f86bd,350.00,191.43
3f837b469ba33c7c,290.42,163.14
dcc3da324eb5f26c,184.32,94.68
02615499125b4b5d,350.00,196.17
12d9b4a3931be5ec,170.17,350.00
63670e1b8f164d4a,159.58,211.84
a7f66f13f953352f,177.49,350.00
faac24c1b3d6368a,245.82,350.00
83fa3a382acc7bdc,350.00,238.10
00a94d5fc7ce55cf,267.76,234.92
5737084215c45792,176.88,144.34
d6357dab7ccdf2db,132.96,199.70
2ba11e0bf32829d6,131.62,170.69
ee2354d638c078fd,350.00,350.00
cd20dac4daa4f93a,350.00,263.13
c3b9b97467f828d1,213.71,160.59
0eb16f1307f66a11,290.36,202.88
ed9f8f702585ed44,211.91,165.63
c29e2c49e1e417c8,145.96,168.12
009feda296ae589c,145.57,132.13
c2fc4c1e0c769655,168.74,94.38
ec490d4224d3bc78,116.66,199.85
2b9daf452ab40b9b,350.00,171.62
d6d034e98ce85246,147.46,151.15
22fc6b3f4e48cfa3,186.58,124.56
a69afe4a88c0ca12,123.91,116.81
636fd144716a3084,97.03,132.26
ccb5e29cd0347110,210.14,197.74
c3af2b6ab1262fef,209.69,157.77
8e5ce3308c0e2046,144.00,127.02
c4e4954beb59eca6,224.67,157.04
3cf3771274a4f8b1,228.86,350.00
804c350ce714770f,137.12,104.32
e9c6bac0d1a5ec0f,350.00,284.04
8d5b88e0ff253617,350.00,289.32
2c58a97f2fe6c985,159.29,141.78
b9539d5e379b3edc,120.61,147.65
d6945828f5fa7492,101.58,128.47
3b561a154aa2bbb2,110.77,167.85
0ccd2593c88209e4,129.45,114.17
53d6d5ad08ac0694,195.05,290.43
938c2c71b84e56ff,177.95,173.57
8a3e7085e8e5a6e9,110.64,171.67
6068385c48de6801,241.09,192.30
38094db8e3539cba,350.00,166.08
533984c3ff4b4858,176.35,350.00
f40ac11da3bd7f8e,215.56,350.00
9f8cf5ac0807d64e,350.00,350.00
cdaf65287d9a0ecb,350.00,154.14
13f5be7a2ea5577e,165.99,115.97
5e9c027fb24efc2b,112.34,145.68
dd9cbf6d6284de26,121.54,186.47
019b4d006800504b,108.96,106.51
90a83875e1d11238,120.95,139.07
c483ac06b1e33c3b,108.68,101.34
6f6fec9c78244174,252.27,350.00
16bd47ba50891833,218.00,218.95
07e39fd5f4f23270,135.18,253.78
b9e037a45f8850fb,276.74,149.72
c6cc6ae23cbf8a27,149.95,229.02
2f382615155e32b9,229.66,199.36
9433730f95d52fc8,143.94,131.30
bce8ece2ff26b4d4,185.90,220.64
1c2d0db1c9eed052,118.15,146.83
33fa6793a7f984ac,114.87,97.93
355a2f4090c0ca31,162.29,350.00
0810cdbeb9dd4d02,191.65,182.53
d7022b6058dbb26b,200.69,245.98
780147f2ed2637d1,156.79,115.97
28e3d939eb043664,288.81,102.87
95349402616097cd,223.09,112.39
bbc76ff9e1b1b142,94.67,174.34
2cb34fc074f7a9ae,244.92,277.91
3165b03ddc6d3b6e,105.50,103.51
678d27af287476f8,106.36,183.45
71ea7d7985dad804,98.85,92.32
fe143cb868adfded,107.22,178.56
8b2b2562884821a7,168.31,143.39
119559fd8124fee3,350.00,216.03
5de3a1bbcf705b58,263.17,350.00
cef255a992ba7af3,280.39,120.14
68c1b833ed8849a3,122.23,230.63
50e675146cda6e7c,119.11,94.20
bbde45b2c766bb67,146.94,136.00
b01e6e97d66681c5,158.49,170.50
bdbddbc00d07dc4b,160.48,81.10
d856812dc733690a,101.11,139.54
995e79b951da945b,111.30,140.77
792f139c2b9fd294,221.82,127.35
83c81018bb3aeebf,84.94,148.39
6049301b4deea035,86.67,125.70
277233ca9ea25674,251.14,157.12
a941c4e25ddddfff,290.44,281.97
8beab5f941dae8e0,290.45,350.00
01aa5949ac6851f3,160.06,159.03
034cbbec91f67852,150.24,108.47
16628e25a043043a,130.86,144.88
06d9fb9c995f1e4f,230.36,152.69
20c0f50c11509301,290.45,290.45
640d52630f4f8a61,92.66,123.06
d00d5ef4ae0ac01b,166.79,94.74
856468ba24a37fcc,154.73,105.59
e434035be5453be0,350.00,350.00
88a63555728c2025,350.00,189.60
f9345fa82bf43847,350.00,172.25
ca63933f8c898fa2,172.75,188.17
5d11b618f24082dd,245.24,126.11
c02d44564cb006a9,350.00,263.77
8dbfbd8f8bd0f00b,110.50,225.23
e0e2c1fc1a178d89,350.00,127.26
37ae5c09d6f03f33,192.69,186.26
ecec1b0dd64ca2ae,209.58,127.67
2b1ac5d8f98639bf,120.81,123.13
93fb6c7e590487f9,267.27,199.10
d22de60b7a3d908c,350.00,167.99
2372578d3f554c65,166.23,350.00
5f44d6d9e6bbecff,144.45,119.86
4c9bbd9758be1168,157.46,350.00
c3ca708aaf4262a7,140.43,117.71
3f8b4aeb3baf4724,154.43,99.01
0c6e3c1f03cd4061,127.79,210.71
069ab7e7b8b5d262,153.28,350.00
11a5a852313d1f5b,128.63,92.85
ed707998b13d0101,104.59,95.90
e3aad51099a23ba4,100.29,115.42
acfcf75f0215b7ab,350.00,144.19
81fda78adcaedbc7,200.90,204.78
6ca856d1950d8f7f,228.65,136.77
14e689e60419d469,126.52,116.81
3387f430abb7e39f,280.66,125.82
f2ced83baf0457fc,86.76,101.60
838a022ca5d99cc1,103.39,90.07
dae2484418631ff5,181.45,247.86
b0f4c7788782e26e,188.48,132.90
c501576b8ec35758,120.22,99.92
755202fce24b8f83,191.96,116.24
8502f245aabd64ac,276.33,160.20
744cbe6e49d4f41c,250.65,225.23
eca400aeeb2763d1,156.03,290.38
fb70b62915fdcec6,215.12,108.06
7d583e4002622848,290.64,246.62
33007109c9ca1ede,111.68,184.12
49bd9a2f1fbebd1f,200.28,231.49
12683e06369d1a83,111.55,85.61
73700c8c5107f719,139.47,174.60
924f982f0d9d2142,145.26,213.46
3638ee66c7d34fe0,168.35,135.98
cb9654746447b934,123.02,94.79
99808befeece3a8a,190.73,182.74
72bb7605e340a8fe,234.93,269.32
dfc62aa72446e4a8,174.28,160.95
ad7bd4b3ee923498,350.00,155.62
c98f62eb74e69bcb,188.72,350.00
5459c3bb88d031f9,181.43,83.55
84f60cb00b8d4187,235.03,191.56
a122968e96068800,126.38,213.51
4d0029ad31bdd85a,262.93,350.00
913d8a35095591d5,110.60,227.36
e2f4cd4a9a579488,77.94,350.00
7be3e513a31f6570,95.69,142.05
d7ae0993c7a378ee,208.83,131.30
1676c64a94be0557,193.51,208.22
947ea1122c04ba18,350.00,173.55
7ee8b91d7f80f8a7,168.10,263.22
e24b65cd8721349a,182.02,195.10
47a5d4bb68352055,222.46,159.66
96eaf07b34538b8b,157.25,157.47
5311298f79414125,138.40,111.82
46c67efd68a0b15d,111.97,170.70
e9d5ffcacf7d8757,245.42,255.62
40e8bf8ce508c436,82.02,93.47
69bc7ca8ce831731,108.45,120.63
8794031c523bf534,168.28,233.38
9a2d3ebab827d333,240.66,219.01
9cfb84817a43b63c,285.04,274.37
8ea12c7360fa0f6b,243.62,275.57
7ba54a10f28c9496,131.93,269.09
bc1be168c064f028,287.02,242.52
870672b1b443311e,136.92,135.30
98458778348ea5d7,263.63,237.05
76fd6919d828d5c2,187.57,263.73
5d9b84493f1ed114,216.45,261.51
6c2199524d762b11,139.96,140.90
175d9e1ac0725145,109.38,108.36
7b909acede0a26eb,284.72,169.96
fcc1191761e365f9,282.18,202.30
f18d44292036d5de,350.00,279.35
c2cdeb207cce5ceb,350.00,168.74
c22de92b9d9030dc,190.24,118.10
8b296724a6844865,290.40,290.38
42922bab8a3e1828,108.77,152.80
ced01368259428f5,83.05,186.76
9124740fe7816d70,125.96,152.33
582806c33ce6dcf6,195.45,292.90
2874ea5d2f783e23,350.00,163.20
07cb64236ae7aaea,135.08,136.63
c3ef3cb03edde8bb,174.92,111.70
bd2e14ee959f9b77,155.48,148.06
dffc65202afb881d,156.77,350.00
454265014520a3f8,271.36,246.01
fe370c518cf7873e,147.63,137.33
f5a6acc99bc5c634,210.90,350.00
962e74250884e4c1,241.96,97.12
288f7fb936c1523c,350.00,294.78
cd137988da724076,226.84,276.69
ea29714dcfb07ce2,136.49,205.53
0548a24a9bf8d7a0,242.73,111.74
4dc5a41f357a7d85,147.05,174.60
f557405652165aa3,98.68,269.37
5b71958ee063a6e8,290.38,229.91
420f7e6530dbc727,283.67,281.14
dbf8a4b0870a47d1,248.44,350.00
69f67a4a690eb15d,282.93,157.72
6ef12db5b099ec81,129.35,133.43
ef270d8cf29d071b,236.42,261.49
d3a9aceeb7e23580,227.08,350.00
20d8f6b4b7c8bae7,93.49,109.40
1ffe6e8df6dbefd2,270.58,350.00
b6ea8880cc7af439,93.18,141.53
4ec5d9bd1442e6c1,153.37,96.81
0f24f3bc1b39ea45,116.84,111.34
4b12a4b48755cd6b,107.03,115.84
cae7de0873e03947,265.74,151.31
57785c9be5b4526d,228.92,285.21
dae80502466c8726,350.00,148.34
3624f4ae9c1d703e,250.17,226.31
b4cc389bb4af3707,274.03,194.10
eb30c9c975e15436,350.00,214.93
8362b372adb2f302,224.57,197.46
e4620f3fa451a3a4,283.91,176.25
81b7a6aa147bd912,148.43,263.83
6adfe44b110c1510,146.44,207.73
b52dccbe69864d2a,265.87,214.92
3352c65f3f6d9b2a,181.87,350.00
73370221b3fa3676,113.65,146.94
d918da575ee1bc35,286.96,350.00
c81d1facf185467d,281.21,350.00
a8a4c9f98ff73839,259.68,290.38
a0bc695b35f155f1,121.72,138.09
8b341eb556c97c23,159.95,103.58
89b96bc5f3e824c5,350.00,274.39
319b96f615a0a154,155.72,116.94
d54ebd2a3435a357,350.00,124.50
b4e2037f180c1e0e,280.51,129.93
3c4305abc2e302d0,170.03,180.53
c4caa8a4f32a0eed,183.91,163.21
8104fe27bdc46914,114.10,157.23
9541cf21e031354c,140.39,103.12
743a04674ab72ee0,162.29,134.77
90e46589a18064bc,149.91,101.76
74fef059e229d217,150.37,141.86
3de326b65aa6245d,202.72,146.14
7a8f218c07347c88,103.94,350.00
5116f9398bfca446,190.57,224.24
e5ac7343b6d45188,196.73,276.07
4327fe98e1b6f222,277.06,130.07
cbf1e76186a0c8b3,102.33,99.02
f1eca70738ca073e,92.61,93.06
eff6ec2b2f1fb27b,87.30,107.90
800a35b3a7e52308,160.89,95.80
c27e33ee8ef53866,115.93,86.15
6b5c225814a924ed,350.00,150.27
436a1ce6b0c6b4bb,175.17,350.00
38901948cff43ff9,159.56,209.37
1b0d5e65fdfc62cf,137.62,141.67
bda7992779a005fa,192.27,205.41
e5cb9dfc1189d77d,187.62,153.56
531ce3d8011fa1f6,160.00,184.41
2c0496a5f39ab8a4,133.59,217.66
79bfba62da6242a6,287.87,158.15
2c54be25b09fce50,122.56,132.16
ec2358459ffbe7de,164.30,90.92
554163b1c8c05522,110.47,103.45
e3573545220ca4ea,350.00,252.51
91a5480f48bfaa71,209.37,350.00
ca2aa660bea0cb60,263.46,237.37
d5929b7fbc801ce4,208.87,181.04
9479ba3cdcb1e513,350.00,242.35
9576d9cba5cf5c4e,165.21,238.50
2c160a1d1fdbf0b0,271.38,221.27
9a9479663bedf8b4,212.58,164.05
560a971c6ab8b854,236.66,176.76
c2f730cb33df5221,248.26,148.45
c57a4810c932b296,126.31,143.58
1b1fd32485861655,92.49,136.38
e346f2b7af63e804,99.05,79.29
f329bd89e375d6df,238.24,137.41
8c7b5b21b3532027,232.53,124.86
9f7c28381b6913c8,207.24,101.43
e9754f597ec50f6f,196.33,197.70
62d53ad8f8769666,203.74,161.63
f995ed679ef8bdf4,166.91,203.16
1a95cc401f68f4c8,92.90,102.27
621e6f0929a3dbfc,95.60,98.60
fd4d30036a3f3efb,150.57,194.45
78d2c01dc963f204,168.91,82.08
845e38dfbfea6e53,122.81,130.82
ee796ecb4ee8680b,132.60,97.50
b65b37c0e00074d9,141.02,290.50
23865dfc8361ac62,122.20,240.85
977250a28d3b8a3f,350.00,283.53
da6b863cf684e0ae,155.22,300.68
293c5f4c9aca5c54,122.61,185.49
48231fbd1af53674,275.96,290.42
bfc9989751bd0d04,195.98,249.57
f7bc845ce74f5fe7,287.01,158.93
5531317352862978,164.97,153.25
de89bea7b0dcd2d3,290.42,246.03
dd617f6ab4916ec4,139.62,93.46
c53b0f678fe2f16a,97.29,121.85
96704d7ba3a452d9,85.29,117.78
2a48d0a98c21e736,350.00,231.30
ac73c6888ee9322c,277.08,248.71
e3a5a7ede88a2555,350.00,154.41
1be27d95bba03f17,238.56,247.31
1b9a127f9dadaad9,187.53,350.00
0d41a3fa5efef91b,350.00,350.00
1c29c53ff032c5c1,246.74,350.00
5098d052525da54f,115.77,350.00
dfa8fd0b82b37fa1,204.62,127.79
4eaf54ad3c82b6fa,174.39,115.14
ea006bae605e2a6b,125.11,126.94
65c89e0c92e51bb8,350.00,350.00
5d481ff494bf40da,277.99,168.59
56809feb4fe7ea61,350.00,258.07
bfff5a3777841344,127.87,350.00
0aae15358d8606b9,149.87,103.15
09a7f0979a58e6ea,282.81,233.43
a3d75cc363a6544b,168.37,149.83
3e1c27f17433f9e4,145.35,253.82
f9d2137f380e66bf,163.14,350.00
222bb2c67a87d312,169.03,350.00
e4ed294e16e16d81,107.94,116.68
7f16e7725245bb2d,97.38,104.23
11318a7807cee8ca,350.00,350.00
58b2fdad7af9be02,350.00,296.46
bcec26b425194e40,193.99,195.14
5d3e046b6bcd49f5,287.88,197.42
7a0813ec0fadc84e,175.06,188.13
79f03eca3fe5cdb3,137.76,159.97
a5d76e93a5052e3f,159.35,255.94
2e1435c160bfe8b2,230.91,124.82
c0ca4c201d086ea8,235.25,282.54
697efaf0d162e877,176.66,99.06
b395c89e19a3fec4,119.95,113.65
0732e6b6eb0a607d,350.00,276.55
adb411b0f418ce33,234.79,189.27
49ede01b061cfae3,256.53,122.18
1496969c1497dc85,162.84,185.41
b3c7a5a97978d156,88.29,159.00
b78545b32a97ac44,240.63,162.22
6e1bf1b163b3aeab,122.77,134.15
bf647be41de365e4,182.03,219.22
d8335b728604b222,115.00,109.46
da1b37edb8ccd3e6,148.81,108.56
23a604f460289271,138.69,131.00
cc4fcfede19bc196,120.85,138.01
df146b0592259e5d,176.30,179.44
5ee83e03aaff5fa1,165.07,215.55
eb7b0a6f06dbdb4f,176.80,282.87
b6a6ba08898f3b6a,108.24,176.16
b638646fb297228d,149.88,118.01
68095e551ff6bbfd,96.79,136.36
eb76a5b76a68e4c4,132.08,100.18
e966de63c8e6b1d5,234.32,135.88
1aa4c2fa5ffaff00,90.87,140.09
85a130a4b655c8f5,186.84,129.41
a74a8c1e0a49070d,131.46,162.34
1ba282da76ca82ad,350.00,267.55
7f7d2abc21f171ca,157.28,350.00
5b7b5b01f4dcbd9c,260.95,350.00
3a8af8ee23444b72,88.84,159.54
0197a61472fc351d,216.84,226.61
6acd1c591170f597,144.31,181.99
0d6d212fcdf47f2e,116.48,164.45
751cf3d52fce1d1f,125.81,117.57
824859c7580eb35b,83.86,151.23
539732694ab2c8d6,350.00,143.59
18e5af00a8478a0e,293.32,149.96
b84c447bb74febe2,266.60,132.60
75c5f923f966b53b,212.59,290.45
43de9ff6064361e1,247.26,236.90
0d1af8c6a5793185,211.64,196.15
3c6fb6bf9b7afd40,247.61,350.00
e9256316716499b8,202.55,107.82
ed3334d108b257a6,139.22,272.02
7024385b5107bd4b,267.69,118.32
821960adf5bfa15c,117.45,115.01
f23e9729b2b73c27,149.94,98.74
0ea435ddf02deb60,107.76,103.74
3c69bed42893da75,113.00,350.00
9e2bb8d5961b44d4,350.00,212.04
7df5998eca143c04,92.87,211.82
6532b71560ae39e0,233.39,158.06
b5ea6535748edbce,203.24,124.04
ff8f92cf8fb1b76c,231.54,350.00
7d474fbf31894108,183.32,225.12
119bc264e2bb9877,189.10,170.75
3a81276a9641c6a1,129.64,229.14
ac37849f627a79c4,171.61,85.93
1cf69de0eea46877,186.01,262.86
8a0fc4624578a7e4,263.05,350.00
57333b7bff20ece0,178.53,127.28
4c025d1fff9e9fce,123.15,163.27
83a0fff04494bfc4,231.36,182.47
480c4dbd2e792d86,247.60,149.21
a0362d60d2e1db0d,131.77,170.17
5704e73f91b9e7f7,265.68,241.45
128ab9aa4802c73f,236.72,173.66
9fe98de1eac21f2e,180.33,143.22
6fd67582d8adb1c7,89.64,117.59
db49619221b282af,140.22,143.20
b1f2ec122beda7a5,147.60,199.41
9abf0b60a44a82d1,350.00,170.83
6e5a3d6b6ed84ac3,214.44,211.48
6997693d552600dd,219.31,135.31
f0fe73e650b746f2,290.47,228.30
36f10b949b935b8c,279.20,350.00
16109688429c09de,224.76,190.66
c1aef0f60a5b62e3,268.64,229.97
62b64802ea49e2fd,197.61,155.18
b210b99d9c1c9196,350.00,182.25
bd4d2522cb0d1a23,129.05,192.45
2ae243f518948794,350.00,278.79
5be63144ac46f97e,149.08,168.83
73ebbfb998edc1f1,203.96,102.88
7990b6716a53b2cd,121.43,110.72
d0ac2cc5c57c4e66,184.59,290.43
32813f5f46f045e8,183.16,144.50
0dc2fc8d39e226a3,350.00,211.58
d0602cdc04d2c159,137.62,164.07
0320a6a967069571,153.78,350.00
626c82ed45fdcf59,122.66,190.42
02713b2d25f74d43,190.88,165.51
20bfa549cb2cabe7,135.75,80.55
39c4ae4624052f9f,148.10,93.00
246d06693b5ca1e8,106.96,100.54
03eecf1926d9c77c,132.32,89.31
9feb9500b0fedfcd,134.93,91.33
acde7c89bd724af8,350.00,350.00
84f6de7c99779e5f,211.87,217.45
5a6e894e4b6cc703,275.46,164.39
5ac1725f775c6f00,173.43,228.74
35addc4646509286,290.48,242.18
3adab28c5c6a9254,290.37,148.36
1afc4f372a125c74,146.97,139.15
fbedeb4e4b019b94,105.81,173.31
acc57a9c114b694a,124.87,139.16
91093a019d32af2e,121.19,94.91
f9ec8bedc15ece93,115.64,125.41
fce6522f42b48f18,350.00,195.92
abb6e2169ba580d2,100.64,221.14
4ec249e549309b16,192.09,149.76
c442899c21d58779,131.24,169.31
f8a8871d167fc929,114.40,113.13
609d994bfe440ec3,116.85,138.04
521a0e016878d174,122.91,117.11
3b21a9f48bac4a44,108.85,138.33
ac8628d945a78b03,185.69,91.38
1efc813ccd7a5aba,170.77,94.06
4896b36f1333d25c,112.20,137.85
3fa8ee3fdc04fe36,105.28,106.16
fd29123ff92789e4,234.85,350.00
5344e76e26503716,211.41,350.00
0494ebcee93e717b,350.00,280.24
477c3b9de012e4b3,235.22,177.82
03de7404decde12f,250.07,285.10
5f622d812b8f407f,212.80,139.21
6f13fe34cb3ca906,180.18,83.52
d0d99889c6abd8e1,269.18,160.80
a8239866e1222eae,142.71,117.63
640f2ae3995b3b4f,78.34,122.11
f2b407019b2a5c15,117.16,114.91
ab105e5a56b5ee90,216.43,177.30
7736eb6bd5c1ff4a,176.35,134.19
a10e2d5416972b9c,290.48,220.23
dff2685afd98ed9e,114.20,141.44
43d90683078fcee5,350.00,350.00
331ddc1141e934d1,166.40,117.29
670e4754d8d3d172,238.62,178.23
1a7cd191f0cf160c,149.18,119.53
ba5005d1116fa45f,157.62,130.76
97817609ed46baa0,81.28,222.44
faf15b752fb8924c,102.11,146.99
14e53999507c76a7,141.79,95.75
df9847839c73a678,243.01,350.00
e396c509fb47b037,350.00,262.98
c28d40498150de90,150.72,151.78
e1930496b33fa636,290.51,225.65
4cff9aeef3ac75c1,242.03,244.63
ca7d61e167d7789c,162.62,260.59
d4ace70b3661ee6c,129.18,164.09
330d86bfaa4155fe,281.90,243.09
415ea2520b7ba720,290.67,147.22
7b1882dc76786d77,200.15,119.68
af6d56860ba4d259,106.46,128.41
733e675fd7c0052a,109.88,94.84
767ceb4a0cb43ade,157.34,136.17
6cd542650d886c22,225.62,161.85
478a637045ad49fb,350.00,229.73
ad26bf55ff201f4f,286.04,203.66
08f7a60bd84a6b3c,109.10,187.21
dbfd7616dec2b6d5,150.54,113.45
c3986c1a56a6e94d,151.31,252.30
edf46d6962be7e8d,350.00,350.00
246fef4b19c3a7ed,350.00,126.29
9d8473ae274ed625,174.69,196.73
5304956aada097e8,84.70,271.86
e7938bac3ec8b442,160.34,91.81
17050a7b673dc49d,196.21,350.00
25259e230be9cdc9,105.12,98.54
406f2aacd1d1faf9,101.93,201.74
b7d238437d6644ce,141.06,120.86
9ddaa62cc806958d,350.00,281.51
ef13ed466e0b42d8,350.00,237.80
aeb3e4d9710207a4,350.00,350.00
e92fb5c609e20b49,263.02,350.00
1456a3f96ac7e35b,104.60,231.24
2aeb3ec2d8c05dc8,124.52,112.41
f87a3fa07f0009c9,154.48,164.86
9785420602b452f7,123.57,110.91
8fb0092430448368,153.48,120.74
01432891260084a4,94.77,132.70
bec3154a11df3299,161.21,100.53
50dae6b76c9c6490,217.92,269.04
93ddc6b233d1956a,273.00,194.80
5e8c710f9f27aff8,350.00,236.38
a376f6d5806d0c90,166.88,149.82
1c03c1bb62f3aed6,287.92,197.41
d1d3b6ab8a56e973,243.59,236.46
063e7ce759c52f81,144.17,219.24
673a156925dfb31d,227.43,230.35
6e4acb2aaa2cee56,227.36,155.67
ecbece0cbd60029e,196.75,232.50
3b05a4ced6dd74f5,121.36,111.58
74f5cbecac011abb,130.21,107.56
ba8f219260e212f8,247.66,350.00
4e566db7d26df001,153.00,350.00
3ea7d69a1238f26a,201.46,198.03
a7d397cd0f2ac93a,167.17,211.54
cde2f88251b73305,350.00,350.00
32bd7ed48f5aea7e,108.37,153.68
024beecfd3f0ed7a,228.40,123.71
dcf5014e56649c2f,182.42,350.00
5a82757b553c40fc,185.12,132.51
df3cc5ec78d05a71,201.91,140.38
838fd9d2b14e0790,112.74,277.10
3677ce6c1ee06a83,107.69,132.65
3d3dde60e3d59c1c,259.17,181.41
cbdf29f36b343f6f,350.00,172.91
f0a9dfbb6f6ac852,136.28,118.10
7bc7af11050e861b,172.80,108.49
ebb758b49e82d0ed,169.41,95.96
8baff440b82afd2b,130.66,78.56
33658a3ca932d15d,127.91,102.85
0133019a4f1055ee,102.85,156.20
9861b6d04e6ed43c,110.57,111.45
68f7f992603192c6,160.17,93.80
270edfb687c0d20c,350.00,97.03
6e73ebbd089aff5e,84.89,165.26
894c44c3d04aaf6f,125.82,93.30
f1cbd73e7be64d28,209.32,350.00
537b3cef39d2d573,122.82,350.00
66873dde4077bd5d,227.91,202.13
c26f27667c230391,350.00,167.70
451df53c13185584,252.29,144.90
711ec0545552455b,217.81,239.31
4f20f3ada1489823,195.87,211.08
569e0ba18701c305,99.50,100.98
2f414494f2b6f426,138.43,130.22
acc7392d48cc09a0,195.01,277.71
35f9beb94b4ef9e2,90.34,125.18
a7fd9da657bbce8e,170.74,212.40
8bc0c220f7dcefa7,99.55,112.51
3223b7e196a07224,247.46,221.23
f4ea27d942a390a5,350.00,350.00
f1c3abce15ef053e,350.00,284.01
0e6782b758451063,231.27,350.00
48ff3f1bcefbf965,162.10,179.23
8c8337ce8437fe2e,124.38,126.78
de7cb625bdec0f91,214.37,187.72
a1294453a28beda3,221.78,350.00
72f123ddb4cc9d1c,167.52,130.07
127be512f86618b2,282.66,201.40
d564e3a6c77d0c85,129.30,203.79
cd6452a463ec8a28,239.48,156.14
faf19712bd7ea41e,111.28,124.12
17e8ab0065e9085f,274.71,350.00
ce33085fc5205bab,171.71,164.71
697e38075fd41819,350.00,222.77
f59cefe16905d62c,224.41,350.00
976abc27a4e5e26a,142.67,186.86
99dc6d45cbdfa322,135.41,126.01
636b01ee49925e49,156.44,173.58
eb9f9f61507497a5,167.07,217.88
91aa08e910fb4412,152.12,139.48
e30250daa73005a8,305.85,215.28
77992b8727382373,100.52,139.56
de12349f334c964e,125.51,96.42
e6d4fdad2b3422d1,158.17,153.16
1685eecc7ef37fb5,259.89,290.03
3cf5e0ebb5f8322c,350.00,350.00
1f7566c90343a680,350.00,240.69
5c3b8819dbe98114,350.00,350.00
188e6416157e5a1f,141.66,138.12
ff5a8078ea85bbc7,214.77,350.00
0b9cd718d7e329e8,97.91,99.19
47f8812a335b6ce9,283.37,223.81
6ff21ea2c75c48ed,173.25,120.53
32375b4435fea5e6,237.88,290.43
9c22ddb8d8fc1838,133.35,113.48
3ce96bb0c69b39be,116.76,149.45
3ab0d8b344d2ebea,103.30,110.59
efdad54c8550e6e0,87.71,77.86
603afedc31d95999,87.97,110.70
18824fa5c15c212f,105.72,124.79
538ca98010ed00ec,203.79,139.87
b1ac165326d8f29e,350.00,113.86
d95f21817a56eb05,95.52,112.69
eda1e8c285a0a788,182.01,131.43
0c2e3988793b418c,241.53,147.92
01f7c28804746979,126.93,81.21
cf5e8f98159c3971,84.23,111.11
66eddbe35056c06d,117.84,122.29
e4931f3ab3bf4141,141.14,139.13
0976778a6e6cf8a8,202.98,117.54
1631f70535ae5dcc,262.24,227.69
0a85b3ad328205ff,350.00,350.00
4915c8a588513c22,286.98,290.43
417049c7a3d65ccc,158.05,282.71
681cd3cc6299d652,154.16,266.69
55231cc4112334b4,196.12,105.38
6ea77cb62aa2f276,173.93,87.27
7ca5604d99220e88,181.25,145.75
dae70ccdf9e7475e,350.00,261.40
45de6d0b9cf5451c,208.54,126.42
f41e83de703acf85,235.67,116.45
a0cae57eae875820,126.88,129.18
fe0f1b418e6d3ecb,214.28,277.06
89db7aca37b87711,234.21,130.34
4661e9ca9354021e,350.00,350.00
b9de363e6b406853,350.00,130.94
2faf5b8d708f8e94,130.62,128.25
8a121f9c48f3773c,279.78,214.51
c84a29f426f1aab7,210.06,106.22
c456b1950208e0b2,176.71,152.21
2db0998b24c11ea0,172.91,107.44
3e74caa9fff4a5eb,129.29,184.00
a8718a3419a11e15,93.35,180.44
b3d88eaea611a4a8,94.30,112.34
3f419fce8ba8aa0e,108.57,198.09
ccf3b6eda4c2a564,173.20,116.00
4b45f190122a1ce1,153.46,185.60
ec5d705232983b87,283.73,289.13
13d8d5cd83e5b57e,156.64,111.71
8d9bcbb48888a5a3,244.70,151.21
420a5e3b4010ebef,140.64,170.42
e98eb6de29c62c9c,162.69,276.92
8aa07b6cc40f0cb2,153.95,92.35
6c67aa7063717a0c,108.06,213.04
a049c12f43914449,154.73,117.25
b78a222fb448aed4,121.30,269.77
6f0f84075fa1a4b0,85.00,171.35
069df63733dcf697,154.17,168.22
63605e9f3e71d738,150.31,219.50
28c6de749d0d0e9d,190.80,196.83
fc2bdd67c1a056a4,204.91,115.21
3aea9c60d25fc93b,185.18,246.39
68ee31dd0853cdc9,350.00,350.00
b5df5a0a0bda9256,269.28,267.56
2a43df4cc047a28b,91.61,173.83
5dcade01fc840da6,150.79,229.28
20220ace492af368,212.32,183.15
85ddb65429a9d517,153.88,177.68
17aa636aa98678d3,159.56,82.93
f1d3eec12662d8d7,290.35,350.00
2554b31a07f34e1a,190.07,148.59
7d9bb6fda0ea1ee0,310.67,129.07
b7575b0ec9f81741,100.91,166.43
cf306c4714530f31,132.36,151.49
c0af8cf5befb2dcf,143.99,145.06
ee24be90a01f552e,152.03,290.35
fd2d814a8a23798f,103.11,119.49
b5d5b8e06ccb70a3,105.78,95.67
605c16fa5a803b15,96.55,113.86
9e7538a788e6d789,94.04,125.12
1a0031e2072f21b6,104.20,83.72
b20640f9b2634de1,350.00,290.41
753735b48b1c20b9,164.93,112.51
790a8cd528233e50,184.38,275.27
e976815e397c40e1,225.57,161.62
a91fdb21a7ff52e5,130.30,115.77
4c0adccb34c1d995,165.48,276.30
8afe89f5c451b372,258.26,237.93
251983e1bdae20fe,147.27,120.48
393f9bc7b51791a6,157.24,158.26
3b12094dd48c2dc5,260.01,156.41
dcc0c53100fa1dd2,223.18,177.69
b34abcfe4c2e8a57,213.65,213.39
2d12ae4683bbf433,124.43,112.37
052f53e006b28132,145.70,105.83
06713afc60301c0c,290.46,350.00
94f5b35b2b6c72b1,202.05,167.18
e47523ac32bfa24c,247.94,245.72
19ef5890b20f903a,237.22,350.00
6f31285305881fe3,166.92,190.50
ab7bc93bdf4132c4,229.51,216.76
3b1438e9ec64990e,226.70,234.48
fea3a0643218e16b,211.61,205.47
78a7bf038e56881d,189.85,290.38
6bdb93f9b4581bf6,153.06,120.68
7f14be4e45bca6bd,198.50,120.67
c0d6feef69ccb330,350.00,350.00
0ac2da3dbaf2fce2,350.00,290.38
8db5cf5df713a7e9,243.84,121.93
de1acb6803ab3f14,179.06,125.14
8bd5f20f49434c65,350.00,211.34
774fb0c0c1c2bc6a,119.27,118.55
9d5f562e0572058c,114.54,110.62
fbbf5391ea25521b,272.65,350.00
8ddd53a7ed3754d5,91.29,127.10
cd3bb8a2824fbf22,105.00,134.78
eba46dbf9cdd83c0,92.64,217.40
bbe3d8a37a276511,290.38,113.04
7856621db043423d,350.00,202.93
3bbc222130d9dac7,185.09,82.78
2517029ff9c1a1a2,110.94,106.01
5f8a92f10e5451ce,234.14,276.42
2b7883b304b3df1c,282.29,113.59
08489fdfb56ee19c,96.29,91.40
daa6b47be304ec86,177.35,126.51
fbf77262d8da342b,142.35,290.06
a571c622ab89b3d9,130.34,136.87
bf878c083a6b30ad,129.02,91.60
fc8ad0c7fc70dde7,180.12,102.16
bca5d01f8775f852,132.84,166.31
25747d81ae5c6564,216.37,231.30
d8e8d41282fc90dc,153.54,175.35
e06bfd0100eccbad,228.18,171.37
5eebde8fb4d67259,139.83,176.37
582afc25875911d1,161.46,350.00
80108a70c4afa6c2,143.80,214.51
46fa8e79fe8a9539,130.69,141.76
a63bb85cc39389c7,119.10,180.16
dad759ec50508147,198.56,212.34
54de03e04f571735,224.47,92.64
dff8e4ef87d69516,121.87,101.09
1394ce1832ddefe0,107.50,175.71
836e9bc5c1f6acd3,274.17,198.33
c3ef9edf73626521,140.87,129.52
b3f1253d0a991791,192.35,223.87
e655774643881e6c,132.45,290.36
40c18c6d64463809,166.73,109.60
6e6567a98ea78891,283.66,240.88
ec8bc554a0646638,145.60,133.11
94541dd979e0b4bd,186.02,141.12
9eaa33f874bbb999,173.42,284.12
120ec60ad18cf6c5,162.67,135.84
4a00db8aeff200a2,128.45,118.84
dff2ef8fdde8c502,290.72,350.00
a5558e8fec59a687,214.40,199.64
3183dfe66fcdd25f,239.92,290.48
026bb9fd1b3f239d,149.42,141.32
16b0a16ab2e20fdb,283.81,189.60
d6e240c47ba6034d,168.24,162.15
9d8c32c60df0e287,167.63,243.16
678eda89a096dde8,214.25,124.47
45e6a9b56ee3a9d1,128.00,133.07
8a2e28da18ba6a25,115.13,133.28
f02fed4e98048471,147.24,184.45
3e2bde19e752f64b,165.61,85.94
ec434314c5438fc7,132.42,100.09
ec5163539a133f17,101.67,101.99
e6851877e33d343f,203.43,177.12
d038ff5ac21094f3,151.89,240.29
f80143e1f3c3d319,146.83,247.37
77df662671ce11c5,217.39,350.00
637f792270a0c746,226.80,150.47
1cd63899011c4bf6,256.58,274.71
fbbb703581440496,191.84,112.83
de767dd5216bcad9,145.47,195.06
d0d74672150ddea3,108.52,120.59
2d39c26876246223,96.64,90.06
bb85e207eba236bc,100.24,91.32
b38450d9aa0f52b8,245.47,109.55
33655fd07cfbe034,176.89,107.06
1b5d5af1bc0a34c7,350.00,290.44
cd9851b8eadb53a9,158.17,213.40
6bcaa0de4003cc41,283.02,204.35
a7ac1dfcdc083694,130.60,123.70
1332c1037c955d82,246.30,270.95
e0b14afd93af5638,130.09,197.66
6aa89b7b5350b8e2,120.02,350.00
7b4284bd3033a319,274.14,350.00
e72a2130e7387637,213.55,125.91
84973bbdffaf0d0e,122.94,96.83
075a102456080ab2,214.38,350.00
ea824ac4b8ed8a35,142.26,129.46
ce75f5ecbc0d3dfd,232.57,258.31
bfff6cf22c1c569c,209.68,168.94
b9d5c77ae7a8109b,158.03,206.05
43ebfc8914a39061,121.18,160.23
ea4ff1d77928b029,274.33,198.05
3c319d4659e6c8fd,222.72,106.89
dd3d8f7066c145b7,110.45,108.14
059f5cf0e9e37627,91.70,123.52
bf8c5effd23f69c4,126.50,175.17
6c44af21414e4143,134.17,102.31
d4127baf74b0e791,350.00,212.49
903d588b30a471e8,280.63,211.94
ba8eda6993922ba0,155.87,290.38
d2caa1ddb9de7481,227.76,350.00
560f1e26c2a6690a,221.09,208.34
2cbd53e43d3f606b,96.77,125.12
ae50a1a655b1a8f6,181.27,80.89
bad06a5380d762b8,350.00,350.00
5c5523a6bf83e44f,350.00,350.00
70afe9e0d2422252,144.55,90.02
15805ae1eea3343e,157.31,102.69
0c418b9cdfd525c9,350.00,350.00
f734b497add754af,146.61,290.40
f1613b372748c8bb,202.55,144.03
6e9876d2be2bbd02,238.77,290.62
69bde5bae0d6ec4f,253.64,227.87
abfd5ac6cf186d8a,230.32,263.01
b80c6eba11c54778,290.39,220.88
75fa9c0bb31caaa3,248.11,202.55
fe59646ebad8b6e4,134.08,119.90
453e6f2665c85fd7,154.00,143.65
bcfaf1dd78f12f97,179.60,86.40
ee9ade72b44dfa06,137.84,92.03
3cdc6fea724be133,196.05,161.94
dae8ad2e03aa4a9a,187.95,258.05
c60a317c7767abb7,245.50,196.64
3733d100f7bd5590,159.28,202.78
2397e2a92710705a,133.75,112.81
78b506e5092a27fd,290.44,138.55
27d98a8ee6608e27,208.48,179.54
2335e75ce63805b6,163.36,115.95
6f83cfae0c800ef8,110.01,115.43
3146e5a47a922976,117.84,119.50
eedc7fccf7037949,204.65,290.44
a187670c5ee1ec5f,236.71,229.14
47d978a984a163aa,282.81,179.96
7ba432e218edc17d,170.91,281.54
d063d46208c560b1,150.95,142.31
e01019fbfe0e9528,138.23,142.84
3599e9de4ae0e171,290.39,140.75
89b772f864acb637,105.54,350.00
d806aacf5b6ba7f6,154.71,136.40
f114929ed709606e,243.49,229.89
45f00a42a17f8e2a,170.76,233.17
19706d8ba0edf9cd,223.83,162.04
62ff1e5deb124ff5,136.14,112.89
7ca4c91bab696b89,102.51,150.73
84b3577229880760,97.02,86.11
58e5fc1914c4e641,107.98,108.36
58dec0a39cdefa3f,114.15,88.83
ed5b6681ab4e83e5,232.22,177.18
e8aad69aace1d31f,109.34,146.58
eb73b63bbd7b88a7,182.95,106.52
69bca5091b2a31f6,118.15,93.17
9ea124a13d071186,268.05,116.94
5931cd9cf5da5f75,122.33,94.36
3d7d82fff71e395a,133.82,92.58
1d68bb733de24b06,132.40,99.55
8c5e06c71f392f33,126.31,117.08
de484433eef22e1d,283.25,350.00
b23554da35a84fbc,350.00,218.76
48dd2c9cb39bd2d4,283.48,185.02
85854504ce1aa97a,184.20,350.00
57415110bd494c79,188.31,102.28
69a5895fde58432c,161.90,137.79
f1cc9169813c4a3e,350.00,171.27
f690949d90ff1dee,120.98,93.35
98c29ba02cee5ba3,125.95,148.11
ee5c0b8a757992af,157.89,166.34
6fa2dae90bda4742,132.87,90.35
998bde5639c61adb,124.81,176.00
32b8c6c4b735d712,235.91,227.42
4277b02a4dadac40,280.13,288.95
53f7f1b4834387a8,150.48,151.83
fc73ecbd83b7f159,140.09,210.46
308f6cb830019ea9,273.76,156.38
c61923255389e67c,204.05,122.74
0599f35e6679de02,88.72,127.02
a2f46e94aa6b0c64,350.00,156.99
503d7342cc08109f,136.67,157.46
f01b97e864cb4b8b,97.95,154.98
a2f2c64f9fb3fb1c,144.27,127.35
6114076c689e8457,162.30,350.00
bde635a4f345bc3e,189.66,133.87
5c783cd188425783,203.07,290.42
df7928de73fc2fe8,119.29,184.45
af6eeea1cfe33240,182.29,202.98
919e3c5cc6999cb3,184.60,233.25
1d65c141776949d6,115.98,78.04
781a2ea50f5ae68f,281.46,350.00
108434acbbd75d26,206.98,176.96
cc11a0762f246fa4,146.26,99.89
b09f54654b0f95f5,112.71,126.23
b8bf186f884678ea,139.57,91.35
ebf7cea27b83c432,147.97,83.06
f0723cda67db3954,240.18,235.38
c9cef59a5de32219,156.53,194.95
f93b074dfd47b4b4,290.47,185.54
de084f0d65421cfa,137.22,158.54
5256ba94641a4284,149.96,143.28
24581e2b39fe3319,110.97,173.57
b989d4d7e220b3c1,156.52,94.30
d29a82322bb083d9,190.13,123.50
6ad594777cce2d7d,168.02,122.16
eaa885cf7ae31e0b,155.22,123.46
7edf2fe3a8776a44,256.47,231.66
18729b11614406bf,143.07,104.71
799acf3ae8a5df0a,105.01,185.04
32f2965b4f4c4ebf,245.87,350.00
582846744e379178,214.85,288.36
6fd1edb58d271f7c,163.31,108.79
6b9ed3867dd42b3b,210.84,133.68
c9d2a718f39274c0,114.17,350.00
e62033cb1e79aa81,171.58,103.72
ea6427379a83bd01,350.00,159.04
c31d9cac7534d879,107.19,157.46
e6685759ed2af90d,243.57,350.00
154138c8fc89c315,350.00,94.44
73f451d894a1d4ca,190.85,80.10
40e2a7b65794ac05,227.46,158.24
9676a4e9362e4bfd,233.77,240.13
00414fc5519233b4,168.38,125.38
6c1faa6284428e5d,94.39,234.46
c565e2baa27cc7e5,164.89,350.00
35c8223cc967fe0a,77.18,121.26
2a930e2d7e1f87a9,223.13,108.78
55eebc2ee92bf00a,258.73,242.81
8545a2495db16538,116.25,192.29
cfd3e62c638fbd1f,211.10,104.55
4f4189009a190e35,80.40,163.42
b35e47f2f58ef026,95.55,98.59
86a2f07e0bf20297,196.36,179.91
f5f28a8b472b8012,290.40,277.89
38f1c83c19e99fa2,350.00,350.00
5dab54e34c2cfe01,189.79,350.00
baee9b2491c986e2,350.00,350.00
828de4f5585c908c,350.00,350.00
9c207acb12c17a67,350.00,350.00
56d2c00dfd391fcf,290.46,350.00
02ec66f311dce539,143.53,109.99
64d6d51219e0664c,217.99,278.83
bec57d7cce0e6257,116.86,133.52
f0c4aff7dd1ec4e9,117.46,135.13
f53573316a4f349f,106.77,97.28
eb94412f15c62650,114.86,187.39
72b12a837290b327,133.05,80.25
a5c57b0f49e9f61c,94.10,106.26
d38029cf47e54cf7,173.68,126.62
0f16d83859d608c7,107.26,99.10
7c0d0a28a8fba102,159.23,100.10
df30514e0674d598,139.79,93.55
4914f7bd073c6359,95.25,168.98
97caf8fca9d9603b,118.82,89.91
089388c9f00ce9c6,136.51,146.29
0292b9c31c0089ac,130.20,184.47
f706508c52f337a6,121.48,101.87
1569186ee820ea87,159.54,137.00
e761c5009c09b295,105.78,350.00
edf7ce89ad672e85,177.88,254.77
b40e4deb48658851,126.16,290.49
e5f9d59d00fe3c73,128.29,212.22
cf258c17234d649e,297.69,142.57
ebeeed2595266bbc,142.47,204.45
b0be38110c2d8b84,137.57,125.31
9c24c03131d5b49a,84.75,198.43
2b6a75175bbca4e9,350.00,290.43
5238f6470d0557fb,196.02,146.39
7b1bc4ff776f12c1,108.53,162.42
1a635a5e4551e7d5,152.09,168.72
7521015554088962,89.82,126.27
00c6a2ef07ca51da,113.20,102.96
192619174bd1ad77,267.78,141.48
f01851055b8309e0,270.44,210.49
817cd15077a9419e,350.00,287.04
b33e3a6d15700bb1,290.45,350.00
58eda5a58a89f739,350.00,176.34
54fa6e32330a8cca,116.08,175.80
8d68863242695224,350.00,166.41
8a3281b0d7c168af,273.49,209.26
32cc31b76b32ade1,147.71,157.33
03c1865919daeaa4,165.28,350.00
aa38e39397dbea72,145.26,140.35
a2a5809ed8a01b45,206.34,130.57
ce4fc800a7456d18,98.71,161.93
f46308108eb9261a,104.93,118.76
e294a1e5723011db,172.51,250.53
95ba27bea09cd84e,290.48,195.96
e5e3d396a9b1c5ae,215.70,236.83
340fcdcabc49f142,161.15,123.87
aa3fca085d476636,121.29,105.45
a6db8eb1fb3eebf2,209.95,350.00
938081fae11dcbbf,350.00,208.90
d14f98b24691d082,137.71,221.32
69d63c057aebffaf,278.06,92.17
54d48b33e7240452,136.43,117.06
959fea398ffa5778,152.63,131.45
f39941b3743bf18c,112.90,159.92
daef1691c7d6b1e4,101.06,99.76
984ce1062186f3ce,350.00,220.62
750257171ad29a2c,350.00,208.16
91bf33ada75d6061,144.91,129.45
e97e71a593e4c28d,143.91,131.69
43bbaf06603b0f0c,197.88,240.54
940f586104bf8bc8,200.91,290.40
775788423f5eeb99,143.91,179.97
70b8dca3addcf4de,231.29,136.42
3c00f34f20c8a189,127.08,107.16
426e7a3de68117b0,233.36,190.31
85e79748b75eb30e,128.46,99.48
4218d1d1ce6d322c,350.00,263.49
8bc8bb0021337de7,350.00,201.35
1f70a4516a70abf2,204.56,350.00
c7fadbdfdc14c282,350.00,350.00
946cae1beed2baec,242.96,190.04
64641156360b1b81,208.37,149.70
c35a53be30bfd066,213.40,185.44
4ce53d8a26693f06,98.67,202.83
de85ef2fd4769070,126.76,268.85
8435f90fbd50c7a5,350.00,147.71
03c2a836d033be8f,113.74,152.72
d13849f49f99bf01,126.49,92.15
58668a0736602842,209.96,170.17
3b2a24db4eeaeede,234.52,143.01
07b357090cc91c2c,350.00,135.91
7b9f169016746f81,181.59,144.16
2ae33fce63a75df9,262.41,198.51
f4817d5cbe9be532,88.59,211.52
2a493f15e079a7ff,350.00,281.00
875b249ebe45a66b,142.66,161.43
ce1436a9b58902a7,205.45,200.62
f5386c98fea7f5d4,119.19,253.68
68913a422f548ccc,140.32,108.78
365e2d891b98b86d,100.04,139.75
b6475543ab6d20c9,139.95,282.49
e9dfc2f009a77a8d,223.28,350.00
615f7f894bafad82,350.00,287.65
bc6d70ab959dce70,110.82,188.49
e011819e721c4a2a,260.81,350.00
3ded9bfdfb75f39b,180.60,94.35
08763e87e10b9709,104.16,248.78
c0d8a231d2f1d1af,109.56,350.00
8ef7723b6a8b45e1,191.13,197.71
19c8092496e94b85,95.66,231.04
0cdca4c22b8d3ab5,136.07,108.94
b959e2c1d16ff832,107.66,107.29
206b8c14546d71f1,263.40,130.86
1ada4b9ee5810e0f,112.39,111.44
1de799f17556b501,264.77,176.62
dd1df7f5a54fd9fc,186.70,116.42
a857acedb53ee959,350.00,215.35
d6c3b730dc9f21a5,216.12,246.28
0dfdc94c1da32e20,238.30,201.23
061990783b9bdb36,114.29,185.39
6bdf0756fb57aced,141.91,150.38
9d8a37f130db13e5,142.30,180.31
96c2f85b46e98e91,287.00,350.00
19fe7177254802d1,290.42,196.48
cab4937435d081d0,293.62,91.32
e61cb905f6152183,183.61,166.93
af3e43049bc86fe9,157.88,270.45
231968c02cdfe65e,234.98,85.12
79f1c9f97d83ec83,114.01,164.60
a3cd6a65aaa9f104,149.33,119.05
a2f31cf3a28a7730,107.05,124.83
9e05fe95a4fc63bc,108.86,123.81
a8f8245096eaf0cd,280.80,350.00
1c62a7444808d97f,128.52,194.51
5d8af316413ea2f7,218.57,240.58
5fa6543868367f4b,140.30,281.50
cb3eb07b7152366e,282.38,350.00
29d9c5a3f2b78903,290.38,261.38
74bc22b367cca118,154.25,109.47
36db86c39ed09997,350.00,131.30
e56403718205b494,221.95,350.00
ab1aa23060d4e87b,150.65,146.59
d8f40b82364b6411,106.66,163.09
c83133ee114945ed,147.01,112.79
67f7163e536d62e2,116.51,105.34
265dbd9be8caa7de,226.00,200.94
1b02588149d126bf,207.36,290.42
a693622ad8c0d672,257.72,281.54
8af2b589d5e9c1ae,168.65,350.00
dd229687cb62c871,93.02,199.09
e5a88f5c686173c4,290.38,203.23
2a1071689c3af9df,250.85,144.01
9779eb1aae1d4654,122.89,214.31
8e6640c007ad603d,188.18,269.90
b5b4b69bccb9ff4a,350.00,120.66
96c6be6b22385967,91.07,106.61
6d9ea9f436ed354d,134.35,94.53
371ed8497799998e,129.36,99.29
9f66d450af690df5,277.76,138.82
e2e2537a345367d4,159.34,205.73
7e3fc760b26b6ae4,140.07,125.77
7efca050bc7be8ac,115.39,235.11
41cdbcc0f3635b8f,162.76,158.06
64fe6e61a24dbf39,350.00,271.44
5ba7dd466e30169f,234.69,237.59
55376d5c205fa844,350.00,238.12
0f20c1d7c44fa5fe,180.30,131.89
ab4a91a59c01d6b6,217.83,163.17
8fc8d66ad0074ab0,180.78,91.49
33e301872e2b5680,102.42,159.27
cca4d763b1c6de0a,253.78,137.20
96cc199d78732d11,166.18,350.00
4b1aec2395ebca14,158.36,290.51
fd088ce1481315a5,144.51,203.46
58811a4e36c53b89,196.15,350.00
76641669c1607b7a,233.44,153.66
d1368ca941c1fefc,350.00,290.43
de9422207df2de64,134.06,350.00
0c80eef2f4570543,88.75,94.01
fc3825dd1b67e39d,290.47,275.40
a160e94fdb66de17,149.48,154.19
86a1be10255eea4e,136.57,105.75
0e71e69359db4d1e,205.12,290.68
b87d6f71d901355b,262.95,196.15
fd98843926965cbd,148.15,281.54
4bbda6c1f6cf9d4e,107.30,182.77
08e7a39eb7482ebf,115.64,87.52
11eb27a1ac74d225,125.22,76.60
0eccebee160137b1,122.10,112.79
fc43d60cbd6b0e6a,97.52,135.20
b2d731415bd367df,113.43,99.73
8c540eb4afe8c43e,178.24,125.68
d3be5a4e0ec273e2,107.91,350.00
d05cb4c4135ce402,152.44,150.38
e733f148060bef2a,98.48,150.13
7fd6770fe2d4f258,133.49,175.92
23201d09a78d446d,236.47,274.63
e7b3ca036835b7c2,181.35,134.74
c2c20a04a78d9143,350.00,185.70
7d51649373d42571,141.43,143.29
6f3cb7ce84185dd3,118.27,151.89
97770b38df67b276,194.05,350.00
d8d22dcc1f6912e7,115.00,175.50
62fbdd4f0bcd3c2a,188.50,139.57
fbf83609dc96f32e,97.66,120.33
9bbd45774fb4a6eb,168.68,122.08
4072abf0b0c179f2,158.54,126.18
a526a72ade275f46,256.53,88.18
633f4b5ec767769d,131.81,170.05
469f887278324e63,227.70,209.30
c445401709421fa4,211.56,136.22
97b32ff27fd457a8,239.78,221.21
6e26a6293ea6ba62,105.23,103.81
77ed474dfc5359ea,269.63,290.45
2707dc2245335cc1,124.82,118.45
9039959b41901412,210.12,85.03
6ccd10adc968e1f0,236.11,260.42
5ce29056e0cd2df9,133.98,174.97
191ee545160a4e09,115.40,96.43
380242601a2c5991,221.35,183.31
9b3bade95e1dd484,104.28,94.82
c20bd12ae7f04eff,307.54,149.62
0e0a4282cd6c86d7,212.01,214.52
6ecfa439ef900bcc,117.92,127.70
99aa1f28e22bb6dd,287.02,255.84
c812457a810dde39,135.42,102.19
4db2d86ebe8c8abd,135.96,85.55
2521234a4bf7c615,174.31,185.26
c7190cd03e53fb61,140.05,231.25
0f53eb509d0ffeb9,162.07,111.18
891b2faf1bff38ee,146.47,91.11
9e9d1764a015f313,106.48,147.12
b873c116e39c9920,147.22,99.08
afdd95ae7b7cdb0c,104.39,149.27
18a7dc86279066f8,268.78,179.26
66887532be2de5ee,155.80,140.94
f75fe8b384b0db11,184.36,235.33
d6e2bc6e6c0cc4fe,350.00,253.66
8ba31cf0b3164b72,113.78,112.06
a9a6cca4bbf7a5db,185.18,350.00
fe2acfdaaaec3dba,150.45,111.34
b3044bf646306e7f,208.76,155.32
dcb27eef6441268c,243.07,133.36
a81ad236a2f221f2,162.73,90.39
73240bea13ed5e71,247.67,253.83
ae89ba793121fe0c,238.23,350.00
2521fed000747f47,156.43,152.88
baa2ee0bf7f97079,220.50,212.64
ad68450307a21ab1,194.34,152.60
106918bfbe24335d,114.26,124.23
7aaa810540132a4b,105.26,281.36
305d8c85b35a7d4e,155.17,246.85
212527d462690304,118.56,131.02
0e8599eca8ccfa32,226.07,350.00
2e4064e0e6d4d92e,277.95,213.02
9f4a0de31375ba04,350.00,221.98
d078e9046aa86307,209.35,118.87
f0488a4486a64af0,350.00,137.51
ac977a0389682124,143.26,112.91
01100a90b584215d,171.43,205.84
b6a87389bdc36a00,149.71,155.06
2129acab2280bd29,89.27,93.99
df5dac45fc585fb0,127.09,350.00
e28e829800466aca,163.98,90.02
81b84b34f0357fa5,221.43,125.22
e61d83e4e1f9c4d7,109.09,114.49
ab325ea526824723,190.42,131.62
2ae7404681deb3b3,152.33,191.30
59c4fdb3c0673066,107.67,224.85
b39b8ff0d7de211a,290.42,121.23
f6454f2e508626ec,268.42,230.89
e861e9cc0118c670,92.05,94.74
13e2ff8b3a122094,102.22,218.60
ec2034b134ae71cd,108.19,231.73
08c04f18b0f58d71,235.40,133.58
1714950933f88ab9,132.08,107.06
e5bd7e6e2a50a843,116.91,134.83
79dfbbdd14fbbd11,101.80,124.28
d75b3d3c2b209b75,97.13,109.41
a12d3a6c8aaf87ca,186.62,270.29
8c140756bf43dcc2,161.23,217.86
2bfc0212f2cae65b,274.59,242.94
fff3218758c513b8,231.43,222.62
5fcf18bcd2a020f1,125.48,169.88
e512b80bbaea36c2,350.00,207.26
19764211af05674c,191.87,272.81
7513a00037094075,184.29,176.99
36ec204f47e4d613,205.25,350.00
8e5744c664fec3e9,97.73,350.00
a1afc16e21d1a807,119.48,138.96
03bc32bdb5a33496,115.39,125.23
043172689e415438,198.29,350.00
9bff9fe298e63357,265.08,100.22
d7be78c400e7e0f9,134.89,141.45
815ff62ca8e217be,160.61,113.28
2f523b757f7f33a2,294.12,206.55
958522de54ccc536,130.96,100.24
f6a3c78f15ff26c7,194.26,247.57
1ea9ad3b6e1cba79,90.27,98.03
f722b96ae6862843,139.96,120.51
8308464729ea7c40,105.12,121.36
7a64d63e12618ba7,137.66,79.94
120d66cb0da0f3c3,227.44,242.90
7f33fbdc35afd721,163.18,271.76
5c650ae2193ab1bc,200.11,112.79
46bc1338a50cbeac,196.67,117.30
d5e3be7a07c48b08,97.06,139.83
236f811290163dca,133.82,102.85
b19bf99c7eb796bc,256.54,174.32
4b75d3b7738cb278,149.03,199.85
4e5d4a36eaaa3a78,186.08,137.12
f368475c366c6d85,144.32,105.75
2a03bc4c491b4c9a,167.38,91.54
0adfc21045c02555,84.82,259.72
a602c68147b752b2,247.97,283.51
74099d470e8d2765,168.55,350.00
182ee320edb1b5ed,106.17,175.37
798652dbea086910,122.72,133.64
37bc72d5d211b189,350.00,202.20
72e477b41f44e358,280.51,256.48
df2ed8b509fbdbdc,252.80,181.06
8e1feda9141602f1,105.57,101.98
d2cb92fdf6a497e9,197.78,143.14
a95b03e9b5a91e47,84.10,165.51
acc961fd5cf5c62e,298.95,95.36
5dde61734080ac4a,110.84,87.50
23c963be9de38205,119.20,137.93
d7507e2741fd4d05,82.32,83.05
0a598768f5c8d540,159.09,350.00
23ddf51ce630028d,280.38,236.48
f9dac7702609669f,284.46,209.61
3e6067763978d862,127.63,113.77
017a825c7820d12e,123.15,133.06
7c075e3383198e14,112.80,241.77
e72c691b7c68b03a,120.51,130.63
77f960d82cda0b76,197.57,96.98
887c61da1a78a5e1,163.36,234.59
582d66ce97309e29,175.39,113.23
d4d4ee045b0ca695,103.30,191.19
6b8be0ee3e569ad2,196.94,89.86
d98d6b2c13557a87,166.68,182.90
b47db03affb279c3,221.48,233.21
07c2af68b6dbc4ec,264.29,350.00
b3c695728e177fd4,271.08,282.87
45781930d64da456,149.67,181.34
eeeffa7f514e0c0e,208.78,243.83
111e66eb922449e4,258.80,220.73
ac57250e3de89d5d,79.80,110.04
c62ed8a6002b5360,118.69,193.06
878941394f9e3538,166.06,174.50
426a69e343822ab3,177.13,171.63
282c8c6c1ed82bfb,161.92,239.15
857e8facd8ff7c36,287.69,133.53
6ef50ed03b116b60,201.91,142.09
7d923267c44dd93b,147.32,216.41
aef44145740741b3,127.46,124.00
ae7a8f19743e8154,257.17,219.57
3d6571790c21527c,272.88,237.19
75a84211f50c53f5,161.52,105.37
ed5383b50ffcdded,198.24,138.24
98d6771af9b0ebe5,92.74,146.97
646c79a7ecd12e5f,150.91,87.55
37d58369782cb86b,149.72,130.41
68fe62bac7fd8bb0,128.60,111.65
68c423c7119004f3,210.57,350.00
88020d22cf905792,175.15,210.51
bc63f1b2e52f603e,119.68,82.55
1d8dc0fb5d47357f,104.49,118.99
a2eafd9e1d5031b1,112.24,84.20
5b880d10b0ed7acc,104.97,91.74
5efd13a12be06706,350.00,350.00
82338ba457fbe87f,103.64,293.07
9939d7073462e07e,204.30,97.51
42585ce706c086de,155.63,111.15
9fa6a029f7f8241c,128.46,350.00
12cedec11b37ddc0,131.02,121.41
7fc5f1dc2df84ac7,267.30,278.08
2f6065fe0804d1d8,253.60,246.35
f0b7caa90faf47e5,242.16,223.55
130e622d4d2aee3e,164.46,117.47
f55749e32ce5c6f3,191.27,133.65
1ab1ed99a4bc5494,126.31,243.09
0b1460c666e66d39,266.76,165.44
1452c20d964c0a63,350.00,245.95
ce6bd165bef82bd7,141.94,216.45
5538d15c4eeac3b3,120.74,134.06
58080e8989927500,91.95,112.11
2eecf0c36192e40c,107.00,210.25
a38010639e61885c,135.53,228.16
d56a59a4c79cf515,157.74,293.49
b3253e2c2d111030,267.67,87.04
420211200a35c1d1,195.20,244.09
5cd2dd6075fadcce,199.31,350.00
23dbe713c4294c66,350.00,91.55
4080b4310d82b42d,196.26,196.97
b53031bf4bd0a330,183.04,350.00
a47123ae6e048f11,350.00,184.31
69b31593175f77ec,191.63,217.62
0149e875b31e57f8,127.45,102.04
d14fea43712707f0,137.21,197.24
5bcd8abf6da01dae,122.11,145.24
3dd2fde7bff79c51,350.00,350.00
c4a6174b0698652e,250.15,350.00
a1e193425e716b42,350.00,196.24
d822ebc7dbc6c259,174.31,167.74
3dc1a6335d890650,182.20,259.37
9474f64347aade7a,141.92,110.20
352839a03b428e74,123.61,141.70
07a378b257aad5a9,143.53,241.64
8a884a7930d75ca9,350.00,211.08
202c47db69768356,101.18,102.27
114d2f6fcd3f6f00,88.47,148.63
7cbfeba85f86d1bf,132.04,109.39
944b929130b23c2a,283.21,94.41
de1a3734be60e6a1,139.35,161.65
e35f7504d83b8b07,255.13,141.00
140937779a2466a7,350.00,350.00
44cd8c9f622e155f,350.00,132.89
81127436605d3c88,290.44,280.74
e2dc4fb7b5c0ce76,128.01,204.41
93a0a19c2c1cfe66,350.00,127.29
dc31d3260dea7dcf,241.94,218.58
8abad36b4c5e4070,183.95,237.37
1ff24d5f760e0491,78.75,94.80
38248c5d13f273e6,170.25,239.81
f5fb8b182020c59d,119.22,225.03
a3ee907c77544cde,127.05,109.04
98883348ddb3be33,149.05,248.73
b98bc1ecb94ef4a5,146.85,282.99
e53fd165a3bc1f8e,188.87,113.88
8353b491afa7bc32,118.92,118.30
a951090fb402fd20,139.68,216.42
1c7cc3a22ab7d907,112.33,132.46
b09ecdc8ef0f0d20,350.00,289.07
7b34aa1eb09b8301,194.71,274.55
9418ebb3db2a4bae,248.51,350.00
d006dd2513bd376d,149.75,154.99
84ebd144d5e79c88,132.81,102.57
2560ea97b2cce4ef,142.43,111.66
a8511df8285f5c91,105.31,100.97
0de1ef0b9f3a79c0,118.81,105.80
0f9e7d0d04e24b74,229.78,219.29
c547b3e95bcc5f24,199.97,101.30
434abaea90ccd299,284.04,269.37
546f971f9d8e0a33,350.00,219.44
a815dafc89adf33b,144.06,185.05
766b0b26c40525de,190.41,212.19
cff0abc02974fb4a,276.43,165.05
2aef1a91d26dde42,261.73,113.52
03377f7bf8a2d5ff,272.88,186.22
6188b7fb3f8daacc,129.82,91.91
f295eb2a7b0ba4b7,92.61,127.64
79865287be90e4be,79.41,115.40
dec301fd5e99ca46,350.00,203.73
87ac0e5face106b4,350.00,234.63
8d9458121f0c4b95,233.49,281.83
096e00355c8c84ac,283.92,214.20
668a44403a130043,144.24,205.41
970f083af8368f57,153.73,138.35
ecdbb3a5216b815e,90.08,216.58
3af1bdc5a510bba9,136.13,129.62
a18edcb638ba7e39,108.02,117.56
c82acd7b17915591,137.31,127.71
857d274e47aa8c4e,138.57,89.87
cdd565a16975c711,160.79,85.88
d61373d9fdf01a12,102.27,173.84
ef1519c8c1d20977,205.34,168.88
22dd728012944f0a,229.97,199.25
3fdb4c4b39218cf4,225.09,165.87
bd7394f07247d9ca,118.61,244.95
f2c2a49fed32bd75,176.80,350.00
e9c034cec33b3479,126.48,158.67
0230a9dd2739add4,169.23,120.18
cb902d73389ed34b,232.31,110.70
ef12d2aaaadaf6d0,166.50,120.72
b42a3386a7dccb3d,99.34,129.48
e69f9b4b9cae12a4,147.38,125.03
7d3da3c4153717de,101.96,116.58
6390c8e74630473e,125.36,116.26
7add5901fac6ab82,211.59,173.97
e6031b5937294176,289.00,144.83
32927d50acedb507,220.29,198.14
760150e9951e65fa,126.61,109.89
c245be6698c1e378,350.00,167.64
58f6248da3cdf3ce,211.30,249.53
f063bcccbbb9edc5,238.93,350.00
f41c2c82d5117230,195.48,118.30
71c8ca7442bcb757,168.76,269.82
767b78b67c7da17c,298.83,214.70
b0f68344e01884ff,167.93,157.44
9d9390b550d77e06,127.82,287.67
747d922b329b7f30,134.76,147.16
84b66bf7fba2d59d,174.27,278.92
238c274c90587e21,159.52,131.85
9126633d921afb57,147.72,102.53
87dcb3eab20f6ac1,350.00,350.00
80eae31bc0a94a65,187.48,123.55
c6d56aad93f98249,124.95,105.88
e3d657dd88864ba7,149.36,191.10
ac4343150638b635,148.15,224.45
20971ed9a842b0cb,217.90,181.16
b23fa678cc65cf5b,141.50,109.83
f7e9bd2d6f81aeae,195.42,111.20
4e224ebb6394611d,152.30,95.33
1a5378e32e8519ef,266.14,133.76
c037cf1f7b429d5e,290.37,233.23
6c2c6a6e3f4d04db,205.81,86.16
e3cbd663732f4a98,140.72,171.53
9bbdc2a2ab334541,156.86,89.71
e313286b307334a7,350.00,250.23
909cd8633507a0c8,134.05,147.68
ebb012c5f3fd0cbb,123.87,131.19
292b83afa418635f,170.18,142.63
9b5f190cd3f5ce16,130.55,88.40
3c60884853766487,143.76,96.92
477af74ea3cbba8b,149.23,122.71
7606f6b6c19f2d73,103.43,110.01
856f6ee049373843,99.43,137.03
9027e156c6f1988a,350.00,350.00
46f81d5ecd974c1c,220.67,350.00
335064c3380e2f10,155.24,245.68
6f0231915cc28507,290.47,241.08
f5564a9eeebd4ea0,350.00,218.59
443f30a4a856584a,153.50,116.95
c49485cedb878cf0,115.04,350.00
5e6a74db89f5410c,350.00,228.33
00ee51bba08b7a08,147.53,154.24
e8307c7686c42d8c,123.94,182.67
8ed609d80e135d94,195.16,97.62
870d374f8d9af65a,106.72,105.63
b2218930b982d9b6,125.76,96.74
5f5b626e67529056,120.78,90.72
40fa4f8b4b93884e,207.31,177.88
964ea1777695851b,235.44,239.22
ea660db65bfa998f,350.00,192.87
7af407397532f7cf,114.48,81.45
3c683da1924b6c44,162.03,99.17
10a57b983e59f727,136.07,171.43
2417cc7bc1eea75b,122.14,163.28
b3d2ac2244e4f791,162.81,128.38
c797b58d85c840a4,162.16,115.94
6d6ab10cbaa45e8c,92.81,173.96
1dc29f4c6fcdd356,179.73,103.87
fbbb9e72900b71f5,152.53,100.72
dfa692db6d39330c,131.63,102.22
4a0db214d9721d6e,101.24,101.74
71170fb7ade3e1f4,170.60,243.19
ac56a1052c4c8f63,350.00,350.00
ceb5b0f1f6daddf6,170.21,268.54
a2523a8565fe4361,350.00,266.77
225e93ebed9b71b8,144.49,350.00
0fca825e14429c1f,350.00,77.78
fc4ab243d21b795d,84.63,350.00
47149f3187661509,109.52,268.06
93ca562453f65b8d,139.89,167.83
d000cb692343cdcd,350.00,181.35
24bb03f0a3415fbe,223.23,121.02
a5a81a39ccf9b680,134.72,115.57
210fc45074fba464,350.00,188.78
abfb3ed6dcb0e1f0,290.36,290.35
b5aafe149bec4306,112.43,121.96
780cab0cd07589e4,95.19,121.60
33be2456161c14c3,227.25,235.48
6c9f4799990c3c33,138.28,90.68
836a188a90e479a5,149.17,111.34
d63c9aa4f4873001,150.05,99.27
d93ee3860196c4ae,119.05,84.49
007e8e0d4a39d82c,110.13,104.26
fa4b3f5ce8055921,104.32,143.33
5c73e0013b859664,350.00,350.00
780bae82bdfc7112,350.00,350.00
ad14c502c9c5a7e9,350.00,350.00
4c1e7e1765a5438a,222.06,211.51
78912b78aa946375,272.53,196.11
0047f8aadca1936f,159.44,287.10
47362cae6ba0e077,266.02,129.34
d94f1b32a81e3fa1,217.36,164.56
32e9bc4d0a19a923,196.88,123.02
67765535bd0b6bdf,217.99,105.63
57d7a683b85bb87b,175.34,114.70
a7ae8f6eb5fc3a79,123.21,89.03
b06b43670238c2d8,96.39,131.74
2bbfbb234c255249,239.66,118.33
9d30c887e8bd8824,281.25,195.19
84e8ccc3c97c2b4c,183.05,174.11
86df0e75f41784d8,169.35,350.00
cc5c5a8cff4c1ae9,166.23,175.20
abefaf1807941ee4,191.80,98.70
f964d2dda87f25f0,290.39,91.07
6cca11f353a2b42d,103.64,243.82
2a26c0cfa06265b7,168.71,177.37
8fea32ab0445859c,101.57,110.48
a5c5f76cf0a7c784,315.53,122.48
dbbf8334a2600895,138.23,166.54
fb4b1754d510b0d0,119.84,176.71
6e78d874097a3d22,220.49,200.57
5b97f47cdd355cbe,146.57,249.30
508e622130b0a84d,350.00,138.91
8f9896e60047007f,133.88,140.74
fd56a469e4589ebc,121.23,173.79
ac39c1f00ae31e58,268.44,225.42
7ffdaa44fc8d111b,125.47,268.58
202d3277e569ad03,202.67,131.51
372d1dee0db8dbee,115.27,164.10
54437b8dba3a6110,214.70,350.00
04b7bcc0e8488604,109.10,231.20
dc6f6c8228390ebb,132.48,94.78
dd12bf51c5ed7f1e,133.15,107.55
8d740c844353ae0e,91.16,122.02
c6a85b67fdd2ef3d,350.00,350.00
581292ffe5b09344,183.46,257.15
44d58943ac8e47e1,350.00,254.90
6154ee95d3f4fc32,350.00,116.63
25ab195cefbce1d0,193.17,219.50
c40b934d2666e351,148.62,113.32
45ec0c5f19c9adbe,350.00,205.97
3b76a00f5d0400eb,268.57,279.51
15068d7b095ca9bd,350.00,188.53
7df505d8260ba680,191.35,205.46
81f3d28d30d17378,84.46,151.01
36d12b31957e94db,237.15,88.32
1330b5c21269fe92,204.27,98.07
a5abdc461cb1538e,196.25,350.00
cc03e698c4b7da52,243.12,350.00
a22fd3735819d858,135.06,171.44
f661ef429055f8c1,270.73,115.02
6feb49a6b7e8433c,350.00,181.59
9c8d5dbd8905a715,263.26,125.96
ecd16d14a138d7fb,103.90,215.93
6a4738656c493ee9,118.72,148.50
f02c0adc4ae629c6,89.66,83.27
bed89a91da9d04c1,167.60,93.72
d564db29997e1371,135.95,158.60
f030febede41c661,78.56,81.31
244285b7fd0ddece,154.44,129.89
32d371462c539bee,350.00,203.41
8cab057e6549afd0,269.96,225.67
cff81d681a01ae18,102.51,86.90
c769dd861357af9f,350.00,193.04
f44b4e998b6829f6,228.80,220.13
2c330a6f7f1e55f0,136.85,287.92
f26c0bdf7689aea2,172.55,126.41
fc9168fd102e2e66,116.28,136.97
db7694f4513120d5,99.59,182.12
e0acd0cf4930671b,350.00,272.99
8bee5192baec71d8,204.76,91.03
3b7b771b9578383d,102.05,107.25
f594fc5c2bc6237e,193.11,99.97
216bc9b661485017,350.00,237.69
bbe0f3653de9f6a8,275.13,284.82
bfd17ed83ec5b598,290.41,281.07
8817bd21b6d0a989,350.00,226.30
90187edeeda7e6d6,226.34,350.00
3b9f50f07d9a1601,115.13,350.00
3ee578ddd071ad4c,175.43,264.55
4e58bcc0d27042fd,199.68,350.00
562d916f55918901,140.40,107.76
43e26b46cbb51985,265.88,187.06
5ee11b727e89e8ad,178.59,179.18
fa534aaa5b997a69,273.07,231.65
346e3897c2ead99a,131.82,126.83
796e1151896195aa,216.47,162.47
a997593977ba8cad,102.53,138.71
dbf1ee1a1912c735,210.80,227.02
1c50e43770ba84fc,149.34,179.19
08d4e3864c44f8a5,350.00,91.45
689384b01b40ef5c,271.89,113.97
fa96d6252579b51e,294.18,130.86
a76e14495e61cf19,122.62,128.75
e32dc26b11d1f81d,295.16,223.14
f9f5071b993a5f4b,350.00,107.86
6102e7a6dcbc62f0,90.99,97.09
9a0ecee6e8ca173f,108.17,117.13
85e94a6c071fd9fa,140.62,97.45
a5a749aa0061fdb4,199.18,350.00
caf13346cbcfdb03,189.00,171.57
e284a194fb4648a9,168.25,219.47
74bb036ef0493bf7,275.05,253.97
9c9c26679701b84d,203.74,118.50
af2a9d47ca8115e4,184.25,233.70
0760bc02280574dd,168.54,290.38
7924f10aac3543de,350.00,279.69
c27bec45d5a29a2c,350.00,290.80
fef80c98b2fba70c,290.61,198.08
ad487d1c6141d90a,282.39,182.67
721642e7de112e9e,112.05,121.30
d69bd8e53ec858dc,95.54,150.05
5b49c3d36907c6df,162.80,168.98
20868a67bea63129,90.13,88.15
81d20c833e9a76eb,193.02,207.97
f506977877074aa6,134.53,108.51
62b5ce408c150fa8,110.50,153.75
b4e16fb13153efdc,84.77,93.32
10ab34056720b6b4,301.97,247.93
60949f33201415ca,88.76,130.64
c4d060cff018979a,105.46,104.66
903552edaba48f4a,248.17,97.91
aade9d76ac6c6aef,115.35,152.75
a031f062b7ffefee,120.76,137.21
32087c183dffcae0,278.41,350.00
552f7cdaf93e1055,141.67,350.00
0b6c13ab8ad7f82b,108.63,159.72
bae4de7ef8c0769e,222.27,204.27
85c7a0f44aa3e10a,350.00,129.67
9fab4b0ad082f670,232.61,350.00
678440bd8274a18e,350.00,188.40
a661c0bee7c8d5af,222.10,108.21
5a209522211d7530,121.96,149.96
e644218737c1a778,138.95,350.00
b5299e5b946015e5,104.44,136.02
32054bf2b36b0e47,147.26,89.24
0df4f4ac27cf2d26,187.15,176.76
2e7f8d0ad385876d,350.00,100.18
c7fb90f1355291e4,173.73,350.00
d421f3cd158fd055,112.10,173.75
dcfd594b68ff5ae1,256.77,118.80
ef1cd6371a3f18e0,231.52,160.10
67f24cf244134661,212.56,134.89
7e551ddb1494a45f,105.38,227.98
348de8e364ecf041,118.85,121.17
f5aff2f858311fbc,112.64,350.00
84951374e4cdc679,124.98,98.67
cb745968bd16bf56,116.54,120.58
f524e42c36028de0,90.17,126.04
610a640a0cd81ce5,271.59,290.37
7ac4ae301ed699ab,227.24,147.52
827c64369b374989,290.35,350.00
00bde62cac38e5e9,247.89,127.69
edff38661bf2866b,152.94,88.33
1cb0711cd49dd95e,155.97,273.39
46181797eb543a0b,230.19,234.37
2afaa97901d5587c,249.76,103.43
a564219e7a964aa6,255.61,165.02
cfc884a249141cba,282.05,350.00
afec383a96893ec5,141.82,102.28
5c7c38dece435cde,181.49,86.91
eb6d9fef6c374830,134.18,129.21
e92d89cb2d69235e,202.46,188.43
1f5d0b106385b2ac,248.10,240.16
303018d7459323b4,133.13,174.66
9d35723a53749931,124.98,194.08
e50857173607d631,76.53,105.88
ffcb47e17eebe6a6,112.01,146.63
f88dc6e0c29cff1d,290.16,122.83
770c5302e32916ea,205.80,253.02
1158a27a1a04b971,83.28,85.11
845b8653f9cf839c,117.52,106.43
22ba4f1b0aafbf82,96.83,113.56
c85b530861145935,125.46,141.17
70f1621080b3435c,89.24,124.26
39417b7d07c2fd83,240.81,196.23
b482d4452e4d0eee,214.49,211.23
b98ead4eff6bf872,195.24,130.39
48cb604345f11766,122.24,124.61
5f7111b982bcf6e3,106.34,168.09
c9e0aa88afb81dab,350.00,350.00
6242cda790f2085d,201.20,222.08
ec32745308e2b055,135.11,175.04
a6ec8573a9d38c51,237.33,192.11
57bd683efc797fc1,116.51,350.00
ecb7ff543dd41bf8,350.00,230.32
fc1266e2892ed111,129.62,180.43
e4aa608124896794,107.55,124.90
370ff29489150560,160.00,135.66
34d5ec676fb5bce3,350.00,350.00
3f719885c9916e06,85.36,350.00
224dce2c0b03e7eb,222.83,192.00
3bc0190fb17ba42f,271.25,143.00
bc0b3c16246e0d1d,350.00,350.00
f6d09973de0f83e7,350.00,350.00
7e8749cbf32ef1f8,108.26,128.31
c1c9dfd0c0952f18,92.62,148.96
00959e29e4a10e26,234.18,201.20
f74e4afdf6ae29d1,116.67,191.40
a23d84f15207e459,102.47,184.76
423f32dd018ac218,100.96,89.04
b0474597b2c60482,155.57,161.15
a6b211d8dab5edec,350.00,281.75
44cfbb8c3c356c65,141.17,140.48
98e77712f99956ff,161.13,114.85
20d74ed23d3e9b3a,174.18,128.90
90940d93d6e0998f,173.15,249.17
5d2eedd05081ed23,172.13,108.13
bfe4950b3de83e9c,241.57,148.07
c47796e11a801e12,115.57,242.17
58ffa2dac4f2e7d0,171.56,129.67
419fff06f338f5c6,100.09,108.64
5c69b019e6deee41,140.95,94.48
127ba4a1ccb3d4a6,124.42,127.83
00e8d4b961a65d21,156.29,144.89
9a9b30b3165b62e4,159.60,141.84
30cdb851f6c63444,213.28,83.23
60de0423ae6ed097,106.09,130.30
5727d5be8c373346,116.14,113.98
7208e40818401e88,101.30,131.19
9efa4de316b8bf43,350.00,350.00
b23a1a5d35eb438a,159.92,115.21
6658fe4531c86674,350.00,350.00
8b809ba1880aded0,199.37,209.66
3b4803afa824fea3,201.07,177.54
c0980a613f24accd,233.84,198.77
17d31249c9ab18af,178.01,197.22
571a3eabff5c7ba7,160.71,89.79
e4849375d1949c74,350.00,183.70
aaec28fa3c0c576d,136.83,171.99
afc021700481ac4e,192.27,97.47
33afdd7ad43a2756,127.45,130.91
f1cb2e7ef096ec7c,350.00,350.00
ae0a91c8f92f4758,163.08,215.65
0e60ab32f3d03929,227.26,350.00
1a7119f3996b5635,196.57,263.99
5e7f4ba1210f433d,191.46,211.44
48b1ee7ab45add4c,241.05,208.39
6a35ff33b8597904,350.00,290.48
35985895d4ef321e,144.84,98.93
d83294b031502177,157.15,138.61
81cde317c156723b,142.33,111.71
809814f03ff3140c,220.43,157.54
012c307c9d446c4d,162.61,112.10
c13dc0cccef263f7,111.03,149.71
1b6a3b0d27654d3e,156.40,109.60
1162a74e3604c488,288.34,153.30
9e00ee7644774e18,156.60,350.00
b223b10ef19f912c,290.39,173.48
e84c3f1f9a33fa90,167.48,139.82
930317fde9dbc55e,235.48,186.93
e9f389ba3a1e33c4,130.25,102.09
118c25bda9392140,350.00,290.47
7765e5e779dd7dc9,88.97,93.32
a26ea74f2e908842,81.92,117.07
a3ab1979192b647c,111.39,190.77
c572daedf2012a49,115.57,98.25
130b325610c54a64,133.96,117.76
989760fa75321d69,80.22,108.98
307ea95ad7ebe466,171.64,350.00
e05155c1b5c2dc74,350.00,271.73
410e6b9e01660b35,249.82,207.59
9e525f939fba3e73,350.00,350.00
46d800ce45fdd3e6,289.14,350.00
f2eb569176e46edf,276.87,230.93
3bd159c1bed14700,180.61,236.30
c64c6ba6eb1e1d06,287.05,275.64
52ddf20a10890b41,180.18,115.82
f2abca7379982d4f,111.32,235.79
4eff5a845db17572,131.71,95.96
701c97405da76603,116.36,95.57
532340708f0500bd,350.00,130.91
3859314324918eeb,206.26,156.51
3ac870d6e7d323b7,350.00,172.61
a122306d0ce5fbfb,221.21,167.65
f6e6b004f07363e9,165.83,94.72
05bc7a042156b6f6,350.00,101.92
d7070ab1b2144f8d,169.48,159.58
61280e5644189c61,350.00,276.64
5ffb251c6ea48b65,263.14,283.28
4ace64aa144389c5,350.00,350.00
c36cd04f8f560f0a,216.39,132.99
9009ec7b91f2be14,102.79,157.36
878a7e6fec3e4573,209.84,350.00
94cef172179c9778,350.00,350.00
f78f34ef2ee7b02c,350.00,223.33
5425c577ed4f50b3,138.35,199.26
13aa6688d0538095,209.75,177.62
4350abb4f1933f88,350.00,269.92
f1bce0c9a3fa4bcb,350.00,180.80
fbd99ae7e1ff993a,263.46,121.03
fec91da886d80200,350.00,350.00
7ecb154439aca0f9,196.22,350.00
f425b7a527dd53aa,214.79,137.33
eb8753ed0476b3d1,116.28,91.19
0c3c835e681972d3,172.03,91.32
68ae50dbf98dc15f,126.71,106.95
ded584e13276cbcb,350.00,350.00
d463229133909215,184.45,218.04
1168a8e59aacfd72,125.75,264.70
81ae2a465e0dfa4f,269.75,350.00
64829a32c78ab656,350.00,231.89
13380a8d6cdbb381,226.86,203.50
3050549d19395f6f,231.93,237.01
f44ab9e9e4a89735,266.59,208.81
13f31f7a784013a3,199.91,103.57
06bfde3e3577906f,214.64,86.90
d5245f5b96b8afdf,99.79,120.46
a10deecfb8558335,162.50,107.56
d5ebdf462c9b59b3,155.74,159.28
e7077d030d5fc15f,78.33,132.40
360b13f97e7ca703,350.00,297.78
e79e4d13546d2360,158.70,88.20
9c5da658c76da7c0,220.54,193.46
e7c11d1b22d50ba0,108.14,350.00
6e495deac1f57169,125.89,119.41
8e482cead0c7eb15,144.34,80.65
53902dcb3e213b18,143.26,202.66
d4bd456d70965734,109.88,187.41
4700d42c9869674a,99.47,99.03
365fd759c03e93cf,97.24,119.55
97fb716bc7b8751a,279.58,135.51
11e4a448ce1ae5e3,200.44,256.43
116dc88b63113f61,350.00,196.82
7e86f774f19e5e59,266.59,350.00
bbd05484f8c8d739,177.85,108.10
5d2c1c4dd444772f,155.25,107.86
2bbacf9ed3c64184,141.00,258.39
a6873fd459587d17,350.00,350.00
a4b3becc0cc394d7,198.58,288.76
bf70d01518c80fba,188.63,164.19
0eba299c9b6760fa,146.80,104.39
a57ccf31c5f6f82b,132.14,106.57
fb77b08a90b92d5b,114.20,116.29
6cd4457edf4089f9,350.00,290.37
6206c62fc8f0b71b,162.56,252.89
ab5922e10699e869,350.00,290.43
636867bbc9f96739,350.00,192.29
8a980234dab7ae43,128.42,159.30
ec5281a72f09d8ac,198.42,168.62
80f7f5405d5ffca0,184.18,350.00
1fe768d599c159dc,350.00,350.00
f894989058f2bb05,350.00,281.17
48a5d9c4592d2f2a,128.31,108.21
4af8cb715ac0d459,208.27,137.10
73cb6c4e060c4ee9,137.85,109.08
228fefc6923c40a5,97.85,130.02
9226a13d001b49ec,350.00,350.00
e5fd7ef7ccf955b8,350.00,290.37
809ebb0cfdd01ce2,158.30,202.43
1f973e21581b082a,350.00,350.00
ac3af13ffe39b1d8,350.00,113.73
94d411112ebe8fad,114.42,164.43
b1c6ea7d7d413bd5,211.56,103.71
ad17c34e0cc7d702,215.69,154.50
b90b099c1f47bb93,284.05,164.05
cbf9063d23513661,266.72,184.94
8300a095a4908ab1,212.24,126.87
c23197c7e4f2fd9d,165.42,179.16
55f698e5c4ed2c47,193.08,124.42
bba8c0ab999b9e6f,350.00,87.74
