year,diff,w_model
2012,0.12270658289615699,0.13506812179617927
2012,-0.007475127897087708,0.13506812179617927
2012,0.023277944086505853,0.13506812179617927
2012,0.038176343439632165,0.13506812179617927
2012,0.000680609782368502,0.13506812179617927
2012,-0.014833415956340856,0.13506812179617927
2012,0.03514210684814656,0.13506812179617927
2012,-0.008246051748160177,0.13506812179617927
2012,-0.008234745809057364,0.13506812179617927
2012,0.024386811300412092,0.13506812179617927
2012,-0.00966302804275998,0.13506812179617927
2012,-0.030405634296858497,0.13506812179617927
2012,-0.025398496171119722,0.13506812179617927
2012,-0.01801238400277419,0.13506812179617927
2012,0.03534970145840388,0.13506812179617927
2012,0.007071572543691951,0.13506812179617927
2012,-0.042645297380016656,0.13506812179617927
2012,0.0038173546055309815,0.13506812179617927
2012,0.019003075184597318,0.13506812179617927
2012,0.029366119395208945,0.13506812179617927
2012,-0.007532259199146796,0.13506812179617927
2012,-0.02040963548948227,0.13506812179617927
2012,0.12334220974923493,0.13506812179617927
2012,0.0046510835778891535,0.13506812179617927
2012,-0.015113741062454333,0.13506812179617927
2012,0.07510462011863184,0.13506812179617927
2012,-0.007766141239981761,0.13506812179617927
2012,-0.002059080109381606,0.13506812179617927
2012,-0.007939925582277324,0.13506812179617927
2012,-0.018828038843420603,0.13506812179617927
2012,-0.0006395286444452197,0.13506812179617927
2012,0.03821247868094796,0.13506812179617927
2012,0.03260287706643106,0.13506812179617927
2012,0.0023520568055060698,0.13506812179617927
2012,-0.06270776564462244,0.13506812179617927
2012,0.017165688202707696,0.13506812179617927
2012,0.0009046674179638559,0.13506812179617927
2012,0.023172980610869198,0.13506812179617927
2012,-5.6969560505437666e-05,0.13506812179617927
2012,-0.00919091673218575,0.13506812179617927
2012,-0.021840778033094255,0.13506812179617927
2012,0.02865814714169257,0.13506812179617927
2012,-0.007713543144506674,0.13506812179617927
2012,0.03207806690884385,0.13506812179617927
2012,-0.06040440232315342,0.13506812179617927
2012,-0.06005872244115806,0.13506812179617927
2012,-0.015459877409117445,0.13506812179617927
2012,0.030434907383280252,0.13506812179617927
2012,0.07672501063531045,0.13506812179617927
2012,-0.023779968928987205,0.13506812179617927
2012,0.02838998235168888,0.13506812179617927
2012,-0.009971044545656449,0.13506812179617927
2012,0.05328458958532689,0.13506812179617927
2012,0.0041440514724897515,0.13506812179617927
2012,-0.00897863589461706,0.13506812179617927
2012,-0.034421178734339974,0.13506812179617927
2012,-0.06649136164017055,0.13506812179617927
2012,-0.003485929652178865,0.13506812179617927
2012,-0.12371587131942086,0.13506812179617927
2012,0.021493818757017058,0.13506812179617927
2012,0.011055408706031167,0.13506812179617927
2012,0.03458903697114779,0.13506812179617927
2012,0.026078423484547475,0.13506812179617927
2012,-0.046366928510758854,0.13506812179617927
2012,0.030632071858875065,0.13506812179617927
2012,0.01737744687075682,0.13506812179617927
2012,-0.01193260220699624,0.13506812179617927
2012,-0.0017817779871410616,0.13506812179617927
2012,-0.0119854523538232,0.13506812179617927
2012,-0.005594277751009402,0.13506812179617927
2012,0.0028199745867094617,0.13506812179617927
2012,-0.032152500957255914,0.13506812179617927
2012,0.009051453469748005,0.13506812179617927
2012,0.13106312394111563,0.13506812179617927
2012,0.010462067636408223,0.13506812179617927
2012,-0.025878717414624164,0.13506812179617927
2012,-0.005976426635732224,0.13506812179617927
2012,0.06851338860627265,0.13506812179617927
2012,-0.04863837288930839,0.13506812179617927
2012,-0.004698370782435568,0.13506812179617927
2012,0.029085399887842922,0.13506812179617927
2012,0.11354422540168052,0.13506812179617927
2012,-0.043922901559353966,0.13506812179617927
2012,-0.04047163822362565,0.13506812179617927
2012,0.01684135340475751,0.13506812179617927
2012,0.05854500794309336,0.13506812179617927
2012,0.033127404892847545,0.13506812179617927
2012,0.04653328093170747,0.13506812179617927
2012,-0.007853407406966939,0.13506812179617927
2012,-0.011304154311945536,0.13506812179617927
2012,-0.0382014044997967,0.13506812179617927
2012,-0.005124771213817797,0.13506812179617927
2012,0.012390011866475314,0.13506812179617927
2012,-0.016675952225680746,0.13506812179617927
2012,-0.022576329654831584,0.13506812179617927
2012,-0.03611096831730498,0.13506812179617927
2012,0.004903792019220865,0.13506812179617927
2012,-0.06785961514333283,0.13506812179617927
2012,0.03371771531154727,0.13506812179617927
2012,-0.0063563711832423375,0.13506812179617927
2012,0.028163270186521094,0.13506812179617927
2012,0.041459133272832904,0.13506812179617927
2012,0.03791982286425655,0.13506812179617927
2012,-0.009511404050896677,0.13506812179617927
2012,0.03690550391847991,0.13506812179617927
2012,-0.0023875526115508805,0.13506812179617927
2012,-0.011393617602219464,0.13506812179617927
2012,0.0313417808619493,0.13506812179617927
2012,0.04340868786980853,0.13506812179617927
2012,0.0789561094947474,0.13506812179617927
2012,-0.010685440080885955,0.13506812179617927
2012,0.005873180323895666,0.13506812179617927
2012,0.04163488200644405,0.13506812179617927
2012,-0.010995645092389428,0.13506812179617927
2012,-0.03941687270087607,0.13506812179617927
2012,0.0018357018491823585,0.13506812179617927
2012,-0.0190917173375722,0.13506812179617927
2012,-0.045693733691872906,0.13506812179617927
2012,-0.06252837745968454,0.13506812179617927
2012,-0.03369633681841688,0.13506812179617927
2012,0.02855389843832612,0.13506812179617927
2012,0.10406885465755189,0.13506812179617927
2012,-0.10759125565190053,0.13506812179617927
2012,0.15306388128206616,0.13506812179617927
2012,0.027571673559112497,0.13506812179617927
2012,0.04771545434981217,0.13506812179617927
2012,-0.03202762102203244,0.13506812179617927
2012,0.01472126759242623,0.13506812179617927
2012,-0.0035256665588066505,0.13506812179617927
2012,0.015244639374216273,0.13506812179617927
2012,-0.004645587892062819,0.13506812179617927
2012,-0.010061191590250929,0.13506812179617927
2012,-0.007184680330510451,0.13506812179617927
2012,-6.911135052134476e-05,0.13506812179617927
2012,-0.02515249714899795,0.13506812179617927
2012,0.06556686762405162,0.13506812179617927
2012,-0.01089439343391252,0.13506812179617927
2012,0.10030448420573079,0.13506812179617927
2012,0.00440048814148053,0.13506812179617927
2012,0.04832400745693499,0.13506812179617927
2012,0.013068918252032102,0.13506812179617927
2012,-0.028524181494694045,0.13506812179617927
2012,0.010333702846013981,0.13506812179617927
2012,-0.1522857481470331,0.13506812179617927
2012,0.032748234203739734,0.13506812179617927
2012,-0.021994496305874023,0.13506812179617927
2012,0.025281076423868065,0.13506812179617927
2012,-0.000531352263342777,0.13506812179617927
2012,-0.02407130148709513,0.13506812179617927
2012,-0.0010042738877058532,0.13506812179617927
2012,0.04212252975088271,0.13506812179617927
2012,0.025171553016419934,0.13506812179617927
2012,-0.004279800959596458,0.13506812179617927
2012,0.04258165440669254,0.13506812179617927
2012,0.04760087038738359,0.13506812179617927
2012,0.024795154150286103,0.13506812179617927
2012,0.01984532118544169,0.13506812179617927
2012,0.0497146127467501,0.13506812179617927
2012,-0.014861833495330656,0.13506812179617927
2012,-0.023105078537896562,0.13506812179617927
2012,-0.02731270828789112,0.13506812179617927
2012,-0.0033171978193387575,0.13506812179617927
2012,-0.01890121125958255,0.13506812179617927
2012,-0.02927528438240451,0.13506812179617927
2012,0.004303966652287605,0.13506812179617927
2012,-0.0416283254260989,0.13506812179617927
2012,0.016465753846604203,0.13506812179617927
2012,-0.03712901236698635,0.13506812179617927
2012,-0.06464898338985936,0.13506812179617927
2012,0.00301092083458393,0.13506812179617927
2012,-0.019819870947433704,0.13506812179617927
2012,0.01737195611376874,0.13506812179617927
2012,0.06052745394532233,0.13506812179617927
2012,-0.04273860031364585,0.13506812179617927
2012,-0.03226938262225432,0.13506812179617927
2012,-0.05186537035985439,0.13506812179617927
2012,0.01906248326370774,0.13506812179617927
2012,0.055850166138714075,0.13506812179617927
2012,-0.008253883316295813,0.13506812179617927
2012,-0.008955589996492375,0.13506812179617927
2012,-0.05800772119245745,0.13506812179617927
2012,-0.011702079063414583,0.13506812179617927
2012,0.016958708052498883,0.13506812179617927
2012,-0.008131562107516921,0.13506812179617927
2012,-0.006618310001259314,0.13506812179617927
2012,-0.025088719066737597,0.13506812179617927
2012,-0.020455465327027467,0.13506812179617927
2012,0.10019218172031263,0.13506812179617927
2012,-0.0026624422604700215,0.13506812179617927
2012,0.00584931576041503,0.13506812179617927
2012,0.00677025923347091,0.13506812179617927
2012,-0.0038162839275838745,0.13506812179617927
2012,-0.009080902354088732,0.13506812179617927
2012,0.03530520447877172,0.13506812179617927
2012,0.013211450107456724,0.13506812179617927
2012,-0.0383360863158011,0.13506812179617927
2012,0.008454851196309066,0.13506812179617927
2012,-0.02105435849615006,0.13506812179617927
2012,-0.02858209346502294,0.13506812179617927
2012,-0.08072976645013741,0.13506812179617927
2012,0.0398445031077127,0.13506812179617927
2012,0.13354713703364385,0.13506812179617927
2012,0.03987459830428791,0.13506812179617927
2012,-0.03185991672786426,0.13506812179617927
2012,-0.00021873089237800514,0.13506812179617927
2012,0.05270909947210972,0.13506812179617927
2012,0.036998334604902094,0.13506812179617927
2012,-0.030578039119568357,0.13506812179617927
2012,0.015635727260732868,0.13506812179617927
2012,-0.009190121971941578,0.13506812179617927
2012,0.0015940552217890702,0.13506812179617927
2012,-0.006680231919207441,0.13506812179617927
2012,-0.0025620580465450238,0.13506812179617927
2012,-0.08366643105827531,0.13506812179617927
2012,-0.019093328304226498,0.13506812179617927
2012,0.005692685201488634,0.13506812179617927
2012,-0.022259562162718016,0.13506812179617927
2012,0.01911240768040312,0.13506812179617927
2012,0.009529801999586085,0.13506812179617927
2012,-0.027140744888228707,0.13506812179617927
2012,-0.008235096781847362,0.13506812179617927
2012,0.061169503160169336,0.13506812179617927
2012,0.01896491410146295,0.13506812179617927
2012,-0.0014892593543049948,0.13506812179617927
2012,0.010065035739413863,0.13506812179617927
2012,-0.015543545798321512,0.13506812179617927
2012,0.002386117977286717,0.13506812179617927
2012,-0.037767888365741964,0.13506812179617927
2012,-0.06626286154015548,0.13506812179617927
2012,0.013955971896466718,0.13506812179617927
2012,0.014483372427662788,0.13506812179617927
2012,0.042146654460848865,0.13506812179617927
2012,0.010388761270211017,0.13506812179617927
2012,-0.02408854698736418,0.13506812179617927
2012,-0.030972901157588162,0.13506812179617927
2012,0.046457229637920316,0.13506812179617927
2012,-0.023316614512036038,0.13506812179617927
2012,-0.052468240333676364,0.13506812179617927
2012,-0.027801420450892456,0.13506812179617927
2012,0.01951650100632779,0.13506812179617927
2012,0.012997718537559377,0.13506812179617927
2012,-0.04091567482426345,0.13506812179617927
2012,-0.012390786885669414,0.13506812179617927
2012,0.06309686364625045,0.13506812179617927
2012,-0.00781217602245643,0.13506812179617927
2012,-0.0053660208211088745,0.13506812179617927
2012,0.03318223353460514,0.13506812179617927
2012,0.012076626105528954,0.13506812179617927
2012,0.015580790563062719,0.13506812179617927
2012,0.010341267997468706,0.13506812179617927
2012,-0.02099105506279808,0.13506812179617927
2012,0.00588797678119557,0.13506812179617927
2012,0.0446083429929941,0.13506812179617927
2012,-0.08667493594829745,0.13506812179617927
2012,0.01061158162056064,0.13506812179617927
2012,0.0055641647926159,0.13506812179617927
2012,0.0017047406894509787,0.13506812179617927
2012,-0.032916632580350214,0.13506812179617927
2012,0.05864942283410335,0.13506812179617927
2012,0.02012225598571682,0.13506812179617927
2012,-0.015586079271497022,0.13506812179617927
2012,0.016687857447472365,0.13506812179617927
2012,0.06528719595068977,0.13506812179617927
2012,-0.014620182010694815,0.13506812179617927
2012,0.014076996027725233,0.13506812179617927
2012,0.020831864117492382,0.13506812179617927
2012,-0.014713224863063923,0.13506812179617927
2012,0.018887910557910226,0.13506812179617927
2012,-0.0015494131075290407,0.13506812179617927
2012,0.006135422284833325,0.13506812179617927
2012,0.005016169826039807,0.13506812179617927
2012,-0.09602212247165576,0.13506812179617927
2012,0.007595271442523588,0.13506812179617927
2012,-0.028213057675034958,0.13506812179617927
2012,0.02075349222939027,0.13506812179617927
2012,-0.010216271528389609,0.13506812179617927
2012,-0.02746383662196905,0.13506812179617927
2012,0.05468331394375814,0.13506812179617927
2012,0.0005167668569980299,0.13506812179617927
2012,0.027742029793845102,0.13506812179617927
2012,-0.011791204709482084,0.13506812179617927
2012,-0.022960711263174338,0.13506812179617927
2012,-0.000560463794393784,0.13506812179617927
2012,-0.00027356723948929185,0.13506812179617927
2012,-0.008394310150039386,0.13506812179617927
2012,0.0006355814011787531,0.13506812179617927
2012,-0.05130055640681175,0.13506812179617927
2012,0.01988758589647488,0.13506812179617927
2012,0.040182180866042194,0.13506812179617927
2012,-0.037991516932674774,0.13506812179617927
2012,0.0026940295143376147,0.13506812179617927
2012,-0.06255390984341103,0.13506812179617927
2012,0.005438368500525426,0.13506812179617927
2012,-0.007181541801526969,0.13506812179617927
2012,-0.04098194038427422,0.13506812179617927
2012,0.02631653258613431,0.13506812179617927
2012,-0.02995222450146129,0.13506812179617927
2012,-0.0033120501459251717,0.13506812179617927
2012,-0.0013160943275604409,0.13506812179617927
2012,-0.012769128167506083,0.13506812179617927
2012,0.01763439192124816,0.13506812179617927
2012,-0.004984412237971081,0.13506812179617927
2012,-0.0032722674138029317,0.13506812179617927
2012,-0.052894018587565816,0.13506812179617927
2012,-0.03682959465184976,0.13506812179617927
2012,0.04428346724358423,0.13506812179617927
2012,-0.001518551222566722,0.13506812179617927
2012,0.005116379752416023,0.13506812179617927
2012,0.0049454254182921265,0.13506812179617927
2012,0.003380208580604671,0.13506812179617927
2012,0.023776014146428937,0.13506812179617927
2012,-0.02443535571261224,0.13506812179617927
2012,-0.0637147836005339,0.13506812179617927
2012,-0.030097855145158725,0.13506812179617927
2012,0.020687787853322703,0.13506812179617927
2012,-0.02937295045444263,0.13506812179617927
2012,-0.047697765421629734,0.13506812179617927
2012,-0.01360365529739771,0.13506812179617927
2012,0.006236085976206479,0.13506812179617927
2012,0.014405069993030262,0.13506812179617927
2012,-0.011278776470774243,0.13506812179617927
2012,0.0582436736122407,0.13506812179617927
2012,0.02362341053753958,0.13506812179617927
2012,0.008069357576790726,0.13506812179617927
2013,-0.017811694320834487,0.16294024734965995
2013,-0.024452024520461357,0.16294024734965995
2013,0.007422393915400838,0.16294024734965995
2013,0.03153825712194547,0.16294024734965995
2013,-0.0025884841465171338,0.16294024734965995
2013,0.05725726619566118,0.16294024734965995
2013,-0.00984260736373399,0.16294024734965995
2013,0.010253867155521013,0.16294024734965995
2013,0.10479341847250978,0.16294024734965995
2013,0.012526255663485752,0.16294024734965995
2013,-0.03617765481072688,0.16294024734965995
2013,0.028887253415938674,0.16294024734965995
2013,0.02354945836062361,0.16294024734965995
2013,0.00979935961729142,0.16294024734965995
2013,0.009716637472978573,0.16294024734965995
2013,-0.002581968905501275,0.16294024734965995
2013,-0.006426104064473803,0.16294024734965995
2013,-0.004347132286171229,0.16294024734965995
2013,0.009760899065986872,0.16294024734965995
2013,0.003429643693524831,0.16294024734965995
2013,-0.013886617521946587,0.16294024734965995
2013,0.0032481275267293164,0.16294024734965995
2013,-0.10492941772460207,0.16294024734965995
2013,-0.03995674167270774,0.16294024734965995
2013,-0.042547225276460376,0.16294024734965995
2013,0.031246625601338285,0.16294024734965995
2013,-0.022502218556565978,0.16294024734965995
2013,0.017982849377581545,0.16294024734965995
2013,-0.04337369705831762,0.16294024734965995
2013,-0.026507010262585617,0.16294024734965995
2013,0.10610425419616831,0.16294024734965995
2013,-0.0973170340128725,0.16294024734965995
2013,0.006704451510445408,0.16294024734965995
2013,0.07882844111644205,0.16294024734965995
2013,-0.004633579302685598,0.16294024734965995
2013,0.0753766884489977,0.16294024734965995
2013,0.03354842004841074,0.16294024734965995
2013,0.006012448987049723,0.16294024734965995
2013,-0.04134844386948655,0.16294024734965995
2013,-0.07981706634770624,0.16294024734965995
2013,-0.005584801342160162,0.16294024734965995
2013,0.0031846269070960886,0.16294024734965995
2013,0.03360469131440741,0.16294024734965995
2013,0.015492583348506894,0.16294024734965995
2013,0.06791859768043673,0.16294024734965995
2013,-0.004190926875459161,0.16294024734965995
2013,0.019676861723853245,0.16294024734965995
2013,-0.003090889124961693,0.16294024734965995
2013,-0.12965582317804425,0.16294024734965995
2013,-0.008929044606998476,0.16294024734965995
2013,-0.01697309147652737,0.16294024734965995
2013,0.046921424893222485,0.16294024734965995
2013,-0.010394978217195525,0.16294024734965995
2013,-0.006064907273217401,0.16294024734965995
2013,0.02830576416721331,0.16294024734965995
2013,-0.006675037622994706,0.16294024734965995
2013,0.022960201521166068,0.16294024734965995
2013,0.040802213437259705,0.16294024734965995
2013,0.07605217909818873,0.16294024734965995
2013,0.13557053416416032,0.16294024734965995
2013,0.03554863154007831,0.16294024734965995
2013,-0.13361090561321198,0.16294024734965995
2013,0.020063410213294608,0.16294024734965995
2013,-0.012252716415343423,0.16294024734965995
2013,0.014360568095765025,0.16294024734965995
2013,0.02875178574193285,0.16294024734965995
2013,-0.043942626476409896,0.16294024734965995
2013,-0.02335694809381228,0.16294024734965995
2013,0.03748105258839307,0.16294024734965995
2013,0.037823431358481985,0.16294024734965995
2013,0.006981302687676161,0.16294024734965995
2013,0.050380238681134504,0.16294024734965995
2013,-0.0009901111974964794,0.16294024734965995
2013,-0.01253795098100996,0.16294024734965995
2013,0.008922202754353598,0.16294024734965995
2013,-0.027936503829634973,0.16294024734965995
2013,0.06403114396210768,0.16294024734965995
2013,-0.0282777540005551,0.16294024734965995
2013,0.002123028981180941,0.16294024734965995
2013,-0.02076080899005922,0.16294024734965995
2013,-0.1171126503847395,0.16294024734965995
2013,-0.032065129096077394,0.16294024734965995
2013,-0.03501892168704446,0.16294024734965995
2013,-0.09944277924183387,0.16294024734965995
2013,-0.00026831009324862487,0.16294024734965995
2013,0.010572775691724767,0.16294024734965995
2013,-0.007313205333059236,0.16294024734965995
2013,-0.005327288421646426,0.16294024734965995
2013,0.030321020812768607,0.16294024734965995
2013,0.06863020006117315,0.16294024734965995
2013,0.01803600320722809,0.16294024734965995
2013,-0.021086372711472068,0.16294024734965995
2013,0.01286314163356106,0.16294024734965995
2013,-0.008079645364233556,0.16294024734965995
2013,0.006623195836364393,0.16294024734965995
2013,0.012371733423166664,0.16294024734965995
2013,0.04350935841579262,0.16294024734965995
2013,0.0035264501033882845,0.16294024734965995
2013,-0.07452566439382058,0.16294024734965995
2013,0.05585801246636063,0.16294024734965995
2013,0.012796333066745824,0.16294024734965995
2013,-0.06898012888339655,0.16294024734965995
2013,0.006790644155709957,0.16294024734965995
2013,-0.014755469491163908,0.16294024734965995
2013,0.06689118149956441,0.16294024734965995
2013,-0.024489629568161364,0.16294024734965995
2013,0.04798691673935296,0.16294024734965995
2013,-0.1827309637574862,0.16294024734965995
2013,-0.06586548414771906,0.16294024734965995
2013,0.028559055946185963,0.16294024734965995
2013,0.04917593211880089,0.16294024734965995
2013,0.10450630930397242,0.16294024734965995
2013,-0.064348860793915,0.16294024734965995
2013,-0.041980643470025336,0.16294024734965995
2013,0.01613597389246557,0.16294024734965995
2013,0.08513509553504145,0.16294024734965995
2013,0.04301382408055532,0.16294024734965995
2013,-0.07516871614561399,0.16294024734965995
2013,-0.0012637307493069683,0.16294024734965995
2013,0.010863032446870008,0.16294024734965995
2013,-0.013623688343976481,0.16294024734965995
2013,-0.035585183276924226,0.16294024734965995
2013,-0.07347552433962501,0.16294024734965995
2013,0.001048012985504998,0.16294024734965995
2013,0.012890111084171374,0.16294024734965995
2013,0.059608894781545074,0.16294024734965995
2013,0.023316825501686178,0.16294024734965995
2013,-0.004889217986434824,0.16294024734965995
2013,0.014800455555962655,0.16294024734965995
2013,0.03012516896278916,0.16294024734965995
2013,0.004177547417630489,0.16294024734965995
2013,-0.048431806658931376,0.16294024734965995
2013,0.02061655298362486,0.16294024734965995
2013,0.05046147931621303,0.16294024734965995
2013,0.0926951320992504,0.16294024734965995
2013,-0.043933909930134296,0.16294024734965995
2013,0.013021357678934031,0.16294024734965995
2013,0.0019838573830417428,0.16294024734965995
2013,-0.03532881283939793,0.16294024734965995
2013,-0.07592877889141181,0.16294024734965995
2013,0.014867225066113265,0.16294024734965995
2013,-0.0034969822131700745,0.16294024734965995
2013,-0.007419754883450813,0.16294024734965995
2013,0.026141820933786336,0.16294024734965995
2013,0.007091406652534965,0.16294024734965995
2013,-0.011518494175270066,0.16294024734965995
2013,0.018884130942961486,0.16294024734965995
2013,0.001382385469565317,0.16294024734965995
2013,0.010981986342727956,0.16294024734965995
2013,-0.0015238181281480578,0.16294024734965995
2013,0.009389485603010395,0.16294024734965995
2013,0.016067842746511546,0.16294024734965995
2013,0.0016425908080159313,0.16294024734965995
2013,0.005019996843242086,0.16294024734965995
2013,-0.026964732462738894,0.16294024734965995
2013,-0.0033626554960362043,0.16294024734965995
2013,0.02469680517589501,0.16294024734965995
2013,0.051560659328469205,0.16294024734965995
2013,-0.020798311819907545,0.16294024734965995
2013,-0.09351899288906651,0.16294024734965995
2013,0.05218808311362677,0.16294024734965995
2013,-0.015108020941505984,0.16294024734965995
2013,-0.02052936507930181,0.16294024734965995
2013,0.1260514119720706,0.16294024734965995
2013,0.026550032864430362,0.16294024734965995
2013,-0.0011533902590295242,0.16294024734965995
2013,-0.050982882774795124,0.16294024734965995
2013,0.013878690984634456,0.16294024734965995
2013,0.017963312271479737,0.16294024734965995
2013,-0.0241032338049042,0.16294024734965995
2013,-0.01284343794852394,0.16294024734965995
2013,-0.011111739223416517,0.16294024734965995
2013,-0.008548008192980627,0.16294024734965995
2013,-0.035230315468761264,0.16294024734965995
2013,-0.008170937707710435,0.16294024734965995
2013,-0.0014708545480004442,0.16294024734965995
2013,0.029156062934392102,0.16294024734965995
2013,-0.0003574513453530881,0.16294024734965995
2013,-0.01217356094785954,0.16294024734965995
2013,0.03648458405057187,0.16294024734965995
2013,-0.010246827083309373,0.16294024734965995
2013,0.033935048057674944,0.16294024734965995
2013,-0.014675431507937597,0.16294024734965995
2013,-0.009004390347248481,0.16294024734965995
2013,-0.010711716415273409,0.16294024734965995
2013,0.007309875901063717,0.16294024734965995
2013,0.008273200014742021,0.16294024734965995
2013,0.010296517133110805,0.16294024734965995
2013,-0.014749108892068874,0.16294024734965995
2013,-0.012696148013330744,0.16294024734965995
2013,-0.005721851766976746,0.16294024734965995
2013,0.0067143558018573635,0.16294024734965995
2013,-0.10950950244466368,0.16294024734965995
2013,-0.05640975003342591,0.16294024734965995
2013,-0.04486755976391432,0.16294024734965995
2013,0.00012660248362944548,0.16294024734965995
2013,0.003493207768120399,0.16294024734965995
2013,0.00785884161067732,0.16294024734965995
2013,0.07207186517315511,0.16294024734965995
2013,-0.005435336777261934,0.16294024734965995
2013,-0.10296339161471457,0.16294024734965995
2013,0.014592285875026506,0.16294024734965995
2013,-0.07472584212592437,0.16294024734965995
2013,-0.011557274750912894,0.16294024734965995
2013,0.11812503038227029,0.16294024734965995
2013,-0.02514557410061491,0.16294024734965995
2013,0.02960088124149815,0.16294024734965995
2013,0.07801772990824607,0.16294024734965995
2013,-0.054184755867258794,0.16294024734965995
2013,0.01591458177139815,0.16294024734965995
2013,-0.029366609223147266,0.16294024734965995
2013,0.02630156741562717,0.16294024734965995
2013,0.03580345775390659,0.16294024734965995
2013,0.006286825120239481,0.16294024734965995
2013,0.034619151477566,0.16294024734965995
2013,-0.025043827330036683,0.16294024734965995
2013,0.0035016525464698356,0.16294024734965995
2013,-0.024727760672815347,0.16294024734965995
2013,0.020012276577381582,0.16294024734965995
2013,-0.024664188066658266,0.16294024734965995
2013,0.019505846160042473,0.16294024734965995
2013,0.005004303104173602,0.16294024734965995
2013,0.0011884590777900828,0.16294024734965995
2013,-0.039179919579120426,0.16294024734965995
2013,-0.09172335813315369,0.16294024734965995
2013,0.048469672352116966,0.16294024734965995
2013,0.003030882279728475,0.16294024734965995
2013,0.05421667451940815,0.16294024734965995
2013,0.04123715207146672,0.16294024734965995
2013,0.08005656514516168,0.16294024734965995
2013,-0.03904516879048775,0.16294024734965995
2013,-0.0156435596641728,0.16294024734965995
2013,-0.07273494404299657,0.16294024734965995
2013,-0.02427530461278682,0.16294024734965995
2013,0.015215489301552587,0.16294024734965995
2013,-0.015703020354536412,0.16294024734965995
2013,-0.03609948375719463,0.16294024734965995
2013,-0.02844242031856481,0.16294024734965995
2013,0.02656340865566481,0.16294024734965995
2013,0.01733451581246448,0.16294024734965995
2013,-0.005750044164926027,0.16294024734965995
2013,-0.07391698109428807,0.16294024734965995
2013,-0.022965825728839817,0.16294024734965995
2013,0.01157478871687767,0.16294024734965995
2013,-0.003120204472009558,0.16294024734965995
2013,0.013208015429527209,0.16294024734965995
2013,-0.03467748589787645,0.16294024734965995
2013,-0.017338949283261185,0.16294024734965995
2013,0.02359240784336991,0.16294024734965995
2013,-0.009832450537574644,0.16294024734965995
2013,0.00235297719110944,0.16294024734965995
2013,0.06254151898440094,0.16294024734965995
2013,-0.0053254950859812356,0.16294024734965995
2013,0.009482405532718063,0.16294024734965995
2013,0.0044623457287622514,0.16294024734965995
2013,0.008894573294432051,0.16294024734965995
2013,0.1713399065181811,0.16294024734965995
2013,-0.04581334723039693,0.16294024734965995
2013,-0.03213866426216727,0.16294024734965995
2013,0.01226474506053088,0.16294024734965995
2013,-0.028115237408584903,0.16294024734965995
2013,0.0004694472177781406,0.16294024734965995
2013,-0.018156286840317948,0.16294024734965995
2013,0.13327401694925722,0.16294024734965995
2013,-0.028499704597404696,0.16294024734965995
2013,-0.07613003795259732,0.16294024734965995
2013,0.0033273687472507585,0.16294024734965995
2013,0.005005987100285658,0.16294024734965995
2013,-0.004287827447101322,0.16294024734965995
2013,-0.03224223983698593,0.16294024734965995
2013,-0.05294794902875222,0.16294024734965995
2013,0.0005202295604718188,0.16294024734965995
2013,-0.01286686964376757,0.16294024734965995
2013,-0.014315282951372743,0.16294024734965995
2013,-0.018644941165386814,0.16294024734965995
2013,-0.001126139157200029,0.16294024734965995
2013,-0.003217290764221503,0.16294024734965995
2013,-0.014973232168364714,0.16294024734965995
2013,-0.07366364617530174,0.16294024734965995
2013,-0.037188664941230964,0.16294024734965995
2013,-0.032128697503659376,0.16294024734965995
2013,0.001070798435519077,0.16294024734965995
2013,0.027753806416631555,0.16294024734965995
2013,0.006180341264573119,0.16294024734965995
2013,0.015175080641294747,0.16294024734965995
2013,0.07421806619514881,0.16294024734965995
2013,-0.05607656814759454,0.16294024734965995
2013,-0.01735450366628427,0.16294024734965995
2013,0.06626834946847115,0.16294024734965995
2013,-0.056280993262417756,0.16294024734965995
2013,-0.03421521195553412,0.16294024734965995
2013,0.038068899760515085,0.16294024734965995
2013,0.023636748127643714,0.16294024734965995
2013,-0.07277367297531873,0.16294024734965995
2013,0.03278302298960534,0.16294024734965995
2013,-0.04085785995011221,0.16294024734965995
2013,-0.032401993738469526,0.16294024734965995
2013,-0.06568714131189757,0.16294024734965995
2013,-0.0034285904482789786,0.16294024734965995
2013,-0.030367408103969762,0.16294024734965995
2013,-0.06324586616342831,0.16294024734965995
2013,0.038422086952244694,0.16294024734965995
2013,0.0831945637782866,0.16294024734965995
2013,-0.004614234482194723,0.16294024734965995
2013,0.05011189317458681,0.16294024734965995
2013,0.000395241489150433,0.16294024734965995
2013,-0.013810705996889217,0.16294024734965995
2013,0.001260352300328671,0.16294024734965995
2013,0.002754275092546332,0.16294024734965995
2013,0.019887269584798195,0.16294024734965995
2013,0.01015593233998946,0.16294024734965995
2013,0.001331711167706029,0.16294024734965995
2013,0.006960553626157107,0.16294024734965995
2013,-0.03182032084664099,0.16294024734965995
2013,-0.06013813195298767,0.16294024734965995
2013,-0.08656247137765938,0.16294024734965995
2013,-0.015581172489756545,0.16294024734965995
2013,0.023883234194093883,0.16294024734965995
2013,-0.008617898534147295,0.16294024734965995
2013,-0.019594217598153607,0.16294024734965995
2013,-0.06636712395963384,0.16294024734965995
2013,-0.05013210402238011,0.16294024734965995
2013,-0.010656819833100184,0.16294024734965995
2013,0.00716714722476125,0.16294024734965995
2013,0.0014960111027170209,0.16294024734965995
2013,0.0029941805309622316,0.16294024734965995
2013,0.058139752150737856,0.16294024734965995
2013,-0.015811792432875282,0.16294024734965995
2013,0.09949961622830994,0.16294024734965995
2013,-0.0013730784022954745,0.16294024734965995
2013,-0.011252505764971943,0.16294024734965995
2013,0.01110438585600182,0.16294024734965995
2013,-0.1061774808612348,0.16294024734965995
2013,0.04686974950389222,0.16294024734965995
2013,0.016564338033638215,0.16294024734965995
2013,0.026320621133721772,0.16294024734965995
2013,0.058146486029307165,0.16294024734965995
2013,-0.019013882139076843,0.16294024734965995
2013,0.02810696367569898,0.16294024734965995
2013,-0.004726721630386954,0.16294024734965995
2013,0.0014922710212641466,0.16294024734965995
2013,-0.003997215495289308,0.16294024734965995
2013,0.019571641520266914,0.16294024734965995
2013,0.014857387854364246,0.16294024734965995
2013,-0.004712682045095118,0.16294024734965995
2013,-0.05439030129884248,0.16294024734965995
2013,0.004169690642457646,0.16294024734965995
2013,0.013349749302154268,0.16294024734965995
2013,0.017037969971409495,0.16294024734965995
2013,0.007797564779309596,0.16294024734965995
2013,0.002404532886096711,0.16294024734965995
2013,0.041422028111148534,0.16294024734965995
2013,0.023748018264074217,0.16294024734965995
2013,-0.013149963603568904,0.16294024734965995
2013,-0.003708651293354265,0.16294024734965995
2013,-0.02275952031523465,0.16294024734965995
2014,0.019471456350808047,0.13084579926941547
2014,-0.0015873207312663007,0.13084579926941547
2014,0.0003015677738308631,0.13084579926941547
2014,0.03940787713400962,0.13084579926941547
2014,-0.017063857035225505,0.13084579926941547
2014,0.0039856426419019875,0.13084579926941547
2014,0.005916552678091241,0.13084579926941547
2014,0.0031530269842861003,0.13084579926941547
2014,-0.04366732969173315,0.13084579926941547
2014,-0.036181898870914664,0.13084579926941547
2014,0.015218919427611333,0.13084579926941547
2014,-0.053662975200605034,0.13084579926941547
2014,0.0293656635264814,0.13084579926941547
2014,0.035647516780285105,0.13084579926941547
2014,0.03567379775697821,0.13084579926941547
2014,0.03995885729955695,0.13084579926941547
2014,0.025779778846451107,0.13084579926941547
2014,-0.012495321340166066,0.13084579926941547
2014,-0.03418849082008096,0.13084579926941547
2014,-0.004354934183458059,0.13084579926941547
2014,0.054636800331905544,0.13084579926941547
2014,0.044464021570052026,0.13084579926941547
2014,-0.018233259932891155,0.13084579926941547
2014,0.012930847184953798,0.13084579926941547
2014,-0.004518375729487323,0.13084579926941547
2014,0.03873879440781969,0.13084579926941547
2014,-0.016854981114646006,0.13084579926941547
2014,-0.007145863035180555,0.13084579926941547
2014,0.008571040179278178,0.13084579926941547
2014,0.018906036669525617,0.13084579926941547
2014,0.12067710309494639,0.13084579926941547
2014,-0.028688310151551266,0.13084579926941547
2014,0.014277550328224753,0.13084579926941547
2014,-0.010892549502219184,0.13084579926941547
2014,0.009731410496052306,0.13084579926941547
2014,0.012087047663879746,0.13084579926941547
2014,0.022135101606603813,0.13084579926941547
2014,-0.032162795308502856,0.13084579926941547
2014,-0.018833089835563532,0.13084579926941547
2014,-0.013087455096317008,0.13084579926941547
2014,0.006575253058707126,0.13084579926941547
2014,0.009371683792823993,0.13084579926941547
2014,0.018449239916938698,0.13084579926941547
2014,0.043297657505999565,0.13084579926941547
2014,0.0009743239322018704,0.13084579926941547
2014,-0.017022308144682252,0.13084579926941547
2014,-0.03621930494742959,0.13084579926941547
2014,-0.014268546307171892,0.13084579926941547
2014,-0.005696956448637103,0.13084579926941547
2014,-0.0038145921556398954,0.13084579926941547
2014,-0.005693217892780406,0.13084579926941547
2014,-0.01487081678416513,0.13084579926941547
2014,0.009634982736646758,0.13084579926941547
2014,0.03484849194596307,0.13084579926941547
2014,0.0059678810463856535,0.13084579926941547
2014,-0.006128944733139685,0.13084579926941547
2014,0.016689547879844557,0.13084579926941547
2014,0.023821124614242017,0.13084579926941547
2014,-0.02064129192281272,0.13084579926941547
2014,-0.03789424044851036,0.13084579926941547
2014,0.015721879750139,0.13084579926941547
2014,0.00896333472817687,0.13084579926941547
2014,0.0019916190671006306,0.13084579926941547
2014,0.020229661943464983,0.13084579926941547
2014,0.004117337134656451,0.13084579926941547
2014,-0.04968874911761262,0.13084579926941547
2014,0.00803880944041499,0.13084579926941547
2014,-0.0029716072128764814,0.13084579926941547
2014,0.05377598498510783,0.13084579926941547
2014,0.004339989531609911,0.13084579926941547
2014,0.01647088167725158,0.13084579926941547
2014,0.0127256283922422,0.13084579926941547
2014,-0.04643570985142209,0.13084579926941547
2014,0.0036513591312801186,0.13084579926941547
2014,-0.003585516208477718,0.13084579926941547
2014,0.02320839433755434,0.13084579926941547
2014,0.005354680977011361,0.13084579926941547
2014,0.01164603578163248,0.13084579926941547
2014,-0.0712564687608338,0.13084579926941547
2014,0.002106829191698578,0.13084579926941547
2014,-0.026671592248637355,0.13084579926941547
2014,-0.03170925850357065,0.13084579926941547
2014,-0.022681688732964556,0.13084579926941547
2014,0.0037096566076636472,0.13084579926941547
2014,0.01269982868422892,0.13084579926941547
2014,-0.0004021326979669615,0.13084579926941547
2014,-0.03513914640805749,0.13084579926941547
2014,0.005854294102588836,0.13084579926941547
2014,0.10568207379736405,0.13084579926941547
2014,-0.021785696813385602,0.13084579926941547
2014,-0.004397347456805534,0.13084579926941547
2014,0.06012063566472281,0.13084579926941547
2014,-0.05262897721290383,0.13084579926941547
2014,-0.0030962594559986734,0.13084579926941547
2014,-0.06413772356753689,0.13084579926941547
2014,0.04147161955472267,0.13084579926941547
2014,0.02567634938635499,0.13084579926941547
2014,-0.026443464692315066,0.13084579926941547
2014,-0.0166460682064124,0.13084579926941547
2014,0.0031538251738140455,0.13084579926941547
2014,0.0034941028638688643,0.13084579926941547
2014,0.11333107035118495,0.13084579926941547
2014,0.004242779547738329,0.13084579926941547
2014,0.03290406755773245,0.13084579926941547
2014,-0.002943391182035182,0.13084579926941547
2014,-0.0064603230593129335,0.13084579926941547
2014,-0.0008914613725676812,0.13084579926941547
2014,0.001031394725252932,0.13084579926941547
2014,-0.01584593928338457,0.13084579926941547
2014,-0.001779853479300375,0.13084579926941547
2014,-0.0019161002998975274,0.13084579926941547
2014,-0.01106712534200327,0.13084579926941547
2014,0.00712835617270155,0.13084579926941547
2014,-0.011683817898457627,0.13084579926941547
2014,0.0038150498775016972,0.13084579926941547
2014,-0.022072060477225097,0.13084579926941547
2014,0.0006494618360899373,0.13084579926941547
2014,0.014568707667721281,0.13084579926941547
2014,0.008321102817866688,0.13084579926941547
2014,0.013172060554569487,0.13084579926941547
2014,0.0016489757235267077,0.13084579926941547
2014,0.013712375262820042,0.13084579926941547
2014,0.01619206117244243,0.13084579926941547
2014,0.03086426505308143,0.13084579926941547
2014,-0.009439196357791113,0.13084579926941547
2014,-0.006733564580843232,0.13084579926941547
2014,-0.01796838196081385,0.13084579926941547
2014,-0.0016751975435207456,0.13084579926941547
2014,-0.021518057056468032,0.13084579926941547
2014,0.0005758117255179052,0.13084579926941547
2014,-0.0030954547008613664,0.13084579926941547
2014,-0.0022616256507569377,0.13084579926941547
2014,-0.08481376577770561,0.13084579926941547
2014,0.01674379054400177,0.13084579926941547
2014,-0.004932608693598933,0.13084579926941547
2014,0.005582122802547218,0.13084579926941547
2014,0.0018943334373928145,0.13084579926941547
2014,-0.002944876797137591,0.13084579926941547
2014,-0.050204535513080906,0.13084579926941547
2014,0.01658636566050886,0.13084579926941547
2014,0.009439972214155379,0.13084579926941547
2014,0.03548374750085889,0.13084579926941547
2014,0.005021106680030418,0.13084579926941547
2014,-0.0009083168820458454,0.13084579926941547
2014,0.08850845147237507,0.13084579926941547
2014,0.013971745502564303,0.13084579926941547
2014,0.008914211474524647,0.13084579926941547
2014,0.005291889697292995,0.13084579926941547
2014,0.01205890181369132,0.13084579926941547
2014,0.09926027924852265,0.13084579926941547
2014,0.03607689426084115,0.13084579926941547
2014,0.041418204965497196,0.13084579926941547
2014,-0.008379371279881531,0.13084579926941547
2014,-0.03678451003580907,0.13084579926941547
2014,0.003342776586846563,0.13084579926941547
2014,0.01804663380256044,0.13084579926941547
2014,-0.00883059753298751,0.13084579926941547
2014,0.01040516108123532,0.13084579926941547
2014,0.03891442295584424,0.13084579926941547
2014,-0.014833349433023058,0.13084579926941547
2014,0.01089868515138559,0.13084579926941547
2014,-0.027154862249203382,0.13084579926941547
2014,-0.0036930730222656805,0.13084579926941547
2014,0.028016180418569903,0.13084579926941547
2014,-0.026229885456493462,0.13084579926941547
2014,-0.014890108060059803,0.13084579926941547
2014,0.008730838334449598,0.13084579926941547
2014,-0.0023845806239549683,0.13084579926941547
2014,-0.015579583388438123,0.13084579926941547
2014,0.005349291273020529,0.13084579926941547
2014,0.0021487603738282735,0.13084579926941547
2014,-0.04715541377381305,0.13084579926941547
2014,-0.0945054769943856,0.13084579926941547
2014,0.008665908456103849,0.13084579926941547
2014,-0.014249536141404007,0.13084579926941547
2014,-0.003568718123370118,0.13084579926941547
2014,0.021464052794017974,0.13084579926941547
2014,-0.007257115849655937,0.13084579926941547
2014,0.028292568726642542,0.13084579926941547
2014,0.00019041320122176186,0.13084579926941547
2014,-0.010729921518228158,0.13084579926941547
2014,-0.02190975066280071,0.13084579926941547
2014,0.0036791145885792242,0.13084579926941547
2014,0.02055917185472017,0.13084579926941547
2014,0.011290923233283137,0.13084579926941547
2014,-0.041243634710781185,0.13084579926941547
2014,0.007726337414885487,0.13084579926941547
2014,-0.0249982940569905,0.13084579926941547
2014,0.09671836245207643,0.13084579926941547
2014,0.0014662571183702011,0.13084579926941547
2014,-0.034374918087375805,0.13084579926941547
2014,-0.01407198566049428,0.13084579926941547
2014,0.011211204264361396,0.13084579926941547
2014,-0.009214027742972003,0.13084579926941547
2014,0.04513714102695354,0.13084579926941547
2014,0.00450310322476527,0.13084579926941547
2014,-0.015820173828413053,0.13084579926941547
2014,-0.012384210040875532,0.13084579926941547
2014,0.014607822284231409,0.13084579926941547
2014,-0.0652667039822461,0.13084579926941547
2014,0.006623919595974637,0.13084579926941547
2014,-0.012529755485820138,0.13084579926941547
2014,0.026709636353095645,0.13084579926941547
2014,-0.028326097701898423,0.13084579926941547
2014,0.056311759996076294,0.13084579926941547
2014,-0.0018844194745167853,0.13084579926941547
2014,0.004765111125918153,0.13084579926941547
2014,-0.018178422737443134,0.13084579926941547
2014,0.004383180538617387,0.13084579926941547
2014,0.009736418676165925,0.13084579926941547
2014,-0.09879521350381104,0.13084579926941547
2014,0.019083143743154785,0.13084579926941547
2014,-0.007252621031998974,0.13084579926941547
2014,-0.01719722350888575,0.13084579926941547
2014,-0.02560550047653737,0.13084579926941547
2014,-0.07004029177437521,0.13084579926941547
2014,-0.012370407342269574,0.13084579926941547
2014,0.008112035973045995,0.13084579926941547
2014,0.061228920169709156,0.13084579926941547
2014,-0.0010394221516264457,0.13084579926941547
2014,0.002403851538755497,0.13084579926941547
2014,0.0026574056699044113,0.13084579926941547
2014,-0.0033053317741520982,0.13084579926941547
2014,0.012196327637037763,0.13084579926941547
2014,0.054063143491264176,0.13084579926941547
2014,-0.013227929663846005,0.13084579926941547
2014,-0.19769209055445636,0.13084579926941547
2014,-0.004065700824964269,0.13084579926941547
2014,0.018566509650540963,0.13084579926941547
2014,-0.008086809796940875,0.13084579926941547
2014,-0.012533129390592854,0.13084579926941547
2014,-0.01928431201161218,0.13084579926941547
2014,0.0033862556866151583,0.13084579926941547
2014,-0.002934001054795743,0.13084579926941547
2014,0.01406624795565975,0.13084579926941547
2014,-0.013681323226843123,0.13084579926941547
2014,0.013836817807567403,0.13084579926941547
2014,-0.027231018315537314,0.13084579926941547
2014,0.0011739065975109875,0.13084579926941547
2014,-0.04471305559251881,0.13084579926941547
2014,0.04054586624498141,0.13084579926941547
2014,-0.004624368433412518,0.13084579926941547
2014,0.012786708545480585,0.13084579926941547
2014,0.002204349881765183,0.13084579926941547
2014,-0.023655523591553984,0.13084579926941547
2014,0.07530461055477078,0.13084579926941547
2014,0.010439602723470776,0.13084579926941547
2014,-0.12959164167123305,0.13084579926941547
2014,0.033505142118593845,0.13084579926941547
2014,0.00091660336574928,0.13084579926941547
2014,0.000713283695003758,0.13084579926941547
2014,-0.00163217375551572,0.13084579926941547
2014,0.03392703174344383,0.13084579926941547
2014,0.003858594094523826,0.13084579926941547
2014,-0.027254070111047246,0.13084579926941547
2014,0.04833915883320361,0.13084579926941547
2014,0.04814152721897236,0.13084579926941547
2014,0.022859440762163286,0.13084579926941547
2014,-0.017587597531819876,0.13084579926941547
2014,-0.016849267758484943,0.13084579926941547
2014,0.03416342987172191,0.13084579926941547
2014,-0.008645053346915899,0.13084579926941547
2014,-0.008880737296499186,0.13084579926941547
2014,0.007739850735532558,0.13084579926941547
2014,-0.02104676783437176,0.13084579926941547
2014,-0.0031849606634800076,0.13084579926941547
2014,-0.01417772428227293,0.13084579926941547
2014,-0.002952722345071157,0.13084579926941547
2014,-0.0012695929368382597,0.13084579926941547
2014,0.001909675609126027,0.13084579926941547
2014,-0.018987228156242153,0.13084579926941547
2014,0.00037892570962810845,0.13084579926941547
2014,-0.005016810285265738,0.13084579926941547
2014,-0.0555433243290987,0.13084579926941547
2014,-0.012759895284305989,0.13084579926941547
2014,-0.006919117754201148,0.13084579926941547
2014,0.010801850754464937,0.13084579926941547
2014,-0.006223317007909568,0.13084579926941547
2014,0.04009158466324797,0.13084579926941547
2014,-0.023865868461794615,0.13084579926941547
2014,-0.0136963668457033,0.13084579926941547
2014,-0.005934406187917574,0.13084579926941547
2014,-0.009123935087379464,0.13084579926941547
2014,0.00441354177589795,0.13084579926941547
2014,0.023850896541186772,0.13084579926941547
2014,-0.009313624911230528,0.13084579926941547
2014,0.011996664455162898,0.13084579926941547
2014,-0.06801932189770232,0.13084579926941547
2014,-0.024175487955016672,0.13084579926941547
2014,0.06815378707176634,0.13084579926941547
2014,-0.004370576147013583,0.13084579926941547
2014,0.007997493012048329,0.13084579926941547
2014,0.05469437491413309,0.13084579926941547
2014,-0.008898145938687096,0.13084579926941547
2014,-0.007784825297082132,0.13084579926941547
2014,0.057663245884620795,0.13084579926941547
2014,0.027072280290466377,0.13084579926941547
2014,-0.03383962413399877,0.13084579926941547
2014,0.007506247135853628,0.13084579926941547
2014,0.026380946308843578,0.13084579926941547
2014,0.0004241179460566791,0.13084579926941547
2014,-0.013119395102551223,0.13084579926941547
2014,-0.000316375083681375,0.13084579926941547
2014,0.017805115034161767,0.13084579926941547
2014,0.0427325624126248,0.13084579926941547
2014,-0.032556827565321356,0.13084579926941547
2014,0.0012095439881135706,0.13084579926941547
2014,-0.005086102111355517,0.13084579926941547
2014,0.003222796085233806,0.13084579926941547
2014,0.01363386689689372,0.13084579926941547
2014,-0.010103589636098975,0.13084579926941547
2014,0.0025255739913122577,0.13084579926941547
2014,-0.003272270068084754,0.13084579926941547
2014,-0.07160282591080658,0.13084579926941547
2014,-0.06589264211626289,0.13084579926941547
2014,-0.008110327121420458,0.13084579926941547
2014,-0.0564418370828903,0.13084579926941547
2014,-0.027595794458730727,0.13084579926941547
2014,-0.0039408944872487695,0.13084579926941547
2014,-0.02251827321820027,0.13084579926941547
2014,-0.02167725149230254,0.13084579926941547
2014,-0.0459664346272578,0.13084579926941547
2014,0.006290067219281381,0.13084579926941547
2014,-0.03638313997063136,0.13084579926941547
2014,-0.009317830622672996,0.13084579926941547
2014,-0.008797180823487072,0.13084579926941547
2014,0.0016117605902055132,0.13084579926941547
2014,0.0540295500293424,0.13084579926941547
2014,-0.02375766930488654,0.13084579926941547
2014,-0.031093387081321255,0.13084579926941547
2014,-0.029493906647167112,0.13084579926941547
2014,0.025746508638405788,0.13084579926941547
2014,-0.01048893921216787,0.13084579926941547
2014,-0.10435143754525744,0.13084579926941547
2014,-0.01165281107853608,0.13084579926941547
2014,-0.04160096625081178,0.13084579926941547
2014,-0.021937817430190965,0.13084579926941547
2014,-0.04824141753403327,0.13084579926941547
2014,0.008969307221312395,0.13084579926941547
2014,0.01071503561463194,0.13084579926941547
2014,-0.015892558136476387,0.13084579926941547
2014,0.01313940945162384,0.13084579926941547
2014,0.06197860018986012,0.13084579926941547
2014,-0.0038914956788533017,0.13084579926941547
2014,0.0038147362744703206,0.13084579926941547
2014,-0.01550622982836028,0.13084579926941547
2014,-0.055129267914433344,0.13084579926941547
2014,0.00895706066453128,0.13084579926941547
2014,-0.0036113983724563314,0.13084579926941547
2014,0.03428574849583932,0.13084579926941547
2014,0.002434554352538955,0.13084579926941547
2014,0.009467217304739706,0.13084579926941547
2014,-0.0034914453876944973,0.13084579926941547
2014,0.020120019939857126,0.13084579926941547
2014,-0.03623272533778188,0.13084579926941547
2014,0.056577000477762596,0.13084579926941547
2014,-0.06023705531499546,0.13084579926941547
2014,0.0034441301770421484,0.13084579926941547
2014,-0.004166837493915609,0.13084579926941547
2014,-0.00011037661582335989,0.13084579926941547
2014,0.0201539343391135,0.13084579926941547
2014,-0.004148606069707697,0.13084579926941547
2014,0.002320257907023837,0.13084579926941547
2014,7.385889608421681e-05,0.13084579926941547
2014,0.05044471201417977,0.13084579926941547
2014,0.004728054057072106,0.13084579926941547
2014,0.030734183375716206,0.13084579926941547
2014,-0.01771946489436982,0.13084579926941547
2014,0.0025083997543356995,0.13084579926941547
2014,-0.011749917111859215,0.13084579926941547
2014,0.05189900562906846,0.13084579926941547
2014,0.023941682373112838,0.13084579926941547
2014,0.03164316025273062,0.13084579926941547
2014,-0.003208962071121313,0.13084579926941547
2014,-0.024040275753075657,0.13084579926941547
2014,0.031992471791085886,0.13084579926941547
2014,0.009954541013061938,0.13084579926941547
2014,0.017598184402053185,0.13084579926941547
2014,-0.0017934007646084882,0.13084579926941547
2014,0.0056854508732328,0.13084579926941547
2014,0.07283897544303941,0.13084579926941547
2014,0.0187463451251208,0.13084579926941547
2014,0.00603673707730723,0.13084579926941547
2014,-0.032141451967627965,0.13084579926941547
2014,-0.018353713716384834,0.13084579926941547
2014,0.004318697736420712,0.13084579926941547
2014,0.029234065050168234,0.13084579926941547
2014,-0.04727072283432032,0.13084579926941547
2014,0.024282552310858407,0.13084579926941547
2014,0.018662129236277025,0.13084579926941547
2014,-0.022213321771435313,0.13084579926941547
2014,-0.011477795199302698,0.13084579926941547
2014,-0.006505979084193175,0.13084579926941547
2014,0.01940057221409766,0.13084579926941547
2014,-0.013091390793877111,0.13084579926941547
2014,0.01540835557272846,0.13084579926941547
2014,-0.002720278058019332,0.13084579926941547
2014,-0.04581192465754094,0.13084579926941547
2014,0.01747331155061782,0.13084579926941547
2014,0.0015729883299110958,0.13084579926941547
2014,0.03375446373111235,0.13084579926941547
2014,-0.015220653463179579,0.13084579926941547
2014,-0.012037567546090977,0.13084579926941547
2014,0.03892582237087294,0.13084579926941547
2014,-0.003830304265119544,0.13084579926941547
2014,-0.024378062284888147,0.13084579926941547
2014,0.06519703507500008,0.13084579926941547
2014,-0.050861713891627414,0.13084579926941547
2014,0.022278605656393058,0.13084579926941547
2014,0.006735112672300425,0.13084579926941547
2014,0.006331039183338466,0.13084579926941547
2014,0.012096740532107741,0.13084579926941547
2014,0.020247766925435506,0.13084579926941547
2014,0.003216047305144465,0.13084579926941547
2014,-0.09672115473779552,0.13084579926941547
2014,0.031280772700530535,0.13084579926941547
2014,0.015356064032884142,0.13084579926941547
2014,-0.004530119825770562,0.13084579926941547
2014,-0.04923915217822361,0.13084579926941547
2014,0.052533708840475146,0.13084579926941547
2014,0.006443239617369145,0.13084579926941547
2014,-0.005858477356917247,0.13084579926941547
2014,-0.00615444834824197,0.13084579926941547
2014,0.06304498406348924,0.13084579926941547
2014,0.04568946768312161,0.13084579926941547
2014,0.002750768568673956,0.13084579926941547
2014,-0.004159500012680367,0.13084579926941547
2014,0.0038045501437250495,0.13084579926941547
2014,0.00636131522444372,0.13084579926941547
2014,-0.00625493551487763,0.13084579926941547
2014,-0.006284664210185531,0.13084579926941547
2014,-0.0030669152041540304,0.13084579926941547
2014,0.006199547056629229,0.13084579926941547
2014,-0.02327494434460542,0.13084579926941547
2014,0.016248232410843055,0.13084579926941547
2014,-0.004307412107896702,0.13084579926941547
2014,0.046033183380644216,0.13084579926941547
2014,-0.019807523444121622,0.13084579926941547
2014,0.025826244138745125,0.13084579926941547
2014,-0.03214711061174308,0.13084579926941547
2014,0.03610466537345863,0.13084579926941547
2014,0.03435544945619751,0.13084579926941547
2014,-0.0028385803625861072,0.13084579926941547
2014,0.017851663470001666,0.13084579926941547
2014,-0.011557072612898844,0.13084579926941547
2014,0.019954665773340707,0.13084579926941547
2014,0.021891317773431007,0.13084579926941547
2014,-0.007062569314448541,0.13084579926941547
2014,-0.013618904687277555,0.13084579926941547
2014,-0.004744045589758855,0.13084579926941547
2014,-0.0023621296131683955,0.13084579926941547
2014,-0.01941436526815704,0.13084579926941547
2014,-0.022529573452933216,0.13084579926941547
2014,-0.0054986702242886265,0.13084579926941547
2014,-0.014360919736568,0.13084579926941547
2014,-0.0012686377781694347,0.13084579926941547
2014,-0.019555033278186362,0.13084579926941547
2014,-0.02668914916829912,0.13084579926941547
2014,-0.013611925532279634,0.13084579926941547
2014,-0.0016452099838318995,0.13084579926941547
2014,0.0006941457490190067,0.13084579926941547
2015,-0.09701898287576993,0.11974327413160718
2015,0.0167636205092217,0.11974327413160718
2015,0.0016848599181882862,0.11974327413160718
2015,0.017433092480111823,0.11974327413160718
2015,-0.06139792459278526,0.11974327413160718
2015,-0.024640969394381207,0.11974327413160718
2015,0.02275216140858327,0.11974327413160718
2015,-0.020154833670682826,0.11974327413160718
2015,-0.02915797534867859,0.11974327413160718
2015,0.04008934172925782,0.11974327413160718
2015,-0.008343766732877178,0.11974327413160718
2015,0.06955607786094609,0.11974327413160718
2015,0.010334154697024034,0.11974327413160718
2015,0.006668636260328542,0.11974327413160718
2015,-0.005279621083306485,0.11974327413160718
2015,-0.014218066532301649,0.11974327413160718
2015,-0.012059161974516786,0.11974327413160718
2015,0.0031093165761344466,0.11974327413160718
2015,-0.006917103321979146,0.11974327413160718
2015,0.004181532627711024,0.11974327413160718
2015,-0.01889476175889493,0.11974327413160718
2015,0.005863325200063052,0.11974327413160718
2015,-0.057637375741011354,0.11974327413160718
2015,0.1298697119860448,0.11974327413160718
2015,0.000347975514081722,0.11974327413160718
2015,-0.0006600198663063855,0.11974327413160718
2015,0.026039759992263045,0.11974327413160718
2015,-0.004176323708780516,0.11974327413160718
2015,0.0643002884666879,0.11974327413160718
2015,-0.0023238713204956074,0.11974327413160718
2015,-0.021540369169454676,0.11974327413160718
2015,0.00019455707554866253,0.11974327413160718
2015,-0.015719702078635267,0.11974327413160718
2015,-0.018588417006295987,0.11974327413160718
2015,0.10939785418349107,0.11974327413160718
2015,0.016894322785976468,0.11974327413160718
2015,0.06115243999271569,0.11974327413160718
2015,-0.0035694444888742793,0.11974327413160718
2015,0.01856930061270856,0.11974327413160718
2015,-0.01539496830527165,0.11974327413160718
2015,0.01025186849446097,0.11974327413160718
2015,0.004411111866080453,0.11974327413160718
2015,-0.027236566448236632,0.11974327413160718
2015,0.0038142154238057224,0.11974327413160718
2015,0.005411102151327785,0.11974327413160718
2015,0.00014838538167150084,0.11974327413160718
2015,0.019777897677096812,0.11974327413160718
2015,-0.00632636705825905,0.11974327413160718
2015,0.04540157744355844,0.11974327413160718
2015,-0.05429723531534225,0.11974327413160718
2015,0.007591074955354812,0.11974327413160718
2015,0.002878465178771328,0.11974327413160718
2015,0.038231415087094045,0.11974327413160718
2015,-0.010095056589883245,0.11974327413160718
2015,-0.001444625458958182,0.11974327413160718
2015,-0.00677874439056092,0.11974327413160718
2015,-0.08583788878347054,0.11974327413160718
2015,0.02668691146848401,0.11974327413160718
2015,-0.025908441579721497,0.11974327413160718
2015,-0.01703828966086096,0.11974327413160718
2015,-0.004223442736991934,0.11974327413160718
2015,0.003457559614199135,0.11974327413160718
2015,-0.011541976069137982,0.11974327413160718
2015,0.012802282333612247,0.11974327413160718
2015,0.01959753252700644,0.11974327413160718
2015,-0.020261531122689302,0.11974327413160718
2015,-0.04843623949377096,0.11974327413160718
2015,-0.0065096908193440495,0.11974327413160718
2015,-0.02784386353360513,0.11974327413160718
2015,0.01535592789960083,0.11974327413160718
2015,-0.02502025831348939,0.11974327413160718
2015,-0.004877078321099543,0.11974327413160718
2015,-0.0251416631653254,0.11974327413160718
2015,-0.008783422642660882,0.11974327413160718
2015,-0.01485039565134727,0.11974327413160718
2015,0.025010234442075507,0.11974327413160718
2015,0.007677049916217427,0.11974327413160718
2015,0.01788490639311341,0.11974327413160718
2015,0.004603198660853541,0.11974327413160718
2015,-0.007858887819125526,0.11974327413160718
2015,0.038604416814116305,0.11974327413160718
2015,0.008126857717239006,0.11974327413160718
2015,-0.0012739862036527105,0.11974327413160718
2015,0.02318526751385286,0.11974327413160718
2015,-0.03483519903370258,0.11974327413160718
2015,0.027996484066772465,0.11974327413160718
2015,-0.026640101953774142,0.11974327413160718
2015,-0.01724649241020093,0.11974327413160718
2015,-0.03627379407630804,0.11974327413160718
2015,-0.0048285716328060335,0.11974327413160718
2015,0.009225809640404259,0.11974327413160718
2015,0.027860291555390715,0.11974327413160718
2015,-0.021639991541269832,0.11974327413160718
2015,-0.01476420183587046,0.11974327413160718
2015,-0.012185067914788572,0.11974327413160718
2015,-0.007204390223183532,0.11974327413160718
2015,-0.038958008648094844,0.11974327413160718
2015,0.04039320134192359,0.11974327413160718
2015,-0.00037567928724141497,0.11974327413160718
2015,-6.893036373614714e-05,0.11974327413160718
2015,0.0027967000656724528,0.11974327413160718
2015,-0.008639927310313267,0.11974327413160718
2015,-0.008660445683422835,0.11974327413160718
2015,0.02357265895186933,0.11974327413160718
2015,0.023071942174978266,0.11974327413160718
2015,0.0048446562445072505,0.11974327413160718
2015,-0.02893479961264611,0.11974327413160718
2015,-0.009409056729157067,0.11974327413160718
2015,0.009471310956981727,0.11974327413160718
2015,0.02695759357553057,0.11974327413160718
2015,0.05286602881414337,0.11974327413160718
2015,0.004635552164363177,0.11974327413160718
2015,-0.04460869067870976,0.11974327413160718
2015,-0.021077880922088954,0.11974327413160718
2015,-0.009678311424575758,0.11974327413160718
2015,0.0037346788364381323,0.11974327413160718
2015,-0.12052675489719311,0.11974327413160718
2015,0.03007017294838732,0.11974327413160718
2015,-0.003482784218922119,0.11974327413160718
2015,0.035115683072130865,0.11974327413160718
2015,-0.002024229121122434,0.11974327413160718
2015,-0.0025219059169977326,0.11974327413160718
2015,-0.003467771410578302,0.11974327413160718
2015,-0.01217929697835185,0.11974327413160718
2015,0.03499728005305003,0.11974327413160718
2015,0.02033688796945904,0.11974327413160718
2015,-0.0099278845124543,0.11974327413160718
2015,-0.014510749680425261,0.11974327413160718
2015,0.015472569420661886,0.11974327413160718
2015,-0.019153176349098078,0.11974327413160718
2015,0.009913142393691982,0.11974327413160718
2015,0.0265984379418166,0.11974327413160718
2015,0.0031794325615376318,0.11974327413160718
2015,-0.00016437094287537202,0.11974327413160718
2015,0.007587407808963276,0.11974327413160718
2015,0.07084615248024806,0.11974327413160718
2015,-0.023513889575852875,0.11974327413160718
2015,-0.019513899684050207,0.11974327413160718
2015,0.006217468201724224,0.11974327413160718
2015,0.02393900301772811,0.11974327413160718
2015,-0.008558305757217166,0.11974327413160718
2015,-0.02987318275653017,0.11974327413160718
2015,0.012331642638092388,0.11974327413160718
2015,-0.0004242238050474745,0.11974327413160718
2015,0.019402742838136644,0.11974327413160718
2015,0.06097216853026266,0.11974327413160718
2015,-0.04045068203350055,0.11974327413160718
2015,0.006176576276955892,0.11974327413160718
2015,-0.03017801496215078,0.11974327413160718
2015,0.00012784791450726196,0.11974327413160718
2015,-0.018862482608945047,0.11974327413160718
2015,-0.06231548484957439,0.11974327413160718
2015,0.05197538666185908,0.11974327413160718
2015,-0.014019975786493166,0.11974327413160718
2015,0.007187748322903337,0.11974327413160718
2015,-0.00034656865079502053,0.11974327413160718
2015,0.0073652381992175275,0.11974327413160718
2015,0.00929590674484504,0.11974327413160718
2015,0.06490876495512965,0.11974327413160718
2015,-0.009273251987780423,0.11974327413160718
2015,0.0003345650639175468,0.11974327413160718
2015,0.022931148139891055,0.11974327413160718
2015,0.0030264747479317178,0.11974327413160718
2015,0.015203643851730425,0.11974327413160718
2015,-0.012104330714040823,0.11974327413160718
2015,0.003462305814575517,0.11974327413160718
2015,-0.024068605592725334,0.11974327413160718
2015,-0.004947812182769573,0.11974327413160718
2015,-0.011656572400952525,0.11974327413160718
2015,-0.020596185894322883,0.11974327413160718
2015,-0.03998493366806355,0.11974327413160718
2015,0.015719099362687894,0.11974327413160718
2015,0.010750420180336617,0.11974327413160718
2015,0.01660467312562519,0.11974327413160718
2015,-0.00451100805511101,0.11974327413160718
2015,-0.007281227420030567,0.11974327413160718
2015,0.04385045290493361,0.11974327413160718
2015,0.004330688920595072,0.11974327413160718
2015,0.013097087157431408,0.11974327413160718
2015,-0.00795718036968951,0.11974327413160718
2015,-0.0030973549228462405,0.11974327413160718
2015,-0.029913851382442624,0.11974327413160718
2015,0.08385556614304635,0.11974327413160718
2015,-0.025700317872825895,0.11974327413160718
2015,0.015446503669025446,0.11974327413160718
2015,-0.020652153263410966,0.11974327413160718
2015,0.033773299944280244,0.11974327413160718
2015,-3.7738168770173885e-05,0.11974327413160718
2015,0.029244857648735634,0.11974327413160718
2015,0.00864420534848001,0.11974327413160718
2015,-0.011005308019552795,0.11974327413160718
2015,0.02460182739319927,0.11974327413160718
2015,-0.0030671677203164688,0.11974327413160718
2015,0.045994342214143336,0.11974327413160718
2015,0.005052485088416353,0.11974327413160718
2015,-0.07629761337920882,0.11974327413160718
2015,-0.0389540303959357,0.11974327413160718
2015,-0.04107172980424412,0.11974327413160718
2015,0.0040794043661532275,0.11974327413160718
2015,0.018901663691168746,0.11974327413160718
2015,-0.005024962964015556,0.11974327413160718
2015,0.0017640604915356572,0.11974327413160718
2015,0.033983793266079254,0.11974327413160718
2015,-0.0036279599911756,0.11974327413160718
2015,0.01063861419203696,0.11974327413160718
2015,-0.04745077416965349,0.11974327413160718
2015,0.0021429109956835612,0.11974327413160718
2015,0.023314207469090187,0.11974327413160718
2015,-0.015328364686306495,0.11974327413160718
2015,0.006959097176925999,0.11974327413160718
2015,0.022751102108161503,0.11974327413160718
2015,0.01199543695975902,0.11974327413160718
2015,0.031947417086517715,0.11974327413160718
2015,0.01776167875300927,0.11974327413160718
2015,-0.0056017266744655125,0.11974327413160718
2015,-0.015309158428104874,0.11974327413160718
2015,0.05953367996702674,0.11974327413160718
2015,0.03285150311288898,0.11974327413160718
2015,0.0025077301583571188,0.11974327413160718
2015,-0.028208658512147933,0.11974327413160718
2015,-0.014983830523038533,0.11974327413160718
2015,0.012640714942148135,0.11974327413160718
2015,0.009544010549598664,0.11974327413160718
2015,0.013853584984917955,0.11974327413160718
2015,0.017315517553067705,0.11974327413160718
2015,-0.05796765200412379,0.11974327413160718
2015,0.022563256988180458,0.11974327413160718
2015,0.010989704973505154,0.11974327413160718
2015,-0.012156651056729528,0.11974327413160718
2015,0.011409265675450309,0.11974327413160718
2015,-0.03519014073263804,0.11974327413160718
2015,0.025314980975282286,0.11974327413160718
2015,0.023887090203366657,0.11974327413160718
2015,0.0076384444363066795,0.11974327413160718
2015,-0.006713990129685765,0.11974327413160718
2015,0.006274185528302945,0.11974327413160718
2015,-0.02460182351321044,0.11974327413160718
2015,-0.03321933521424675,0.11974327413160718
2015,-0.03411951115205902,0.11974327413160718
2015,0.004285457381528135,0.11974327413160718
2015,0.025611807924656893,0.11974327413160718
2015,-0.009559056188517073,0.11974327413160718
2015,-0.005470143259912352,0.11974327413160718
2015,0.00032029836144312207,0.11974327413160718
2015,0.018921513941654172,0.11974327413160718
2015,0.005974277467774847,0.11974327413160718
2015,-0.011255361294315314,0.11974327413160718
2015,0.004836038759012451,0.11974327413160718
2015,0.010794551825136223,0.11974327413160718
2015,0.0036531666463165413,0.11974327413160718
2015,-0.039003501454651035,0.11974327413160718
2015,0.037583682451392764,0.11974327413160718
2015,-0.014953117556607054,0.11974327413160718
2015,0.01955029998848179,0.11974327413160718
2015,0.0036920482532523113,0.11974327413160718
2015,0.013509881881525576,0.11974327413160718
2015,-0.006543444628025696,0.11974327413160718
2015,-0.0013165381172919322,0.11974327413160718
2015,-0.019343543853605816,0.11974327413160718
2015,0.008607367194670923,0.11974327413160718
2015,-0.0020234097144926633,0.11974327413160718
2015,-0.0744016815281845,0.11974327413160718
2015,0.0022514298178992753,0.11974327413160718
2015,0.05698857108739053,0.11974327413160718
2015,0.02271144908368461,0.11974327413160718
2015,0.03236320944134441,0.11974327413160718
2015,0.07094016946606763,0.11974327413160718
2015,-0.0046402994635522665,0.11974327413160718
2015,0.025316965873268038,0.11974327413160718
2015,-0.015703372424610507,0.11974327413160718
2015,-0.020530404747407416,0.11974327413160718
2015,0.05230844911868493,0.11974327413160718
2015,-0.06362961550151103,0.11974327413160718
2015,-0.0014651331129912348,0.11974327413160718
2015,-0.0007035977861135079,0.11974327413160718
2015,-0.028164171121526083,0.11974327413160718
2015,0.016911562488628934,0.11974327413160718
2015,0.05523227843156164,0.11974327413160718
2015,-0.014893084799548317,0.11974327413160718
2015,0.003905849819342333,0.11974327413160718
2015,0.002330945167191595,0.11974327413160718
2015,-0.012103832612467114,0.11974327413160718
2015,0.0018525867824440434,0.11974327413160718
2015,-0.013977658123862424,0.11974327413160718
2015,-0.011316910003781988,0.11974327413160718
2015,-0.00536155176851566,0.11974327413160718
2015,0.01834080804117799,0.11974327413160718
2015,0.011821618794575994,0.11974327413160718
2015,0.008702567436360997,0.11974327413160718
2015,0.10814604090811542,0.11974327413160718
2015,0.0006824441831360106,0.11974327413160718
2015,0.016680211962861402,0.11974327413160718
2015,-0.031800431408186225,0.11974327413160718
2015,-0.006301272541867409,0.11974327413160718
2015,-0.0698814477463281,0.11974327413160718
2015,0.0058728426250945764,0.11974327413160718
2015,0.005533793749221694,0.11974327413160718
2015,0.019214356377842134,0.11974327413160718
2015,-0.00735765577604075,0.11974327413160718
2015,0.015492518112753428,0.11974327413160718
2015,0.017774851101315103,0.11974327413160718
2015,0.02150608299645551,0.11974327413160718
2015,0.03044425124313266,0.11974327413160718
2015,0.09761053090309801,0.11974327413160718
2015,-0.02228802691821885,0.11974327413160718
2015,7.076795299587602e-05,0.11974327413160718
2015,0.02473751975694305,0.11974327413160718
2015,0.007888724581064821,0.11974327413160718
2015,0.019146430194792896,0.11974327413160718
2015,0.06732673108434084,0.11974327413160718
2015,0.008350105687719711,0.11974327413160718
2015,0.013291587027894902,0.11974327413160718
2015,-0.0025894654243996673,0.11974327413160718
2015,0.006269819024232848,0.11974327413160718
2015,0.004127412251638651,0.11974327413160718
2015,-0.007057470329003168,0.11974327413160718
2015,0.029584713912431337,0.11974327413160718
2015,-0.010939551363595063,0.11974327413160718
2015,-0.044315181693468375,0.11974327413160718
2015,0.009070990897843911,0.11974327413160718
2015,0.014328049918688857,0.11974327413160718
2015,0.0025888218537248042,0.11974327413160718
2015,-0.003257398448647031,0.11974327413160718
2015,0.01560682042261241,0.11974327413160718
2015,0.014431813175602826,0.11974327413160718
2015,0.008041291678021034,0.11974327413160718
2015,-0.009062390787071245,0.11974327413160718
2015,-0.014014675553996159,0.11974327413160718
2015,-0.005696883694025434,0.11974327413160718
2015,-0.003017377116743769,0.11974327413160718
2015,-0.011365643678070525,0.11974327413160718
2015,0.02886998754078679,0.11974327413160718
2015,0.005466271135765144,0.11974327413160718
2015,-0.022414252354807707,0.11974327413160718
2015,-0.001760520715963998,0.11974327413160718
2015,-0.01865268594339997,0.11974327413160718
2015,0.03669224765013501,0.11974327413160718
2015,-0.023520918243093603,0.11974327413160718
2015,0.04374994069840299,0.11974327413160718
2015,-0.01713405328140516,0.11974327413160718
2015,-0.006877584033808226,0.11974327413160718
2015,0.005873106866960298,0.11974327413160718
2015,0.02163694095001295,0.11974327413160718
2015,0.0031975723227629094,0.11974327413160718
2015,-0.001849425930131432,0.11974327413160718
2015,0.06610423525001419,0.11974327413160718
2015,-0.003197262771793885,0.11974327413160718
2015,0.00039548929572885694,0.11974327413160718
2015,0.028084603177686185,0.11974327413160718
2015,-0.02592254840393149,0.11974327413160718
2015,0.008716994919483245,0.11974327413160718
2015,-0.00026915002615296446,0.11974327413160718
2015,0.0075362271191171115,0.11974327413160718
2015,0.005828246099829071,0.11974327413160718
2015,-0.006092699202434826,0.11974327413160718
2015,0.008281813612141309,0.11974327413160718
2015,-0.013988970503264642,0.11974327413160718
2015,-0.0019789479208322525,0.11974327413160718
2015,0.01718785839882489,0.11974327413160718
2015,0.012612766077304549,0.11974327413160718
2015,0.001874230841909963,0.11974327413160718
2015,0.0010654089204756578,0.11974327413160718
2015,0.029107262100936948,0.11974327413160718
2015,0.006124683095934433,0.11974327413160718
2015,0.0007344328887283202,0.11974327413160718
2015,-0.0103915308337027,0.11974327413160718
2015,-0.02655749977998295,0.11974327413160718
2015,-0.001993259157496624,0.11974327413160718
2015,-0.015430379926592686,0.11974327413160718
2015,-0.024288078877049646,0.11974327413160718
2015,-0.011363458927941217,0.11974327413160718
2015,0.025716109094492845,0.11974327413160718
2015,0.04967106821124834,0.11974327413160718
2015,-0.036349548933535925,0.11974327413160718
2015,-0.00401990057048307,0.11974327413160718
2015,0.008897481323235645,0.11974327413160718
2015,-0.01093401626010937,0.11974327413160718
2015,-0.012530484156799138,0.11974327413160718
2015,-0.009381335221555737,0.11974327413160718
2015,-0.00040540936774458025,0.11974327413160718
2015,-0.07201960474621083,0.11974327413160718
2015,-0.02230610001145905,0.11974327413160718
2015,0.03560193534737377,0.11974327413160718
2015,0.0276656588854568,0.11974327413160718
2015,-0.020113348093059646,0.11974327413160718
2015,0.03100078017360003,0.11974327413160718
2015,-0.0005063685448332134,0.11974327413160718
2015,-0.005244169297130369,0.11974327413160718
2015,0.0006296070848256785,0.11974327413160718
2015,0.01743406414578086,0.11974327413160718
2015,0.026857705188049363,0.11974327413160718
2015,-0.001153410730349691,0.11974327413160718
2015,0.016723469286127363,0.11974327413160718
2015,-0.044710115673276096,0.11974327413160718
2015,-0.009206159872976794,0.11974327413160718
2015,-0.02229500981886301,0.11974327413160718
2015,0.014245165781475555,0.11974327413160718
2015,-0.006885420362895411,0.11974327413160718
2015,-0.06586385023614127,0.11974327413160718
2015,-0.0024363993383761384,0.11974327413160718
2015,0.007546912722674937,0.11974327413160718
2015,0.0091222440335893,0.11974327413160718
2015,0.036857422361516456,0.11974327413160718
2015,0.008538593515795667,0.11974327413160718
2015,-0.010187979235682099,0.11974327413160718
2015,-0.003652307005730604,0.11974327413160718
2015,-0.002938347121944518,0.11974327413160718
2015,0.025359894041040554,0.11974327413160718
2015,0.013389253742092655,0.11974327413160718
2015,-0.011111506513037162,0.11974327413160718
2015,0.022439891102484344,0.11974327413160718
2015,-0.004067208266954947,0.11974327413160718
2015,-0.03776129287016672,0.11974327413160718
2015,0.0010832063097939715,0.11974327413160718
2015,-0.004473787580302924,0.11974327413160718
2015,0.0006727531302262446,0.11974327413160718
2015,-0.008469888327823027,0.11974327413160718
2015,0.02096874865007181,0.11974327413160718
2015,-0.02797073980840148,0.11974327413160718
2015,0.018032365665777372,0.11974327413160718
2015,0.0022509713200442594,0.11974327413160718
2015,0.04523329910090901,0.11974327413160718
2015,-0.0036289947902901076,0.11974327413160718
2015,-0.007224044712346389,0.11974327413160718
2015,-0.09778495961888756,0.11974327413160718
2015,-0.025929214459653016,0.11974327413160718
2015,0.07061554137613602,0.11974327413160718
2015,0.002191258916710237,0.11974327413160718
2015,-0.03698698077839335,0.11974327413160718
2015,0.03100582895584103,0.11974327413160718
2015,-0.02367708403540658,0.11974327413160718
2015,-9.886894086763576e-06,0.11974327413160718
2016,-0.016179836300423744,0.14822575821172632
2016,0.10685896172276421,0.14822575821172632
2016,0.09612605820310138,0.14822575821172632
2016,0.03618278485138915,0.14822575821172632
2016,-0.01391642112898217,0.14822575821172632
2016,-0.00227258140062353,0.14822575821172632
2016,0.01726771932185689,0.14822575821172632
2016,-0.008949238252774883,0.14822575821172632
2016,0.014968959658202163,0.14822575821172632
2016,-0.0066133593420065195,0.14822575821172632
2016,-0.0018045940193726073,0.14822575821172632
2016,0.05778007999583157,0.14822575821172632
2016,-0.0011700428788067319,0.14822575821172632
2016,0.0023300814851089924,0.14822575821172632
2016,-0.011639844464818916,0.14822575821172632
2016,-0.011778469697710903,0.14822575821172632
2016,-0.04615203275274449,0.14822575821172632
2016,0.014328804809039836,0.14822575821172632
2016,0.03420673016216513,0.14822575821172632
2016,-0.038074964110485165,0.14822575821172632
2016,-0.005755267196770775,0.14822575821172632
2016,0.01759245924942715,0.14822575821172632
2016,-0.06986022528998004,0.14822575821172632
2016,-0.03758264156794089,0.14822575821172632
2016,0.023507950160047586,0.14822575821172632
2016,-0.01306105458927076,0.14822575821172632
2016,0.007677524133172575,0.14822575821172632
2016,0.044243813524720066,0.14822575821172632
2016,0.04756942462432834,0.14822575821172632
2016,0.005106095936354416,0.14822575821172632
2016,-0.04924006565070016,0.14822575821172632
2016,-0.03326769304864852,0.14822575821172632
2016,-0.06281687036225514,0.14822575821172632
2016,-0.009336432699337871,0.14822575821172632
2016,-0.048430890355416145,0.14822575821172632
2016,-0.0045628952204482265,0.14822575821172632
2016,-0.0015317400245474788,0.14822575821172632
2016,-0.00380937366869577,0.14822575821172632
2016,0.05936602196515772,0.14822575821172632
2016,0.00523460552521493,0.14822575821172632
2016,0.08389585202335703,0.14822575821172632
2016,-0.013584023259707645,0.14822575821172632
2016,-0.00577917098088665,0.14822575821172632
2016,0.005698994471459079,0.14822575821172632
2016,0.004669584598991222,0.14822575821172632
2016,-0.0771295894081836,0.14822575821172632
2016,-0.022301772242281137,0.14822575821172632
2016,-0.05141382450522658,0.14822575821172632
2016,-0.007171494288075675,0.14822575821172632
2016,0.05560728318702679,0.14822575821172632
2016,-0.04693232245507217,0.14822575821172632
2016,0.02619964021594612,0.14822575821172632
2016,0.025374167936432546,0.14822575821172632
2016,0.004502587441433725,0.14822575821172632
2016,-0.011197044559600244,0.14822575821172632
2016,-0.0002807653031857149,0.14822575821172632
2016,0.023918946351805415,0.14822575821172632
2016,0.02347607032115548,0.14822575821172632
2016,-0.025748275398419396,0.14822575821172632
2016,0.024652904982976565,0.14822575821172632
2016,0.03871642530271979,0.14822575821172632
2016,0.03196930978956691,0.14822575821172632
2016,-0.005217112337693397,0.14822575821172632
2016,0.01578674928925372,0.14822575821172632
2016,0.008893155154068133,0.14822575821172632
2016,-0.044770915274782996,0.14822575821172632
2016,0.015661343232338643,0.14822575821172632
2016,-0.02699971646704391,0.14822575821172632
2016,0.004950979105994485,0.14822575821172632
2016,-0.0030390959764483583,0.14822575821172632
2016,-0.09982974325483385,0.14822575821172632
2016,0.06865119858418045,0.14822575821172632
2016,0.006271175374956861,0.14822575821172632
2016,0.0071206798107059655,0.14822575821172632
2016,0.023606287014259708,0.14822575821172632
2016,0.022116967144010735,0.14822575821172632
2016,0.01270198875852735,0.14822575821172632
2016,-0.018396991965484055,0.14822575821172632
2016,0.03698221464763474,0.14822575821172632
2016,0.0031518830725816294,0.14822575821172632
2016,-0.0017254853682649451,0.14822575821172632
2016,-0.051615143367648164,0.14822575821172632
2016,-0.06057153566937923,0.14822575821172632
2016,0.02635729269280085,0.14822575821172632
2016,0.013483685926005906,0.14822575821172632
2016,-0.016897354318857638,0.14822575821172632
2016,-0.10462626795319918,0.14822575821172632
2016,0.01939365326988496,0.14822575821172632
2016,0.001467962465846434,0.14822575821172632
2016,-0.08809656787550746,0.14822575821172632
2016,-0.03777844574633371,0.14822575821172632
2016,0.02903014713764518,0.14822575821172632
2016,0.02334991818684473,0.14822575821172632
2016,-0.040035903171096954,0.14822575821172632
2016,0.0053023747762310225,0.14822575821172632
2016,0.019769521885479868,0.14822575821172632
2016,0.01333456495023122,0.14822575821172632
2016,0.026953098402214604,0.14822575821172632
2016,0.09144858816982138,0.14822575821172632
2016,0.040207941713095496,0.14822575821172632
2016,-0.021825304792956912,0.14822575821172632
2016,0.008760165691889699,0.14822575821172632
2016,0.049041874854104495,0.14822575821172632
2016,0.02112982432966548,0.14822575821172632
2016,0.0503146768056576,0.14822575821172632
2016,-0.02632464084669739,0.14822575821172632
2016,0.00496683554873012,0.14822575821172632
2016,0.006804226369266669,0.14822575821172632
2016,-0.004615547878021875,0.14822575821172632
2016,-0.03414992839320208,0.14822575821172632
2016,0.0037293788081121937,0.14822575821172632
2016,0.007669828732597361,0.14822575821172632
2016,0.01924767063205568,0.14822575821172632
2016,0.004824898556462981,0.14822575821172632
2016,-0.01459446807224013,0.14822575821172632
2016,0.01654867939936297,0.14822575821172632
2016,-0.04142842188404505,0.14822575821172632
2016,0.011536184516859782,0.14822575821172632
2016,-0.009212275328015496,0.14822575821172632
2016,-0.03347489768501338,0.14822575821172632
2016,0.01833370958849284,0.14822575821172632
2016,0.003069652060063377,0.14822575821172632
2016,0.007553458293048598,0.14822575821172632
2016,-0.016036934971714434,0.14822575821172632
2016,0.012975910262366608,0.14822575821172632
2016,0.014079272684123734,0.14822575821172632
2016,0.008242646402556952,0.14822575821172632
2016,0.008251300815512008,0.14822575821172632
2016,0.001013709166570953,0.14822575821172632
2016,-0.02408036379349443,0.14822575821172632
2016,-0.0029447882015357085,0.14822575821172632
2016,0.013816030436894722,0.14822575821172632
2016,0.020698564449568857,0.14822575821172632
2016,-0.010049763259590921,0.14822575821172632
2016,0.00046149654243332616,0.14822575821172632
2016,0.007025831845301922,0.14822575821172632
2016,0.004872861259599848,0.14822575821172632
2016,-0.0186921020979125,0.14822575821172632
2016,0.013071800689543833,0.14822575821172632
2016,-0.007029927431046135,0.14822575821172632
2016,-0.010272725398370097,0.14822575821172632
2016,-0.017518144960056437,0.14822575821172632
2016,0.006264065849964029,0.14822575821172632
2016,0.024195270455822593,0.14822575821172632
2016,-0.021254892715434015,0.14822575821172632
2016,-0.015713458852408047,0.14822575821172632
2016,0.015495794481940495,0.14822575821172632
2016,0.058133144871123976,0.14822575821172632
2016,-0.047358992319795234,0.14822575821172632
2016,0.001842638157235288,0.14822575821172632
2016,0.05731238362788116,0.14822575821172632
2016,0.0038631262095359387,0.14822575821172632
2016,-0.05163896809557089,0.14822575821172632
2016,0.005890549373719245,0.14822575821172632
2016,-0.03939856273601239,0.14822575821172632
2016,0.020922476221180042,0.14822575821172632
2016,-0.0021550120618509805,0.14822575821172632
2016,-0.03673553259736706,0.14822575821172632
2016,-0.001974093073666472,0.14822575821172632
2016,-0.030763145378279955,0.14822575821172632
2016,-0.0005440487497785362,0.14822575821172632
2016,0.036631955631081126,0.14822575821172632
2016,0.048560035564488735,0.14822575821172632
2016,0.008596785404335394,0.14822575821172632
2016,-0.0072143475823480685,0.14822575821172632
2016,-0.005806401784407944,0.14822575821172632
2016,-2.9719715230747124e-05,0.14822575821172632
2016,-0.001333998432814676,0.14822575821172632
2016,-0.09000438848070358,0.14822575821172632
2016,-0.006663410094463196,0.14822575821172632
2016,0.04553816877105854,0.14822575821172632
2016,0.020378136873848485,0.14822575821172632
2016,-0.008280309604814795,0.14822575821172632
2016,-0.05837612219106103,0.14822575821172632
2016,0.018931543696818598,0.14822575821172632
2016,0.014420225694725619,0.14822575821172632
2016,0.0009426733320885283,0.14822575821172632
2016,0.05294028292219785,0.14822575821172632
2016,-0.003491813376024444,0.14822575821172632
2016,0.04467022833804257,0.14822575821172632
2016,-0.04744147058360615,0.14822575821172632
2016,0.064956987650028,0.14822575821172632
2016,-0.004894545608773282,0.14822575821172632
2016,0.033006887228659854,0.14822575821172632
2016,-0.018392523362530222,0.14822575821172632
2016,-0.01862796191339472,0.14822575821172632
2016,0.009630104981198095,0.14822575821172632
2016,-0.01166247490848582,0.14822575821172632
2016,-0.012145080890036464,0.14822575821172632
2016,0.03882658107956405,0.14822575821172632
2016,0.06204047854232797,0.14822575821172632
2016,-0.060532233265177204,0.14822575821172632
2016,-0.02132448562822814,0.14822575821172632
2016,-0.024733237374246708,0.14822575821172632
2016,0.046738615745078205,0.14822575821172632
2016,0.0017559052205972092,0.14822575821172632
2016,0.027369259045031402,0.14822575821172632
2016,0.0016642904953668158,0.14822575821172632
2016,0.013866865013755447,0.14822575821172632
2016,0.0019761911042934788,0.14822575821172632
2016,-0.034070579820602076,0.14822575821172632
2016,-0.01406367175148876,0.14822575821172632
2016,-0.03414570657225213,0.14822575821172632
2016,0.017299361835005134,0.14822575821172632
2016,0.021064320829378647,0.14822575821172632
2016,0.004448490032908592,0.14822575821172632
2016,-0.053717464886351096,0.14822575821172632
2016,0.0067986530117951915,0.14822575821172632
2016,0.003527708982795058,0.14822575821172632
2016,0.030979635915740045,0.14822575821172632
2016,0.05303195763041946,0.14822575821172632
2016,0.01950439276900673,0.14822575821172632
2016,0.03406965746112689,0.14822575821172632
2016,-0.021344753899451896,0.14822575821172632
2016,-0.0038205424809491517,0.14822575821172632
2016,0.03254252456697837,0.14822575821172632
2016,0.03074382357826755,0.14822575821172632
2016,-0.054775414726345395,0.14822575821172632
2016,-0.10481782013046692,0.14822575821172632
2016,0.023656417725617607,0.14822575821172632
2016,0.0417852504358599,0.14822575821172632
2016,-0.0210297306924081,0.14822575821172632
2016,0.014821307329806799,0.14822575821172632
2016,-0.040703254062109506,0.14822575821172632
2016,0.0006131332288061841,0.14822575821172632
2016,-0.000590774287025253,0.14822575821172632
2016,0.06630341316805988,0.14822575821172632
2016,0.062665530948528,0.14822575821172632
2016,0.03873080705364246,0.14822575821172632
2016,-0.018386617865991273,0.14822575821172632
2016,0.008552463059491033,0.14822575821172632
2016,0.020274833334264997,0.14822575821172632
2016,-0.0055224040425184695,0.14822575821172632
2016,-0.0005278323522091011,0.14822575821172632
2016,0.020513863106013996,0.14822575821172632
2016,-0.004614043856575767,0.14822575821172632
2016,-0.019640440205956233,0.14822575821172632
2016,-0.06027145954428215,0.14822575821172632
2016,0.022841489493956424,0.14822575821172632
2016,0.030957712610097166,0.14822575821172632
2016,0.01614242385751108,0.14822575821172632
2016,0.012708110031203257,0.14822575821172632
2016,-0.014818952056206314,0.14822575821172632
2016,0.05128959500461311,0.14822575821172632
2016,0.04942733391579757,0.14822575821172632
2016,-0.05076244128544327,0.14822575821172632
2016,-0.01109186054901068,0.14822575821172632
2016,-2.7417015764252817e-05,0.14822575821172632
2016,0.013382601974637087,0.14822575821172632
2016,0.007695713637261181,0.14822575821172632
2016,0.08903984227836587,0.14822575821172632
2016,-0.0012843624327267822,0.14822575821172632
2016,0.0029136079855877073,0.14822575821172632
2016,0.017286575005070692,0.14822575821172632
2016,-0.04306019471880018,0.14822575821172632
2016,0.018332329697572758,0.14822575821172632
2016,-0.0014715743548678883,0.14822575821172632
2016,-0.005022443886359584,0.14822575821172632
2016,0.045704923785594154,0.14822575821172632
2016,0.02139971331472676,0.14822575821172632
2016,-0.06447828555792912,0.14822575821172632
2016,-0.02367445641624244,0.14822575821172632
2016,-0.03154140100524416,0.14822575821172632
2016,0.0061291937351238834,0.14822575821172632
2016,0.010073592152552241,0.14822575821172632
2016,0.0012169244651511202,0.14822575821172632
2016,0.0203743017982283,0.14822575821172632
2016,-0.011755842542153117,0.14822575821172632
2016,-0.0009476431779945615,0.14822575821172632
2016,0.0373880814329991,0.14822575821172632
2016,0.01979190741429948,0.14822575821172632
2016,-0.03348083171180449,0.14822575821172632
2016,0.005816287163697531,0.14822575821172632
2016,-0.05300383116343832,0.14822575821172632
2016,0.012046160433738184,0.14822575821172632
2016,0.054516614230246896,0.14822575821172632
2016,0.02703048483281517,0.14822575821172632
2016,-0.014015315904795989,0.14822575821172632
2016,-0.0009006285756517629,0.14822575821172632
2016,0.012025117336550817,0.14822575821172632
2016,-0.03893027062894905,0.14822575821172632
2016,0.05399428985740251,0.14822575821172632
2016,0.01128747549035447,0.14822575821172632
2016,0.005333533484916719,0.14822575821172632
2016,0.03751462327191063,0.14822575821172632
2016,0.009700576618982354,0.14822575821172632
2016,-0.00452347706992795,0.14822575821172632
2016,0.0061393797570072906,0.14822575821172632
2016,0.004905758956717965,0.14822575821172632
2016,0.0016405677110052086,0.14822575821172632
2016,-0.0023235010395214473,0.14822575821172632
2016,0.0234306731764109,0.14822575821172632
2016,0.008233572137724243,0.14822575821172632
2016,-0.012410102659667216,0.14822575821172632
2016,7.261325601043422e-05,0.14822575821172632
2016,0.00134967002219899,0.14822575821172632
2016,0.002958667279098187,0.14822575821172632
2016,0.05366606379350336,0.14822575821172632
2016,-0.004654341738371703,0.14822575821172632
2016,0.02965421753848274,0.14822575821172632
2016,-0.011045524459704192,0.14822575821172632
2016,0.011977072966732005,0.14822575821172632
2016,-0.0126661357907345,0.14822575821172632
2016,0.018881870509858456,0.14822575821172632
2016,-0.04937134682732336,0.14822575821172632
2016,0.010384234558169503,0.14822575821172632
2016,0.006109701907507592,0.14822575821172632
2016,-0.09277940822080266,0.14822575821172632
2016,-0.00302341539892248,0.14822575821172632
2016,-0.003341866673935101,0.14822575821172632
2016,-0.040600960482387816,0.14822575821172632
2016,-0.0012346592218802632,0.14822575821172632
2016,0.022223889764314775,0.14822575821172632
2016,-0.0059626848683305145,0.14822575821172632
2016,-0.02280151976721906,0.14822575821172632
2016,0.021083280057427684,0.14822575821172632
2016,0.02004914914874867,0.14822575821172632
2016,0.055956735568918614,0.14822575821172632
2016,0.04438485167754225,0.14822575821172632
2016,0.028622867172987454,0.14822575821172632
2016,0.012413392011142221,0.14822575821172632
2016,0.011660759735430903,0.14822575821172632
2016,0.020553109473637643,0.14822575821172632
2016,0.06018852359752669,0.14822575821172632
2016,-0.007267345137140557,0.14822575821172632
2016,-0.0016171441374464024,0.14822575821172632
2016,0.10938844874162745,0.14822575821172632
2016,0.03324568822018603,0.14822575821172632
2016,-0.006103857048791017,0.14822575821172632
2016,0.01276102744323071,0.14822575821172632
2016,-0.0176344952244456,0.14822575821172632
2016,0.010800334171231496,0.14822575821172632
2016,0.02455600263843749,0.14822575821172632
2016,0.05008889758249169,0.14822575821172632
2016,0.013055950599968363,0.14822575821172632
2016,0.026300703823916638,0.14822575821172632
2016,-0.04859345373038426,0.14822575821172632
2016,0.0004624751643553249,0.14822575821172632
2016,0.00841721077734009,0.14822575821172632
2016,-0.0017773695647168852,0.14822575821172632
2016,0.02814501191549823,0.14822575821172632
2016,0.021494962687335084,0.14822575821172632
2016,0.006635441592999003,0.14822575821172632
2016,-0.07408651733324412,0.14822575821172632
2016,0.0029777385308789595,0.14822575821172632
2016,0.04008404229443663,0.14822575821172632
2016,-0.010123345847213527,0.14822575821172632
2016,-0.03257342425391807,0.14822575821172632
2016,0.08444230839350442,0.14822575821172632
2016,-0.006666982685796685,0.14822575821172632
2016,0.033924487428786176,0.14822575821172632
2016,0.0321370659948077,0.14822575821172632
2016,-0.0116750539276963,0.14822575821172632
2016,-0.009312972505892914,0.14822575821172632
2016,0.02250472555147559,0.14822575821172632
2016,0.02751501660160527,0.14822575821172632
2016,-0.05166139560651084,0.14822575821172632
2016,0.0013953982809100651,0.14822575821172632
2016,0.0506242347695241,0.14822575821172632
2016,-0.0013048678009102144,0.14822575821172632
2016,-0.08052511845935606,0.14822575821172632
2016,-0.008485548266298715,0.14822575821172632
2016,0.008665127577761556,0.14822575821172632
2016,-0.037148810712137326,0.14822575821172632
2016,-0.012519120374021253,0.14822575821172632
2016,-0.008673230630041384,0.14822575821172632
2016,-0.0547853406277401,0.14822575821172632
2016,0.049903337937135306,0.14822575821172632
2016,0.020668487648151324,0.14822575821172632
2016,-0.029746814908840347,0.14822575821172632
2016,0.01650724836374129,0.14822575821172632
2016,0.037663852751587124,0.14822575821172632
2016,0.008002688689595194,0.14822575821172632
2016,-0.005726542031486925,0.14822575821172632
2016,0.025531343696604702,0.14822575821172632
2016,-0.01806924451395653,0.14822575821172632
2016,-0.0011024757567248689,0.14822575821172632
2016,-0.09556698302467725,0.14822575821172632
2016,-0.009071452894647392,0.14822575821172632
2016,0.004698141102789988,0.14822575821172632
2016,0.022928369776502144,0.14822575821172632
2016,0.007926321347738019,0.14822575821172632
2016,-0.021374530467434982,0.14822575821172632
2016,-0.002430137599805815,0.14822575821172632
2016,-0.02021382329642951,0.14822575821172632
2016,-0.03238768884325538,0.14822575821172632
2016,-0.02438295980187899,0.14822575821172632
2016,-0.02125677344118415,0.14822575821172632
2016,-0.023682527622651994,0.14822575821172632
2016,-0.057398763924399354,0.14822575821172632
2016,0.004757424302132995,0.14822575821172632
2016,-0.09620180310317283,0.14822575821172632
2016,-0.035283815992625644,0.14822575821172632
2016,-0.0066754977579508434,0.14822575821172632
2016,-0.000483076171457153,0.14822575821172632
2016,-0.0043935303000690595,0.14822575821172632
2016,-0.05551579274568397,0.14822575821172632
2016,0.004980352101733698,0.14822575821172632
2016,-0.011114998177022384,0.14822575821172632
2016,0.020430964858678347,0.14822575821172632
2016,-0.037966872076158564,0.14822575821172632
2016,-0.044076481584948146,0.14822575821172632
2016,-0.000832673858919275,0.14822575821172632
2016,0.008887068760977113,0.14822575821172632
2016,0.010292202309552412,0.14822575821172632
2016,-0.03431108343954076,0.14822575821172632
2016,-0.014255968432625443,0.14822575821172632
2016,0.007126525258270899,0.14822575821172632
2016,-0.00019754073758937452,0.14822575821172632
2016,0.02175132830322668,0.14822575821172632
2016,-0.029503724434305878,0.14822575821172632
2016,-0.007105025978516533,0.14822575821172632
2016,0.0397689910537046,0.14822575821172632
2016,0.022011091173907454,0.14822575821172632
2016,0.03667941525651647,0.14822575821172632
2016,0.00436611979720436,0.14822575821172632
2016,0.035293076640529664,0.14822575821172632
2016,-0.012950664165495951,0.14822575821172632
2016,-0.005796996222479867,0.14822575821172632
2016,0.01785095676424331,0.14822575821172632
2016,0.01634888394137546,0.14822575821172632
2016,-0.023126622649478512,0.14822575821172632
2016,-0.05709383360908882,0.14822575821172632
2016,0.10413734443887335,0.14822575821172632
2016,0.01834562320792288,0.14822575821172632
2016,0.01644579757791742,0.14822575821172632
2016,-0.013283168816482893,0.14822575821172632
2016,-0.1099611935688366,0.14822575821172632
2016,-0.03048350017915824,0.14822575821172632
2016,-0.015546887427648148,0.14822575821172632
2016,-0.02937516809745211,0.14822575821172632
2016,-0.01260147774696635,0.14822575821172632
2016,-0.001776449190595053,0.14822575821172632
2016,-0.015135157503066987,0.14822575821172632
2016,-0.017592036703475866,0.14822575821172632
2016,-0.04428940564225026,0.14822575821172632
2016,-0.013289273502604115,0.14822575821172632
2016,0.02522165748016214,0.14822575821172632
2016,-0.02021143714536955,0.14822575821172632
2016,-0.008667629998617699,0.14822575821172632
2016,0.008596502967717079,0.14822575821172632
2016,0.01535911550678859,0.14822575821172632
2016,-0.01028940218324531,0.14822575821172632
2016,-0.025197705107964485,0.14822575821172632
2016,0.011132469805569922,0.14822575821172632
2016,0.009194819837412604,0.14822575821172632
2016,0.04716222097030731,0.14822575821172632
2016,0.02189280793921866,0.14822575821172632
2017,-0.020190330437779402,0.16018623983632896
2017,-0.004732134313762071,0.16018623983632896
2017,-0.023165156859167424,0.16018623983632896
2017,-0.012157759173099303,0.16018623983632896
2017,-0.002904126614114655,0.16018623983632896
2017,-0.00043395695001424706,0.16018623983632896
2017,-0.018357825000524908,0.16018623983632896
2017,0.017628654322598747,0.16018623983632896
2017,0.004892846592562727,0.16018623983632896
2017,-0.03542183282030065,0.16018623983632896
2017,0.002854291287532673,0.16018623983632896
2017,-0.026086294454442216,0.16018623983632896
2017,-0.0031591172860429007,0.16018623983632896
2017,0.023043877744097108,0.16018623983632896
2017,0.03458330572022417,0.16018623983632896
2017,-0.035573503293521436,0.16018623983632896
2017,0.01049237199805575,0.16018623983632896
2017,-0.05155954570942711,0.16018623983632896
2017,0.002530834632260115,0.16018623983632896
2017,-0.007598981658703763,0.16018623983632896
2017,-0.004509491752526518,0.16018623983632896
2017,0.014586791919337982,0.16018623983632896
2017,-0.044693379596352556,0.16018623983632896
2017,0.04169895262654866,0.16018623983632896
2017,-0.014443334760587123,0.16018623983632896
2017,0.005732858204459679,0.16018623983632896
2017,0.008569975444992023,0.16018623983632896
2017,0.0005828064149293599,0.16018623983632896
2017,-0.06101087712184072,0.16018623983632896
2017,0.01649546852113626,0.16018623983632896
2017,-0.03544506276478443,0.16018623983632896
2017,0.02612894922188147,0.16018623983632896
2017,0.020051903469005983,0.16018623983632896
2017,0.014391133281891177,0.16018623983632896
2017,-0.039787029143714125,0.16018623983632896
2017,0.0027110996071346982,0.16018623983632896
2017,0.019638417766311367,0.16018623983632896
2017,0.009518505547178313,0.16018623983632896
2017,0.00025610099581840906,0.16018623983632896
2017,-0.022009059413742427,0.16018623983632896
2017,0.01474069045216242,0.16018623983632896
2017,-0.0034297954214201343,0.16018623983632896
2017,-0.018868162418847145,0.16018623983632896
2017,-0.027922549772605,0.16018623983632896
2017,-0.011062903098833121,0.16018623983632896
2017,-0.016399249924951148,0.16018623983632896
2017,0.0021067211774526973,0.16018623983632896
2017,-0.018275993844573568,0.16018623983632896
2017,0.05518342905639928,0.16018623983632896
2017,-0.005038854363001111,0.16018623983632896
2017,0.053072303185678016,0.16018623983632896
2017,-0.004518475411807055,0.16018623983632896
2017,-0.015421073583532174,0.16018623983632896
2017,0.03272085841666539,0.16018623983632896
2017,0.010107881796879381,0.16018623983632896
2017,-0.04882311329990319,0.16018623983632896
2017,0.06246355032119,0.16018623983632896
2017,-0.04094898112029438,0.16018623983632896
2017,-0.05333290503837529,0.16018623983632896
2017,0.12508067301445847,0.16018623983632896
2017,0.013780606747367363,0.16018623983632896
2017,-0.01801489263164313,0.16018623983632896
2017,0.010023375830097048,0.16018623983632896
2017,-0.008948183155603417,0.16018623983632896
2017,-0.01253359895798023,0.16018623983632896
2017,0.014289623370435933,0.16018623983632896
2017,0.04326314658531727,0.16018623983632896
2017,0.11530872390160019,0.16018623983632896
2017,0.01656619224484357,0.16018623983632896
2017,-0.04056869702992305,0.16018623983632896
2017,0.049163382637489594,0.16018623983632896
2017,-0.06603572225112811,0.16018623983632896
2017,0.042311086413251264,0.16018623983632896
2017,0.00885693921534969,0.16018623983632896
2017,0.027478200449210233,0.16018623983632896
2017,-0.005246609955178894,0.16018623983632896
2017,-0.018768321040406155,0.16018623983632896
2017,0.09137626157633372,0.16018623983632896
2017,0.0044842200371995045,0.16018623983632896
2017,-0.04797093761363569,0.16018623983632896
2017,-0.0311576951609793,0.16018623983632896
2017,0.01374967019815787,0.16018623983632896
2017,-0.004460787960057888,0.16018623983632896
2017,0.015297629024582982,0.16018623983632896
2017,0.0004911364874937707,0.16018623983632896
2017,-0.0007321227152730092,0.16018623983632896
2017,0.02200984248364854,0.16018623983632896
2017,0.07647533826778252,0.16018623983632896
2017,0.06078186240972683,0.16018623983632896
2017,-0.014878007448034913,0.16018623983632896
2017,-0.02087060220943482,0.16018623983632896
2017,-0.0059608138032238855,0.16018623983632896
2017,-0.02970982191204663,0.16018623983632896
2017,0.012931071211971706,0.16018623983632896
2017,-0.0037261855393029286,0.16018623983632896
2017,0.005803554357633578,0.16018623983632896
2017,0.03211619952018002,0.16018623983632896
2017,-0.048604082289510075,0.16018623983632896
2017,-0.011189248301883004,0.16018623983632896
2017,0.009556559754022365,0.16018623983632896
2017,-0.019601204593863386,0.16018623983632896
2017,0.03461465337973846,0.16018623983632896
2017,-0.0020996660632105063,0.16018623983632896
2017,0.044721717399602734,0.16018623983632896
2017,0.033085650723895466,0.16018623983632896
2017,-0.00028000319365034665,0.16018623983632896
2017,0.08996048950376156,0.16018623983632896
2017,-0.012970351975122585,0.16018623983632896
2017,0.06122917044824361,0.16018623983632896
2017,-0.017264819893591743,0.16018623983632896
2017,-0.0028429841565434932,0.16018623983632896
2017,0.014942792177632003,0.16018623983632896
2017,-0.0007082769940403855,0.16018623983632896
2017,0.03412777431527558,0.16018623983632896
2017,-0.015887595660227433,0.16018623983632896
2017,0.005995627401885917,0.16018623983632896
2017,0.006002965903737417,0.16018623983632896
2017,0.010429421769009628,0.16018623983632896
2017,0.03634772815126036,0.16018623983632896
2017,0.026071513675139824,0.16018623983632896
2017,0.023267779755400952,0.16018623983632896
2017,-0.10994850163588776,0.16018623983632896
2017,-0.004610947262912446,0.16018623983632896
2017,-0.012205333062006218,0.16018623983632896
2017,0.020628428873372906,0.16018623983632896
2017,0.0030553745299251034,0.16018623983632896
2017,-0.11614085699198418,0.16018623983632896
2017,0.00030635539340551077,0.16018623983632896
2017,0.010060443538078001,0.16018623983632896
2017,-0.025106618560038152,0.16018623983632896
2017,-0.019766303670651297,0.16018623983632896
2017,0.006766733541641812,0.16018623983632896
2017,-0.008443991506332793,0.16018623983632896
2017,0.11481773310053911,0.16018623983632896
2017,-0.024149620800360205,0.16018623983632896
2017,-0.040255370046864636,0.16018623983632896
2017,0.003681460542184878,0.16018623983632896
2017,-0.016753280415827687,0.16018623983632896
2017,-0.014582907500614972,0.16018623983632896
2017,0.04947640668989439,0.16018623983632896
2017,0.11402912345007854,0.16018623983632896
2017,-0.007082163418785092,0.16018623983632896
2017,0.008775579785437138,0.16018623983632896
2017,0.01758570767641565,0.16018623983632896
2017,-0.004380827402802989,0.16018623983632896
2017,-0.019847639066123635,0.16018623983632896
2017,-0.014788097979897608,0.16018623983632896
2017,0.014088590711021975,0.16018623983632896
2017,-0.0008247528934534065,0.16018623983632896
2017,-0.03375996082633437,0.16018623983632896
2017,0.017031198411529447,0.16018623983632896
2017,0.005908572679957036,0.16018623983632896
2017,0.011912015848346669,0.16018623983632896
2017,0.00942189877692362,0.16018623983632896
2017,-0.00796428342450417,0.16018623983632896
2017,0.03296248302199256,0.16018623983632896
2017,-0.06831816029110904,0.16018623983632896
2017,0.025124830113645302,0.16018623983632896
2017,-0.027044682785096696,0.16018623983632896
2017,-0.012287196041791848,0.16018623983632896
2017,0.016987380562564658,0.16018623983632896
2017,-0.008370214603019399,0.16018623983632896
2017,-0.012056869471108178,0.16018623983632896
2017,-0.0035135067671822617,0.16018623983632896
2017,-0.0016064897850125437,0.16018623983632896
2017,-0.018192151298091208,0.16018623983632896
2017,-0.012730539185842105,0.16018623983632896
2017,0.0477828513944315,0.16018623983632896
2017,-0.04060258101000658,0.16018623983632896
2017,-0.0029218376449398065,0.16018623983632896
2017,-0.024489941341150595,0.16018623983632896
2017,0.004501501682660863,0.16018623983632896
2017,0.02500199883468124,0.16018623983632896
2017,-0.056362619600283104,0.16018623983632896
2017,-0.028475378760214554,0.16018623983632896
2017,0.022886454968405356,0.16018623983632896
2017,-0.09589591769026973,0.16018623983632896
2017,0.017695664338107875,0.16018623983632896
2017,0.015289660931081528,0.16018623983632896
2017,-0.012710912314097045,0.16018623983632896
2017,-0.0037481739283265203,0.16018623983632896
2017,-0.04870827771625602,0.16018623983632896
2017,0.03408271575131849,0.16018623983632896
2017,-0.023770235161280517,0.16018623983632896
2017,0.011384725856487588,0.16018623983632896
2017,-0.0504165120877445,0.16018623983632896
2017,-0.09253617279020954,0.16018623983632896
2017,-0.014400806839277303,0.16018623983632896
2017,-0.01583180969682646,0.16018623983632896
2017,-0.015526408473988784,0.16018623983632896
2017,-0.010671224904262755,0.16018623983632896
2017,-0.0050066034389324165,0.16018623983632896
2017,-0.04789551105940548,0.16018623983632896
2017,0.0037625567562100115,0.16018623983632896
2017,-0.004628077213123749,0.16018623983632896
2017,-0.009787942941245104,0.16018623983632896
2017,-0.0008719210754190021,0.16018623983632896
2017,0.0022356976834191356,0.16018623983632896
2017,-0.03766474355048127,0.16018623983632896
2017,-0.009798045437975966,0.16018623983632896
2017,0.02151308774460181,0.16018623983632896
2017,0.04478682459936523,0.16018623983632896
2017,-0.001683347323344464,0.16018623983632896
2017,0.006787482004234735,0.16018623983632896
2017,0.015070442414590768,0.16018623983632896
2017,-0.022776297187564576,0.16018623983632896
2017,-0.0009867447858994405,0.16018623983632896
2017,-0.0406822807271896,0.16018623983632896
2017,-0.03760822286187793,0.16018623983632896
2017,-0.010354295977200334,0.16018623983632896
2017,-0.005106153125781998,0.16018623983632896
2017,0.13739470998636194,0.16018623983632896
2017,0.040530728551990025,0.16018623983632896
2017,0.05296931949015221,0.16018623983632896
2017,0.04847173836624907,0.16018623983632896
2017,-0.03203356930203349,0.16018623983632896
2017,0.04157209956797869,0.16018623983632896
2017,-0.023565014387726957,0.16018623983632896
2017,0.09204318164162328,0.16018623983632896
2017,0.029406206252623246,0.16018623983632896
2017,-0.0020498634297936302,0.16018623983632896
2017,0.00412393641239861,0.16018623983632896
2017,-0.06412400942151941,0.16018623983632896
2017,-0.0743788296876946,0.16018623983632896
2017,0.06725597431958041,0.16018623983632896
2017,0.043945858487049794,0.16018623983632896
2017,-0.02065052502801301,0.16018623983632896
2017,0.025704326681429968,0.16018623983632896
2017,-0.011260225809882174,0.16018623983632896
2017,-0.004258870855691266,0.16018623983632896
2017,-0.014377237725773762,0.16018623983632896
2017,0.034735019917568055,0.16018623983632896
2017,-0.01016576161977134,0.16018623983632896
2017,-0.002521472400835778,0.16018623983632896
2017,-0.016517720702279637,0.16018623983632896
2017,-0.015421679281071077,0.16018623983632896
2017,-0.0024836616661404465,0.16018623983632896
2017,0.027577957266752495,0.16018623983632896
2017,-0.032779263146146875,0.16018623983632896
2017,-0.07401993611168167,0.16018623983632896
2017,-0.0017816031531290022,0.16018623983632896
2017,-0.008733953696203306,0.16018623983632896
2017,-0.005866093425258567,0.16018623983632896
2017,0.015534927397827303,0.16018623983632896
2017,-0.015704417369327844,0.16018623983632896
2017,0.012744715112689653,0.16018623983632896
2017,-0.025223385393577824,0.16018623983632896
2017,-0.006438089425554683,0.16018623983632896
2017,-0.013568347883265053,0.16018623983632896
2017,0.0052771856922366744,0.16018623983632896
2017,-0.008298160841360258,0.16018623983632896
2017,-0.0438086885453457,0.16018623983632896
2017,-0.06231326453422853,0.16018623983632896
2017,-0.011278326547851603,0.16018623983632896
2017,0.012744073618528473,0.16018623983632896
2017,0.03975779296026061,0.16018623983632896
2017,0.0007803773206837006,0.16018623983632896
2017,-0.08203363046210288,0.16018623983632896
2017,-0.020761502561119166,0.16018623983632896
2017,-0.016378341598555946,0.16018623983632896
2017,0.03782372149366764,0.16018623983632896
2017,-0.007433009589243755,0.16018623983632896
2017,-0.02793130494304963,0.16018623983632896
2017,0.061564919129093565,0.16018623983632896
2017,0.033317481599986154,0.16018623983632896
2017,0.011259021756341636,0.16018623983632896
2017,0.005570090925499677,0.16018623983632896
2017,-0.020490658115814075,0.16018623983632896
2017,0.020539939209493013,0.16018623983632896
2017,0.020588833925567956,0.16018623983632896
2017,-0.00046650536035353074,0.16018623983632896
2017,0.007117767709874379,0.16018623983632896
2017,-0.07347371624860932,0.16018623983632896
2017,-0.012624518211052926,0.16018623983632896
2017,0.024716136093257568,0.16018623983632896
2017,-0.04560967484570111,0.16018623983632896
2017,-0.025247237107030085,0.16018623983632896
2017,0.004838018214709416,0.16018623983632896
2017,-0.003055099612960549,0.16018623983632896
2017,-0.018682281966909353,0.16018623983632896
2017,0.03798452139706954,0.16018623983632896
2017,-0.03971492501995888,0.16018623983632896
2017,-0.04499391363924565,0.16018623983632896
2017,0.03438232136670216,0.16018623983632896
2017,0.020844728507170895,0.16018623983632896
2017,0.06228190099204972,0.16018623983632896
2017,-0.0025035363086281237,0.16018623983632896
2017,-0.038946321328206746,0.16018623983632896
2017,-0.032228290040450525,0.16018623983632896
2017,0.02506517233268102,0.16018623983632896
2017,0.017077216810990614,0.16018623983632896
2017,0.023542026820352835,0.16018623983632896
2017,-0.053786699869843524,0.16018623983632896
2017,-0.028140391903323847,0.16018623983632896
2017,-0.0039060167248488598,0.16018623983632896
2017,0.006284874203879132,0.16018623983632896
2017,-0.012569670262057353,0.16018623983632896
2017,-0.0003073976845926196,0.16018623983632896
2017,0.03850415234801574,0.16018623983632896
2017,0.01098135150172197,0.16018623983632896
2017,0.02600102704976237,0.16018623983632896
2017,0.021492332939886727,0.16018623983632896
2017,0.022203915956501508,0.16018623983632896
2017,0.004799197031481545,0.16018623983632896
2017,-0.010657736574250731,0.16018623983632896
2017,-0.013099149625912493,0.16018623983632896
2017,-0.016018061487777846,0.16018623983632896
2017,-0.03618516371691011,0.16018623983632896
2017,-0.016768398797694428,0.16018623983632896
2017,0.04624345549456044,0.16018623983632896
2017,0.02067530997880107,0.16018623983632896
2017,0.03810655718192174,0.16018623983632896
2017,-0.003437133808561088,0.16018623983632896
2017,-0.035471189144881676,0.16018623983632896
2017,-0.009327877020019304,0.16018623983632896
2017,0.0496727429853796,0.16018623983632896
2017,0.04567977114664756,0.16018623983632896
2017,-0.029881858691408802,0.16018623983632896
2017,-0.02038409905350741,0.16018623983632896
2017,0.09774620745097629,0.16018623983632896
2017,0.020776114632049092,0.16018623983632896
2017,0.06296108103939868,0.16018623983632896
2017,-0.02987355131723113,0.16018623983632896
2017,0.013010134350299296,0.16018623983632896
2017,0.016259236334317084,0.16018623983632896
2017,0.07142823921000935,0.16018623983632896
2017,0.01712609426372652,0.16018623983632896
2017,0.01872159614211255,0.16018623983632896
2017,0.0005755640090956415,0.16018623983632896
2017,-0.024864833403906272,0.16018623983632896
2017,-0.011542806914604964,0.16018623983632896
2017,0.06133982966191498,0.16018623983632896
2017,-0.025425118350880294,0.16018623983632896
2017,0.03130016319500395,0.16018623983632896
2017,0.016492080752742055,0.16018623983632896
2017,0.003953959619010794,0.16018623983632896
2017,0.05771456527912733,0.16018623983632896
2017,0.019532864903666347,0.16018623983632896
2017,0.07973398736082554,0.16018623983632896
2017,0.045395082382336804,0.16018623983632896
2017,-0.007723831669086967,0.16018623983632896
2017,0.00302334175691521,0.16018623983632896
2017,0.011079373774152634,0.16018623983632896
2017,0.0025449578146758967,0.16018623983632896
2017,0.05077834900056155,0.16018623983632896
2017,-0.025811051211250713,0.16018623983632896
2017,-0.0018096334321706653,0.16018623983632896
2017,-0.04637408086016703,0.16018623983632896
2017,-0.04059972845960402,0.16018623983632896
2017,-0.03664564645008661,0.16018623983632896
2017,0.01640682104733321,0.16018623983632896
2017,-0.022958600833579035,0.16018623983632896
2017,-0.008272021728063406,0.16018623983632896
2017,-0.002984488898201909,0.16018623983632896
2017,0.12971837217993343,0.16018623983632896
2017,-0.08795513853015313,0.16018623983632896
2017,-0.012709293888257756,0.16018623983632896
2017,0.02797784007422749,0.16018623983632896
2017,0.04464861136560527,0.16018623983632896
2017,-0.022720961755835378,0.16018623983632896
2017,-0.012799767647646648,0.16018623983632896
2017,-0.014654545866895186,0.16018623983632896
2017,0.0036509239717721353,0.16018623983632896
2017,0.02975376695578541,0.16018623983632896
2017,-0.0004348320677470263,0.16018623983632896
2017,0.09186750785419062,0.16018623983632896
2017,0.0102082532203569,0.16018623983632896
2017,0.020638139148236367,0.16018623983632896
2017,0.024787843308587854,0.16018623983632896
2017,0.018965849438942944,0.16018623983632896
2017,0.0012584824746025847,0.16018623983632896
2017,0.005770342347941937,0.16018623983632896
2017,0.020102847246094013,0.16018623983632896
2017,0.04330733294053124,0.16018623983632896
2017,-0.08523473889811961,0.16018623983632896
2017,-0.04683080187408872,0.16018623983632896
2017,0.03627530120181388,0.16018623983632896
2017,-0.02130813991445424,0.16018623983632896
2017,-0.016480081124122803,0.16018623983632896
2017,-0.013856735530792696,0.16018623983632896
2017,0.019067119958707857,0.16018623983632896
2017,-0.004069915219298087,0.16018623983632896
2017,0.014042578462859945,0.16018623983632896
2017,0.012506153175011248,0.16018623983632896
2017,-0.05676021000021125,0.16018623983632896
2017,-0.0014205460695067007,0.16018623983632896
2017,0.03218681049410077,0.16018623983632896
2017,-0.026586558600367294,0.16018623983632896
2017,0.01693221818478366,0.16018623983632896
2017,-0.0087229245642656,0.16018623983632896
2017,-0.05615369432915507,0.16018623983632896
2017,-0.026209976640506838,0.16018623983632896
2017,0.01310948254843658,0.16018623983632896
2017,0.011668667041774772,0.16018623983632896
2017,-0.019694042620871488,0.16018623983632896
2017,-0.017596372607143196,0.16018623983632896
2017,-0.018823708224925517,0.16018623983632896
2017,0.014334104054708807,0.16018623983632896
2017,-0.03581312178231161,0.16018623983632896
2017,0.005855150504919582,0.16018623983632896
2017,-0.006038496348810263,0.16018623983632896
2017,-0.02309059446845696,0.16018623983632896
2017,-0.008038425544246941,0.16018623983632896
2017,0.007143895256296107,0.16018623983632896
2017,0.022481648821482125,0.16018623983632896
2017,-0.0188534536371468,0.16018623983632896
2017,0.02409446157812911,0.16018623983632896
2017,0.03637169881191804,0.16018623983632896
2017,-0.031582327067454674,0.16018623983632896
2017,0.0007430212618030896,0.16018623983632896
2018,0.06869506190476371,0.16706707516220132
2018,0.015783967617236883,0.16706707516220132
2018,-0.0028192386597692964,0.16706707516220132
2018,-0.0008305642413490855,0.16706707516220132
2018,-0.025748717302108703,0.16706707516220132
2018,0.011048033995298356,0.16706707516220132
2018,0.008888418550096366,0.16706707516220132
2018,0.01210026169411113,0.16706707516220132
2018,-0.0823154354859208,0.16706707516220132
2018,0.021529611255000303,0.16706707516220132
2018,0.025280470605724414,0.16706707516220132
2018,0.03894373161304471,0.16706707516220132
2018,-0.0031634798425609345,0.16706707516220132
2018,0.0016686062146870073,0.16706707516220132
2018,0.014349148229069242,0.16706707516220132
2018,0.007817860171465907,0.16706707516220132
2018,-0.03456690278119412,0.16706707516220132
2018,-0.003243505612170239,0.16706707516220132
2018,-0.04349461463852511,0.16706707516220132
2018,-0.018835755465118287,0.16706707516220132
2018,0.01901237619831142,0.16706707516220132
2018,-0.013619819547221634,0.16706707516220132
2018,0.01752018234761371,0.16706707516220132
2018,-0.0033665769648977273,0.16706707516220132
2018,0.02169278688836762,0.16706707516220132
2018,0.00045579870641265785,0.16706707516220132
2018,0.011732195350254687,0.16706707516220132
2018,0.02362530250177597,0.16706707516220132
2018,0.0019273627671185511,0.16706707516220132
2018,0.0006968261767668071,0.16706707516220132
2018,-0.038753341094675875,0.16706707516220132
2018,-0.028515378255828505,0.16706707516220132
2018,0.01003037789295358,0.16706707516220132
2018,0.01162973685966584,0.16706707516220132
2018,0.028610650800542925,0.16706707516220132
2018,0.008693786549841764,0.16706707516220132
2018,-1.3527581682271084e-05,0.16706707516220132
2018,-0.062447329972981525,0.16706707516220132
2018,-0.043290113405820785,0.16706707516220132
2018,0.008884275169018449,0.16706707516220132
2018,0.007210566570026167,0.16706707516220132
2018,-0.03313964130690117,0.16706707516220132
2018,0.018952995909788606,0.16706707516220132
2018,0.009190475631005779,0.16706707516220132
2018,0.00165758787549386,0.16706707516220132
2018,-0.021883103816896732,0.16706707516220132
2018,-0.03828701778652871,0.16706707516220132
2018,0.029082058672725397,0.16706707516220132
2018,0.028474237995695928,0.16706707516220132
2018,0.06754083613962247,0.16706707516220132
2018,0.01819065763818578,0.16706707516220132
2018,0.0454749304164922,0.16706707516220132
2018,-0.04849650753655066,0.16706707516220132
2018,0.020350095463342766,0.16706707516220132
2018,0.022164517641247605,0.16706707516220132
2018,0.003888920833752918,0.16706707516220132
2018,0.0027470558296259773,0.16706707516220132
2018,-0.035457201382020354,0.16706707516220132
2018,0.036426131355163316,0.16706707516220132
2018,0.02350257013526469,0.16706707516220132
2018,-0.03991029034235705,0.16706707516220132
2018,0.02862535224912982,0.16706707516220132
2018,0.004619956537511238,0.16706707516220132
2018,0.004095227956456116,0.16706707516220132
2018,-0.023854149759290455,0.16706707516220132
2018,-0.03438785659865151,0.16706707516220132
2018,0.008143638117581287,0.16706707516220132
2018,0.12447477094727555,0.16706707516220132
2018,0.0011472776826825792,0.16706707516220132
2018,-0.06532719412027188,0.16706707516220132
2018,0.027367117371177807,0.16706707516220132
2018,-0.01615478801966186,0.16706707516220132
2018,-0.08756737932907366,0.16706707516220132
2018,-0.0806918535695692,0.16706707516220132
2018,-0.0054553913803853105,0.16706707516220132
2018,0.029658586552994914,0.16706707516220132
2018,0.001139689552930867,0.16706707516220132
2018,0.005912167157265946,0.16706707516220132
2018,0.01611723796063369,0.16706707516220132
2018,-0.013457707284111886,0.16706707516220132
2018,-0.07613647744825269,0.16706707516220132
2018,-0.02240169070349632,0.16706707516220132
2018,-0.005540347682354452,0.16706707516220132
2018,-3.307417748188435e-05,0.16706707516220132
2018,0.015007508500031741,0.16706707516220132
2018,0.014717169503829286,0.16706707516220132
2018,-0.01715714617373848,0.16706707516220132
2018,-0.015140550320906332,0.16706707516220132
2018,0.07510861450889839,0.16706707516220132
2018,0.04651138373707897,0.16706707516220132
2018,-0.03341127532632804,0.16706707516220132
2018,-0.029176454081016878,0.16706707516220132
2018,0.04818731367341206,0.16706707516220132
2018,0.021344599632229733,0.16706707516220132
2018,-0.016410660740288296,0.16706707516220132
2018,0.06518797756328154,0.16706707516220132
2018,0.01263435563748272,0.16706707516220132
2018,-0.020978089116237386,0.16706707516220132
2018,0.03756198569500735,0.16706707516220132
2018,-0.009544151752766739,0.16706707516220132
2018,-0.02741524099115966,0.16706707516220132
2018,0.008754009647865851,0.16706707516220132
2018,-0.004648472822011973,0.16706707516220132
2018,0.04332379921322416,0.16706707516220132
2018,0.0063257728009781244,0.16706707516220132
2018,0.00992499258759108,0.16706707516220132
2018,-0.0067066083001338095,0.16706707516220132
2018,0.09127284158363325,0.16706707516220132
2018,0.09460204616688361,0.16706707516220132
2018,-0.018331638218235358,0.16706707516220132
2018,-0.0021982422120779,0.16706707516220132
2018,-0.008933415143496437,0.16706707516220132
2018,-0.024183929769009294,0.16706707516220132
2018,0.002809085364572639,0.16706707516220132
2018,0.02593856651809362,0.16706707516220132
2018,-0.03852508814435601,0.16706707516220132
2018,0.008375085467477894,0.16706707516220132
2018,0.08169169861051484,0.16706707516220132
2018,-0.0036390603625534035,0.16706707516220132
2018,0.03631303244334566,0.16706707516220132
2018,-0.018391017814754163,0.16706707516220132
2018,-0.07988960322788241,0.16706707516220132
2018,0.020836384438174926,0.16706707516220132
2018,-0.0017698403063546864,0.16706707516220132
2018,-9.458345791013567e-05,0.16706707516220132
2018,-0.05396919457784255,0.16706707516220132
2018,0.02746107495822636,0.16706707516220132
2018,0.010980547571092736,0.16706707516220132
2018,0.03229891538845281,0.16706707516220132
2018,0.0011193510786167704,0.16706707516220132
2018,0.02914663711677795,0.16706707516220132
2018,0.00661525995713419,0.16706707516220132
2018,0.03104614634593561,0.16706707516220132
2018,-0.030486474279414977,0.16706707516220132
2018,-0.0002773998124557253,0.16706707516220132
2018,-0.02109190775856007,0.16706707516220132
2018,0.004272284313297847,0.16706707516220132
2018,-0.002137190274016376,0.16706707516220132
2018,0.0009029419032370867,0.16706707516220132
2018,-0.02147466610365001,0.16706707516220132
2018,0.06287575332055617,0.16706707516220132
2018,0.0007079825874807821,0.16706707516220132
2018,0.0842910294893342,0.16706707516220132
2018,0.010188361924419631,0.16706707516220132
2018,0.01586307591325603,0.16706707516220132
2018,-0.025915246660465074,0.16706707516220132
2018,0.01352926814231542,0.16706707516220132
2018,-0.05949238442635396,0.16706707516220132
2018,-0.04203920741020628,0.16706707516220132
2018,0.020308588235459724,0.16706707516220132
2018,-0.04640445596274656,0.16706707516220132
2018,0.02359018532333984,0.16706707516220132
2018,0.005957129699615704,0.16706707516220132
2018,0.01911847074930309,0.16706707516220132
2018,0.01662578772086981,0.16706707516220132
2018,0.06060437478139258,0.16706707516220132
2018,-0.1281671626721752,0.16706707516220132
2018,0.023364247900989593,0.16706707516220132
2018,-0.0034890511965972593,0.16706707516220132
2018,-0.016202726660107913,0.16706707516220132
2018,0.042100906478359845,0.16706707516220132
2018,0.03467637967459991,0.16706707516220132
2018,0.011567004038787743,0.16706707516220132
2018,0.04683751064233099,0.16706707516220132
2018,-0.05977819542269158,0.16706707516220132
2018,0.011944097551779997,0.16706707516220132
2018,-0.005920401381726004,0.16706707516220132
2018,0.008677144143430654,0.16706707516220132
2018,0.025455985710454376,0.16706707516220132
2018,-0.02489517319850504,0.16706707516220132
2018,0.05071967453011228,0.16706707516220132
2018,0.03307182623402921,0.16706707516220132
2018,-0.038044861847954636,0.16706707516220132
2018,-0.028743371110072746,0.16706707516220132
2018,0.0035731423794379547,0.16706707516220132
2018,-0.008506102452323416,0.16706707516220132
2018,0.016898321360879764,0.16706707516220132
2018,0.033852442523461534,0.16706707516220132
2018,0.005552392113113758,0.16706707516220132
2018,-0.0349530089271477,0.16706707516220132
2018,0.03600757059276283,0.16706707516220132
2018,0.012030199001359487,0.16706707516220132
2018,-0.023400095158718326,0.16706707516220132
2018,0.01434271020118788,0.16706707516220132
2018,0.01685308801437113,0.16706707516220132
2018,0.01333454757950403,0.16706707516220132
2018,0.024629045843026387,0.16706707516220132
2018,0.00400389353643732,0.16706707516220132
2018,-0.023141640297399346,0.16706707516220132
2018,-0.04082527748882736,0.16706707516220132
2018,-0.018028655648592684,0.16706707516220132
2018,0.013366092353231634,0.16706707516220132
2018,0.08903697681647088,0.16706707516220132
2018,0.01777163475963539,0.16706707516220132
2018,0.005980429714103175,0.16706707516220132
2018,-0.025403743147751318,0.16706707516220132
2018,-0.018259774911739635,0.16706707516220132
2018,0.006122866240143576,0.16706707516220132
2018,0.022942714564348266,0.16706707516220132
2018,0.021489386073051897,0.16706707516220132
2018,0.020365811367912157,0.16706707516220132
2018,-0.0023137177688415944,0.16706707516220132
2018,0.022341559211596196,0.16706707516220132
2018,-0.03333183239113624,0.16706707516220132
2018,0.0012167683077445868,0.16706707516220132
2018,-0.03395002324564267,0.16706707516220132
2018,0.06349904259011774,0.16706707516220132
2018,-0.01728431334450653,0.16706707516220132
2018,-0.012518602440649507,0.16706707516220132
2018,-0.010893106442409928,0.16706707516220132
2018,-0.03868174910943156,0.16706707516220132
2018,-0.03550923171658604,0.16706707516220132
2018,0.025299357086798868,0.16706707516220132
2018,0.024625645708173716,0.16706707516220132
2018,0.010305326225741873,0.16706707516220132
2018,-0.0053704443289694925,0.16706707516220132
2018,-0.015380330579104706,0.16706707516220132
2018,-0.0015349784598157057,0.16706707516220132
2018,0.06163338633622795,0.16706707516220132
2018,0.007995823177482042,0.16706707516220132
2018,0.030083640298397496,0.16706707516220132
2018,-0.019006012925478988,0.16706707516220132
2018,-0.022562347876228905,0.16706707516220132
2018,-0.019514625693663357,0.16706707516220132
2018,0.010102907853760223,0.16706707516220132
2018,0.01878312681650507,0.16706707516220132
2018,-0.013894919187012134,0.16706707516220132
2018,-0.06825702995426575,0.16706707516220132
2018,0.01799617327229691,0.16706707516220132
2018,0.028738099732077638,0.16706707516220132
2018,0.043523711076514204,0.16706707516220132
2018,-0.03611615839557025,0.16706707516220132
2018,0.01402898341880865,0.16706707516220132
2018,0.041372518254977564,0.16706707516220132
2018,0.047576272408147435,0.16706707516220132
2018,-0.010813741145946354,0.16706707516220132
2018,0.002597899501244949,0.16706707516220132
2018,0.00841665737959274,0.16706707516220132
2018,-0.03215581708622933,0.16706707516220132
2018,0.016144523233984298,0.16706707516220132
2018,-0.006582886479036931,0.16706707516220132
2018,0.005702971504011334,0.16706707516220132
2018,0.012510242346678524,0.16706707516220132
2018,-0.020407292348974593,0.16706707516220132
2018,-0.009393533864281878,0.16706707516220132
2018,0.03435778957846247,0.16706707516220132
2018,-0.004908542522013892,0.16706707516220132
2018,-0.008859022517724968,0.16706707516220132
2018,-0.016357684331728573,0.16706707516220132
2018,0.02185531651869721,0.16706707516220132
2018,0.014173788455095898,0.16706707516220132
2018,0.006199531585439982,0.16706707516220132
2018,-0.004379247873311232,0.16706707516220132
2018,-0.014001208651117869,0.16706707516220132
2018,0.05365968958350775,0.16706707516220132
2018,0.039686754640025135,0.16706707516220132
2018,0.02106535393758835,0.16706707516220132
2018,0.011562976111189283,0.16706707516220132
2018,0.010306595759090542,0.16706707516220132
2018,-0.007192508000300912,0.16706707516220132
2018,-0.0398661711102975,0.16706707516220132
2018,-0.003450239678613576,0.16706707516220132
2018,0.054952071935342905,0.16706707516220132
2018,-0.00760294920820942,0.16706707516220132
2018,-0.043785525380297896,0.16706707516220132
2018,0.01291782953920062,0.16706707516220132
2018,0.004482326137477677,0.16706707516220132
2018,0.0015398554196341951,0.16706707516220132
2018,0.0173439914993469,0.16706707516220132
2018,-0.0006593187779914134,0.16706707516220132
2018,0.01841483274819322,0.16706707516220132
2018,-0.011599896646534713,0.16706707516220132
2018,0.01367802327486009,0.16706707516220132
2018,0.005633271656336314,0.16706707516220132
2018,0.0042578670250643935,0.16706707516220132
2018,0.049421819450876314,0.16706707516220132
2018,0.01963917036914442,0.16706707516220132
2018,-0.09077467962069852,0.16706707516220132
2018,-0.0605124779153261,0.16706707516220132
2018,0.047249597513776775,0.16706707516220132
2018,0.030624624276475165,0.16706707516220132
2018,0.02942870496535288,0.16706707516220132
2018,0.01334652134403208,0.16706707516220132
2018,0.03252480038588923,0.16706707516220132
2018,0.01470446789323332,0.16706707516220132
2018,-0.07825118240952122,0.16706707516220132
2018,0.023823516093454344,0.16706707516220132
2018,0.0033505738752692693,0.16706707516220132
2018,0.0003968368108518139,0.16706707516220132
2018,-0.039940520981343486,0.16706707516220132
2018,0.014653334725219236,0.16706707516220132
2018,0.010572159495002509,0.16706707516220132
2018,0.026979085866385977,0.16706707516220132
2018,-0.00974778671512111,0.16706707516220132
2018,-0.014970975182899054,0.16706707516220132
2018,0.0073505476507521594,0.16706707516220132
2018,-0.004545401842685509,0.16706707516220132
2018,-0.02582841179012546,0.16706707516220132
2018,-0.04571627600394251,0.16706707516220132
2018,-0.06742443838304302,0.16706707516220132
2018,-0.03167843866113029,0.16706707516220132
2018,0.013131394941872654,0.16706707516220132
2018,-0.0026624269054482813,0.16706707516220132
2018,-0.004349993675234351,0.16706707516220132
2018,0.01017297559759367,0.16706707516220132
2018,-0.07629281812709487,0.16706707516220132
2018,-0.0185690902537875,0.16706707516220132
2018,-0.010876708391256262,0.16706707516220132
2018,-0.023265943646893494,0.16706707516220132
2018,-0.014065771568023744,0.16706707516220132
2018,0.01764819600549744,0.16706707516220132
2018,-0.023703867031564352,0.16706707516220132
2018,-0.022111638665524458,0.16706707516220132
2018,-0.0280739489227671,0.16706707516220132
2018,-0.037147796979320025,0.16706707516220132
2018,-0.006029731669846716,0.16706707516220132
2018,-0.09183447244679943,0.16706707516220132
2018,0.04398166380733365,0.16706707516220132
2018,1.698708932804105e-05,0.16706707516220132
2018,-0.006925661810139205,0.16706707516220132
2018,-0.05302626882518946,0.16706707516220132
2018,0.002600434032913268,0.16706707516220132
2018,-0.00298813986049129,0.16706707516220132
2018,-0.018471140845491674,0.16706707516220132
2018,0.028844437767124143,0.16706707516220132
2018,-0.02468740718590412,0.16706707516220132
2018,0.07973011960466336,0.16706707516220132
2018,-0.0031047565985562464,0.16706707516220132
2018,0.006304209140904793,0.16706707516220132
2018,0.0169564955554123,0.16706707516220132
2018,0.06543743544061442,0.16706707516220132
2018,0.0030315385765105063,0.16706707516220132
2018,-0.019354859555892834,0.16706707516220132
2018,-0.01253033402423731,0.16706707516220132
2018,0.008697544657585266,0.16706707516220132
2018,0.011312223119088666,0.16706707516220132
2018,-0.0322659020842212,0.16706707516220132
2018,-0.04662581705189894,0.16706707516220132
2018,0.01940129457714196,0.16706707516220132
2018,-0.009081652097986365,0.16706707516220132
2018,-0.03177523595688525,0.16706707516220132
2018,-3.4346309639582406e-05,0.16706707516220132
2018,-0.04512269000148983,0.16706707516220132
2018,-0.02069692522457961,0.16706707516220132
2018,-0.0073774984022108026,0.16706707516220132
2018,-0.023443489028560416,0.16706707516220132
2018,-0.05421096582656959,0.16706707516220132
2018,0.004122454556240579,0.16706707516220132
2018,0.014115950781830866,0.16706707516220132
2018,0.013010275688130513,0.16706707516220132
2018,-0.0016263043853658177,0.16706707516220132
2018,-0.003104463077474459,0.16706707516220132
2018,-0.013189572486223877,0.16706707516220132
2018,-0.03588196065716398,0.16706707516220132
2018,-0.0023964799438117024,0.16706707516220132
2018,0.04494379801980142,0.16706707516220132
2018,-0.0319373748104359,0.16706707516220132
2018,0.004593662303650881,0.16706707516220132
2018,-0.013484856892212238,0.16706707516220132
2018,0.008644854084124465,0.16706707516220132
2018,0.011476288326872863,0.16706707516220132
2018,-0.021225854416753842,0.16706707516220132
2018,0.03253150062062482,0.16706707516220132
2018,-0.06188006371991539,0.16706707516220132
2018,-0.018491243182224726,0.16706707516220132
2018,0.021487533341368437,0.16706707516220132
2018,-0.08749708058729633,0.16706707516220132
2018,-0.03332021109408767,0.16706707516220132
2018,-0.007843306200792766,0.16706707516220132
2018,-0.030616860576144322,0.16706707516220132
2018,0.008677794651995807,0.16706707516220132
2018,0.003996330251531344,0.16706707516220132
2018,-0.1174937727032388,0.16706707516220132
2018,0.00894473577960242,0.16706707516220132
2018,0.04613207586958912,0.16706707516220132
2018,-0.02507261747953221,0.16706707516220132
2018,0.019005316924706278,0.16706707516220132
2018,0.02457513006680201,0.16706707516220132
2018,-0.047603531292579104,0.16706707516220132
2018,-0.016797501969803258,0.16706707516220132
2018,0.00921776934564672,0.16706707516220132
2018,-0.00380949686842752,0.16706707516220132
2018,0.007149265946455596,0.16706707516220132
2018,0.018986427605700684,0.16706707516220132
2018,-0.022760702220161133,0.16706707516220132
2018,-0.03749347781608131,0.16706707516220132
2018,-0.010409175043010865,0.16706707516220132
2018,-0.005499064058996528,0.16706707516220132
2018,0.01135069316778703,0.16706707516220132
2018,-0.0518096602151078,0.16706707516220132
2018,0.021446597786329513,0.16706707516220132
2018,-0.02254792236312078,0.16706707516220132
2018,-0.009384064835651407,0.16706707516220132
2018,-0.014544360953540114,0.16706707516220132
2018,-0.020516230651492218,0.16706707516220132
2018,0.0017340140759491973,0.16706707516220132
2018,-0.04007653702616998,0.16706707516220132
2018,-0.007598490151544013,0.16706707516220132
2018,-0.015445545530448385,0.16706707516220132
2018,-0.038586142677904056,0.16706707516220132
2018,0.054533811865172144,0.16706707516220132
2018,0.06632717726913517,0.16706707516220132
2018,-0.011730273063698893,0.16706707516220132
2018,0.006991560342265113,0.16706707516220132
2018,0.0010329714019238212,0.16706707516220132
2018,-0.07602205371782778,0.16706707516220132
2018,-0.0063393924435986015,0.16706707516220132
2018,0.0070033263985762595,0.16706707516220132
2018,-0.042871355091074315,0.16706707516220132
2018,0.018505821873074646,0.16706707516220132
2018,0.02227270263377279,0.16706707516220132
2018,-0.04678742155175453,0.16706707516220132
2018,-0.010726661999455267,0.16706707516220132
2018,0.022817286876214538,0.16706707516220132
2018,0.013327847190050035,0.16706707516220132
2018,-6.864698923303436e-06,0.16706707516220132
2018,-0.0019824277059858897,0.16706707516220132
2018,0.014097026396278967,0.16706707516220132
2018,-0.012747810728709341,0.16706707516220132
2018,-0.01699955568052347,0.16706707516220132
2018,0.10947838877802729,0.16706707516220132
2018,0.004005298453960637,0.16706707516220132
2018,-0.019372121364948758,0.16706707516220132
2018,-0.01919104481416034,0.16706707516220132
2018,-0.07091630768169321,0.16706707516220132
2018,0.014856752399575068,0.16706707516220132
2018,0.011435802173190956,0.16706707516220132
2018,0.06252661046259622,0.16706707516220132
2018,-0.016814620824607163,0.16706707516220132
2018,-0.0002734737851083635,0.16706707516220132
2018,0.0070186300516010824,0.16706707516220132
2018,-0.03437473351962739,0.16706707516220132
2018,0.04554332186656418,0.16706707516220132
2018,0.08999472324401692,0.16706707516220132
2018,0.010577712390049676,0.16706707516220132
2018,0.03129301360143527,0.16706707516220132
2019,0.029608664692277187,0.16004858247132908
2019,-0.010291376926923557,0.16004858247132908
2019,0.04133896567652462,0.16004858247132908
2019,0.01916910492333604,0.16004858247132908
2019,-0.0160093901453775,0.16004858247132908
2019,-0.06714709500312965,0.16004858247132908
2019,-0.01131953264671659,0.16004858247132908
2019,0.02071244404361766,0.16004858247132908
2019,-0.0038339586657397673,0.16004858247132908
2019,0.008516358129887852,0.16004858247132908
2019,0.03936927763301101,0.16004858247132908
2019,-0.045435473941810356,0.16004858247132908
2019,-0.00230504339091131,0.16004858247132908
2019,-0.0459262057876757,0.16004858247132908
2019,-0.0075666871056718765,0.16004858247132908
2019,-0.02953812657121402,0.16004858247132908
2019,0.013347786609693935,0.16004858247132908
2019,0.010499260543646693,0.16004858247132908
2019,-0.03201454138735882,0.16004858247132908
2019,0.018276875754467792,0.16004858247132908
2019,0.019332889701321965,0.16004858247132908
2019,-0.020124058035872805,0.16004858247132908
2019,-0.019586416288705888,0.16004858247132908
2019,0.02039523856611869,0.16004858247132908
2019,0.024615090263203854,0.16004858247132908
2019,0.03734893027499686,0.16004858247132908
2019,-0.004619830966817118,0.16004858247132908
2019,0.002598634714532977,0.16004858247132908
2019,0.0011084278701647132,0.16004858247132908
2019,0.022726686149797115,0.16004858247132908
2019,-0.0030316578625625423,0.16004858247132908
2019,0.020617769559273025,0.16004858247132908
2019,0.01936380829388129,0.16004858247132908
2019,0.009542520461321063,0.16004858247132908
2019,0.004200631888289397,0.16004858247132908
2019,-0.03989381942653247,0.16004858247132908
2019,0.03210166094361655,0.16004858247132908
2019,0.001844566475250553,0.16004858247132908
2019,-0.013714187855067173,0.16004858247132908
2019,0.030692831160680556,0.16004858247132908
2019,-0.035727100121756505,0.16004858247132908
2019,-0.009700806642251814,0.16004858247132908
2019,-0.039037784390578645,0.16004858247132908
2019,-0.0062479521642997415,0.16004858247132908
2019,-0.03662284609819355,0.16004858247132908
2019,-0.012402978587003233,0.16004858247132908
2019,0.0068186006592304005,0.16004858247132908
2019,-0.0384592540969404,0.16004858247132908
2019,0.06777482291672099,0.16004858247132908
2019,0.0192543781340917,0.16004858247132908
2019,0.004617547463417637,0.16004858247132908
2019,0.019230351527396605,0.16004858247132908
2019,-0.042389459273168395,0.16004858247132908
2019,0.002377988629452543,0.16004858247132908
2019,0.01848867463767767,0.16004858247132908
2019,0.016042265419782153,0.16004858247132908
2019,-0.050192693501744046,0.16004858247132908
2019,-0.013087301822707176,0.16004858247132908
2019,0.06674873990094066,0.16004858247132908
2019,-0.020682549672791817,0.16004858247132908
2019,-0.020284202220218595,0.16004858247132908
2019,0.008457737234468021,0.16004858247132908
2019,0.013303091054561123,0.16004858247132908
2019,-0.0109322857470322,0.16004858247132908
2019,-0.06347299213872809,0.16004858247132908
2019,0.08262902776021086,0.16004858247132908
2019,0.021027452692231663,0.16004858247132908
2019,0.013058072719559721,0.16004858247132908
2019,0.022946565343975822,0.16004858247132908
2019,-0.03705066232229226,0.16004858247132908
2019,0.06760432408562478,0.16004858247132908
2019,0.011003263194374613,0.16004858247132908
2019,0.015891292636228127,0.16004858247132908
2019,0.012485212541129664,0.16004858247132908
2019,0.0213726226726908,0.16004858247132908
2019,-0.0007429855873383184,0.16004858247132908
2019,0.06236227723133214,0.16004858247132908
2019,-0.022114876218325974,0.16004858247132908
2019,0.008006617111806669,0.16004858247132908
2019,-0.036693884654957154,0.16004858247132908
2019,0.03609806269750754,0.16004858247132908
2019,0.0009537585356492739,0.16004858247132908
2019,-0.039412601610211206,0.16004858247132908
2019,0.016448995773802766,0.16004858247132908
2019,0.03879358349454276,0.16004858247132908
2019,0.06222165764969345,0.16004858247132908
2019,-0.001000701262470316,0.16004858247132908
2019,-0.00910419602355067,0.16004858247132908
2019,0.0062347426510125925,0.16004858247132908
2019,0.0225271599239808,0.16004858247132908
2019,-0.030786276031482762,0.16004858247132908
2019,-0.06572805730779097,0.16004858247132908
2019,-0.016671121475621442,0.16004858247132908
2019,0.028994524470908667,0.16004858247132908
2019,0.013867291525382908,0.16004858247132908
2019,0.04701969461609551,0.16004858247132908
2019,0.06715543117519185,0.16004858247132908
2019,-0.0023876464361238803,0.16004858247132908
2019,0.03207959322637288,0.16004858247132908
2019,-0.0031833924543535064,0.16004858247132908
2019,-0.04978044602735787,0.16004858247132908
2019,0.010458153541574144,0.16004858247132908
2019,0.038905184067180576,0.16004858247132908
2019,0.007628678121634452,0.16004858247132908
2019,-0.021051724999900268,0.16004858247132908
2019,-0.04110804008002411,0.16004858247132908
2019,-0.007326464554956946,0.16004858247132908
2019,-0.03583590786235069,0.16004858247132908
2019,0.009451214466410979,0.16004858247132908
2019,0.021112066900526083,0.16004858247132908
2019,0.03607072307687442,0.16004858247132908
2019,-0.03348603963351371,0.16004858247132908
2019,-0.014563710206079827,0.16004858247132908
2019,0.050098353677585084,0.16004858247132908
2019,-0.02811160880735397,0.16004858247132908
2019,-0.01750216084938855,0.16004858247132908
2019,0.009313979945567374,0.16004858247132908
2019,0.0014509380062348864,0.16004858247132908
2019,-0.041799752695434456,0.16004858247132908
2019,0.03013637167494765,0.16004858247132908
2019,0.023899195289715625,0.16004858247132908
2019,0.0010140352517022388,0.16004858247132908
2019,-0.017661410733013194,0.16004858247132908
2019,-0.004807327137446249,0.16004858247132908
2019,-0.011000170810617327,0.16004858247132908
2019,-0.028513431637480213,0.16004858247132908
2019,-0.006629725301875389,0.16004858247132908
2019,-0.013332057895718563,0.16004858247132908
2019,0.02626842759264203,0.16004858247132908
2019,0.03601486434924167,0.16004858247132908
2019,-0.06737991421505252,0.16004858247132908
2019,-0.013034378734943508,0.16004858247132908
2019,-0.03636388704373272,0.16004858247132908
2019,-0.012421076152389715,0.16004858247132908
2019,0.03761701575176396,0.16004858247132908
2019,-0.046269052754831286,0.16004858247132908
2019,0.007606035805795275,0.16004858247132908
2019,0.02880154231513732,0.16004858247132908
2019,0.016573536290466873,0.16004858247132908
2019,-0.04339865066017912,0.16004858247132908
2019,-0.006964290409754825,0.16004858247132908
2019,0.038694156729311535,0.16004858247132908
2019,0.008201390944745313,0.16004858247132908
2019,0.04162930474503923,0.16004858247132908
2019,-0.002121763425854406,0.16004858247132908
2019,-0.008456207364145263,0.16004858247132908
2019,-0.005525544064570592,0.16004858247132908
2019,0.05091950093799025,0.16004858247132908
2019,-0.04432227426652924,0.16004858247132908
2019,-0.030306192276269628,0.16004858247132908
2019,0.05734909096055962,0.16004858247132908
2019,0.04637133849111108,0.16004858247132908
2019,-0.026342805216015952,0.16004858247132908
2019,-0.036523481307361716,0.16004858247132908
2019,0.013824314189496367,0.16004858247132908
2019,-0.009991415828211031,0.16004858247132908
2019,0.07120113213217061,0.16004858247132908
2019,0.006450214135866494,0.16004858247132908
2019,0.012652150593922717,0.16004858247132908
2019,-0.02755932938382727,0.16004858247132908
2019,-0.008042355682410962,0.16004858247132908
2019,0.005152322218887728,0.16004858247132908
2019,0.008277468690010559,0.16004858247132908
2019,0.002615124175079586,0.16004858247132908
2019,0.0023391685616009905,0.16004858247132908
2019,-0.01709511532309972,0.16004858247132908
2019,0.03870498637715969,0.16004858247132908
2019,-0.012677611089382368,0.16004858247132908
2019,0.032834357705880945,0.16004858247132908
2019,0.055732298931165825,0.16004858247132908
2019,0.008546800833406865,0.16004858247132908
2019,-0.011908186750789751,0.16004858247132908
2019,0.00038931541708098205,0.16004858247132908
2019,0.03112570860577102,0.16004858247132908
2019,-0.0321521116293384,0.16004858247132908
2019,-0.04874292790216117,0.16004858247132908
2019,0.005779843081743785,0.16004858247132908
2019,-0.0383874713156831,0.16004858247132908
2019,0.023840069770267203,0.16004858247132908
2019,0.0015486235608828114,0.16004858247132908
2019,0.00786339971717176,0.16004858247132908
2019,0.002282657757225387,0.16004858247132908
2019,0.018150112697907672,0.16004858247132908
2019,0.004625845652410948,0.16004858247132908
2019,0.011466879164232863,0.16004858247132908
2019,0.011978245471188545,0.16004858247132908
2019,-0.03512819620869245,0.16004858247132908
2019,-0.05926457003466601,0.16004858247132908
2019,-0.0367310713449418,0.16004858247132908
2019,0.006475460952068857,0.16004858247132908
2019,-0.01871417319025004,0.16004858247132908
2019,-0.024369778067159786,0.16004858247132908
2019,-0.024003672239200746,0.16004858247132908
2019,-0.038346360873764196,0.16004858247132908
2019,0.08203204152255039,0.16004858247132908
2019,-0.005237259149588502,0.16004858247132908
2019,-0.044769862571014674,0.16004858247132908
2019,0.008330960182269642,0.16004858247132908
2019,0.038174518845222494,0.16004858247132908
2019,0.03429838879403424,0.16004858247132908
2019,-0.01775984975684053,0.16004858247132908
2019,-0.016399087064782547,0.16004858247132908
2019,0.020402824857883695,0.16004858247132908
2019,-0.02903105833494629,0.16004858247132908
2019,0.022685236707896794,0.16004858247132908
2019,0.030926966366045694,0.16004858247132908
2019,-0.01574758924170505,0.16004858247132908
2019,0.0014109301349272685,0.16004858247132908
2019,0.017551976622140364,0.16004858247132908
2019,0.006257511754711578,0.16004858247132908
2019,-0.02304371547028894,0.16004858247132908
2019,-0.009789916087798833,0.16004858247132908
2019,0.015053228289428455,0.16004858247132908
2019,0.010438950249772233,0.16004858247132908
2019,0.022684760083320654,0.16004858247132908
2019,0.009312642610607602,0.16004858247132908
2019,0.019943922981828732,0.16004858247132908
2019,-0.060739506013999356,0.16004858247132908
2019,0.04371223530620749,0.16004858247132908
2019,-0.014429806067824513,0.16004858247132908
2019,0.02197738002948091,0.16004858247132908
2019,-0.008045486011911573,0.16004858247132908
2019,-0.02117031821937132,0.16004858247132908
2019,-0.012580751744186297,0.16004858247132908
2019,0.00012116679230572691,0.16004858247132908
2019,0.03187146944734509,0.16004858247132908
2019,0.01950235150043328,0.16004858247132908
2019,-0.0007626734295248516,0.16004858247132908
2019,0.0073826429560276685,0.16004858247132908
2019,-0.02863619517849858,0.16004858247132908
2019,0.00379378571198441,0.16004858247132908
2019,-0.0013418325256904784,0.16004858247132908
2019,-0.023420321148940715,0.16004858247132908
2019,-0.09475243001138312,0.16004858247132908
2019,0.009186946182447975,0.16004858247132908
2019,0.023968241552392744,0.16004858247132908
2019,0.0029282304734725983,0.16004858247132908
2019,0.026800074814829655,0.16004858247132908
2019,0.005703510790339095,0.16004858247132908
2019,-0.07789474018662257,0.16004858247132908
2019,0.15099516247276723,0.16004858247132908
2019,0.03076333343173357,0.16004858247132908
2019,0.025247295229297112,0.16004858247132908
2019,-0.005509520102466747,0.16004858247132908
2019,0.04858549989636629,0.16004858247132908
2019,0.011886440645004048,0.16004858247132908
2019,0.023016320945752677,0.16004858247132908
2019,0.005602939539947616,0.16004858247132908
2019,0.013668091306774488,0.16004858247132908
2019,-0.024722600859366728,0.16004858247132908
2019,-0.05839477217823208,0.16004858247132908
2019,-0.042038480161958214,0.16004858247132908
2019,0.08447102812914964,0.16004858247132908
2019,0.01986685106831665,0.16004858247132908
2019,0.014725492309399568,0.16004858247132908
2019,0.021270445938103233,0.16004858247132908
2019,-0.02031324200672746,0.16004858247132908
2019,0.02650931656576605,0.16004858247132908
2019,0.02781419069477986,0.16004858247132908
2019,0.0033107989110540137,0.16004858247132908
2019,0.026299508825075868,0.16004858247132908
2019,-0.012195602581344223,0.16004858247132908
2019,-0.021632437905541924,0.16004858247132908
2019,-0.02641635671819409,0.16004858247132908
2019,0.0472394584422815,0.16004858247132908
2019,0.020636184559174375,0.16004858247132908
2019,-0.009653487117471271,0.16004858247132908
2019,-0.012577757958823987,0.16004858247132908
2019,-0.041216830745067656,0.16004858247132908
2019,-0.0015918269024124687,0.16004858247132908
2019,0.01347750306566814,0.16004858247132908
2019,0.010136721258992287,0.16004858247132908
2019,-0.011731494065179371,0.16004858247132908
2019,0.002137164042815831,0.16004858247132908
2019,0.016452257975232087,0.16004858247132908
2019,0.014185036697504594,0.16004858247132908
2019,-0.02968311851979344,0.16004858247132908
2019,0.013071215654832269,0.16004858247132908
2019,-0.012525450792903237,0.16004858247132908
2019,0.0008107805118804379,0.16004858247132908
2019,0.03336493936406615,0.16004858247132908
2019,-0.008624390267282761,0.16004858247132908
2019,-0.016612727045521747,0.16004858247132908
2019,0.0025821885124954758,0.16004858247132908
2019,0.007420935560159436,0.16004858247132908
2019,0.025607687564696557,0.16004858247132908
2019,0.026127544510187894,0.16004858247132908
2019,-0.024945822878441715,0.16004858247132908
2019,-0.06723477492067131,0.16004858247132908
2019,-0.01031925851921578,0.16004858247132908
2019,0.0038894009340562086,0.16004858247132908
2019,-0.048920319397652956,0.16004858247132908
2019,0.03477725715466029,0.16004858247132908
2019,0.009986330293704784,0.16004858247132908
2019,0.0354845845367604,0.16004858247132908
2019,0.016170650567401246,0.16004858247132908
2019,0.010643346269326115,0.16004858247132908
2019,0.03142379558173658,0.16004858247132908
2019,-0.0009982823165737842,0.16004858247132908
2019,0.020815252268839735,0.16004858247132908
2019,-0.10741924800379987,0.16004858247132908
2019,0.037243812349587735,0.16004858247132908
2019,-0.007914036313677264,0.16004858247132908
2019,0.035747311534575665,0.16004858247132908
2019,-0.0043707996829320805,0.16004858247132908
2019,0.002770648692443367,0.16004858247132908
2019,-0.0067980835150350805,0.16004858247132908
2019,0.00038898794672381776,0.16004858247132908
2019,0.016625045992849974,0.16004858247132908
2019,0.010113375933732072,0.16004858247132908
2019,0.0029647661119489577,0.16004858247132908
2019,-0.011403585525925963,0.16004858247132908
2019,-0.024463638173432112,0.16004858247132908
2019,-0.04182211751328646,0.16004858247132908
2019,-0.0016906158572093655,0.16004858247132908
2019,-0.007322956573079131,0.16004858247132908
2019,-0.022992954853954695,0.16004858247132908
2019,-0.004680182006240985,0.16004858247132908
2019,0.025755988742721087,0.16004858247132908
2019,0.011330750485182756,0.16004858247132908
2019,-0.00945931759093066,0.16004858247132908
2019,-0.00643813365266388,0.16004858247132908
2019,0.008155250506001077,0.16004858247132908
2019,0.010129616499529592,0.16004858247132908
2019,-0.014775659497464289,0.16004858247132908
2019,-0.022070760186441607,0.16004858247132908
2019,-0.02906849834536762,0.16004858247132908
2019,-0.0056464076110887,0.16004858247132908
2019,-0.025488463737740497,0.16004858247132908
2019,-0.010513709382683034,0.16004858247132908
2019,-0.0939361240342218,0.16004858247132908
2019,-0.03224881519537315,0.16004858247132908
2019,-0.006358996356124247,0.16004858247132908
2019,-0.01534608350270772,0.16004858247132908
2019,0.052000914269945575,0.16004858247132908
2019,0.03816474694545552,0.16004858247132908
2019,-0.011289020857854104,0.16004858247132908
2019,-0.014779668427169712,0.16004858247132908
2019,0.020197094390126846,0.16004858247132908
2019,-0.05255821823610918,0.16004858247132908
2019,-0.0006804336829532298,0.16004858247132908
2019,-0.01166554805226827,0.16004858247132908
2019,-0.04130080596646657,0.16004858247132908
2019,0.005490670054154767,0.16004858247132908
2019,-0.14088284063791234,0.16004858247132908
2019,-0.034506124093880985,0.16004858247132908
2019,0.02442365401207508,0.16004858247132908
2019,-0.03608709286866696,0.16004858247132908
2019,-0.03158765291957,0.16004858247132908
2019,-0.11766453523976017,0.16004858247132908
2019,0.01869591772389878,0.16004858247132908
2019,0.0369413506667462,0.16004858247132908
2019,-0.02108518818531746,0.16004858247132908
2019,-0.044903058647322,0.16004858247132908
2019,-0.060502758441066895,0.16004858247132908
2019,-0.04042598403489733,0.16004858247132908
2019,0.003940334774244075,0.16004858247132908
2019,-0.02292915691432279,0.16004858247132908
2019,-0.09702331768431982,0.16004858247132908
2019,0.00858316222896105,0.16004858247132908
2019,-0.049992654321627694,0.16004858247132908
2019,-0.015236148161876018,0.16004858247132908
2019,-0.2646689233755657,0.16004858247132908
2019,0.007183412578729675,0.16004858247132908
2019,-0.0011811031110298131,0.16004858247132908
2019,0.029414571210200635,0.16004858247132908
2019,0.019107410985668177,0.16004858247132908
2019,-0.0011401395317705565,0.16004858247132908
2019,0.02157545299449226,0.16004858247132908
2019,0.018496683960047278,0.16004858247132908
2019,0.0306046564282364,0.16004858247132908
2019,-0.03276330302825731,0.16004858247132908
2019,0.023792574509603703,0.16004858247132908
2019,-0.022456129456124296,0.16004858247132908
2019,-0.05895276490703605,0.16004858247132908
2019,0.09955191667350494,0.16004858247132908
2019,-0.006779497504251553,0.16004858247132908
2019,0.02046676923758861,0.16004858247132908
2019,-0.005531300002620809,0.16004858247132908
2019,-0.061414588357831534,0.16004858247132908
2019,-0.025879861634481527,0.16004858247132908
2019,0.16048151613540662,0.16004858247132908
2019,0.026335128451928758,0.16004858247132908
2019,-0.014392999061310169,0.16004858247132908
2019,-0.07789565167126389,0.16004858247132908
2019,0.013183322369081485,0.16004858247132908
2019,0.01965969962717745,0.16004858247132908
2019,-0.0042222863458809545,0.16004858247132908
2019,0.04563719005508038,0.16004858247132908
2019,-0.007506690634525359,0.16004858247132908
2019,0.007046595807791767,0.16004858247132908
2019,-0.0013295811411720981,0.16004858247132908
2019,-0.030123083648338433,0.16004858247132908
2019,-0.020702232412437294,0.16004858247132908
2019,-0.05095868051811919,0.16004858247132908
2019,-0.00242872520677867,0.16004858247132908
2019,0.054345828845022426,0.16004858247132908
2019,0.04167182421550253,0.16004858247132908
2019,0.1005107212202433,0.16004858247132908
2019,0.0005581386885461503,0.16004858247132908
2019,0.003865190592873602,0.16004858247132908
2019,-0.004877442216613792,0.16004858247132908
2019,0.026721990930468287,0.16004858247132908
2019,-0.02263638264367651,0.16004858247132908
2019,0.007924308132863822,0.16004858247132908
2019,0.006390937999518398,0.16004858247132908
2019,-0.019865799405017537,0.16004858247132908
2019,-0.047999634695679805,0.16004858247132908
2019,-0.015255614744277946,0.16004858247132908
2019,3.632015610477435e-05,0.16004858247132908
2019,-0.01016428865249075,0.16004858247132908
2019,0.004912275577166003,0.16004858247132908
2019,0.08617628936190802,0.16004858247132908
2019,0.05528636380152696,0.16004858247132908
2019,0.007669006290327907,0.16004858247132908
2019,-0.016901987615555003,0.16004858247132908
2019,-0.06318434491015545,0.16004858247132908
2019,-0.007900011085280934,0.16004858247132908
2019,-0.03825621052219308,0.16004858247132908
2019,0.015789175804154676,0.16004858247132908
2019,0.002042888894043693,0.16004858247132908
2019,-0.03738177299812512,0.16004858247132908
2019,0.003928836802290392,0.16004858247132908
2019,0.005226073678397475,0.16004858247132908
2019,0.026696131854350658,0.16004858247132908
2019,0.050596949971383975,0.16004858247132908
2019,0.026206435904860603,0.16004858247132908
2019,0.013017273619536363,0.16004858247132908
2019,-0.022664276369849135,0.16004858247132908
2019,-0.0024746628603440346,0.16004858247132908
2019,-0.002408402750090799,0.16004858247132908
2019,-0.012251066023834911,0.16004858247132908
2019,0.04631230116847529,0.16004858247132908
2019,-0.03693015072016004,0.16004858247132908
2019,-0.01685129770396243,0.16004858247132908
2019,-0.015795733607460227,0.16004858247132908
2019,-0.037854995164399385,0.16004858247132908
2019,-0.016196451045051852,0.16004858247132908
2019,-0.018938687783974006,0.16004858247132908
2019,-0.006545601482494057,0.16004858247132908
2019,0.04769877444575599,0.16004858247132908
2019,0.0004138843745662979,0.16004858247132908
2019,-0.004439780048622666,0.16004858247132908
2019,0.001295897285896741,0.16004858247132908
2019,0.002864873842411464,0.16004858247132908
2019,-0.02112162743199525,0.16004858247132908
2019,0.012181754226270103,0.16004858247132908
2019,0.03997645395802163,0.16004858247132908
2019,0.0053744453236541645,0.16004858247132908
2019,-0.08298365074269687,0.16004858247132908
2019,-0.034570535745464204,0.16004858247132908
2019,-0.002033671760780731,0.16004858247132908
2019,0.013934115172295258,0.16004858247132908
2019,-0.0031830616641837783,0.16004858247132908
2019,0.05048766019330575,0.16004858247132908
2019,-0.006733128714733971,0.16004858247132908
2019,-0.004812473086936109,0.16004858247132908
2020,0.02473433558703364,0.1437712071720835
2020,0.002103077055694569,0.1437712071720835
2020,-0.039003972561459266,0.1437712071720835
2020,0.024099081525193022,0.1437712071720835
2020,0.016537200504408656,0.1437712071720835
2020,-0.19785501053868382,0.1437712071720835
2020,-0.004481090289788714,0.1437712071720835
2020,-0.0017510551071149294,0.1437712071720835
2020,-0.020679548264437186,0.1437712071720835
2020,0.019688782839500818,0.1437712071720835
2020,0.0034272625854699923,0.1437712071720835
2020,0.04299674922756602,0.1437712071720835
2020,-0.010260748632378136,0.1437712071720835
2020,0.008122445470165662,0.1437712071720835
2020,0.038834668508097026,0.1437712071720835
2020,0.008556824694178955,0.1437712071720835
2020,-0.0030261394577636436,0.1437712071720835
2020,-0.025057669910002356,0.1437712071720835
2020,0.006215759587609948,0.1437712071720835
2020,0.04606956513761329,0.1437712071720835
2020,0.012942905063410393,0.1437712071720835
2020,-0.031540282917599805,0.1437712071720835
2020,0.004386723277393978,0.1437712071720835
2020,-0.05800759882547202,0.1437712071720835
2020,-0.015081722277795806,0.1437712071720835
2020,0.026104177439986276,0.1437712071720835
2020,0.0066255958519541025,0.1437712071720835
2020,0.04545040902455022,0.1437712071720835
2020,0.007865181383013203,0.1437712071720835
2020,0.004374510017148003,0.1437712071720835
2020,9.982163667238142e-06,0.1437712071720835
2020,-0.02946798114247423,0.1437712071720835
2020,0.0095799549163674,0.1437712071720835
2020,-0.0311426942310431,0.1437712071720835
2020,-0.0702029144099735,0.1437712071720835
2020,-0.011616183872520391,0.1437712071720835
2020,0.00748940720477842,0.1437712071720835
2020,0.020202400378883545,0.1437712071720835
2020,-0.0052948004711733665,0.1437712071720835
2020,0.04716403586985324,0.1437712071720835
2020,-0.0011841646143725404,0.1437712071720835
2020,-0.052424627137836355,0.1437712071720835
2020,-0.028144864663224745,0.1437712071720835
2020,-0.03638902165466351,0.1437712071720835
2020,0.019091156681428967,0.1437712071720835
2020,0.022505116610425258,0.1437712071720835
2020,-0.008059677260378262,0.1437712071720835
2020,0.010875540083278512,0.1437712071720835
2020,0.011229202808307637,0.1437712071720835
2020,0.007999689027223977,0.1437712071720835
2020,0.01880502187328348,0.1437712071720835
2020,-0.07233006902400874,0.1437712071720835
2020,0.022949306236913714,0.1437712071720835
2020,0.017848430123269754,0.1437712071720835
2020,0.017012832384668608,0.1437712071720835
2020,-0.03473335829195767,0.1437712071720835
2020,-0.02983539536671287,0.1437712071720835
2020,-0.031531393364395255,0.1437712071720835
2020,0.013270549550287558,0.1437712071720835
2020,0.010315898287024727,0.1437712071720835
2020,-0.04148485879601904,0.1437712071720835
2020,-0.0008170684964991515,0.1437712071720835
2020,0.005986458046796206,0.1437712071720835
2020,0.039328065829450365,0.1437712071720835
2020,0.03581853452089856,0.1437712071720835
2020,-0.007569202945180181,0.1437712071720835
2020,0.04222391810268922,0.1437712071720835
2020,-0.007964235262301778,0.1437712071720835
2020,0.022279986678325314,0.1437712071720835
2020,0.05078074671446131,0.1437712071720835
2020,0.015242816002206783,0.1437712071720835
2020,0.030461173240223627,0.1437712071720835
2020,0.017838421190878084,0.1437712071720835
2020,-0.011087057346337859,0.1437712071720835
2020,0.023450952981089374,0.1437712071720835
2020,0.044471680962948956,0.1437712071720835
2020,-0.003652841775202975,0.1437712071720835
2020,0.031042226933452266,0.1437712071720835
2020,0.00885074560731633,0.1437712071720835
2020,-0.003674701205507447,0.1437712071720835
2020,-0.015899535712041057,0.1437712071720835
2020,0.008211863209412279,0.1437712071720835
2020,0.02557703795917149,0.1437712071720835
2020,-0.003947916148014208,0.1437712071720835
2020,-0.016105831733277176,0.1437712071720835
2020,0.007082083414061913,0.1437712071720835
2020,0.02128714938325571,0.1437712071720835
2020,-0.003996093418788871,0.1437712071720835
2020,-6.519598325072096e-05,0.1437712071720835
2020,0.007383324543736136,0.1437712071720835
2020,-0.023412958235804138,0.1437712071720835
2020,0.0033943271658503082,0.1437712071720835
2020,-0.0009206673477251126,0.1437712071720835
2020,-0.034011646681650576,0.1437712071720835
2020,-0.0060892166028326256,0.1437712071720835
2020,-0.009724397880682356,0.1437712071720835
2020,0.0496413028413375,0.1437712071720835
2020,-0.014284547170181905,0.1437712071720835
2020,-0.052715529653614035,0.1437712071720835
2020,-0.021580124364182773,0.1437712071720835
2020,-0.016007992476236188,0.1437712071720835
2020,0.013072040015531528,0.1437712071720835
2020,0.0017309360471950974,0.1437712071720835
2020,-0.033164506934402205,0.1437712071720835
2020,-0.007260326950148083,0.1437712071720835
2020,0.03620930539534584,0.1437712071720835
2020,0.013608234258187357,0.1437712071720835
2020,0.01109256455467772,0.1437712071720835
2020,0.014843907626523767,0.1437712071720835
2020,0.03490356506487913,0.1437712071720835
2020,0.007418871385574899,0.1437712071720835
2020,0.06601857308626835,0.1437712071720835
2020,-0.0015175726485515684,0.1437712071720835
2020,0.00026294112743163733,0.1437712071720835
2020,-0.005604597220082885,0.1437712071720835
2020,-0.005133885492112522,0.1437712071720835
2020,-0.008160887155712115,0.1437712071720835
2020,0.021317487150945502,0.1437712071720835
2020,-0.06260655546942195,0.1437712071720835
2020,-0.014755710383509979,0.1437712071720835
2020,0.014516497914039639,0.1437712071720835
2020,-0.014593030655871475,0.1437712071720835
2020,0.003655408058874654,0.1437712071720835
2020,0.02783254658371581,0.1437712071720835
2020,0.07328967520494578,0.1437712071720835
2020,0.010027177536783505,0.1437712071720835
2020,-0.019417401416677027,0.1437712071720835
2020,-0.0547427216038332,0.1437712071720835
2020,0.0176435002699534,0.1437712071720835
2020,0.012155627760697119,0.1437712071720835
2020,0.007161264008224255,0.1437712071720835
2020,0.01672938108563493,0.1437712071720835
2020,0.010356486429046574,0.1437712071720835
2020,0.03032406665550358,0.1437712071720835
2020,-0.03911480749557028,0.1437712071720835
2020,-0.0153029035346402,0.1437712071720835
2020,0.009886191016096932,0.1437712071720835
2020,0.008973888579573042,0.1437712071720835
2020,0.017632669446013216,0.1437712071720835
2020,-0.018298529213111814,0.1437712071720835
2020,0.0017890957793422757,0.1437712071720835
2020,0.008478099357600577,0.1437712071720835
2020,0.01016214730296272,0.1437712071720835
2020,0.05249276084642118,0.1437712071720835
2020,0.005751809094320159,0.1437712071720835
2020,0.01310451250864375,0.1437712071720835
2020,0.02815596898931927,0.1437712071720835
2020,-0.02893275074785495,0.1437712071720835
2020,-0.004033456240913558,0.1437712071720835
2020,0.03396876023118689,0.1437712071720835
2020,-0.01586034103703593,0.1437712071720835
2020,0.0018600399705926696,0.1437712071720835
2020,0.046881870236535006,0.1437712071720835
2020,0.028667985854175237,0.1437712071720835
2020,0.013425190664985487,0.1437712071720835
2020,-0.04426877488014136,0.1437712071720835
2020,-0.09755735080090622,0.1437712071720835
2020,0.021402252046156145,0.1437712071720835
2020,0.027733602209813357,0.1437712071720835
2020,-0.0027332688069645616,0.1437712071720835
2020,-0.0028641479006557002,0.1437712071720835
2020,-0.005093588131169391,0.1437712071720835
2020,-0.0523547810965328,0.1437712071720835
2020,0.007791302887111995,0.1437712071720835
2020,0.06921992164623947,0.1437712071720835
2020,0.013811904117273344,0.1437712071720835
2020,0.022346635240878432,0.1437712071720835
2020,-0.038354643505332686,0.1437712071720835
2020,-0.07476074729196736,0.1437712071720835
2020,-0.0016231125290480375,0.1437712071720835
2020,0.003871434261938922,0.1437712071720835
2020,0.01389633721179978,0.1437712071720835
2020,0.008563299719740902,0.1437712071720835
2020,0.026356140295809016,0.1437712071720835
2020,0.015225081049718536,0.1437712071720835
2020,-0.022330584159703237,0.1437712071720835
2020,0.004404329108344762,0.1437712071720835
2020,0.007868969587057795,0.1437712071720835
2020,-0.015874602482584987,0.1437712071720835
2020,-0.0016088965955888823,0.1437712071720835
2020,-0.020372955068926224,0.1437712071720835
2020,0.029953187578778295,0.1437712071720835
2020,-0.015047216222418558,0.1437712071720835
2020,-0.009173820440961822,0.1437712071720835
2020,-0.027437918094720903,0.1437712071720835
2020,0.020455540191738286,0.1437712071720835
2020,0.02771017634921147,0.1437712071720835
2020,-0.000164468535861495,0.1437712071720835
2020,-0.030521471166577996,0.1437712071720835
2020,0.0495960471672503,0.1437712071720835
2020,0.03268026354257336,0.1437712071720835
2020,-0.04425338111151489,0.1437712071720835
2020,0.02389104429998845,0.1437712071720835
2020,-0.02444381046940558,0.1437712071720835
2020,-0.030149976745552753,0.1437712071720835
2020,-8.047098362279348e-05,0.1437712071720835
2020,0.014277028865259334,0.1437712071720835
2020,0.010719063362836456,0.1437712071720835
2020,0.012184703129011987,0.1437712071720835
2020,0.007145458317067643,0.1437712071720835
2020,0.022481706801390777,0.1437712071720835
2020,-0.008250643548962489,0.1437712071720835
2020,0.01887408929118506,0.1437712071720835
2020,0.0022486080461827096,0.1437712071720835
2020,0.03413913040148625,0.1437712071720835
2020,0.019109990049916092,0.1437712071720835
2020,0.019127704072348983,0.1437712071720835
2020,-0.0026738622804225454,0.1437712071720835
2020,0.015841505515877874,0.1437712071720835
2020,-0.004200104304764585,0.1437712071720835
2020,0.01682710908539864,0.1437712071720835
2020,-0.01005180859469701,0.1437712071720835
2020,0.03691167774076071,0.1437712071720835
2020,-0.0021914375593365953,0.1437712071720835
2020,-0.001913419696123464,0.1437712071720835
2020,0.024685681299189632,0.1437712071720835
2020,-0.07656549616137742,0.1437712071720835
2020,-0.05610943705821736,0.1437712071720835
2020,0.0024921624928186115,0.1437712071720835
2020,-0.018033672013600732,0.1437712071720835
2020,0.040114552498091594,0.1437712071720835
2020,0.004535432355096569,0.1437712071720835
2020,0.02940397217610491,0.1437712071720835
2020,0.021515951917325415,0.1437712071720835
2020,0.020755652972869187,0.1437712071720835
2020,-0.014652373314736011,0.1437712071720835
2020,-0.08623320077830232,0.1437712071720835
2020,-0.0022606842806425775,0.1437712071720835
2020,-0.010329645994890058,0.1437712071720835
2020,0.0183171142728083,0.1437712071720835
2020,-0.1099000524577265,0.1437712071720835
2020,0.006609066794117435,0.1437712071720835
2020,-0.04335751995718207,0.1437712071720835
2020,0.025476199188573134,0.1437712071720835
2020,-0.0038719523826257207,0.1437712071720835
2020,0.0766185828800604,0.1437712071720835
2020,0.001399488764036616,0.1437712071720835
2020,-0.09502288885969623,0.1437712071720835
2020,0.03492212424387475,0.1437712071720835
2020,0.029905502220270774,0.1437712071720835
2020,0.06371902570668353,0.1437712071720835
2020,0.00497596671302003,0.1437712071720835
2020,-0.015096764281964825,0.1437712071720835
2020,-0.007389163199620213,0.1437712071720835
2020,0.024535874470719254,0.1437712071720835
2020,0.03996609377972282,0.1437712071720835
2020,-0.007359071068256395,0.1437712071720835
2020,0.005160989463878218,0.1437712071720835
2020,0.0037654023928420655,0.1437712071720835
2020,0.020395661917696983,0.1437712071720835
2020,0.00919014436398119,0.1437712071720835
2020,-0.00025242114140772154,0.1437712071720835
2020,-0.0550389149381435,0.1437712071720835
2020,-0.001802800760194151,0.1437712071720835
2020,-0.0028552459712889444,0.1437712071720835
2020,0.022906960534552434,0.1437712071720835
2020,0.05691878394847216,0.1437712071720835
2020,-0.013035855530221574,0.1437712071720835
2020,0.026316092090225562,0.1437712071720835
2020,0.038502958646553176,0.1437712071720835
2020,0.017118182219260758,0.1437712071720835
2020,0.0032424781633718647,0.1437712071720835
2020,0.034414521643875595,0.1437712071720835
2020,0.030628794680737703,0.1437712071720835
2020,-0.005437689203820595,0.1437712071720835
2020,-0.058070281509297716,0.1437712071720835
2020,-0.019088093933365857,0.1437712071720835
2020,-0.05793915593109683,0.1437712071720835
2020,0.010684450357971886,0.1437712071720835
2020,0.022047994736843046,0.1437712071720835
2020,0.011765511787104277,0.1437712071720835
2020,-0.02341367291089186,0.1437712071720835
2020,-0.002153709862382891,0.1437712071720835
2020,-0.1051051498379143,0.1437712071720835
2020,-0.015266033547236213,0.1437712071720835
2020,0.00811274750864216,0.1437712071720835
2020,0.008767253953205656,0.1437712071720835
2020,-0.012748813892230704,0.1437712071720835
2020,0.012455482138456264,0.1437712071720835
2020,0.00021573427768400988,0.1437712071720835
2020,-0.036590711913840224,0.1437712071720835
2020,-0.007941668805613311,0.1437712071720835
2020,-0.08576610474881885,0.1437712071720835
2020,-0.017090402584262532,0.1437712071720835
2020,0.003706279845419269,0.1437712071720835
2020,-0.012425949949479431,0.1437712071720835
2020,0.011143370092183913,0.1437712071720835
2020,-0.009209264829519004,0.1437712071720835
2020,0.01672792315424143,0.1437712071720835
2020,-0.0384274870089214,0.1437712071720835
2020,0.022299407150721817,0.1437712071720835
2020,0.01846077100217225,0.1437712071720835
2020,0.027135530731579593,0.1437712071720835
2020,0.015152433026458634,0.1437712071720835
2020,0.037840671797037206,0.1437712071720835
2020,0.0065203211754201185,0.1437712071720835
2020,0.01967937646730228,0.1437712071720835
2020,-0.033999764893336004,0.1437712071720835
2020,0.08100998366122325,0.1437712071720835
2020,-0.012345361145364775,0.1437712071720835
2020,-0.010930625446352565,0.1437712071720835
2020,0.02799844466588891,0.1437712071720835
2020,0.003368268131590746,0.1437712071720835
2020,-0.04106296407283616,0.1437712071720835
2020,0.015708511724912277,0.1437712071720835
2020,0.007659762576298412,0.1437712071720835
2020,0.019036013105672878,0.1437712071720835
2020,-0.0675305672730957,0.1437712071720835
2020,0.009308953268288928,0.1437712071720835
2020,0.011938791533593562,0.1437712071720835
2020,0.019444364471484676,0.1437712071720835
2020,-0.0187891544290702,0.1437712071720835
2020,0.00489532466438769,0.1437712071720835
2020,0.012008715670974363,0.1437712071720835
2020,-0.0058557630686825735,0.1437712071720835
2020,0.04849175863429067,0.1437712071720835
2020,0.015530338564206547,0.1437712071720835
2020,0.013988827779667312,0.1437712071720835
2020,0.034891970987199095,0.1437712071720835
2020,0.023759708104876376,0.1437712071720835
2020,-0.013040861254620895,0.1437712071720835
2020,0.0254479176205617,0.1437712071720835
2020,-0.012339473415832858,0.1437712071720835
2020,0.021659090498046485,0.1437712071720835
2020,0.0009024112420125685,0.1437712071720835
2020,-0.047371506502339567,0.1437712071720835
2020,-0.011857695454063732,0.1437712071720835
2020,0.005431826924750194,0.1437712071720835
2020,-0.017464523408546873,0.1437712071720835
2020,-0.006166278552628912,0.1437712071720835
2020,0.056116585115501216,0.1437712071720835
2020,0.051988139838230696,0.1437712071720835
2020,0.011117163047701828,0.1437712071720835
2020,0.007272655953111218,0.1437712071720835
2020,-0.036367021256548226,0.1437712071720835
2020,-0.056059271754479,0.1437712071720835
2020,0.023847619702240003,0.1437712071720835
2020,-0.009856302265101785,0.1437712071720835
2020,0.017545467811441895,0.1437712071720835
2020,0.009868935951524355,0.1437712071720835
2020,-0.0008506554779663666,0.1437712071720835
2020,0.022312846190150393,0.1437712071720835
2020,-0.0061887259807709705,0.1437712071720835
2020,0.010003351766280089,0.1437712071720835
2020,0.0231333112561406,0.1437712071720835
2020,-0.008656172428348596,0.1437712071720835
2020,0.004563743355907063,0.1437712071720835
2020,0.043935589543210196,0.1437712071720835
2020,0.008702915598434835,0.1437712071720835
2020,-0.0026283112484645765,0.1437712071720835
2020,0.0027537751370841357,0.1437712071720835
2020,-0.011362852415817803,0.1437712071720835
2020,0.019364027400778472,0.1437712071720835
2020,0.01160794751660138,0.1437712071720835
2020,0.055789032462450094,0.1437712071720835
2020,-0.02038916705635596,0.1437712071720835
2020,-0.0012234135856845074,0.1437712071720835
2020,-0.03674099416163612,0.1437712071720835
2020,-0.026319791502015022,0.1437712071720835
2020,0.025856117325640415,0.1437712071720835
2020,0.1719103015085398,0.1437712071720835
2020,0.0066221068848721365,0.1437712071720835
2020,0.004355740663051888,0.1437712071720835
2020,0.022127461947583305,0.1437712071720835
2020,-0.0008704926274963887,0.1437712071720835
2020,-0.040121608492382554,0.1437712071720835
2020,-0.0007090915765551875,0.1437712071720835
2020,0.0004613729320238624,0.1437712071720835
2020,-0.027752512195285517,0.1437712071720835
2020,-0.044846729523448925,0.1437712071720835
2020,0.0024792709556044623,0.1437712071720835
2020,-0.01631295926522308,0.1437712071720835
2020,-0.003809141173417019,0.1437712071720835
2020,-0.007654430284911695,0.1437712071720835
2020,-0.022507313255067607,0.1437712071720835
2020,0.04568971199791194,0.1437712071720835
2020,-0.010659179776743577,0.1437712071720835
2020,-0.039042999754893115,0.1437712071720835
2020,0.015616339848210037,0.1437712071720835
2020,0.015745382490980897,0.1437712071720835
2020,0.021999768315002388,0.1437712071720835
2020,0.019401655728948308,0.1437712071720835
2020,-0.02532454715105159,0.1437712071720835
2020,0.002088938195285217,0.1437712071720835
2020,0.0006530632603148345,0.1437712071720835
2020,0.02651115960512307,0.1437712071720835
2020,-0.010127730188079942,0.1437712071720835
2020,-0.006071639257015482,0.1437712071720835
2020,0.005836653209215559,0.1437712071720835
2020,-0.0338452345932756,0.1437712071720835
2020,-0.011747234683069818,0.1437712071720835
2020,0.04844003080431125,0.1437712071720835
2020,-0.010632766844919372,0.1437712071720835
2020,0.02212141825053482,0.1437712071720835
2020,-0.020341180535306536,0.1437712071720835
2020,0.032527279264559006,0.1437712071720835
2020,-0.004157439136698249,0.1437712071720835
2020,-0.05525594976643999,0.1437712071720835
2020,-0.00307929910881094,0.1437712071720835
2020,-0.00569111931208921,0.1437712071720835
2020,0.03518848655489959,0.1437712071720835
2020,0.028292283482823644,0.1437712071720835
2020,-0.007108288260540441,0.1437712071720835
2020,-0.009908490889561028,0.1437712071720835
2020,0.002011023642520371,0.1437712071720835
2020,-0.06098642218446659,0.1437712071720835
2020,0.0017540147136606565,0.1437712071720835
2020,-0.04658079716046826,0.1437712071720835
2021,0.02388299388598869,0.15398114902543691
2021,-0.005918893323984209,0.15398114902543691
2021,0.027102681089047176,0.15398114902543691
2021,-0.0005863429913387508,0.15398114902543691
2021,-0.011422228154985503,0.15398114902543691
2021,0.0022118703202645973,0.15398114902543691
2021,-0.04967880631784549,0.15398114902543691
2021,-0.027736759581361348,0.15398114902543691
2021,0.021053124145247015,0.15398114902543691
2021,0.018491327036026017,0.15398114902543691
2021,-0.011672693894229036,0.15398114902543691
2021,-0.001985550307417261,0.15398114902543691
2021,-0.004709966761206774,0.15398114902543691
2021,-0.04089958966510698,0.15398114902543691
2021,0.011453947244841611,0.15398114902543691
2021,0.021200759776295597,0.15398114902543691
2021,-0.02847100616773035,0.15398114902543691
2021,0.01755562035356606,0.15398114902543691
2021,0.05907668632598473,0.15398114902543691
2021,0.0032131290205842378,0.15398114902543691
2021,-0.04411554356264091,0.15398114902543691
2021,0.0023935114362099164,0.15398114902543691
2021,-0.00014778206209897782,0.15398114902543691
2021,0.02846220140134803,0.15398114902543691
2021,0.014754497961123936,0.15398114902543691
2021,-0.0928752041958274,0.15398114902543691
2021,0.08402136696582418,0.15398114902543691
2021,-0.03697275651137155,0.15398114902543691
2021,-0.05275900323348326,0.15398114902543691
2021,0.023410383611500607,0.15398114902543691
2021,-0.10028109056069279,0.15398114902543691
2021,0.01469773781402206,0.15398114902543691
2021,-0.05742152946554402,0.15398114902543691
2021,0.043071283819526296,0.15398114902543691
2021,-0.027929671213110296,0.15398114902543691
2021,0.022443230652816393,0.15398114902543691
2021,0.027576417993295688,0.15398114902543691
2021,-0.007956790852814866,0.15398114902543691
2021,0.00437234739428205,0.15398114902543691
2021,0.01585112459342669,0.15398114902543691
2021,-0.0035472382349853726,0.15398114902543691
2021,0.02946738418149175,0.15398114902543691
2021,0.011923323818494036,0.15398114902543691
2021,-0.012319316550531312,0.15398114902543691
2021,-0.016094120664949252,0.15398114902543691
2021,0.024761326097460734,0.15398114902543691
2021,0.01301604659539879,0.15398114902543691
2021,-0.03363835113139957,0.15398114902543691
2021,0.029892916227452382,0.15398114902543691
2021,0.02396293580211928,0.15398114902543691
2021,-0.031594436639069357,0.15398114902543691
2021,0.026262172805008754,0.15398114902543691
2021,-0.026105873276055513,0.15398114902543691
2021,0.0037542985542882157,0.15398114902543691
2021,0.055973718641254555,0.15398114902543691
2021,0.03811831569079732,0.15398114902543691
2021,0.016293775425958335,0.15398114902543691
2021,0.024349958819357753,0.15398114902543691
2021,0.005096291972268685,0.15398114902543691
2021,-0.07845129026596354,0.15398114902543691
2021,-0.028848181576649812,0.15398114902543691
2021,-0.005748013465678992,0.15398114902543691
2021,-0.14567577107101748,0.15398114902543691
2021,-0.006866175064334845,0.15398114902543691
2021,0.039443311183058716,0.15398114902543691
2021,-0.02449383080526979,0.15398114902543691
2021,-0.013772898900161534,0.15398114902543691
2021,-0.0042286509894408075,0.15398114902543691
2021,-0.05142472256528907,0.15398114902543691
2021,0.04261856725454177,0.15398114902543691
2021,-0.01266479821895472,0.15398114902543691
2021,-0.016157784126144492,0.15398114902543691
2021,0.09645261032911234,0.15398114902543691
2021,-0.008043072001522544,0.15398114902543691
2021,0.0030612837029033724,0.15398114902543691
2021,0.025087431685193895,0.15398114902543691
2021,0.0028468355041193494,0.15398114902543691
2021,-0.0334843093370607,0.15398114902543691
2021,0.03462976747707186,0.15398114902543691
2021,0.01039944994259423,0.15398114902543691
2021,-0.011967089656271801,0.15398114902543691
2021,0.01134476504418963,0.15398114902543691
2021,-0.09645644848737511,0.15398114902543691
2021,0.03408126398531253,0.15398114902543691
2021,-0.04610945616415618,0.15398114902543691
2021,0.025463382618034602,0.15398114902543691
2021,0.011434725017871517,0.15398114902543691
2021,-0.0611485303773564,0.15398114902543691
2021,0.024798575432630587,0.15398114902543691
2021,-0.028437620724387103,0.15398114902543691
2021,-0.010543374037293995,0.15398114902543691
2021,-0.08714357120862637,0.15398114902543691
2021,0.007628459182656644,0.15398114902543691
2021,-0.0019791857692640358,0.15398114902543691
2021,-0.01361509585168763,0.15398114902543691
2021,0.017622868555198373,0.15398114902543691
2021,0.0507586937890937,0.15398114902543691
2021,0.017322011258061376,0.15398114902543691
2021,0.04363880365379563,0.15398114902543691
2021,0.022016790379561973,0.15398114902543691
2021,0.02331689899149675,0.15398114902543691
2021,0.007608548853441588,0.15398114902543691
2021,0.009709894593885826,0.15398114902543691
2021,-0.031378228103964845,0.15398114902543691
2021,-0.02834578461398185,0.15398114902543691
2021,0.020094170436821657,0.15398114902543691
2021,-0.02081235290848643,0.15398114902543691
2021,-0.025495479808124666,0.15398114902543691
2021,-0.02411230306463663,0.15398114902543691
2021,0.00036148578774886087,0.15398114902543691
2021,0.009218822955848527,0.15398114902543691
2021,0.01070271669736056,0.15398114902543691
2021,0.0041866638142347146,0.15398114902543691
2021,-0.010447079909961965,0.15398114902543691
2021,-0.025151098295555174,0.15398114902543691
2021,0.004879945114568629,0.15398114902543691
2021,0.014065743503568262,0.15398114902543691
2021,-0.007136867503475308,0.15398114902543691
2021,0.019144564973069766,0.15398114902543691
2021,0.02738796868742327,0.15398114902543691
2021,-0.014796363244933941,0.15398114902543691
2021,0.04220214944585665,0.15398114902543691
2021,-0.03174698891519245,0.15398114902543691
2021,0.037133460172255384,0.15398114902543691
2021,-0.005948182448654027,0.15398114902543691
2021,0.0127139667247953,0.15398114902543691
2021,0.0003734493375793235,0.15398114902543691
2021,0.011022759587858588,0.15398114902543691
2021,-0.08192700099460781,0.15398114902543691
2021,0.02178132254293269,0.15398114902543691
2021,0.044626628483105,0.15398114902543691
2021,0.014950025026407798,0.15398114902543691
2021,-0.173299131516353,0.15398114902543691
2021,0.04407558786056087,0.15398114902543691
2021,-0.015511237148359225,0.15398114902543691
2021,-0.02709445208684297,0.15398114902543691
2021,0.03335041204338707,0.15398114902543691
2021,-0.015324067451728374,0.15398114902543691
2021,0.006771380837214069,0.15398114902543691
2021,-0.03905068607118456,0.15398114902543691
2021,-0.043539657411168387,0.15398114902543691
2021,3.6931295249620355e-05,0.15398114902543691
2021,0.03838307940914221,0.15398114902543691
2021,0.030622098720133828,0.15398114902543691
2021,-0.00862870304814134,0.15398114902543691
2021,0.007548496704801622,0.15398114902543691
2021,0.012152839560947759,0.15398114902543691
2021,0.01444646525775295,0.15398114902543691
2021,0.0010856321600262175,0.15398114902543691
2021,0.007223146193059304,0.15398114902543691
2021,-0.00015991394486397636,0.15398114902543691
2021,-0.00926866244402258,0.15398114902543691
2021,-0.03399793010476959,0.15398114902543691
2021,-0.029620775940666588,0.15398114902543691
2021,-0.03427674901345923,0.15398114902543691
2021,-0.0378415761852231,0.15398114902543691
2021,-0.022245805796371254,0.15398114902543691
2021,0.0018741590543220887,0.15398114902543691
2021,-0.003941764249540958,0.15398114902543691
2021,0.022902439607965674,0.15398114902543691
2021,0.035786086844755594,0.15398114902543691
2021,0.04313563734731113,0.15398114902543691
2021,-0.018901372943517125,0.15398114902543691
2021,-0.06770365091346475,0.15398114902543691
2021,0.010777597872689504,0.15398114902543691
2021,-0.002368469387946215,0.15398114902543691
2021,0.033810645894795655,0.15398114902543691
2021,0.031223654624454422,0.15398114902543691
2021,0.0009619236932161268,0.15398114902543691
2021,0.015966343980801212,0.15398114902543691
2021,0.042326883249832914,0.15398114902543691
2021,0.011886992504776123,0.15398114902543691
2021,-0.004041712466347908,0.15398114902543691
2021,0.0059791474250018295,0.15398114902543691
2021,-0.0025788500765884237,0.15398114902543691
2021,-0.021624957666960598,0.15398114902543691
2021,0.004265177311029378,0.15398114902543691
2021,-0.006976098894454719,0.15398114902543691
2021,0.022039498126513957,0.15398114902543691
2021,0.02715613524687699,0.15398114902543691
2021,-0.026817870926369003,0.15398114902543691
2021,-0.010112801030191743,0.15398114902543691
2021,-0.005870690670600753,0.15398114902543691
2021,-0.21729491888568764,0.15398114902543691
2021,-0.03822985411103036,0.15398114902543691
2021,0.0018513644065034085,0.15398114902543691
2021,-0.001372844338616508,0.15398114902543691
2021,-0.002931878578443181,0.15398114902543691
2021,-0.04402794710830604,0.15398114902543691
2021,-0.05157353218477301,0.15398114902543691
2021,-0.04414532588834841,0.15398114902543691
2021,-0.022678213529567892,0.15398114902543691
2021,0.044088899090729716,0.15398114902543691
2021,0.028339839095061548,0.15398114902543691
2021,0.014017494656853757,0.15398114902543691
2021,0.010222270223027019,0.15398114902543691
2021,-0.0786399563210134,0.15398114902543691
2021,-0.014123935927024656,0.15398114902543691
2021,0.022064528360888513,0.15398114902543691
2021,0.012064138750734532,0.15398114902543691
2021,-0.00679754923176068,0.15398114902543691
2021,0.02276884834622528,0.15398114902543691
2021,-0.0617342332612989,0.15398114902543691
2021,0.01130056547284608,0.15398114902543691
2021,0.009238756303661444,0.15398114902543691
2021,0.03818845481016042,0.15398114902543691
2021,0.00578011427245223,0.15398114902543691
2021,0.0537253917246725,0.15398114902543691
2021,0.0012672294121428562,0.15398114902543691
2021,0.031433706115873816,0.15398114902543691
2021,0.019968040727364467,0.15398114902543691
2021,-0.019465173440411987,0.15398114902543691
2021,-0.0591461968892486,0.15398114902543691
2021,0.039822940256901584,0.15398114902543691
2021,-0.06348568683764988,0.15398114902543691
2021,0.014617177754470578,0.15398114902543691
2021,0.018742841287008427,0.15398114902543691
2021,0.0330732994264859,0.15398114902543691
2021,0.01777855420727048,0.15398114902543691
2021,-0.026300888392171595,0.15398114902543691
2021,0.028888614451808514,0.15398114902543691
2021,-0.020486993927638864,0.15398114902543691
2021,0.0418389299479775,0.15398114902543691
2021,-0.08346628199686834,0.15398114902543691
2021,0.03560372203366252,0.15398114902543691
2021,0.011342190593468304,0.15398114902543691
2021,0.00025388918436536345,0.15398114902543691
2021,-0.0047626860831231355,0.15398114902543691
2021,-0.024549222767974443,0.15398114902543691
2021,-0.002354446971632229,0.15398114902543691
2021,0.00966843173353471,0.15398114902543691
2021,-0.009245065237692585,0.15398114902543691
2021,-0.019685179992018353,0.15398114902543691
2021,0.004708390895912684,0.15398114902543691
2021,-0.029683967850315685,0.15398114902543691
2021,-0.0023127944108549126,0.15398114902543691
2021,0.014712101731783,0.15398114902543691
2021,-0.016782320988536326,0.15398114902543691
2021,0.012902102557352566,0.15398114902543691
2021,0.030243548235445616,0.15398114902543691
2021,0.0002817631629008499,0.15398114902543691
2021,-0.0023101602263541077,0.15398114902543691
2021,-0.027638011693863263,0.15398114902543691
2021,-0.026817614810411228,0.15398114902543691
2021,0.016236550988709075,0.15398114902543691
2021,-0.0005623076584166942,0.15398114902543691
2021,-0.007872205309123304,0.15398114902543691
2021,0.02303734357802928,0.15398114902543691
2021,0.011034182701628148,0.15398114902543691
2021,-0.0006697318307841149,0.15398114902543691
2021,0.009258425421505567,0.15398114902543691
2021,-0.008890577873339911,0.15398114902543691
2021,-0.007768733099575154,0.15398114902543691
2021,0.06265036905337851,0.15398114902543691
2021,0.004106573706408545,0.15398114902543691
2021,0.020105687433637054,0.15398114902543691
2021,0.009216552741587503,0.15398114902543691
2021,-0.020936143967099197,0.15398114902543691
2021,-0.006834402034520126,0.15398114902543691
2021,-0.0809352913819057,0.15398114902543691
2021,-0.04545187254533101,0.15398114902543691
2021,0.03651792847190494,0.15398114902543691
2021,-0.008736664757977741,0.15398114902543691
2021,-0.02320358758709573,0.15398114902543691
2021,0.01648553241672346,0.15398114902543691
2021,-0.07397055400447483,0.15398114902543691
2021,-0.006499170397191167,0.15398114902543691
2021,-0.029433509615639064,0.15398114902543691
2021,0.0031062857246301756,0.15398114902543691
2021,-0.0051355153343594084,0.15398114902543691
2021,0.056850283988632455,0.15398114902543691
2021,0.026020309767003424,0.15398114902543691
2021,0.007939016327045745,0.15398114902543691
2021,-0.043995477472634104,0.15398114902543691
2021,-0.013627078300589068,0.15398114902543691
2021,-0.023459946869425874,0.15398114902543691
2021,0.017263047131960696,0.15398114902543691
2021,0.0076989202932956635,0.15398114902543691
2021,0.027184879212501678,0.15398114902543691
2021,0.018545789596093598,0.15398114902543691
2021,0.009059821665960033,0.15398114902543691
2021,0.03165263247982686,0.15398114902543691
2021,0.0005626162299708359,0.15398114902543691
2021,-0.005097964408786848,0.15398114902543691
2021,-0.02040404542646851,0.15398114902543691
2021,0.00449660549374109,0.15398114902543691
2021,-0.0037972085332096395,0.15398114902543691
2021,-0.0024942241322830627,0.15398114902543691
2021,-0.02152649861853817,0.15398114902543691
2021,0.003206696820956312,0.15398114902543691
2021,-0.001313923086216695,0.15398114902543691
2021,-0.05204655580120787,0.15398114902543691
2021,0.009802954258563479,0.15398114902543691
2021,-0.0039763250591674515,0.15398114902543691
2021,0.01823423607304972,0.15398114902543691
2021,-0.020498447982548962,0.15398114902543691
2021,0.001258382184984641,0.15398114902543691
2021,-0.007091508210747444,0.15398114902543691
2021,0.050463989786096564,0.15398114902543691
2021,-0.007175592321478075,0.15398114902543691
2021,-0.017314489649889908,0.15398114902543691
2021,-0.03258476375056374,0.15398114902543691
2021,-0.012063368462366442,0.15398114902543691
2021,0.012483876483756928,0.15398114902543691
2021,-0.014576475818000145,0.15398114902543691
2021,-0.08872534674563903,0.15398114902543691
2021,0.01429233309773123,0.15398114902543691
2021,-0.007520209557802859,0.15398114902543691
2021,-0.03430645893900375,0.15398114902543691
2021,-0.0312973811684345,0.15398114902543691
2021,0.03363428632412768,0.15398114902543691
2021,-0.00023170264025695886,0.15398114902543691
2021,0.017453000744651948,0.15398114902543691
2021,-0.01017235373964398,0.15398114902543691
2021,-0.02587925710872696,0.15398114902543691
2021,0.006400990159619285,0.15398114902543691
2021,0.021698858145764416,0.15398114902543691
2021,-0.024270699129473883,0.15398114902543691
2021,0.021410925760088406,0.15398114902543691
2021,0.018266437772808952,0.15398114902543691
2021,0.018707045856279025,0.15398114902543691
2021,0.008413918960412714,0.15398114902543691
2021,0.028962005586267936,0.15398114902543691
2021,-0.01568917771060785,0.15398114902543691
2021,0.017356797534915147,0.15398114902543691
2021,0.003609836936793398,0.15398114902543691
2021,0.025499190779925685,0.15398114902543691
2021,-0.09919039474994906,0.15398114902543691
2021,0.028836008784638628,0.15398114902543691
2021,0.056707393191438804,0.15398114902543691
2021,-0.017997481144458427,0.15398114902543691
2021,0.014049718171407877,0.15398114902543691
2021,0.009975698609774986,0.15398114902543691
2021,0.002034058927834481,0.15398114902543691
2021,-0.0009732765105260333,0.15398114902543691
2021,0.009263390766148044,0.15398114902543691
2021,0.0209131503722787,0.15398114902543691
2021,0.030972975112212586,0.15398114902543691
2021,0.0072571930516064365,0.15398114902543691
2021,-0.011682730462320379,0.15398114902543691
2021,-0.032950992888988284,0.15398114902543691
2021,0.012362265409062934,0.15398114902543691
2021,0.03822347074966642,0.15398114902543691
2021,-0.07452037248674659,0.15398114902543691
2021,0.013455560848773918,0.15398114902543691
2021,-0.0027598046926812225,0.15398114902543691
2021,-0.013896273559305727,0.15398114902543691
2021,-0.04213107539777916,0.15398114902543691
2021,0.008172329535408418,0.15398114902543691
2021,0.02013716819042638,0.15398114902543691
2021,-0.02450948181352597,0.15398114902543691
2021,0.006026508615649545,0.15398114902543691
2021,-0.0027536556903574594,0.15398114902543691
2021,-0.039741742147886505,0.15398114902543691
2021,0.0018023297317315001,0.15398114902543691
2021,0.020252089123329653,0.15398114902543691
2021,0.03423011941456089,0.15398114902543691
2021,-0.017870013107615268,0.15398114902543691
2021,0.012870955915593285,0.15398114902543691
2021,-0.008432386277152482,0.15398114902543691
2021,-0.05520914670574184,0.15398114902543691
2021,0.0158784481541544,0.15398114902543691
2021,-0.058214958690891105,0.15398114902543691
2021,0.006093128753277333,0.15398114902543691
2021,-0.010198761648774812,0.15398114902543691
2021,-0.017849324339094697,0.15398114902543691
2021,-0.017051467767079442,0.15398114902543691
2021,0.061742985884765345,0.15398114902543691
2021,-0.023111127942124665,0.15398114902543691
2021,0.0224829135283926,0.15398114902543691
2021,-0.0018963634414699282,0.15398114902543691
2021,-0.09307953321542417,0.15398114902543691
2021,-0.056126608635198916,0.15398114902543691
2021,-0.0023317298594906777,0.15398114902543691
2021,-0.0004095102308783183,0.15398114902543691
2021,0.05297846982000054,0.15398114902543691
2021,-0.027332498827540075,0.15398114902543691
2021,0.014379688158810966,0.15398114902543691
2021,-0.059094501708331526,0.15398114902543691
2021,0.0022404927852321954,0.15398114902543691
2021,0.002862955152917568,0.15398114902543691
2021,0.0457560223736882,0.15398114902543691
2021,0.005510460472366918,0.15398114902543691
2021,0.06007145106583822,0.15398114902543691
2021,-0.001850518976681037,0.15398114902543691
2021,-0.03321863463172581,0.15398114902543691
2021,-0.03663781104346531,0.15398114902543691
2021,0.024929195565828732,0.15398114902543691
2021,-0.002464565851795275,0.15398114902543691
2021,0.023247004260274096,0.15398114902543691
2021,0.01335912936131639,0.15398114902543691
2021,0.0030343614612713676,0.15398114902543691
2021,-0.011402495261247092,0.15398114902543691
2021,0.0019021106530758836,0.15398114902543691
2021,0.01592686687511846,0.15398114902543691
2021,-0.0035626200030947075,0.15398114902543691
2021,-0.018675876193093466,0.15398114902543691
2021,-0.0016731253295958481,0.15398114902543691
2021,0.008108693061205763,0.15398114902543691
2021,-0.08149638610096166,0.15398114902543691
2021,-0.026951621185160923,0.15398114902543691
2021,0.01018604084028496,0.15398114902543691
2021,-0.005181990941947379,0.15398114902543691
2021,-0.00746986920213677,0.15398114902543691
2021,0.038884544822640255,0.15398114902543691
2021,0.01862560257187479,0.15398114902543691
2021,0.01599122771894601,0.15398114902543691
2021,-0.04222555678506268,0.15398114902543691
2021,-0.000501964864475346,0.15398114902543691
2021,-0.0023169197289190646,0.15398114902543691
2021,0.0387002001217972,0.15398114902543691
2021,0.02994382394275208,0.15398114902543691
2021,0.03638118102425425,0.15398114902543691
2021,0.05236078633127306,0.15398114902543691
2021,-0.008618223141819925,0.15398114902543691
2021,0.004860981751330762,0.15398114902543691
2021,-0.007300520749050493,0.15398114902543691
2021,0.026122502146092463,0.15398114902543691
2021,0.09583130327420109,0.15398114902543691
2021,0.02454765274346149,0.15398114902543691
2021,-0.03394678245150462,0.15398114902543691
2021,0.017431929367960675,0.15398114902543691
2021,-0.0074976597662606,0.15398114902543691
2021,0.024100976279939512,0.15398114902543691
2021,-0.010718871465721591,0.15398114902543691
2021,0.020937135004380436,0.15398114902543691
2021,-0.0006633816829602068,0.15398114902543691
2021,0.007213694765471068,0.15398114902543691
2021,-0.01221506574992004,0.15398114902543691
2021,0.06915037940944779,0.15398114902543691
2021,0.0033319626417751547,0.15398114902543691
2021,0.023523626394958863,0.15398114902543691
2021,0.027589263173189993,0.15398114902543691
2021,0.009926053260720602,0.15398114902543691
2021,0.012963036239041159,0.15398114902543691
2021,0.0012159174604581824,0.15398114902543691
2021,-0.14404048375051492,0.15398114902543691
2021,0.005237361035336896,0.15398114902543691
2021,-0.0031670942605821484,0.15398114902543691
2021,0.0025032766544195173,0.15398114902543691
2021,0.010460721223097269,0.15398114902543691
2021,0.022420306295286796,0.15398114902543691
2021,-0.03345859118859695,0.15398114902543691
2021,0.018457844365984966,0.15398114902543691
2021,-0.024136643154896498,0.15398114902543691
2021,0.02950976238859998,0.15398114902543691
2021,0.011864446002246731,0.15398114902543691
2021,0.0245335285747893,0.15398114902543691
2021,0.01211566380873541,0.15398114902543691
2021,-0.014517260633778672,0.15398114902543691
2021,0.0200079204408658,0.15398114902543691
2021,-0.013529300592523441,0.15398114902543691
2021,0.023144587559809526,0.15398114902543691
2021,-0.020932066335662913,0.15398114902543691
2021,-0.011391047165469903,0.15398114902543691
2021,0.05864705184345709,0.15398114902543691
2021,0.009099272695544114,0.15398114902543691
2021,-0.027261154360118667,0.15398114902543691
2021,0.006223563971095303,0.15398114902543691
2021,0.060918458338344084,0.15398114902543691
2021,0.03895517369618079,0.15398114902543691
2021,0.02730612209032307,0.15398114902543691
2021,-0.012820048434146636,0.15398114902543691
2021,0.016802383909247987,0.15398114902543691
2021,0.02248307008568412,0.15398114902543691
2021,0.019711379270166696,0.15398114902543691
2021,0.0426083391243226,0.15398114902543691
2021,-0.03220476722416599,0.15398114902543691
2022,-0.009874006548733438,0.1361952448032238
2022,-0.008308468935580682,0.1361952448032238
2022,0.01829971721238588,0.1361952448032238
2022,-0.008117486858618683,0.1361952448032238
2022,0.03471577775952883,0.1361952448032238
2022,-0.03896133295853571,0.1361952448032238
2022,0.015912001054156244,0.1361952448032238
2022,0.021258601454888892,0.1361952448032238
2022,-0.03905804257529644,0.1361952448032238
2022,-0.05375991740257913,0.1361952448032238
2022,0.01939038620389688,0.1361952448032238
2022,0.006009750210846876,0.1361952448032238
2022,0.001445289734832933,0.1361952448032238
2022,-0.01328963162920238,0.1361952448032238
2022,-0.02070125326761918,0.1361952448032238
2022,-0.010036772458508092,0.1361952448032238
2022,0.0016468285811138128,0.1361952448032238
2022,0.026466035773251073,0.1361952448032238
2022,-0.029354377069806148,0.1361952448032238
2022,-0.008433238535385579,0.1361952448032238
2022,-0.008806274649559853,0.1361952448032238
2022,0.02819307994218012,0.1361952448032238
2022,0.011711809105715537,0.1361952448032238
2022,0.021354397824380977,0.1361952448032238
2022,0.04448621814277587,0.1361952448032238
2022,-0.0025452655791962653,0.1361952448032238
2022,-0.051902133261387595,0.1361952448032238
2022,0.019454342082387166,0.1361952448032238
2022,0.06629497146332886,0.1361952448032238
2022,0.009661241941543663,0.1361952448032238
2022,-0.006136862939137566,0.1361952448032238
2022,0.02172751368778822,0.1361952448032238
2022,0.04379654199205671,0.1361952448032238
2022,0.004524403786646203,0.1361952448032238
2022,-0.02304779524362066,0.1361952448032238
2022,-0.03530857760429851,0.1361952448032238
2022,0.03744720999242268,0.1361952448032238
2022,-0.006303251391119424,0.1361952448032238
2022,0.00035135025117294383,0.1361952448032238
2022,0.0027446304520614695,0.1361952448032238
2022,-0.045630486587369734,0.1361952448032238
2022,-0.02332071874690711,0.1361952448032238
2022,0.06000579107049453,0.1361952448032238
2022,0.022830248349396842,0.1361952448032238
2022,-0.011911426090152999,0.1361952448032238
2022,0.020893941357050638,0.1361952448032238
2022,0.04759490451949855,0.1361952448032238
2022,0.01329722389283744,0.1361952448032238
2022,0.003870535340558978,0.1361952448032238
2022,-0.002963735678003676,0.1361952448032238
2022,-0.006285530737816847,0.1361952448032238
2022,-0.00045077759786868454,0.1361952448032238
2022,-0.004493742865742945,0.1361952448032238
2022,-0.034725040329015355,0.1361952448032238
2022,0.024403420336331305,0.1361952448032238
2022,-0.0816415440102698,0.1361952448032238
2022,0.011862628055557656,0.1361952448032238
2022,-0.02517898598089041,0.1361952448032238
2022,-0.004645476139903071,0.1361952448032238
2022,-0.03423801893841877,0.1361952448032238
2022,-0.02377345884712223,0.1361952448032238
2022,0.0018723650683625248,0.1361952448032238
2022,-0.0017916891073289365,0.1361952448032238
2022,-0.02751517435154094,0.1361952448032238
2022,-0.03792982172311654,0.1361952448032238
2022,0.004644276357765154,0.1361952448032238
2022,0.005778938551968871,0.1361952448032238
2022,0.018346020358093296,0.1361952448032238
2022,-0.0004252485552688756,0.1361952448032238
2022,0.02272032988751682,0.1361952448032238
2022,-0.014911021691083437,0.1361952448032238
2022,0.0005328507839753027,0.1361952448032238
2022,-0.06601213361201169,0.1361952448032238
2022,0.028596611499134283,0.1361952448032238
2022,0.03709009376051853,0.1361952448032238
2022,-2.461605769760178e-05,0.1361952448032238
2022,-0.04134080953638719,0.1361952448032238
2022,-0.024161727899815744,0.1361952448032238
2022,-0.007869260044645943,0.1361952448032238
2022,0.022426583929068045,0.1361952448032238
2022,-0.04264036653873193,0.1361952448032238
2022,-0.04356971611833427,0.1361952448032238
2022,0.016822721058499246,0.1361952448032238
2022,0.0007520002423264671,0.1361952448032238
2022,0.00038433636954668393,0.1361952448032238
2022,-0.015077145848974627,0.1361952448032238
2022,-0.051397320981434014,0.1361952448032238
2022,0.029979255853917808,0.1361952448032238
2022,-0.007378856104045317,0.1361952448032238
2022,0.02416341195310273,0.1361952448032238
2022,0.059899767056761144,0.1361952448032238
2022,0.01378947237696615,0.1361952448032238
2022,-0.026859826395397857,0.1361952448032238
2022,-0.0019445482567129746,0.1361952448032238
2022,0.037886079417591145,0.1361952448032238
2022,0.008211991974192756,0.1361952448032238
2022,-0.005096835352381923,0.1361952448032238
2022,0.0006809464612483884,0.1361952448032238
2022,0.00559316892450798,0.1361952448032238
2022,-0.008858882018373454,0.1361952448032238
2022,0.004905383200071056,0.1361952448032238
2022,-0.10866314616691786,0.1361952448032238
2022,0.04656512761137244,0.1361952448032238
2022,0.0025346049736797993,0.1361952448032238
2022,0.024806678401619653,0.1361952448032238
2022,0.02336067286250021,0.1361952448032238
2022,0.013020881473260082,0.1361952448032238
2022,0.005931315742829096,0.1361952448032238
2022,0.013118420639925521,0.1361952448032238
2022,-0.04550566411266732,0.1361952448032238
2022,-0.038650162838447355,0.1361952448032238
2022,-0.037885664822247256,0.1361952448032238
2022,-0.007138086648872832,0.1361952448032238
2022,0.005531268709979387,0.1361952448032238
2022,-0.009742965498334866,0.1361952448032238
2022,0.012908784606304902,0.1361952448032238
2022,0.05166574394238066,0.1361952448032238
2022,0.0061619766978840695,0.1361952448032238
2022,-0.014100655805221907,0.1361952448032238
2022,0.09233796258651739,0.1361952448032238
2022,-0.016636668539286303,0.1361952448032238
2022,0.04673099038421846,0.1361952448032238
2022,0.006889814955509166,0.1361952448032238
2022,0.01386996947150304,0.1361952448032238
2022,-0.011557085658772559,0.1361952448032238
2022,0.014255937320646672,0.1361952448032238
2022,0.03360052215282791,0.1361952448032238
2022,-0.022374298429849615,0.1361952448032238
2022,0.01247074048401986,0.1361952448032238
2022,-0.006751645855323618,0.1361952448032238
2022,0.04378185155129466,0.1361952448032238
2022,-0.009868258982638434,0.1361952448032238
2022,-0.028940971758356526,0.1361952448032238
2022,0.006395169698858838,0.1361952448032238
2022,0.0272417362077306,0.1361952448032238
2022,0.006110493870580713,0.1361952448032238
2022,-0.007620004005409353,0.1361952448032238
2022,0.00034219144450231553,0.1361952448032238
2022,-0.001958986209990743,0.1361952448032238
2022,0.06162169005299134,0.1361952448032238
2022,0.0003473427439522059,0.1361952448032238
2022,-0.013327781812130457,0.1361952448032238
2022,0.04114524331577779,0.1361952448032238
2022,0.021456883257729098,0.1361952448032238
2022,-0.01636028189771288,0.1361952448032238
2022,0.008691885501233287,0.1361952448032238
2022,-0.01205233408990658,0.1361952448032238
2022,0.008364352286370058,0.1361952448032238
2022,0.021051619276103384,0.1361952448032238
2022,0.02872097592446199,0.1361952448032238
2022,0.00637983280333998,0.1361952448032238
2022,0.0032912532064375277,0.1361952448032238
2022,-0.009254437951793926,0.1361952448032238
2022,0.00676979738109551,0.1361952448032238
2022,0.054814705461480706,0.1361952448032238
2022,-0.0376893749649333,0.1361952448032238
2022,0.004192811354876841,0.1361952448032238
2022,0.0125755219604049,0.1361952448032238
2022,-0.004966405021914699,0.1361952448032238
2022,0.01059438145103142,0.1361952448032238
2022,-0.003882912766556501,0.1361952448032238
2022,-0.0369044930088247,0.1361952448032238
2022,-0.007131542112733147,0.1361952448032238
2022,-0.027031601458451182,0.1361952448032238
2022,-0.03064020665216516,0.1361952448032238
2022,0.024375992317799744,0.1361952448032238
2022,-0.021064412023654944,0.1361952448032238
2022,0.003913837698320155,0.1361952448032238
2022,0.00587342277188363,0.1361952448032238
2022,-0.00097890181748983,0.1361952448032238
2022,-0.039855437797005844,0.1361952448032238
2022,0.03460828746127875,0.1361952448032238
2022,0.018617018876175506,0.1361952448032238
2022,-0.022848572290232905,0.1361952448032238
2022,0.008578491896092721,0.1361952448032238
2022,-0.04512815868358544,0.1361952448032238
2022,-0.003439549974822542,0.1361952448032238
2022,0.03821470049428277,0.1361952448032238
2022,0.008756755422139495,0.1361952448032238
2022,0.028066222179836897,0.1361952448032238
2022,0.021692352424673517,0.1361952448032238
2022,0.039385754838773046,0.1361952448032238
2022,-0.024403893859406833,0.1361952448032238
2022,-0.014064447249223955,0.1361952448032238
2022,0.03313181325283637,0.1361952448032238
2022,0.02792680004894199,0.1361952448032238
2022,0.04233350212067011,0.1361952448032238
2022,0.0025060048554049474,0.1361952448032238
2022,-0.014330810803889038,0.1361952448032238
2022,0.05716406967820398,0.1361952448032238
2022,0.004447536836315491,0.1361952448032238
2022,0.005473490970916872,0.1361952448032238
2022,-0.0029370845499944176,0.1361952448032238
2022,0.02254293043488792,0.1361952448032238
2022,-0.006110847768762473,0.1361952448032238
2022,-0.002456309154883818,0.1361952448032238
2022,-0.001849830280003295,0.1361952448032238
2022,-0.011419161415169743,0.1361952448032238
2022,-0.006754120253089413,0.1361952448032238
2022,0.0014447485638899027,0.1361952448032238
2022,-0.0007416848655262265,0.1361952448032238
2022,-0.0006399712825463366,0.1361952448032238
2022,-0.009044584803080902,0.1361952448032238
2022,-0.015540259211497265,0.1361952448032238
2022,0.0426471144502536,0.1361952448032238
2022,-0.006804143025794296,0.1361952448032238
2022,0.006040318009626677,0.1361952448032238
2022,-0.006768119287872243,0.1361952448032238
2022,-0.007563746485529321,0.1361952448032238
2022,0.01804938509575965,0.1361952448032238
2022,-0.019075790519882174,0.1361952448032238
2022,-0.00014684690792499122,0.1361952448032238
2022,0.0013706607174520102,0.1361952448032238
2022,0.06379259051649999,0.1361952448032238
2022,0.01914284939326527,0.1361952448032238
2022,0.026501812707647066,0.1361952448032238
2022,0.03246723581571698,0.1361952448032238
2022,0.010995270707617244,0.1361952448032238
2022,-0.0012067740296111684,0.1361952448032238
2022,0.03421589764695171,0.1361952448032238
2022,0.09183760706528599,0.1361952448032238
2022,0.013958249694323965,0.1361952448032238
2022,0.04929444340291522,0.1361952448032238
2022,0.00027829529241274464,0.1361952448032238
2022,0.013151719968056808,0.1361952448032238
2022,0.028356948616037547,0.1361952448032238
2022,-0.0375102458199183,0.1361952448032238
2022,0.0035429685408208123,0.1361952448032238
2022,-0.009665331698434754,0.1361952448032238
2022,0.03514623462923927,0.1361952448032238
2022,0.001262793558434741,0.1361952448032238
2022,0.006556675692565683,0.1361952448032238
2022,-0.03160980353119058,0.1361952448032238
2022,0.0020738075465376593,0.1361952448032238
2022,-0.012905901390139363,0.1361952448032238
2022,0.005319433985987554,0.1361952448032238
2022,0.03358862684942049,0.1361952448032238
2022,0.014085801638848205,0.1361952448032238
2022,0.0180840892555304,0.1361952448032238
2022,-0.0027662306035463047,0.1361952448032238
2022,0.028137370118596627,0.1361952448032238
2022,0.005195255778055685,0.1361952448032238
2022,-0.040927177295632444,0.1361952448032238
2022,0.0191650185651685,0.1361952448032238
2022,0.007713290067473566,0.1361952448032238
2022,-0.011214152401061606,0.1361952448032238
2022,0.019278855122941085,0.1361952448032238
2022,-0.007695232321616702,0.1361952448032238
2022,-0.018404448673243978,0.1361952448032238
2022,0.020567489308166764,0.1361952448032238
2022,-0.010391133131040342,0.1361952448032238
2022,-0.01621331338843679,0.1361952448032238
2022,-0.055591942430598174,0.1361952448032238
2022,0.009037119015060519,0.1361952448032238
2022,-0.00026275041817669376,0.1361952448032238
2022,0.005304811994796765,0.1361952448032238
2022,0.016379333242019456,0.1361952448032238
2022,-0.021045761435558696,0.1361952448032238
2022,-0.041207128010222305,0.1361952448032238
2022,0.01519789043114933,0.1361952448032238
2022,0.010720767955133992,0.1361952448032238
2022,0.022179751845712803,0.1361952448032238
2022,-0.011630656241707449,0.1361952448032238
2022,-0.003714309673914007,0.1361952448032238
2022,-0.04199525024270745,0.1361952448032238
2022,-0.0011818789904357585,0.1361952448032238
2022,-0.0035213930475688215,0.1361952448032238
2022,0.023240598188945638,0.1361952448032238
2022,-0.008144231978609806,0.1361952448032238
2022,-0.04150154162449715,0.1361952448032238
2022,0.014948501270364623,0.1361952448032238
2022,-0.00820502104393156,0.1361952448032238
2022,0.010893300583684429,0.1361952448032238
2022,0.011519100710076835,0.1361952448032238
2022,0.004006336011627282,0.1361952448032238
2022,0.02830158036261965,0.1361952448032238
2022,-0.006684394351602507,0.1361952448032238
2022,0.0003051793096826294,0.1361952448032238
2022,-0.012579491569369328,0.1361952448032238
2022,-0.01713794815748443,0.1361952448032238
2022,0.0022229387032781656,0.1361952448032238
2022,0.011296668951014888,0.1361952448032238
2022,-0.012884162323546777,0.1361952448032238
2022,-0.004760663929323394,0.1361952448032238
2022,0.0566420071813728,0.1361952448032238
2022,0.017425859274537464,0.1361952448032238
2022,-0.006941036717262206,0.1361952448032238
2022,0.012724814877548896,0.1361952448032238
2022,0.022522838253419386,0.1361952448032238
2022,-0.001043976588052331,0.1361952448032238
2022,-0.0092601800566392,0.1361952448032238
2022,0.023276578177264695,0.1361952448032238
2022,-0.001732967661146223,0.1361952448032238
2022,-0.009363372352536758,0.1361952448032238
2022,-0.0016141599867390832,0.1361952448032238
2022,0.023852799398370983,0.1361952448032238
2022,0.006177865690539963,0.1361952448032238
2022,-0.0010429597787016687,0.1361952448032238
2022,0.001803944644124103,0.1361952448032238
2022,0.006594828624174487,0.1361952448032238
2022,0.017877235343916498,0.1361952448032238
2022,0.05297285161347509,0.1361952448032238
2022,0.007753910499574745,0.1361952448032238
2022,0.012770783659573293,0.1361952448032238
2022,-0.018155631353251322,0.1361952448032238
2022,-0.05851731461283327,0.1361952448032238
2022,0.003101946018452595,0.1361952448032238
2022,0.005616778402061984,0.1361952448032238
2022,0.0085878364541922,0.1361952448032238
2022,-0.041941687617205625,0.1361952448032238
2022,0.0576039176770633,0.1361952448032238
2022,-0.03378630695086826,0.1361952448032238
2022,-0.023603344668457538,0.1361952448032238
2022,-0.027463098964606303,0.1361952448032238
2022,-0.005158547455834606,0.1361952448032238
2022,-0.010657717856527804,0.1361952448032238
2022,-0.0005430257584393972,0.1361952448032238
2022,-0.0305558210024528,0.1361952448032238
2022,-0.0056167834841777675,0.1361952448032238
2022,-0.045593645700253926,0.1361952448032238
2022,0.00940031288955677,0.1361952448032238
2022,-0.019159460277830886,0.1361952448032238
2022,0.013198340208051662,0.1361952448032238
2022,-0.01449583065885901,0.1361952448032238
2022,-0.03636646629078055,0.1361952448032238
2022,-0.0026121124382887384,0.1361952448032238
2022,0.03112150937401692,0.1361952448032238
2022,0.013229424696284298,0.1361952448032238
2022,0.08558260537579465,0.1361952448032238
2022,0.0166766686671998,0.1361952448032238
2022,-0.03062891936861234,0.1361952448032238
2022,0.03430938710759157,0.1361952448032238
2022,3.559358223065301e-05,0.1361952448032238
2022,-0.009024893103449227,0.1361952448032238
2022,0.0026989708492068387,0.1361952448032238
2022,-0.011899016082380032,0.1361952448032238
2022,-0.004143593676196933,0.1361952448032238
2022,-0.009507026449247058,0.1361952448032238
2022,-0.03840836313868634,0.1361952448032238
2022,0.029758037599574072,0.1361952448032238
2022,0.022608583260702586,0.1361952448032238
2022,0.012216022102286672,0.1361952448032238
2022,-0.016117431976830576,0.1361952448032238
2022,0.010191552339632037,0.1361952448032238
2022,-0.021625821529583256,0.1361952448032238
2022,0.01904558100213649,0.1361952448032238
2022,-0.032551909302720894,0.1361952448032238
2022,0.014077582233081642,0.1361952448032238
2022,-0.004006404508864747,0.1361952448032238
2022,0.013671881802665986,0.1361952448032238
2022,-0.031566452035530435,0.1361952448032238
2022,-0.009749718767978977,0.1361952448032238
2022,-0.0016691044392747045,0.1361952448032238
2022,0.035024636110342344,0.1361952448032238
2022,-0.00903448867105383,0.1361952448032238
2022,0.020770785389530644,0.1361952448032238
2022,-0.01395698443473381,0.1361952448032238
2022,0.008608215345640213,0.1361952448032238
2022,-0.0447803558541815,0.1361952448032238
2022,0.006620442475610805,0.1361952448032238
2022,-0.020145808864078574,0.1361952448032238
2022,0.018256810581975036,0.1361952448032238
2022,-0.021548248705432815,0.1361952448032238
2022,0.00213720788132421,0.1361952448032238
2022,-0.0055491194057999405,0.1361952448032238
2022,0.03197385761492744,0.1361952448032238
2022,0.003087287434698327,0.1361952448032238
2022,-0.007029472850930807,0.1361952448032238
2022,-0.03282497917858951,0.1361952448032238
2022,0.008898465609263662,0.1361952448032238
2022,0.006854114829532104,0.1361952448032238
2022,-0.013233849989764124,0.1361952448032238
2022,0.01864017270995244,0.1361952448032238
2022,0.027384260506184033,0.1361952448032238
2022,-0.005086975958604856,0.1361952448032238
2022,0.02532852395066032,0.1361952448032238
2022,0.009862800146061834,0.1361952448032238
2022,0.0027100431808738945,0.1361952448032238
2022,0.001242230670222444,0.1361952448032238
2022,0.0008953931370316859,0.1361952448032238
2022,-0.009349660996747444,0.1361952448032238
2022,0.03056011248406687,0.1361952448032238
2022,0.004205671121313259,0.1361952448032238
2022,0.008169595279222619,0.1361952448032238
2022,0.006310424171321438,0.1361952448032238
2022,0.022437486707296006,0.1361952448032238
2022,0.0063770665775215035,0.1361952448032238
2022,-0.0034118321061030743,0.1361952448032238
2022,-0.010246251297348019,0.1361952448032238
2022,-0.006398879652913914,0.1361952448032238
2022,0.001725257449749329,0.1361952448032238
2022,-0.008233837510836173,0.1361952448032238
2022,0.008375397529307715,0.1361952448032238
2022,0.039180481673584344,0.1361952448032238
2022,0.02192352813697146,0.1361952448032238
2022,0.003969189699129405,0.1361952448032238
2022,0.009262316914181334,0.1361952448032238
2022,0.029912400594250155,0.1361952448032238
2022,-0.013461025987204112,0.1361952448032238
2022,-0.016113728680232364,0.1361952448032238
2022,-0.009689882899553581,0.1361952448032238
2022,-0.0028665376540107923,0.1361952448032238
2022,-0.017264433220126385,0.1361952448032238
2022,-0.01174623791596996,0.1361952448032238
2022,0.009734997300383741,0.1361952448032238
2022,0.05881786191679117,0.1361952448032238
2022,0.03745130072431746,0.1361952448032238
2022,0.008984693603945326,0.1361952448032238
2022,0.0031130071738748044,0.1361952448032238
2022,0.015035061792925464,0.1361952448032238
2022,9.427054432292747e-05,0.1361952448032238
2022,0.012934175895772088,0.1361952448032238
2022,0.024071421115809788,0.1361952448032238
2022,-0.021851607170014276,0.1361952448032238
2022,-0.013473532144514466,0.1361952448032238
2022,-0.0039637267494387896,0.1361952448032238
2022,-0.006288768927218857,0.1361952448032238
2022,-0.0004432259411221162,0.1361952448032238
2022,0.01766558036589072,0.1361952448032238
2022,-0.015213473775235187,0.1361952448032238
2022,0.05264755048070591,0.1361952448032238
2022,-0.04302425426821499,0.1361952448032238
2022,0.0001309833383754122,0.1361952448032238
2022,0.021542228296908245,0.1361952448032238
2022,0.015090828246619115,0.1361952448032238
2022,0.0003651086312986829,0.1361952448032238
2022,-0.04213540823558026,0.1361952448032238
2022,-0.010405143566363184,0.1361952448032238
2022,-0.03916168351568605,0.1361952448032238
2022,0.021754655997829497,0.1361952448032238
2022,0.044359482093846436,0.1361952448032238
2022,-0.039637880589609376,0.1361952448032238
2022,0.012887618825861369,0.1361952448032238
2022,0.0009532439780259305,0.1361952448032238
2022,-0.018103213193230938,0.1361952448032238
2022,0.018666509803993148,0.1361952448032238
2022,0.009904531700508645,0.1361952448032238
2022,-0.008946437960768994,0.1361952448032238
2022,-0.013078896395181061,0.1361952448032238
2022,0.012375050867502624,0.1361952448032238
2022,0.03375685254491234,0.1361952448032238
2022,0.05434323524424034,0.1361952448032238
2022,0.007707766698470064,0.1361952448032238
2022,-0.0012226673957251855,0.1361952448032238
2022,0.05030500783207548,0.1361952448032238
2022,-0.037714697415046516,0.1361952448032238
2022,-0.007067716103245192,0.1361952448032238
2022,-0.0016625360199395978,0.1361952448032238
2022,-0.00703440913868314,0.1361952448032238
2022,0.021731108252102116,0.1361952448032238
2022,-0.002606820271313065,0.1361952448032238
2022,-0.016128696596396125,0.1361952448032238
2022,-0.030429578869897167,0.1361952448032238
2022,-0.007891906242978641,0.1361952448032238
2022,0.029149984146301544,0.1361952448032238
2022,-0.033493536097514764,0.1361952448032238
2022,0.000955257704046697,0.1361952448032238
2022,0.023142743262021204,0.1361952448032238
2022,0.0033041960782464463,0.1361952448032238
2022,0.002244915894807298,0.1361952448032238
2022,0.008961793293843723,0.1361952448032238
2022,-0.02380477228469957,0.1361952448032238
2022,0.008982076374175696,0.1361952448032238
2022,-0.0032174479298968106,0.1361952448032238
2022,0.0003871237480403411,0.1361952448032238
2022,-0.05096281118318191,0.1361952448032238
2022,0.004257869991279917,0.1361952448032238
2022,-0.002999255751425678,0.1361952448032238
2022,-0.007222225454815101,0.1361952448032238
2022,0.02723191469017172,0.1361952448032238
2022,0.006779635666319561,0.1361952448032238
2022,0.008854449157090771,0.1361952448032238
2022,0.006789157853863026,0.1361952448032238
2022,0.025298400949785194,0.1361952448032238
2022,-0.017600790910055286,0.1361952448032238
2023,0.005856892097117816,0.15743887905574344
2023,-0.010381592811054274,0.15743887905574344
2023,0.001824788062640692,0.15743887905574344
2023,-0.022471371541599422,0.15743887905574344
2023,-0.004752080742817744,0.15743887905574344
2023,0.006211264422399915,0.15743887905574344
2023,0.010193159951111905,0.15743887905574344
2023,0.024211572665332803,0.15743887905574344
2023,-0.03773012731130221,0.15743887905574344
2023,-0.007014970408730337,0.15743887905574344
2023,-0.025347280996569355,0.15743887905574344
2023,0.0009775558672613371,0.15743887905574344
2023,0.036913035653894394,0.15743887905574344
2023,-0.005028535461469419,0.15743887905574344
2023,-0.08529978283200634,0.15743887905574344
2023,0.006894287913718544,0.15743887905574344
2023,0.015747250036892063,0.15743887905574344
2023,-0.043208985696062185,0.15743887905574344
2023,0.0028246046688513993,0.15743887905574344
2023,-0.08734988318340364,0.15743887905574344
2023,-0.01392877008020682,0.15743887905574344
2023,0.019773378374560835,0.15743887905574344
2023,0.012251504370865252,0.15743887905574344
2023,-0.027654205146788513,0.15743887905574344
2023,0.06096207249028052,0.15743887905574344
2023,0.005473964539919177,0.15743887905574344
2023,0.01804337485403662,0.15743887905574344
2023,-0.014781209363430414,0.15743887905574344
2023,-0.01698321476316006,0.15743887905574344
2023,-0.015881924802802816,0.15743887905574344
2023,0.009945657903088989,0.15743887905574344
2023,0.01570209288537905,0.15743887905574344
2023,-0.028052961020584744,0.15743887905574344
2023,-0.04077033737897495,0.15743887905574344
2023,0.007926837170741441,0.15743887905574344
2023,0.007372184907390833,0.15743887905574344
2023,0.013588046704671786,0.15743887905574344
2023,-0.0019964206815673013,0.15743887905574344
2023,0.017292364303119007,0.15743887905574344
2023,-0.01296254664799068,0.15743887905574344
2023,-0.03639210255721137,0.15743887905574344
2023,0.02709640838101779,0.15743887905574344
2023,-0.0017320114652063512,0.15743887905574344
2023,0.012782949601884641,0.15743887905574344
2023,-0.018906855771081865,0.15743887905574344
2023,-0.029267854707475838,0.15743887905574344
2023,-0.006405760609969391,0.15743887905574344
2023,-0.0480058202739857,0.15743887905574344
2023,0.05968605486751599,0.15743887905574344
2023,0.019510244836261792,0.15743887905574344
2023,-0.025990709055698502,0.15743887905574344
2023,-0.0038667447077776473,0.15743887905574344
2023,-0.0280883174916865,0.15743887905574344
2023,0.003226883740002684,0.15743887905574344
2023,0.0033181962698771716,0.15743887905574344
2023,0.06737282420763102,0.15743887905574344
2023,0.01335549667898045,0.15743887905574344
2023,0.019530865884009874,0.15743887905574344
2023,-0.005430025580034137,0.15743887905574344
2023,0.07974214510353395,0.15743887905574344
2023,-0.0048347625133297045,0.15743887905574344
2023,-0.007025873883572786,0.15743887905574344
2023,0.019664117798293634,0.15743887905574344
2023,0.0016127807658604387,0.15743887905574344
2023,0.016115736498768074,0.15743887905574344
2023,-0.00924107426208809,0.15743887905574344
2023,-0.027003701667076663,0.15743887905574344
2023,0.045773534772120594,0.15743887905574344
2023,0.020413105196494974,0.15743887905574344
2023,-0.013265556590541294,0.15743887905574344
2023,0.04611667785754059,0.15743887905574344
2023,0.024946663185577977,0.15743887905574344
2023,0.024106438676697983,0.15743887905574344
2023,-0.004945787032226312,0.15743887905574344
2023,0.005594375170489052,0.15743887905574344
2023,0.0008089326747537928,0.15743887905574344
2023,0.019788339013130485,0.15743887905574344
2023,0.0009110401289505465,0.15743887905574344
2023,0.0044564338192768504,0.15743887905574344
2023,-0.011081522922192,0.15743887905574344
2023,0.012227921704650369,0.15743887905574344
2023,-0.01914653763338403,0.15743887905574344
2023,-0.06870937052420156,0.15743887905574344
2023,-0.00058989614026983,0.15743887905574344
2023,0.009316091271244692,0.15743887905574344
2023,0.016036377554607517,0.15743887905574344
2023,-0.004808992088446318,0.15743887905574344
2023,0.04610180983818524,0.15743887905574344
2023,0.054197197171524714,0.15743887905574344
2023,-0.061297662645872775,0.15743887905574344
2023,-0.025560433913842218,0.15743887905574344
2023,-0.0018460193852372075,0.15743887905574344
2023,-0.02702837183586121,0.15743887905574344
2023,0.03919420046619709,0.15743887905574344
2023,0.016635184097758618,0.15743887905574344
2023,0.006403626031812104,0.15743887905574344
2023,0.0018470419403878724,0.15743887905574344
2023,-0.0026225682109100867,0.15743887905574344
2023,0.004352856203881705,0.15743887905574344
2023,-0.09938973154459463,0.15743887905574344
2023,-0.003963238690284421,0.15743887905574344
2023,-0.013165440073143797,0.15743887905574344
2023,0.037905740110280695,0.15743887905574344
2023,0.007066906281302132,0.15743887905574344
2023,0.012682898407483378,0.15743887905574344
2023,0.04451509641057083,0.15743887905574344
2023,-0.08297707486851813,0.15743887905574344
2023,-0.027719742030117955,0.15743887905574344
2023,0.013351875343599162,0.15743887905574344
2023,-0.01667460648746938,0.15743887905574344
2023,-0.02673073572573814,0.15743887905574344
2023,0.02492614066549237,0.15743887905574344
2023,0.012569450183973485,0.15743887905574344
2023,0.0491145434712178,0.15743887905574344
2023,0.013558046284184944,0.15743887905574344
2023,-7.38204095672157e-05,0.15743887905574344
2023,-0.037162049892150995,0.15743887905574344
2023,0.012009237415893548,0.15743887905574344
2023,0.024952800984151757,0.15743887905574344
2023,0.012408046322447186,0.15743887905574344
2023,-0.004807229020982184,0.15743887905574344
2023,0.006664241781456637,0.15743887905574344
2023,-0.01223883639121176,0.15743887905574344
2023,0.037630794500349674,0.15743887905574344
2023,0.010319911597471476,0.15743887905574344
2023,0.05063523488262156,0.15743887905574344
2023,0.01647087042469597,0.15743887905574344
2023,0.0003069412319222087,0.15743887905574344
2023,0.013545757714536921,0.15743887905574344
2023,-0.0014431850979690353,0.15743887905574344
2023,0.014681378184005778,0.15743887905574344
2023,0.008644715427564398,0.15743887905574344
2023,-0.025916066662202475,0.15743887905574344
2023,-0.01116835764893187,0.15743887905574344
2023,0.022517624866579156,0.15743887905574344
2023,0.003535169166230645,0.15743887905574344
2023,-0.04127924433830582,0.15743887905574344
2023,0.07938133891022159,0.15743887905574344
2023,0.06825134467531169,0.15743887905574344
2023,-0.030122942762022098,0.15743887905574344
2023,-0.010924624406004835,0.15743887905574344
2023,0.013197577011944683,0.15743887905574344
2023,-0.01026041754982887,0.15743887905574344
2023,0.013297772484987536,0.15743887905574344
2023,0.017928957107198912,0.15743887905574344
2023,-0.015291986889479192,0.15743887905574344
2023,0.003925215522366465,0.15743887905574344
2023,-0.027553541330255005,0.15743887905574344
2023,-0.00483599373345911,0.15743887905574344
2023,-0.020595098753897645,0.15743887905574344
2023,0.008103926957638508,0.15743887905574344
2023,0.005544765676514851,0.15743887905574344
2023,0.026271726552636654,0.15743887905574344
2023,0.020911259757182443,0.15743887905574344
2023,-0.026882238627272126,0.15743887905574344
2023,-0.01668012630093277,0.15743887905574344
2023,0.00816709253700798,0.15743887905574344
2023,-0.0018088793972175221,0.15743887905574344
2023,-0.04213362224093198,0.15743887905574344
2023,-0.014541680107844457,0.15743887905574344
2023,-0.019079781428584575,0.15743887905574344
2023,0.016790353659317164,0.15743887905574344
2023,0.018573391011041773,0.15743887905574344
2023,0.0137064556419364,0.15743887905574344
2023,0.04596300446550561,0.15743887905574344
2023,0.010360148854251378,0.15743887905574344
2023,0.03763869088694649,0.15743887905574344
2023,0.05684672399193913,0.15743887905574344
2023,0.006709842516671505,0.15743887905574344
2023,0.04828655935493675,0.15743887905574344
2023,0.0034822547113031455,0.15743887905574344
2023,-0.05313877776125098,0.15743887905574344
2023,0.01664836200365233,0.15743887905574344
2023,0.024460286128752617,0.15743887905574344
2023,0.012404583665441116,0.15743887905574344
2023,-0.016210717372262234,0.15743887905574344
2023,0.006389831374032595,0.15743887905574344
2023,0.03533670651653942,0.15743887905574344
2023,0.0004601167254581484,0.15743887905574344
2023,-0.004858150362846758,0.15743887905574344
2023,0.016680726580129535,0.15743887905574344
2023,0.04625154192411973,0.15743887905574344
2023,0.004296982802829141,0.15743887905574344
2023,0.02730727891747875,0.15743887905574344
2023,0.0066813062384678545,0.15743887905574344
2023,-0.04770127284072767,0.15743887905574344
2023,-0.00384190580853061,0.15743887905574344
2023,0.011018998233601363,0.15743887905574344
2023,0.02166299273890182,0.15743887905574344
2023,-0.019947184453205813,0.15743887905574344
2023,0.012070600272857834,0.15743887905574344
2023,0.018904631953016948,0.15743887905574344
2023,0.01357389980533441,0.15743887905574344
2023,0.0011653095602589536,0.15743887905574344
2023,-0.07351644620712927,0.15743887905574344
2023,0.013058672256330395,0.15743887905574344
2023,0.0014749692142997928,0.15743887905574344
2023,-0.0061958423488129855,0.15743887905574344
2023,0.05644839826308845,0.15743887905574344
2023,0.014130503010398976,0.15743887905574344
2023,-0.036284817841315875,0.15743887905574344
2023,-0.0003572119724732925,0.15743887905574344
2023,0.01628386326374448,0.15743887905574344
2023,0.018422773036031348,0.15743887905574344
2023,-0.02837884017789405,0.15743887905574344
2023,0.0036994315833402958,0.15743887905574344
2023,-0.008194164779110835,0.15743887905574344
2023,-0.004408912798485987,0.15743887905574344
2023,-0.09124800038223535,0.15743887905574344
2023,-0.027394937715246592,0.15743887905574344
2023,0.0032205724924643797,0.15743887905574344
2023,0.012264150900247184,0.15743887905574344
2023,0.01645158208186609,0.15743887905574344
2023,0.011512927984320187,0.15743887905574344
2023,-0.0038239786926864694,0.15743887905574344
2023,-0.015221794985546766,0.15743887905574344
2023,-0.030764162579483334,0.15743887905574344
2023,0.02257001753057658,0.15743887905574344
2023,0.025646523635680374,0.15743887905574344
2023,-0.00659834789320346,0.15743887905574344
2023,-0.03953134201406261,0.15743887905574344
2023,0.011939036973676986,0.15743887905574344
2023,-0.0419829823568485,0.15743887905574344
2023,-0.008587356561186255,0.15743887905574344
2023,0.018252925369778517,0.15743887905574344
2023,-0.07144265040823039,0.15743887905574344
2023,0.08894711684552836,0.15743887905574344
2023,-0.012934674541516977,0.15743887905574344
2023,0.0177294570878912,0.15743887905574344
2023,0.0066454625107262855,0.15743887905574344
2023,0.005671047347361735,0.15743887905574344
2023,0.03837815737613198,0.15743887905574344
2023,-0.044398856737785986,0.15743887905574344
2023,0.03446324142780277,0.15743887905574344
2023,0.024349247263422746,0.15743887905574344
2023,0.01993091755440063,0.15743887905574344
2023,0.058872030527992725,0.15743887905574344
2023,-0.0014224183579522043,0.15743887905574344
2023,-0.019233707309421144,0.15743887905574344
2023,0.09552330574061635,0.15743887905574344
2023,0.01768074609090725,0.15743887905574344
2023,0.02204251892705983,0.15743887905574344
2023,0.02400715641775103,0.15743887905574344
2023,-0.014904651647517697,0.15743887905574344
2023,0.005901563563667306,0.15743887905574344
2023,0.0028011108295031284,0.15743887905574344
2023,0.004629012467092963,0.15743887905574344
2023,0.024157318738614375,0.15743887905574344
2023,-0.02565182100776664,0.15743887905574344
2023,-0.04373274545548833,0.15743887905574344
2023,-0.0016422069593079458,0.15743887905574344
2023,0.01777736378454564,0.15743887905574344
2023,0.005859756217348133,0.15743887905574344
2023,0.02834272189724865,0.15743887905574344
2023,0.050505171162655293,0.15743887905574344
2023,-0.03890307095379841,0.15743887905574344
2023,-0.1016806563481667,0.15743887905574344
2023,-0.009770855659350208,0.15743887905574344
2023,-0.01918810221389161,0.15743887905574344
2023,-0.02303823239744396,0.15743887905574344
2023,-0.01033134934459351,0.15743887905574344
2023,-0.021089356291106975,0.15743887905574344
2023,-0.003376947121374485,0.15743887905574344
2023,0.022430237730174385,0.15743887905574344
2023,0.024080465511976012,0.15743887905574344
2023,-0.07243048758254145,0.15743887905574344
2023,0.015531918680088797,0.15743887905574344
2023,-0.014606578080286647,0.15743887905574344
2023,0.00852505431125214,0.15743887905574344
2023,0.02312331984664634,0.15743887905574344
2023,-0.002703987712635858,0.15743887905574344
2023,-0.0576535496391965,0.15743887905574344
2023,-0.038178927304152954,0.15743887905574344
2023,0.02090135972748941,0.15743887905574344
2023,0.044184737264227,0.15743887905574344
2023,0.02366669500510521,0.15743887905574344
2023,-0.01885197318710985,0.15743887905574344
2023,-0.03522203356646625,0.15743887905574344
2023,0.033278610819606425,0.15743887905574344
2023,-0.07415683835910936,0.15743887905574344
2023,0.014299270872022984,0.15743887905574344
2023,-0.0011814020188612995,0.15743887905574344
2023,-0.04189249600173395,0.15743887905574344
2023,0.020567994769956716,0.15743887905574344
2023,0.003992741000338751,0.15743887905574344
2023,0.007017706784830047,0.15743887905574344
2023,0.007469862973287167,0.15743887905574344
2023,-0.012462043338128614,0.15743887905574344
2023,0.03853715767091981,0.15743887905574344
2023,-0.05079542583511598,0.15743887905574344
2023,0.02414922521067603,0.15743887905574344
2023,0.0029805959255554404,0.15743887905574344
2023,0.00259251698047569,0.15743887905574344
2023,-0.030225232952270975,0.15743887905574344
2023,0.020088178008459023,0.15743887905574344
2023,-0.02450497246681338,0.15743887905574344
2023,0.029802187467012686,0.15743887905574344
2023,0.027835545545093043,0.15743887905574344
2023,0.026091488696040277,0.15743887905574344
2023,-0.10855392056471347,0.15743887905574344
2023,0.024675549718744416,0.15743887905574344
2023,-0.048417836923744906,0.15743887905574344
2023,0.009362620080792194,0.15743887905574344
2023,0.010836560716689592,0.15743887905574344
2023,-0.0013562386274882654,0.15743887905574344
2023,0.007784184573369157,0.15743887905574344
2023,0.01221928477212697,0.15743887905574344
2023,-0.01775176964943903,0.15743887905574344
2023,0.006561517371753284,0.15743887905574344
2023,0.021663446805255338,0.15743887905574344
2023,-0.10802151852790343,0.15743887905574344
2023,0.03874217517824752,0.15743887905574344
2023,0.06038755502080295,0.15743887905574344
2023,0.04963738188625022,0.15743887905574344
2023,0.042918310529501624,0.15743887905574344
2023,-0.0027772656664408063,0.15743887905574344
2023,-0.006021413098787787,0.15743887905574344
2023,-0.01560211646570453,0.15743887905574344
2023,0.000545798907513606,0.15743887905574344
2023,0.013108764197362205,0.15743887905574344
2023,-0.006559238499852849,0.15743887905574344
2023,-0.08306104833970052,0.15743887905574344
2023,0.03405029080818245,0.15743887905574344
2023,0.025047116947840675,0.15743887905574344
2023,-0.01779821180638308,0.15743887905574344
2023,0.038011628405469455,0.15743887905574344
2023,0.04146242026978503,0.15743887905574344
2023,0.00042782809092706264,0.15743887905574344
2023,-0.002579055188158541,0.15743887905574344
2023,0.0073584091794022255,0.15743887905574344
2023,0.005919185843338032,0.15743887905574344
2023,0.01311561849176851,0.15743887905574344
2023,0.04492479057885501,0.15743887905574344
2023,-0.007205435411932859,0.15743887905574344
2023,0.006800230500575211,0.15743887905574344
2023,0.02134715435640594,0.15743887905574344
2023,-0.0012232662260159843,0.15743887905574344
2023,0.012619515832592798,0.15743887905574344
2023,0.003262385178568472,0.15743887905574344
2023,0.015550187775018598,0.15743887905574344
2023,0.009317060308673075,0.15743887905574344
2023,0.005312939568878905,0.15743887905574344
2023,-0.030092461117961378,0.15743887905574344
2023,0.012470425112899475,0.15743887905574344
2023,0.007995697641270644,0.15743887905574344
2023,0.030284354037039107,0.15743887905574344
2023,-0.001951233783057782,0.15743887905574344
2023,0.019759085119917863,0.15743887905574344
2023,-0.0886869000892585,0.15743887905574344
2023,0.021894704780170526,0.15743887905574344
2023,-6.711522449653895e-05,0.15743887905574344
2023,0.029602538074549045,0.15743887905574344
2023,0.006915067249360474,0.15743887905574344
2023,0.0014220070843871113,0.15743887905574344
2023,0.01913436452753081,0.15743887905574344
2023,-0.00491873708123286,0.15743887905574344
2023,0.017779607421606475,0.15743887905574344
2023,0.03257693740256229,0.15743887905574344
2023,-0.008654846354573698,0.15743887905574344
2023,-0.015584349995122704,0.15743887905574344
2023,0.043452799994197794,0.15743887905574344
2023,-0.03468051678551021,0.15743887905574344
2023,-0.09753096057656396,0.15743887905574344
2023,0.02487813079308393,0.15743887905574344
2023,-0.004570447952608914,0.15743887905574344
2023,0.022694201599374852,0.15743887905574344
2023,-0.004049689752665453,0.15743887905574344
2023,-0.012266275201611027,0.15743887905574344
2023,-0.004751810932410061,0.15743887905574344
2023,-0.000461184467375475,0.15743887905574344
2023,0.03924440356755565,0.15743887905574344
2023,0.03906272484814094,0.15743887905574344
2023,0.0023785840547855264,0.15743887905574344
2023,0.013119702008675516,0.15743887905574344
2023,0.01824012792624566,0.15743887905574344
2023,0.001490062077466714,0.15743887905574344
2023,-0.013960072384928579,0.15743887905574344
2023,-0.0012579836493742669,0.15743887905574344
2023,-0.036117230090358166,0.15743887905574344
2023,-0.011219181975750836,0.15743887905574344
2023,-0.0316117054057925,0.15743887905574344
2023,0.02893892649586577,0.15743887905574344
2023,0.05353677161424053,0.15743887905574344
2023,-0.03448116274089408,0.15743887905574344
2023,-0.05178853288663088,0.15743887905574344
2023,-0.008793312652417118,0.15743887905574344
2023,0.016756245092946598,0.15743887905574344
2023,-0.05370382119185324,0.15743887905574344
2023,0.009247683240253185,0.15743887905574344
2023,0.006545173587659242,0.15743887905574344
2023,0.015010741707815245,0.15743887905574344
2023,-0.015642683265153612,0.15743887905574344
2023,-0.0480299196983518,0.15743887905574344
2023,0.01760292956636844,0.15743887905574344
2023,-0.015496367593058585,0.15743887905574344
2023,-0.011422664652639025,0.15743887905574344
2023,0.01410202287310991,0.15743887905574344
2023,0.013543534390987683,0.15743887905574344
2023,-0.0011202163464631987,0.15743887905574344
2023,-0.01646623826754884,0.15743887905574344
2023,-0.023428072881226503,0.15743887905574344
2023,-0.016478478419643228,0.15743887905574344
2023,0.015118506655621755,0.15743887905574344
2023,-0.025290782933900302,0.15743887905574344
2023,0.019864535331729383,0.15743887905574344
2023,0.0756321818875067,0.15743887905574344
2023,0.08696014842954747,0.15743887905574344
2023,0.036001153785898354,0.15743887905574344
2023,0.07608707975804374,0.15743887905574344
2023,-0.035574407280932197,0.15743887905574344
2023,-0.002291418808168022,0.15743887905574344
2023,-0.023541587543902398,0.15743887905574344
2023,0.0051065557298135,0.15743887905574344
2024,0.038209870181850625,0.16675228607958537
2024,-0.03707883450779792,0.16675228607958537
2024,0.0009089731559669689,0.16675228607958537
2024,-0.015077066394409144,0.16675228607958537
2024,-0.021030933723123924,0.16675228607958537
2024,-0.006617953158055467,0.16675228607958537
2024,-0.018868245337037792,0.16675228607958537
2024,0.0313786482132018,0.16675228607958537
2024,0.007109307068856263,0.16675228607958537
2024,-0.01808319578433837,0.16675228607958537
2024,0.01005758110060287,0.16675228607958537
2024,-0.04887640665579007,0.16675228607958537
2024,0.007963003771945976,0.16675228607958537
2024,0.002399272767752869,0.16675228607958537
2024,-0.019827908562501717,0.16675228607958537
2024,0.06392696948950705,0.16675228607958537
2024,-0.005076619156660023,0.16675228607958537
2024,0.005958871638847452,0.16675228607958537
2024,0.04354014416328855,0.16675228607958537
2024,0.022784295671472443,0.16675228607958537
2024,0.061351200381731585,0.16675228607958537
2024,-0.04142417130415055,0.16675228607958537
2024,0.030011552259010837,0.16675228607958537
2024,0.02191420254809434,0.16675228607958537
2024,-0.007461016881418037,0.16675228607958537
2024,0.01713314013323669,0.16675228607958537
2024,-0.03658810097771764,0.16675228607958537
2024,-0.02490266519352302,0.16675228607958537
2024,0.007368049323489334,0.16675228607958537
2024,-0.00026086870400748863,0.16675228607958537
2024,0.08262061350427108,0.16675228607958537
2024,0.0069210066106834,0.16675228607958537
2024,-0.03227260252153674,0.16675228607958537
2024,0.008231095311784897,0.16675228607958537
2024,0.01419537593318615,0.16675228607958537
2024,-0.0038784657569272962,0.16675228607958537
2024,0.003941974203411441,0.16675228607958537
2024,-0.04109928954539743,0.16675228607958537
2024,-0.013170760741806342,0.16675228607958537
2024,-0.003973881672568513,0.16675228607958537
2024,0.022490259087435183,0.16675228607958537
2024,0.0241953043696978,0.16675228607958537
2024,0.0013781602559831407,0.16675228607958537
2024,0.04728133891301689,0.16675228607958537
2024,0.022018432987909564,0.16675228607958537
2024,0.010034736698206481,0.16675228607958537
2024,-0.012191498008193413,0.16675228607958537
2024,0.02135621750302283,0.16675228607958537
2024,-0.014932339978961373,0.16675228607958537
2024,-0.029922307208184784,0.16675228607958537
2024,0.0022541180109308945,0.16675228607958537
2024,-0.007656883260235475,0.16675228607958537
2024,-0.005221243866323,0.16675228607958537
2024,-0.03140883446075149,0.16675228607958537
2024,-0.030946591027348536,0.16675228607958537
2024,0.005296702486699112,0.16675228607958537
2024,0.00744925353429024,0.16675228607958537
2024,0.002604626266938914,0.16675228607958537
2024,-0.05305574281683967,0.16675228607958537
2024,-0.023357614088168832,0.16675228607958537
2024,0.008394436181991205,0.16675228607958537
2024,0.008067886141124442,0.16675228607958537
2024,0.010317274314932998,0.16675228607958537
2024,0.02334128911182573,0.16675228607958537
2024,0.006455447272059878,0.16675228607958537
2024,0.004844445680155407,0.16675228607958537
2024,-0.0033857105257949494,0.16675228607958537
2024,0.023921496305132628,0.16675228607958537
2024,-0.040685057456060325,0.16675228607958537
2024,0.023962056854921476,0.16675228607958537
2024,0.006196759418236858,0.16675228607958537
2024,0.049802131308223196,0.16675228607958537
2024,-0.00593830813365559,0.16675228607958537
2024,-0.027699978582688134,0.16675228607958537
2024,0.038749564780154844,0.16675228607958537
2024,-0.140064287519733,0.16675228607958537
2024,-0.02975128764816426,0.16675228607958537
2024,0.017357310614908472,0.16675228607958537
2024,-0.0020930585159117943,0.16675228607958537
2024,0.01675980878626926,0.16675228607958537
2024,-0.017371890610845986,0.16675228607958537
2024,0.02672757395913561,0.16675228607958537
2024,0.0622114300700391,0.16675228607958537
2024,-0.04905987059968209,0.16675228607958537
2024,0.04429110080407217,0.16675228607958537
2024,0.019919698134691022,0.16675228607958537
2024,-0.010437973307855009,0.16675228607958537
2024,-0.037693306680318894,0.16675228607958537
2024,0.02622964221522439,0.16675228607958537
2024,-0.0059909150460162874,0.16675228607958537
2024,-0.019327232842025976,0.16675228607958537
2024,-0.007973537250144602,0.16675228607958537
2024,0.011835811063324875,0.16675228607958537
2024,0.013242553071103114,0.16675228607958537
2024,0.015514132141708048,0.16675228607958537
2024,-0.0110558358252002,0.16675228607958537
2024,0.008334072824007555,0.16675228607958537
2024,-0.022677120088296476,0.16675228607958537
2024,0.023707844399661282,0.16675228607958537
2024,0.09085603654822982,0.16675228607958537
2024,-0.00524169087714399,0.16675228607958537
2024,-0.048893307314243906,0.16675228607958537
2024,0.025955841165820948,0.16675228607958537
2024,-0.06527282490958908,0.16675228607958537
2024,-0.03450033922737039,0.16675228607958537
2024,0.0016935952356296191,0.16675228607958537
2024,0.044900930340694534,0.16675228607958537
2024,0.02730855898528195,0.16675228607958537
2024,0.0075510357487541535,0.16675228607958537
2024,0.014662879886714997,0.16675228607958537
2024,0.021699562574685638,0.16675228607958537
2024,0.022065090519398756,0.16675228607958537
2024,-0.022094485302881273,0.16675228607958537
2024,0.044889773688119194,0.16675228607958537
2024,-0.020795089919743215,0.16675228607958537
2024,-0.03204468107698008,0.16675228607958537
2024,0.03756312943504081,0.16675228607958537
2024,0.03300207787090259,0.16675228607958537
2024,-0.005214819460648876,0.16675228607958537
2024,0.025784392596807315,0.16675228607958537
2024,0.06064262040121604,0.16675228607958537
2024,-0.0007481691040998051,0.16675228607958537
2024,-0.03718211547784234,0.16675228607958537
2024,-0.020150246277349015,0.16675228607958537
2024,0.04364245444620085,0.16675228607958537
2024,-0.010340954351598042,0.16675228607958537
2024,-0.032483003890653506,0.16675228607958537
2024,0.008347921851622364,0.16675228607958537
2024,-0.00683497489305096,0.16675228607958537
2024,-0.0004151856725890801,0.16675228607958537
2024,-0.029184242129611793,0.16675228607958537
2024,0.025078271175813127,0.16675228607958537
2024,0.005832248363140002,0.16675228607958537
2024,0.02545439700529864,0.16675228607958537
2024,-0.00027949374838504015,0.16675228607958537
2024,0.008901371800019209,0.16675228607958537
2024,0.016802873017635417,0.16675228607958537
2024,-0.03415062872044361,0.16675228607958537
2024,-0.03414618353710286,0.16675228607958537
2024,-0.01768855159617183,0.16675228607958537
2024,-0.013360538416613221,0.16675228607958537
2024,-0.0039515642002337925,0.16675228607958537
2024,0.00429197117460689,0.16675228607958537
2024,0.021923439102284004,0.16675228607958537
2024,-0.021450821347685278,0.16675228607958537
2024,0.06433915974361104,0.16675228607958537
2024,-0.005088816374750282,0.16675228607958537
2024,0.04698758406680281,0.16675228607958537
2024,0.0285058251083794,0.16675228607958537
2024,0.019834366922175883,0.16675228607958537
2024,-0.008842972166610563,0.16675228607958537
2024,0.0007511067903462898,0.16675228607958537
2024,0.035176644282075675,0.16675228607958537
2024,0.06878055946178563,0.16675228607958537
2024,0.03524549767192109,0.16675228607958537
2024,0.021738403945094742,0.16675228607958537
2024,0.013157389543854425,0.16675228607958537
2024,-0.043513812671342356,0.16675228607958537
2024,-0.03822802740896836,0.16675228607958537
2024,0.01182341415439303,0.16675228607958537
2024,0.05142018713109808,0.16675228607958537
2024,-0.0020527084258345762,0.16675228607958537
2024,0.08241608985335902,0.16675228607958537
2024,-0.05908350971802623,0.16675228607958537
2024,0.018594946588658012,0.16675228607958537
2024,0.024569381075569163,0.16675228607958537
2024,-0.02789122638506636,0.16675228607958537
2024,-0.00489564265507314,0.16675228607958537
2024,0.005893478585528383,0.16675228607958537
2024,-0.07332273113895893,0.16675228607958537
2024,0.012143350864855351,0.16675228607958537
2024,-0.020068766155445616,0.16675228607958537
2024,0.00406413294650218,0.16675228607958537
2024,0.021329009055349013,0.16675228607958537
2024,0.004913486404787726,0.16675228607958537
2024,0.011987952832406834,0.16675228607958537
2024,0.005130397725282038,0.16675228607958537
2024,0.004118498568255635,0.16675228607958537
2024,-0.010771799846618246,0.16675228607958537
2024,0.0178129879190857,0.16675228607958537
2024,0.053562310545383685,0.16675228607958537
2024,0.02011200721661166,0.16675228607958537
2024,-0.02673831329924825,0.16675228607958537
2024,-0.008555250140145187,0.16675228607958537
2024,-0.023671518385737444,0.16675228607958537
2024,0.014021114554522512,0.16675228607958537
2024,0.05900649467036856,0.16675228607958537
2024,-0.004076727220095888,0.16675228607958537
2024,-0.030978439905395394,0.16675228607958537
2024,-0.0778500713685375,0.16675228607958537
2024,-0.006059496897054734,0.16675228607958537
2024,0.03336699902619267,0.16675228607958537
2024,-0.02883018631687495,0.16675228607958537
2024,-0.008297677231492329,0.16675228607958537
2024,-0.0048402641127271995,0.16675228607958537
2024,-0.015347444185147996,0.16675228607958537
2024,-0.02130863395013982,0.16675228607958537
2024,-0.02965389768605753,0.16675228607958537
2024,0.04071201452818313,0.16675228607958537
2024,0.003955110297771958,0.16675228607958537
2024,0.03909792581334076,0.16675228607958537
2024,0.0056869052259009845,0.16675228607958537
2024,0.022257707767647572,0.16675228607958537
2024,0.02129123040360756,0.16675228607958537
2024,0.006984014218565926,0.16675228607958537
2024,0.00846924865057308,0.16675228607958537
2024,-0.014331889651663238,0.16675228607958537
2024,-0.04796173510654134,0.16675228607958537
2024,0.04109063912319405,0.16675228607958537
2024,-0.06893689841761219,0.16675228607958537
2024,-0.04494983180812051,0.16675228607958537
2024,-0.011418407803677977,0.16675228607958537
2024,-0.017250703819370536,0.16675228607958537
2024,0.009895858195283436,0.16675228607958537
2024,-0.0037420309951690656,0.16675228607958537
2024,-0.011498164247713438,0.16675228607958537
2024,-0.012341593700992748,0.16675228607958537
2024,0.0003669530830383294,0.16675228607958537
2024,-0.011221446000158508,0.16675228607958537
2024,-0.004233515763355178,0.16675228607958537
2024,-0.0018500122801733965,0.16675228607958537
2024,0.006111567836549814,0.16675228607958537
2024,0.031179549329775735,0.16675228607958537
2024,0.012263616538468858,0.16675228607958537
2024,0.021769850276766256,0.16675228607958537
2024,-0.003510138302831603,0.16675228607958537
2024,-0.0415187900691274,0.16675228607958537
2024,-0.003275491637674821,0.16675228607958537
2024,-0.007366728613957485,0.16675228607958537
2024,-0.0054469444518091825,0.16675228607958537
2024,0.0066492405270076604,0.16675228607958537
2024,-0.023613044358513635,0.16675228607958537
2024,0.019943308681972027,0.16675228607958537
2024,0.03211600232302636,0.16675228607958537
2024,-0.0068563362800244665,0.16675228607958537
2024,-0.03754915871435299,0.16675228607958537
2024,-0.00300668905526158,0.16675228607958537
2024,0.030492904144628463,0.16675228607958537
2024,0.002322330459117658,0.16675228607958537
2024,0.01554810011432406,0.16675228607958537
2024,-0.00407147913177186,0.16675228607958537
2024,0.03136741820347855,0.16675228607958537
2024,0.015007541741544395,0.16675228607958537
2024,-0.003983456845238487,0.16675228607958537
2024,-0.011205070000324502,0.16675228607958537
2024,0.038221318786242575,0.16675228607958537
2024,-0.03161602836956262,0.16675228607958537
2024,-0.033040509028246345,0.16675228607958537
2024,0.02878912941586228,0.16675228607958537
2024,0.10443064648905498,0.16675228607958537
2024,-0.04049477984275818,0.16675228607958537
2024,-0.0005076946263172788,0.16675228607958537
2024,0.011204250037811558,0.16675228607958537
2024,0.06766496110254305,0.16675228607958537
2024,0.008218715030769763,0.16675228607958537
2024,0.04892887345061714,0.16675228607958537
2024,-0.010980090876877846,0.16675228607958537
2024,-0.0221453618548757,0.16675228607958537
2024,0.007570942892003996,0.16675228607958537
2024,0.01831138602053828,0.16675228607958537
2024,-0.005209967311600061,0.16675228607958537
2024,0.029363885432328818,0.16675228607958537
2024,0.012554388474468492,0.16675228607958537
2024,-0.0851593017386798,0.16675228607958537
2024,-0.008015019962078707,0.16675228607958537
2024,0.026461115098699306,0.16675228607958537
2024,7.531542297531391e-06,0.16675228607958537
2024,-0.007202899589527828,0.16675228607958537
2024,0.09324514983410892,0.16675228607958537
2024,0.04013826229989015,0.16675228607958537
2024,0.006377472047375182,0.16675228607958537
2024,-0.007632567890953457,0.16675228607958537
2024,-0.00844259946713355,0.16675228607958537
2024,-0.02728219714596214,0.16675228607958537
2024,-0.025943096320757197,0.16675228607958537
2024,-0.02073329286951242,0.16675228607958537
2024,0.037246494794273555,0.16675228607958537
2024,0.03629902354703374,0.16675228607958537
2024,0.02489846899052678,0.16675228607958537
2024,-0.00044985395784846727,0.16675228607958537
2024,-0.03852183916791507,0.16675228607958537
2024,0.01585724038991254,0.16675228607958537
2024,0.008076824148823492,0.16675228607958537
2024,0.016642473874060648,0.16675228607958537
2024,-0.03573048990656602,0.16675228607958537
2024,-0.030521196646663973,0.16675228607958537
2024,-0.019759157107577252,0.16675228607958537
2024,-0.002018798640365249,0.16675228607958537
2024,-0.009883103930668602,0.16675228607958537
2024,-0.022549019740289777,0.16675228607958537
2024,-0.0124729281547869,0.16675228607958537
2024,-0.01577700681802341,0.16675228607958537
2024,0.0018548703722759408,0.16675228607958537
2024,0.01846576072297479,0.16675228607958537
2024,0.0102032321807769,0.16675228607958537
2024,0.021547735013565383,0.16675228607958537
2024,-0.014501085925440471,0.16675228607958537
2024,0.021725187551243808,0.16675228607958537
2024,0.012737162230496535,0.16675228607958537
2024,0.023382132291898505,0.16675228607958537
2024,0.022088586699613222,0.16675228607958537
2024,-0.0047037266594212035,0.16675228607958537
2024,-0.0132132011350794,0.16675228607958537
2024,-0.035823214045285656,0.16675228607958537
2024,0.0515603957226799,0.16675228607958537
2024,0.04126149557082881,0.16675228607958537
2024,0.008108972935903097,0.16675228607958537
2024,0.005651393630128454,0.16675228607958537
2024,-0.019293336786513016,0.16675228607958537
2024,-0.080191601975385,0.16675228607958537
2024,0.006171834644983776,0.16675228607958537
2024,0.04413764856067359,0.16675228607958537
2024,0.04705495351416894,0.16675228607958537
2024,0.00789287828838442,0.16675228607958537
2024,-0.008492177549564384,0.16675228607958537
2024,0.011615605155176234,0.16675228607958537
2024,0.005778791669822647,0.16675228607958537
2024,-0.002773204399574458,0.16675228607958537
2024,0.03351093733383048,0.16675228607958537
2024,-0.0051945373341202306,0.16675228607958537
2024,-0.0069946070713822195,0.16675228607958537
2024,0.019517387269521347,0.16675228607958537
2024,0.01241406954373192,0.16675228607958537
2024,-0.010658326542764995,0.16675228607958537
2024,0.011324637784380531,0.16675228607958537
2024,0.02996207731034617,0.16675228607958537
2024,-0.052125610823053004,0.16675228607958537
2024,-0.010947246181277598,0.16675228607958537
2024,-0.008991470722017392,0.16675228607958537
2024,-0.009768665478725347,0.16675228607958537
2024,-0.004390640746021024,0.16675228607958537
2024,-0.006640907508072197,0.16675228607958537
2024,0.0030132802864786257,0.16675228607958537
2024,-0.04560467128902024,0.16675228607958537
2024,-0.00973432082260034,0.16675228607958537
2024,-0.0743036262194634,0.16675228607958537
2024,-0.0009937083090593712,0.16675228607958537
2024,0.00916074837393377,0.16675228607958537
2024,0.02325347636961919,0.16675228607958537
2024,-0.001807778923384351,0.16675228607958537
2024,0.019384459551010202,0.16675228607958537
2024,-0.027562265762898552,0.16675228607958537
2024,-0.031061505496092656,0.16675228607958537
2024,-0.027453029827962938,0.16675228607958537
2024,0.00015677648497369745,0.16675228607958537
2024,-0.02429083870206883,0.16675228607958537
2024,0.009872512578431025,0.16675228607958537
2024,-0.009060695712315214,0.16675228607958537
2024,0.03704700873889655,0.16675228607958537
2024,-0.02888053970226695,0.16675228607958537
2024,0.0057441676802243435,0.16675228607958537
2024,0.006922349305381881,0.16675228607958537
2024,0.010913607214191656,0.16675228607958537
2024,0.02964793224848139,0.16675228607958537
2024,0.015952742259862762,0.16675228607958537
2024,-0.060470851184399654,0.16675228607958537
2024,-0.00790179231192778,0.16675228607958537
2024,-0.0013243553025392707,0.16675228607958537
2024,-0.017747873449903362,0.16675228607958537
2024,0.003683781750613513,0.16675228607958537
2024,0.0035178860303095583,0.16675228607958537
2024,0.01273056786044273,0.16675228607958537
2024,-0.008577867984772752,0.16675228607958537
2024,-0.0025442593518627543,0.16675228607958537
2024,0.03394640802534998,0.16675228607958537
2024,-0.020487010808397654,0.16675228607958537
2024,0.013748592598313736,0.16675228607958537
2024,0.014879516562143008,0.16675228607958537
2024,0.0029105439720730764,0.16675228607958537
2024,-0.008416586461028386,0.16675228607958537
2024,-0.005473696718638621,0.16675228607958537
2024,0.006994210452527905,0.16675228607958537
2024,-0.008427319329781413,0.16675228607958537
2024,-0.005565523851278786,0.16675228607958537
2024,-0.031017040794731665,0.16675228607958537
2024,-0.007634320273001344,0.16675228607958537
2024,0.00098165712027376,0.16675228607958537
2024,0.0017261859741408148,0.16675228607958537
